is_auth,is_order,is_payment,z_latency,z_errors,z_warns,traffic_delta,anomaly_count,label
0,0,1,1.834995,2.58457,1.041755,-1.086673,1,0
0,0,1,0.239521,0.504206,-0.132351,-0.105034,0,0
1,0,0,2.62,2.172207,2.415001,0.629515,1,0
0,0,1,0.622315,0.99886,4.04759,0.357693,1,0
0,0,1,3.074877,4.512771,1.17328,4.095539,3,1
0,1,0,-0.200853,0.840911,0.094601,-0.211542,0,0
0,0,1,-0.496579,-0.063621,-0.078697,0.304848,0,0
0,1,0,1.953047,0.852704,0.594549,-0.374988,0,0
0,1,0,2.122571,0.534369,0.294026,0.316451,0,0
1,0,0,0.858462,3.811676,2.8248,-2.054976,3,1
1,0,0,2.790428,3.197045,2.014031,0.632807,2,1
0,0,1,0.689858,-0.259283,0.433918,0.059312,0,0
1,0,0,0.439742,1.092104,1.508099,0.333157,0,0
1,0,0,0.070091,0.48447,0.817712,0.116138,0,0
1,0,0,0.838947,-0.107308,-0.223397,-0.100351,0,0
0,1,0,2.05071,2.283834,1.369333,0.562691,0,0
0,1,0,2.825957,2.240222,3.924083,2.995388,3,1
1,0,0,0.736867,-0.016781,-0.96207,0.069104,0,0
1,0,0,3.293013,0.073058,2.316877,-0.370949,1,0
1,0,0,0.99071,0.686312,2.654299,-0.221842,1,0
0,0,1,0.130115,1.085297,0.023056,0.060309,0,0
0,1,0,3.175524,-0.275964,0.742424,0.150598,1,0
0,0,1,0.031354,0.660529,0.081839,0.043387,0,0
0,0,1,-0.146716,0.469265,0.782642,0.174718,0,0
0,0,1,3.66384,0.838612,3.228013,-0.94091,2,1
1,0,0,3.362419,0.670874,4.672319,-0.081088,2,1
0,0,1,4.42746,0.922857,1.192517,-0.14461,1,0
0,1,0,4.811859,5.138187,3.015659,-2.456365,4,1
0,0,1,4.520667,2.373278,3.853048,4.08215,3,1
0,1,0,0.246536,-0.185741,0.84631,0.094767,0,0
1,0,0,-0.387341,0.414834,0.563438,-0.164136,0,0
0,0,1,2.134495,-0.109222,8.610018,0.473487,1,0
0,1,0,0.061449,0.236461,0.210676,0.165437,0,0
0,1,0,0.782217,0.568812,-0.049248,0.100719,0,0
0,0,1,2.589575,2.790599,3.667673,0.490659,3,1
1,0,0,5.927355,2.583656,6.004598,-1.459496,3,1
0,0,1,-0.204687,-0.225408,-0.827227,-0.053604,0,0
0,1,0,5.25609,6.315525,4.777144,-2.04715,4,1
0,1,0,-0.32762,-0.310825,0.453135,-0.089861,0,0
1,0,0,2.822331,0.02487,3.315035,-0.045864,2,1
1,0,0,1.535061,3.094996,2.818159,0.287695,2,1
0,1,0,3.116922,2.399078,4.698027,-2.084743,3,1
0,1,0,0.174917,0.156363,0.241768,-0.376063,0,0
1,0,0,1.299287,0.771839,0.76178,0.164938,0,0
1,0,0,0.931885,-0.195695,0.057122,-0.097243,0,0
0,0,1,0.536909,1.530651,1.732602,0.072861,0,0
0,1,0,0.191928,0.331159,0.953856,0.04537,0,0
1,0,0,1.232567,2.115766,4.393602,0.275398,1,0
1,0,0,0.449546,0.339959,-0.092499,-0.418759,0,0
1,0,0,1.925841,1.361632,1.89727,0.013734,0,0
0,1,0,8.32444,4.300996,5.667159,-0.16442,3,1
0,0,1,4.912882,5.311479,5.229406,-0.57399,3,1
0,0,1,4.51973,0.647912,2.833036,1.05299,2,1
1,0,0,3.531025,0.052766,2.254962,-0.580215,1,0
1,0,0,-0.143216,0.183039,0.453996,-0.092906,0,0
0,1,0,0.085789,-0.58657,-0.317185,0.265294,0,0
0,0,1,4.412862,3.229629,2.371005,2.751855,3,1
1,0,0,4.049738,3.12796,2.595461,0.371366,3,1
0,0,1,4.238783,5.518532,5.4905,-0.749192,3,1
1,0,0,-0.062987,1.401594,-0.518,-0.168547,0,0
0,0,1,0.837376,0.393453,3.529854,0.626091,1,0
1,0,0,0.661771,0.957282,-0.037036,0.049863,0,0
1,0,0,1.853063,0.229135,1.785072,0.055883,0,0
0,0,1,4.290073,0.433092,2.541582,0.155045,2,1
0,1,0,0.051008,0.739505,2.848554,0.294994,1,0
0,1,0,0.868618,4.560111,0.370339,-1.543974,2,1
0,1,0,-0.693232,-0.068871,0.677499,-0.382981,0,0
1,0,0,2.072137,4.333342,1.568204,-3.935969,2,1
1,0,0,-1.182171,0.55709,-0.658699,0.119819,0,0
0,1,0,4.298315,4.54221,3.933696,-1.226235,3,1
0,0,1,2.211252,4.459967,4.320453,1.789653,3,1
0,0,1,0.044534,0.490524,-0.48114,0.156801,0,0
0,1,0,0.545856,0.262461,0.939512,-0.108482,0,0
0,0,1,2.287293,0.544991,3.371348,0.091157,1,0
1,0,0,0.942342,-0.592126,0.15682,0.207432,0,0
1,0,0,0.68972,-0.08767,-0.585254,0.270774,0,0
0,1,0,0.844683,3.30986,2.273966,-1.270776,1,0
1,0,0,7.01948,5.968688,5.030464,-2.779299,4,1
0,1,0,-0.336052,-0.16841,0.234379,0.098882,0,0
0,1,0,0.266157,-0.199395,0.720461,0.023135,0,0
0,0,1,-0.181629,1.115703,0.658717,-0.077982,0,0
0,1,0,3.76635,0.263077,1.069127,0.233302,1,0
0,0,1,0.280085,0.78744,0.446428,-0.020715,0,0
0,1,0,1.066956,2.544452,3.422472,0.680383,2,1
1,0,0,0.287794,-0.448636,0.294038,-0.412505,0,0
0,0,1,-0.450626,0.295069,0.398947,-0.058138,0,0
0,0,1,1.853234,0.641184,1.569664,-0.058617,0,0
0,1,0,0.046485,-0.314097,-0.12146,-0.239576,0,0
0,1,0,-0.212619,-0.009444,0.885701,-0.039444,0,0
0,1,0,0.189064,0.114254,0.419876,0.013801,0,0
0,1,0,2.036128,0.40787,3.936542,0.107238,1,0
0,0,1,3.241791,3.501863,2.328753,3.0186,3,1
0,0,1,-0.223286,-0.332619,0.774857,0.176328,0,0
0,0,1,4.915992,1.975983,3.441717,1.688169,3,1
1,0,0,1.229231,1.464135,3.248597,1.203848,1,0
0,0,1,0.113845,0.150946,-0.044569,-0.047699,0,0
0,1,0,0.694401,0.083477,0.169587,0.181574,0,0
0,0,1,3.023229,3.355391,3.700917,2.417956,4,1
1,0,0,2.453838,1.44668,2.369208,-0.05163,0,0
0,1,0,0.239879,-0.996382,-0.083448,-0.061343,0,0
0,1,0,1.810361,0.699441,4.903056,0.638414,1,0
0,0,1,-0.330207,-0.053822,0.502517,-0.115378,0,0
1,0,0,1.294939,-0.141766,0.014717,0.031907,0,0
1,0,0,1.535783,3.289394,2.390435,-1.535893,2,1
1,0,0,-0.197258,0.335331,-0.027391,-0.063811,0,0
1,0,0,0.471182,0.197383,0.428098,-0.341455,0,0
0,1,0,-0.2305,2.191914,0.503366,-3.081211,1,1
0,0,1,-0.116546,1.19847,2.549465,-0.735837,1,0
1,0,0,3.438221,4.54433,4.698233,-0.944851,3,1
0,1,0,0.354689,0.598931,0.486369,0.016411,0,0
1,0,0,-0.445695,-0.226801,0.703909,0.080407,0,0
0,0,1,1.869628,0.642127,4.030861,-0.698257,1,0
0,0,1,1.058074,2.647354,2.77108,-2.021154,3,1
0,0,1,4.135548,3.117016,4.300171,0.914903,3,1
0,1,0,2.365536,5.995253,5.285239,-1.444468,2,1
0,1,0,4.801177,2.729221,3.120334,1.13546,3,1
1,0,0,3.551431,4.765762,6.758429,-0.323664,3,1
0,1,0,-0.213709,-0.098156,0.267536,-0.077858,0,0
1,0,0,6.138691,3.123953,2.611913,3.093279,4,1
1,0,0,0.337659,0.627535,0.015993,-0.189508,0,0
0,1,0,2.952047,2.645905,4.097058,-0.064783,3,1
0,0,1,0.004544,0.22519,-0.377708,0.055436,0,0
1,0,0,5.796552,1.986114,3.279369,-0.986665,2,1
1,0,0,-0.299555,0.034186,0.10028,0.031651,0,0
1,0,0,-0.581352,-0.664501,-0.126865,0.225778,0,0
0,1,0,0.083623,-0.11737,-0.185138,0.021286,0,0
0,1,0,6.629848,1.179893,2.236234,-1.270462,1,0
0,0,1,0.244921,-0.001929,0.040049,0.105553,0,0
0,1,0,6.197956,4.350055,4.19182,-0.580571,3,1
1,0,0,0.460836,-0.351621,-0.109808,0.097875,0,0
1,0,0,2.403376,0.74936,1.2078,0.118471,0,0
0,1,0,2.717118,2.192911,1.474213,-3.549885,2,1
0,1,0,-0.73489,0.805875,-0.3966,-0.163261,0,0
0,1,0,0.692605,-0.168016,0.479886,-0.072197,0,0
0,0,1,3.846097,4.678963,4.454838,-0.517358,3,1
0,1,0,0.961424,0.028647,3.361143,0.23508,1,0
0,1,0,2.039431,2.181857,1.582708,0.76049,0,0
0,0,1,4.320647,0.924837,2.791763,0.207747,2,1
0,1,0,2.520409,0.689039,1.353618,0.394807,1,0
1,0,0,2.359126,-0.111831,2.175181,-0.192173,0,0
0,1,0,1.949413,0.795694,4.282723,-0.303331,1,0
0,0,1,-0.387937,0.521457,-0.27976,0.526476,0,0
0,0,1,5.14023,3.821328,5.94664,-2.875633,4,1
0,0,1,2.595197,1.941231,1.141487,1.292273,1,0
0,1,0,0.239187,0.035427,3.323983,-0.081712,1,0
0,1,0,1.591434,0.402768,2.174006,0.978349,0,0
0,1,0,6.029945,7.429223,6.707205,-0.755797,3,1
0,1,0,5.52046,6.601679,5.075027,-1.402357,3,1
0,1,0,0.314809,0.183075,0.208632,-0.25535,0,0
0,1,0,0.278763,-0.134908,0.022888,-0.030807,0,0
0,0,1,5.854883,4.103501,3.94146,-0.690786,3,1
0,1,0,1.453338,4.01404,2.058648,2.345127,2,1
0,0,1,5.455756,0.042157,2.613128,-0.331919,2,1
1,0,0,2.661113,0.834424,-0.388352,0.318863,1,0
0,1,0,1.153697,0.690059,2.512723,0.131235,1,0
0,0,1,6.667805,4.474852,4.735214,-3.487689,4,1
1,0,0,1.990062,1.078755,2.707051,0.301279,1,0
1,0,0,1.792909,1.292262,6.379262,0.173836,1,0
0,1,0,0.082658,0.193686,0.7202,-0.199671,0,0
0,0,1,5.681187,3.943213,4.440644,-0.860144,3,1
1,0,0,5.083481,5.581478,7.207256,-1.765269,4,1
0,1,0,1.187036,2.673963,2.430713,0.340645,1,0
1,0,0,5.762276,6.262285,3.626237,-1.042815,3,1
1,0,0,6.204605,3.515104,3.501173,-1.022868,3,1
0,0,1,0.201462,-0.506298,0.719002,0.359176,0,0
0,1,0,0.103702,0.341972,1.516298,0.18762,0,0
0,1,0,4.143499,3.68361,2.349444,3.283788,3,1
0,0,1,-0.017728,0.140852,0.320427,0.007776,0,0
1,0,0,4.551926,5.436568,4.681643,-0.709762,3,1
0,1,0,2.086589,0.755189,1.860994,0.119085,0,0
1,0,0,-0.132253,-0.280132,0.227122,-0.125903,0,0
0,0,1,3.558379,3.156057,2.658101,3.711113,4,1
0,0,1,0.309126,0.260165,0.009715,0.000683,0,0
1,0,0,2.622178,2.689956,3.828635,-0.110149,3,1
1,0,0,2.013264,1.078896,6.007034,0.423977,1,0
0,0,1,1.334307,0.348053,1.555563,0.396717,0,0
0,1,0,5.088503,3.475464,4.219211,0.077445,3,1
0,1,0,2.09697,2.977212,4.722076,0.66055,2,1
0,1,0,0.043504,-0.389974,0.135581,0.233183,0,0
1,0,0,5.321853,0.924218,2.577587,-0.544088,2,1
1,0,0,4.087574,6.059051,3.160097,-2.337074,4,1
0,1,0,-0.52577,0.677506,0.06714,0.223459,0,0
0,1,0,0.91326,-0.892518,0.305534,-0.051362,0,0
0,1,0,2.519238,4.040117,2.255968,1.780564,3,1
0,1,0,0.322328,-0.298142,0.456295,-0.343559,0,0
0,0,1,5.057202,3.733155,4.094467,-0.204958,3,1
0,0,1,3.521169,1.506371,3.409345,0.987323,2,1
0,0,1,1.615675,0.338684,2.641216,0.093219,1,0
1,0,0,1.186577,0.515064,1.038488,0.074158,0,0
0,1,0,1.117246,0.168684,2.791106,0.449324,1,0
0,1,0,0.275946,0.153112,0.780678,0.276629,0,0
0,0,1,2.288756,0.657394,1.737116,0.290552,0,0
0,1,0,4.50418,2.394745,5.371473,1.403344,2,1
0,1,0,1.240806,1.791254,1.704383,0.28182,0,0
0,1,0,2.331527,4.763656,1.286659,1.332618,1,1
0,1,0,0.361418,-0.12948,0.090258,0.428454,0,0
0,1,0,-0.555611,0.579378,-0.09588,0.61881,0,0
0,1,0,0.752612,-0.00598,2.385818,0.03204,0,0
1,0,0,4.532879,3.473159,1.335668,2.478719,3,1
0,1,0,3.325832,8.502606,5.341912,-0.075337,3,1
0,1,0,3.139805,3.733547,1.595057,-0.229268,2,1
0,1,0,2.036994,2.995804,3.543433,0.856404,2,1
0,0,1,2.807577,0.275321,2.225933,0.614777,1,0
1,0,0,0.021635,0.524961,-0.793771,0.04704,0,0
0,1,0,-0.562538,0.529221,0.518804,-0.059052,0,0
1,0,0,-0.133851,0.238602,0.081232,0.095408,0,0
0,0,1,1.681325,1.942227,5.151034,2.728017,2,1
1,0,0,1.389355,0.004002,1.32929,0.408266,0,0
1,0,0,3.053434,0.446121,3.777933,1.282179,2,1
0,0,1,3.340958,2.40365,3.128399,3.170222,3,1
0,0,1,0.174589,-0.091072,-0.149548,-0.107348,0,0
0,0,1,-0.194382,0.103717,0.155737,0.090507,0,0
1,0,0,2.733229,0.925702,3.470658,-0.552733,2,1
0,0,1,0.654091,-0.315962,0.34511,-0.210683,0,0
0,1,0,-0.260395,0.293557,0.422077,-0.243795,0,0
0,0,1,4.462935,6.604089,5.655559,-1.153903,3,1
1,0,0,0.198783,0.279691,-0.330664,0.133682,0,0
0,1,0,0.537023,0.848314,2.804114,0.099048,1,0
1,0,0,-0.202169,-0.030682,0.589276,0.138847,0,0
0,1,0,1.47394,0.504287,0.824736,-0.159665,0,0
0,0,1,-0.448138,-0.47602,0.737802,-0.169392,0,0
1,0,0,0.616623,0.038455,3.313612,0.603927,1,0
0,1,0,4.313574,1.426422,2.75399,0.485485,2,1
0,0,1,1.974629,0.862567,2.143533,0.928312,0,0
1,0,0,-0.026343,0.256834,0.024441,0.110615,0,0
0,1,0,0.330848,1.038819,0.308967,0.041369,0,0
0,0,1,2.828824,2.120588,3.34782,0.660166,2,1
0,1,0,0.375026,-0.287338,0.14215,-0.266805,0,0
0,0,1,-0.183398,0.31133,0.042462,0.159242,0,0
0,1,0,0.936829,3.263688,2.377569,-2.688628,2,1
0,0,1,4.891444,3.013057,3.637219,1.396409,3,1
0,1,0,0.188256,0.206162,-0.547284,0.075014,0,0
0,1,0,2.148445,2.113811,6.080017,0.740503,1,0
0,1,0,0.287441,0.85491,2.507022,0.36552,1,0
0,0,1,1.416757,0.124888,0.779791,-0.092899,0,0
0,0,1,0.829747,-0.574124,0.225753,-0.000417,0,0
0,0,1,2.043969,4.496494,4.879401,0.452485,2,1
0,0,1,5.88278,7.942595,4.931308,-1.662864,4,1
1,0,0,3.801983,2.982292,3.720867,-2.379152,4,1
1,0,0,1.96365,-0.122358,1.398528,0.350059,0,0
0,1,0,-0.578628,0.024367,0.042595,-0.105732,0,0
0,1,0,1.617651,1.190734,1.25786,-0.104266,0,0
1,0,0,-0.395346,0.351765,-0.265984,0.016255,0,0
1,0,0,1.383985,3.583612,1.269441,-3.025744,2,1
0,0,1,0.706549,0.156687,1.027732,0.078664,0,0
0,1,0,2.038442,2.201542,3.342756,0.412426,1,0
1,0,0,-0.435297,-0.255898,-0.181715,-0.047776,0,0
0,0,1,0.755037,0.115666,0.177332,-0.019255,0,0
0,1,0,1.79575,0.835396,1.249098,0.070333,0,0
0,0,1,5.974213,0.504106,2.438614,-0.33503,1,0
0,1,0,-0.493956,-0.041206,-0.31463,0.262614,0,0
0,1,0,2.397368,2.797579,5.711365,0.519916,2,1
0,1,0,1.629534,3.084378,2.408223,-2.00175,2,1
0,1,0,0.128325,0.311877,0.0718,0.0973,0,0
1,0,0,4.051407,4.959146,4.558864,-1.58456,4,1
0,0,1,-0.244333,0.074937,-0.12546,-0.082186,0,0
1,0,0,1.184185,0.951636,6.605887,1.160665,1,0
0,0,1,-0.266377,-0.180669,0.296254,-0.205581,0,0
0,1,0,0.179873,0.587617,1.06391,-0.520792,0,0
0,1,0,0.309103,0.059274,-0.126877,-0.077884,0,0
1,0,0,0.53155,-0.218576,0.143538,-0.223726,0,0
1,0,0,0.308118,0.530473,0.051061,-0.087031,0,0
1,0,0,2.6376,0.436588,1.183617,-0.17998,1,0
0,1,0,0.013527,0.784683,-0.44876,-0.322712,0,0
0,1,0,1.17487,0.334659,1.841756,0.048097,0,0
0,1,0,0.055829,0.46854,0.664227,0.242896,0,0
0,0,1,1.219874,0.571523,2.80869,0.147794,1,0
1,0,0,3.41071,1.509228,4.652018,0.49234,2,1
0,0,1,-0.573563,-0.288646,0.580166,-0.131379,0,0
0,0,1,0.938671,-0.022905,7.082798,0.494208,1,0
0,1,0,0.598024,-0.202718,-0.468724,0.300267,0,0
0,1,0,-0.330692,-0.252185,0.48488,-0.010572,0,0
0,1,0,2.564495,4.999272,2.596641,-2.325257,4,1
0,1,0,0.37841,0.015852,-0.137911,-0.25626,0,0
0,0,1,1.019867,0.352408,1.389024,0.050085,0,0
0,0,1,2.259447,3.513,3.504126,3.412719,3,1
1,0,0,1.164473,0.375471,0.248998,0.319824,0,0
0,0,1,4.381022,-0.118733,3.199688,-0.395407,2,1
0,0,1,3.764683,5.440392,4.039376,-2.918088,4,1
1,0,0,0.890741,2.678429,4.992513,1.074129,2,1
0,0,1,2.439251,3.617541,3.226872,-0.023085,2,1
1,0,0,1.51575,1.888196,5.567528,0.301285,1,0
0,1,0,0.934952,0.257869,-0.378353,0.088921,0,0
1,0,0,0.91947,1.150035,0.192373,0.047285,0,0
1,0,0,0.513497,0.419121,0.550547,0.156807,0,0
0,0,1,-0.308593,-0.737648,0.335623,0.067744,0,0
0,0,1,-0.096991,-0.06473,-0.477823,-0.332256,0,0
0,0,1,1.405027,0.573821,2.125266,0.701828,0,0
0,1,0,2.924284,1.124984,0.604594,0.215765,1,0
1,0,0,1.86525,2.445246,3.843228,0.248454,1,0
1,0,0,0.950392,0.639126,3.21076,0.452325,1,0
0,0,1,1.096759,0.968052,5.105066,1.535433,2,1
0,0,1,0.673705,-0.02169,0.579457,-0.387472,0,0
1,0,0,-0.605412,-0.369788,-0.111111,0.154288,0,0
1,0,0,4.006295,4.834499,3.670419,-3.17889,4,1
1,0,0,1.093827,0.865986,1.610594,0.256734,0,0
0,0,1,2.962881,0.317161,0.838673,0.240632,1,0
1,0,0,2.082786,1.497204,3.735437,-0.046228,1,0
0,0,1,-0.434625,-0.674607,-0.092081,0.142817,0,0
1,0,0,0.103032,0.853618,1.642106,0.015602,0,0
0,1,0,0.949513,1.51047,4.812399,0.86336,1,0
0,1,0,1.530764,0.24041,1.11168,0.426822,0,0
1,0,0,1.047996,0.873953,1.353264,0.073894,0,0
0,1,0,1.141506,1.268656,5.904997,1.357356,1,0
1,0,0,0.606034,-0.813659,0.195723,0.285865,0,0
0,1,0,-0.43607,-1.06854,0.274624,0.180787,0,0
0,1,0,5.232652,2.339088,4.144491,2.648617,3,1
0,1,0,0.882207,3.141118,1.497212,-2.318018,2,1
0,0,1,5.182787,2.874681,3.557624,2.530145,4,1
0,1,0,0.258736,0.087233,0.075583,-0.147172,0,0
1,0,0,0.688958,1.303833,0.23677,-0.214981,0,0
0,0,1,0.335385,1.560521,5.743856,1.084211,1,0
1,0,0,-0.470882,0.314231,0.119467,0.191371,0,0
0,1,0,2.067046,2.772244,1.787563,-2.41326,2,1
0,1,0,-0.173254,-0.106287,0.219193,0.152181,0,0
0,0,1,-0.32967,0.556954,0.096365,0.060625,0,0
1,0,0,3.137606,0.571323,2.612856,0.095719,2,1
0,0,1,-0.201711,0.210825,-0.109599,-0.251442,0,0
0,0,1,0.235487,0.221677,0.82315,0.070157,0,0
1,0,0,0.900761,1.352985,1.927065,-0.69602,0,0
0,0,1,1.976043,2.761563,2.601632,4.512837,3,1
0,1,0,0.907688,-0.028928,0.586863,0.304263,0,0
0,1,0,2.143465,1.705953,4.466358,0.548655,1,0
0,0,1,3.797933,0.609706,2.290805,0.033259,1,0
0,0,1,-0.06799,0.273091,-0.137747,-0.038465,0,0
1,0,0,0.356954,0.171833,0.240252,0.097837,0,0
0,0,1,0.241104,0.398624,-0.051732,-0.227734,0,0
0,1,0,1.084497,1.250299,2.202349,0.174622,0,0
0,1,0,0.970374,0.548518,2.310594,-0.078568,0,0
0,1,0,5.386573,4.938441,3.377474,-0.531214,3,1
0,0,1,1.256463,1.336514,0.971774,0.015394,0,0
1,0,0,0.09029,-0.021272,0.419977,-0.323262,0,0
0,0,1,0.427805,0.711089,-0.042841,0.158877,0,0
0,1,0,5.381166,3.420802,4.599747,-1.773683,4,1
0,1,0,2.866212,2.636063,3.54753,4.130807,4,1
1,0,0,1.389351,1.422177,4.423131,0.520524,1,0
0,1,0,1.306722,1.386829,1.890041,0.58115,0,0
1,0,0,4.075968,3.342127,3.082977,-0.261179,3,1
0,1,0,1.633895,1.8e-05,6.560287,0.292251,1,0
0,1,0,-0.205885,0.085185,-0.071721,-0.138484,0,0
1,0,0,2.377866,0.446695,-0.013946,-0.379976,0,0
1,0,0,1.583554,0.199137,1.391505,0.502135,0,0
0,1,0,0.651533,1.126857,2.105709,0.732247,0,0
0,0,1,1.787009,0.930459,0.960533,-0.095869,0,0
1,0,0,1.347507,0.874136,1.054446,0.534198,0,0
1,0,0,-0.141531,0.158717,0.744888,0.179368,0,0
0,1,0,4.78793,0.834237,2.993396,-0.445585,2,1
1,0,0,-0.012428,-0.160001,0.167462,0.088388,0,0
1,0,0,2.809124,3.513595,1.745143,0.704082,2,1
1,0,0,2.943385,3.236596,3.064186,0.253129,3,1
0,1,0,-0.748549,-0.158228,1.171244,-0.09713,0,0
0,1,0,3.815825,4.942181,6.102967,-1.512667,4,1
0,1,0,2.953773,4.375311,2.006363,3.935323,3,1
1,0,0,2.190306,3.064981,2.27102,1.475119,1,0
0,0,1,1.737383,1.123512,7.295619,1.943578,2,1
1,0,0,2.460981,3.030573,0.415519,0.9007,1,0
0,0,1,0.024697,-0.185502,0.544121,-0.236681,0,0
1,0,0,1.990311,0.963244,0.637094,0.142558,0,0
1,0,0,-0.13692,0.094219,0.318514,0.001284,0,0
0,1,0,0.055819,-0.048004,-0.003518,0.319729,0,0
0,1,0,-0.106855,0.528358,-0.089909,-0.457344,0,0
0,1,0,1.2143,1.113723,3.581854,-0.523377,1,0
1,0,0,0.239179,0.761665,2.525185,0.003691,1,0
0,0,1,-0.293892,-0.148339,0.032742,-0.094418,0,0
1,0,0,2.82484,6.621865,3.890885,-1.308603,3,1
0,0,1,-0.160951,0.325926,0.384133,0.171022,0,0
0,1,0,4.364622,3.727358,2.507294,-0.065499,3,1
1,0,0,0.085287,0.820462,2.212709,0.907647,0,0
0,1,0,-0.080882,0.212049,-0.166194,0.174634,0,0
0,1,0,-0.354682,0.11155,0.079192,0.328305,0,0
0,0,1,-0.352866,-0.161507,-0.138265,0.274888,0,0
0,0,1,6.135209,3.202198,4.372086,-0.635877,3,1
0,0,1,3.752661,2.981839,3.179367,0.695362,3,1
1,0,0,1.356134,-0.770194,2.524721,0.277894,1,0
0,1,0,1.674468,1.173763,1.381698,0.362821,0,0
0,1,0,2.124549,3.614105,3.232805,1.735545,3,1
0,1,0,-0.167807,0.442647,0.306017,0.143132,0,0
1,0,0,0.190292,0.158095,-0.147695,0.062624,0,0
0,0,1,1.685853,0.202039,0.794893,0.056644,0,0
0,0,1,2.567727,1.252174,0.77045,0.200848,1,0
0,1,0,1.256632,3.282513,1.870909,-3.367658,2,1
0,0,1,-0.039554,0.511082,-0.215576,-0.094166,0,0
0,0,1,4.182582,1.795365,5.262502,-2.391407,3,1
1,0,0,-0.103231,-0.453147,-0.180683,0.116718,0,0
0,0,1,3.331242,-0.016146,0.810652,0.156728,1,0
0,1,0,0.521686,0.32378,0.194633,0.273942,0,0
0,0,1,0.21315,0.270982,-0.349224,-0.064845,0,0
0,1,0,-0.162044,0.160942,-0.228968,0.224206,0,0
0,0,1,0.453409,0.472102,0.453997,0.041814,0,0
0,1,0,1.287872,0.613057,1.864441,0.259839,0,0
1,0,0,4.627422,1.93628,3.040405,3.955977,3,1
1,0,0,0.192407,0.284168,0.395232,0.022178,0,0
1,0,0,5.165397,0.894452,2.888658,-0.140805,2,1
0,1,0,1.220567,-0.064113,-0.870086,-0.006034,0,0
1,0,0,1.172876,0.283082,1.770887,0.330968,0,0
1,0,0,1.08267,3.682524,1.703528,-1.116955,1,0
0,1,0,0.585471,0.740901,-0.196802,-0.083593,0,0
0,0,1,0.169149,-0.035966,1.086881,-0.198472,0,0
1,0,0,-0.172057,0.034883,0.116368,-0.200437,0,0
0,0,1,1.21712,2.205651,-0.049867,-2.952822,1,1
1,0,0,5.596826,3.061866,6.194252,-1.840729,4,1
0,0,1,1.896605,2.638056,4.843457,0.496117,2,1
0,1,0,0.276237,0.059866,1.322711,0.492499,0,0
1,0,0,0.18238,0.120355,0.169337,0.048791,0,0
1,0,0,-0.13593,-0.059012,0.219158,0.113256,0,0
1,0,0,0.935741,0.056976,-0.178017,-0.008234,0,0
0,1,0,5.425363,3.109424,7.43792,-0.420936,3,1
0,1,0,-0.231065,-0.139123,0.235526,-0.198836,0,0
0,1,0,0.551725,0.124244,0.275353,-0.206343,0,0
1,0,0,-0.01701,0.286543,0.494934,-0.01519,0,0
1,0,0,4.649609,0.479394,1.229007,-0.204696,1,0
0,1,0,1.62135,0.30716,2.364495,0.140857,0,0
0,1,0,0.520764,-0.147055,0.97506,-0.378895,0,0
1,0,0,1.652317,0.79092,2.762937,0.182094,1,0
1,0,0,0.105088,0.173977,0.746628,-0.21974,0,0
1,0,0,-0.699062,0.284869,0.909724,-0.272635,0,0
0,0,1,0.367571,0.403755,0.644484,-0.199,0,0
0,0,1,1.740577,0.00267,0.623107,0.349256,0,0
1,0,0,1.33739,0.908632,2.910165,0.339838,1,0
1,0,0,0.783495,0.193282,0.124129,-0.264654,0,0
0,0,1,-0.17864,-0.482735,1.498351,-0.292681,0,0
0,0,1,0.809802,-0.140169,-0.646616,0.201503,0,0
0,1,0,6.693626,2.625749,7.1893,-1.718957,4,1
1,0,0,-0.663135,0.11303,0.185562,-0.037883,0,0
1,0,0,0.941773,-0.110849,-0.673376,0.337759,0,0
0,1,0,1.225638,2.089348,3.136206,-3.227772,2,1
0,0,1,0.129295,0.693956,0.998085,0.345453,0,0
0,0,1,2.682962,2.283442,1.45367,0.141239,1,0
0,0,1,2.685941,0.352482,0.91286,0.387318,1,0
0,1,0,2.646803,1.015698,0.812612,1.023906,1,0
1,0,0,-0.15209,0.067391,0.239071,-0.097446,0,0
1,0,0,2.443821,2.047678,2.046937,1.087369,0,0
0,0,1,-0.414967,-0.199613,0.586949,0.164111,0,0
1,0,0,2.48298,1.589061,4.343993,0.767109,1,0
0,0,1,0.491695,-0.000616,-0.139004,0.284474,0,0
1,0,0,-0.544993,-0.619786,0.153303,-0.349844,0,0
1,0,0,3.293843,6.689402,6.95559,-0.857308,3,1
0,1,0,1.122056,1.831045,5.12709,0.624307,1,0
0,1,0,3.879332,1.118085,3.030071,-0.050677,2,1
0,0,1,3.395076,2.532122,3.841816,2.308918,4,1
1,0,0,4.658207,3.53756,3.833612,3.270375,4,1
1,0,0,0.745702,-1.254726,0.417656,-0.044051,0,0
1,0,0,-0.658937,-0.042812,0.456153,0.115041,0,0
1,0,0,0.167014,1.039896,1.091544,-0.484504,0,0
1,0,0,5.704654,5.045567,6.37008,-0.691139,3,1
0,0,1,0.10324,0.641136,0.017941,-0.094082,0,0
0,0,1,2.662772,1.960235,1.897281,0.038924,1,0
0,0,1,0.932652,1.051477,2.211715,0.579249,0,0
0,0,1,-0.022925,-0.145695,-0.104134,0.04235,0,0
0,1,0,0.180009,0.300713,0.54696,0.2897,0,0
0,1,0,2.178698,2.468525,5.159065,0.266372,1,0
0,1,0,0.856799,-0.145344,-0.157103,0.340304,0,0
0,0,1,1.921574,0.219465,2.223386,0.135773,0,0
0,1,0,0.203634,0.127738,-0.188695,0.035364,0,0
1,0,0,4.360044,3.332295,4.018729,0.096531,3,1
0,0,1,3.67092,3.613676,1.267523,1.255637,2,1
0,0,1,2.406581,2.876793,4.830749,1.134834,2,1
1,0,0,-0.59123,0.716314,0.127819,0.144518,0,0
0,0,1,6.549224,4.998884,6.346909,-2.315731,4,1
0,1,0,0.088224,0.030258,0.190123,-0.073905,0,0
0,0,1,1.608711,3.497127,-0.255945,-2.334042,2,1
0,0,1,4.011416,3.890368,3.888284,0.116055,3,1
0,0,1,0.279592,0.327177,-0.179442,-0.174103,0,0
0,1,0,0.952507,-0.020321,0.745991,0.199419,0,0
0,1,0,0.48409,-0.033269,0.046381,-0.481469,0,0
0,0,1,2.137574,0.004935,1.721494,0.366187,0,0
0,1,0,-0.096805,0.68792,0.339061,-0.117163,0,0
0,0,1,0.505173,-0.007857,0.542786,0.128237,0,0
1,0,0,1.198086,1.147184,1.998267,0.708824,0,0
0,1,0,2.105399,3.459588,2.574156,0.672753,2,1
0,1,0,1.790314,0.224109,0.904126,0.53309,0,0
0,1,0,1.892636,0.742641,2.647114,0.418586,1,0
0,0,1,-0.403907,-0.34683,0.139842,-0.331951,0,0
0,0,1,-0.035741,0.162209,0.144273,0.02514,0,0
0,1,0,4.349455,4.593455,4.603072,-3.17544,4,1
0,0,1,0.418948,-0.014688,0.223304,-0.43132,0,0
1,0,0,4.374818,0.465862,2.410598,0.277271,1,0
0,1,0,-1.060815,-0.32628,-0.206807,0.295536,0,0
0,0,1,1.37174,0.905365,3.169391,0.264421,1,0
0,1,0,-0.25479,-0.403402,0.013193,-0.061697,0,0
1,0,0,-0.349147,-0.103892,-0.226144,-0.179822,0,0
0,1,0,0.156275,0.278014,-0.736843,0.282567,0,0
0,1,0,2.753088,4.319846,2.442689,3.718471,3,1
0,1,0,1.196693,1.162135,1.188883,0.234275,0,0
1,0,0,1.728696,0.789764,1.206103,0.219342,0,0
1,0,0,0.920748,0.788377,-0.14783,0.303829,0,0
1,0,0,2.976978,3.46388,4.03113,0.56599,3,1
0,0,1,4.480636,1.103448,3.172105,-0.083252,2,1
1,0,0,2.567528,0.249729,0.408452,0.039106,1,0
0,1,0,0.804453,0.694758,3.406067,-0.229414,1,0
0,1,0,4.169157,5.328835,5.095398,-1.364586,3,1
1,0,0,6.143848,1.129491,4.373792,-1.57489,3,1
0,1,0,0.006614,-0.147044,0.804676,-0.056569,0,0
0,1,0,0.008403,0.360465,0.226294,0.061126,0,0
1,0,0,0.399397,0.367336,-0.19367,0.016399,0,0
1,0,0,3.234056,3.389057,3.092209,1.546275,4,1
1,0,0,0.434325,-0.267204,0.731215,-0.220228,0,0
0,0,1,4.927203,4.461597,5.149689,-0.246627,3,1
0,1,0,5.464625,3.70993,3.107602,2.226304,4,1
1,0,0,5.569388,-0.304231,3.1896,-0.56858,2,1
0,1,0,1.009371,1.151139,1.273795,0.807714,0,0
0,1,0,0.950997,0.97169,3.304534,1.167917,1,0
0,0,1,2.793592,5.526073,3.519119,-1.887654,4,1
0,1,0,0.619698,0.298666,0.037397,0.261663,0,0
0,0,1,0.230221,-0.115537,-0.303422,-0.392525,0,0
1,0,0,0.663036,-0.081845,2.784075,0.342356,1,0
0,1,0,1.040795,-0.015611,1.648417,0.853142,0,0
1,0,0,1.024681,3.844628,1.434165,-2.699708,2,1
0,0,1,6.593679,4.283114,6.052901,-1.24742,3,1
1,0,0,-0.054916,1.019225,2.137747,0.172834,0,0
0,0,1,0.26693,0.672547,0.532707,-0.262444,0,0
0,0,1,-0.415867,0.545344,0.114051,-0.221799,0,0
0,1,0,3.470084,2.930573,4.797343,1.752865,4,1
1,0,0,3.395818,3.769801,3.257122,0.056815,3,1
0,0,1,2.113064,1.20148,4.716947,4.280909,2,1
1,0,0,5.95061,6.827847,4.611466,-1.401162,3,1
0,0,1,2.150578,2.845063,1.584486,-2.677247,2,1
0,0,1,2.888317,0.747053,3.204102,-0.506592,2,1
1,0,0,-0.098852,0.82798,0.481039,0.094739,0,0
0,1,0,0.010425,-0.407206,0.862377,-0.092634,0,0
0,1,0,0.029308,0.381357,1.344793,-0.245304,0,0
0,1,0,2.754316,2.299618,3.213623,0.198293,2,1
1,0,0,1.117015,0.320859,1.095508,0.449084,0,0
1,0,0,3.984365,7.738027,5.871749,-1.345301,3,1
1,0,0,5.546385,5.612164,7.288745,-1.596091,4,1
0,1,0,-0.310061,-0.674306,0.75473,-0.201163,0,0
0,1,0,4.252969,3.304106,4.287871,-2.638895,4,1
0,1,0,4.366077,3.274779,4.900415,-1.383564,3,1
1,0,0,3.157344,4.805776,4.580958,-0.658484,3,1
1,0,0,-0.090762,-0.132057,0.647702,-0.227713,0,0
1,0,0,0.199649,0.214692,-0.09554,-0.055687,0,0
0,0,1,0.776014,0.212875,0.194567,-0.212604,0,0
0,1,0,0.019631,0.514339,0.083698,0.037846,0,0
0,0,1,-0.49293,-0.828783,0.316737,0.328232,0,0
0,0,1,3.905109,6.383709,7.775219,-1.213729,3,1
0,1,0,0.951348,0.070102,-1.229902,-0.293785,0,0
0,0,1,4.405267,0.295082,3.173481,-0.412636,2,1
0,0,1,1.605293,1.160129,8.056205,1.212979,1,0
0,1,0,3.993888,2.518561,3.295301,3.336425,4,1
0,0,1,-0.545763,0.216341,-0.26346,-0.14301,0,0
1,0,0,1.128072,1.114355,3.24876,1.014013,1,0
0,1,0,0.70898,-0.105279,-0.187168,-0.046105,0,0
1,0,0,0.318138,2.068347,5.403104,-0.434219,1,0
0,0,1,3.20309,3.965818,2.361094,0.778272,2,1
1,0,0,0.29283,-0.566114,-0.154516,-0.185587,0,0
0,1,0,4.670511,4.889642,5.390583,-0.600947,3,1
0,0,1,3.157435,-0.060401,1.902997,-0.009601,1,0
1,0,0,2.981892,0.661401,2.422678,0.407742,1,0
0,0,1,-0.612797,0.425166,-0.210956,0.138665,0,0
0,0,1,1.078714,0.743214,2.704857,0.8224,1,0
0,1,0,0.678799,0.879227,1.415235,0.503169,0,0
1,0,0,2.165535,1.542667,2.767876,4.451696,2,1
1,0,0,-0.736742,-0.162674,-0.393175,-0.200636,0,0
0,0,1,4.129545,3.678003,2.330228,0.149909,2,1
0,1,0,4.89761,4.840081,3.344776,-2.18479,4,1
0,1,0,1.282284,1.673908,1.349165,-0.574234,0,0
0,0,1,-0.20199,0.008181,-0.555794,-0.078494,0,0
0,1,0,5.594512,5.541704,5.386931,-0.938966,3,1
0,1,0,-0.4477,0.219357,0.077921,0.096976,0,0
0,1,0,0.232149,0.39008,-0.218406,-0.111933,0,0
1,0,0,0.653425,0.054376,0.435837,-0.193766,0,0
0,0,1,4.73562,1.493706,2.375486,2.713128,2,1
0,1,0,5.722288,4.549373,4.000618,-1.071321,3,1
1,0,0,1.756135,-0.240253,1.668206,-0.387439,0,0
0,1,0,0.974998,3.973808,2.547836,0.62143,2,1
0,0,1,-0.356194,0.175387,0.126726,0.215385,0,0
0,0,1,1.398828,0.745484,1.855373,0.077372,0,0
1,0,0,-0.0045,-0.156212,0.169784,-0.167258,0,0
1,0,0,0.858197,0.340847,0.128815,-0.042442,0,0
0,0,1,-0.772165,0.332898,0.07361,0.090131,0,0
0,0,1,-0.652438,0.150394,0.111986,0.039405,0,0
1,0,0,3.574422,2.128875,2.897,1.495478,2,1
1,0,0,0.452556,3.397326,1.647523,-1.967505,2,1
1,0,0,3.044431,1.298656,3.684447,3.569333,3,1
0,0,1,1.104016,0.872299,4.986989,0.020574,1,0
0,1,0,-1.144164,-0.163299,0.281403,-0.196459,0,0
0,1,0,-0.260207,-0.204913,0.7201,0.01394,0,0
0,0,1,3.983548,0.147885,0.614703,0.143151,1,0
1,0,0,1.957629,0.521631,3.866631,0.982092,1,0
1,0,0,-0.501075,-0.058272,0.226981,-0.066572,0,0
0,1,0,0.149535,-0.506922,-0.116434,0.056244,0,0
0,0,1,1.980211,1.954178,3.296004,1.251257,1,0
0,1,0,-0.483119,-0.746337,0.220925,0.150565,0,0
0,1,0,1.637509,0.965846,1.639341,0.035982,0,0
0,1,0,5.950206,-0.064332,3.872943,1.788323,3,1
0,0,1,2.176693,0.832203,0.560679,0.457951,0,0
1,0,0,2.84641,0.456947,7.220005,0.162827,2,1
0,0,1,0.893068,0.017876,0.584433,-0.049855,0,0
1,0,0,-0.546571,0.328956,0.280241,-0.373963,0,0
0,1,0,1.949444,0.555928,7.285784,0.264912,1,0
0,1,0,-0.320235,0.010102,-0.353068,0.068871,0,0
0,0,1,-0.439269,-0.257975,-0.289293,-0.192743,0,0
1,0,0,-0.145614,1.359151,2.058144,0.035403,0,0
0,1,0,0.92075,0.750332,3.743872,1.106224,1,0
0,0,1,0.128887,-0.186268,0.725708,0.082205,0,0
0,0,1,-0.215109,0.127972,0.584097,-0.053803,0,0
1,0,0,-0.465868,-0.243259,-0.476738,0.171466,0,0
0,0,1,-1.353494,-0.049929,-0.315418,-0.326255,0,0
0,1,0,1.344255,0.246422,1.516522,0.02156,0,0
1,0,0,-0.303181,-0.438233,0.779237,-0.173014,0,0
1,0,0,-0.020802,4.127407,1.501229,-2.204081,2,1
0,1,0,-0.401109,-0.200974,-0.486714,-0.10028,0,0
0,0,1,1.514675,2.071377,2.374261,-1.134984,0,0
0,1,0,3.8233,0.317474,3.405224,0.13463,2,1
1,0,0,1.543221,1.099111,2.468599,-0.186026,0,0
1,0,0,1.715244,0.514725,0.197997,-0.059499,0,0
0,0,1,1.133379,0.229202,0.736404,0.349058,0,0
0,0,1,-0.126553,0.457889,0.460649,0.337688,0,0
0,1,0,0.994985,1.124819,5.158427,0.214264,1,0
0,1,0,0.785268,0.378081,0.2135,-0.197575,0,0
0,1,0,-0.323425,0.599848,0.41174,-0.007804,0,0
1,0,0,0.357489,1.65571,0.975636,0.275792,0,0
0,0,1,2.221677,3.857694,3.423976,1.468996,2,1
1,0,0,0.458399,-0.742705,0.250529,0.062243,0,0
0,1,0,-0.398837,0.514659,0.860624,0.048964,0,0
1,0,0,0.286884,0.540783,-0.515502,0.101427,0,0
1,0,0,0.426323,-0.355075,0.585043,0.346966,0,0
0,0,1,0.416221,0.215981,0.180916,-0.048241,0,0
1,0,0,1.585157,3.84649,1.827466,-3.498369,2,1
0,0,1,0.391977,-0.661781,0.632876,0.045318,0,0
0,0,1,-0.680747,0.701368,-0.032048,-0.042333,0,0
0,0,1,-0.297845,0.026461,-0.685083,-0.078925,0,0
1,0,0,0.938197,-0.278203,-0.36134,0.227463,0,0
0,0,1,0.521416,0.582592,0.175826,-0.198553,0,0
1,0,0,1.494308,3.028649,2.899757,-2.215738,3,1
0,0,1,2.274684,3.016446,2.940705,0.110618,2,1
0,0,1,0.436304,0.580896,-0.200281,-0.008952,0,0
0,0,1,4.373778,2.580531,2.07852,0.052365,2,1
0,1,0,0.119296,0.264473,-0.179727,0.232492,0,0
0,0,1,3.268357,5.676001,3.342353,-0.097225,3,1
1,0,0,3.221544,-0.180443,4.234133,-0.125125,2,1
0,1,0,2.52076,2.938252,2.800476,0.403387,3,1
0,1,0,-0.932479,-0.174399,-0.271114,-0.047875,0,0
1,0,0,1.950086,0.141111,3.594266,-0.111718,1,0
0,1,0,1.949019,0.408218,1.762581,0.056838,0,0
0,1,0,1.870557,1.603598,0.653873,-0.209611,0,0
1,0,0,-0.001201,0.130782,0.70026,0.181667,0,0
1,0,0,-0.284655,-0.004532,-0.031776,-0.102831,0,0
0,1,0,2.4165,1.17742,1.038096,0.013191,0,0
1,0,0,-0.010844,-0.359749,-0.202529,0.03451,0,0
0,1,0,2.761982,1.653718,5.131208,-0.015635,2,1
0,1,0,-0.382616,-0.144508,-0.367091,0.235646,0,0
0,1,0,5.871492,4.279704,5.347933,-1.894218,4,1
1,0,0,1.317111,1.340696,2.672671,0.057727,1,0
0,0,1,-0.865688,0.4481,-0.018759,0.013772,0,0
0,1,0,0.01129,-0.442212,0.2457,0.045292,0,0
0,0,1,-0.587,-0.007601,0.110451,-0.346986,0,0
0,1,0,0.071452,0.393458,-0.021292,-0.006823,0,0
0,0,1,7.926922,6.833556,6.360617,-2.521044,4,1
1,0,0,0.317071,0.270853,-0.175583,0.183019,0,0
0,0,1,-0.196255,0.193991,-0.38653,-0.042033,0,0
0,0,1,2.243952,0.241128,6.74536,0.233188,1,0
1,0,0,2.562139,0.34948,1.211291,-0.251496,1,0
1,0,0,0.627772,1.200289,-0.106003,-0.064472,0,0
0,0,1,1.151837,0.338559,-0.095197,0.164193,0,0
1,0,0,5.441989,5.539531,5.826758,-0.662637,3,1
1,0,0,0.588908,-0.742259,0.561436,0.27727,0,0
0,0,1,3.225229,0.595755,4.672642,0.429294,2,1
1,0,0,0.155195,0.302968,-0.26637,0.226859,0,0
0,1,0,0.917007,0.702936,0.639193,0.163437,0,0
0,0,1,4.280219,3.771992,5.916769,-1.901851,4,1
0,0,1,0.156181,0.118236,0.069055,0.351684,0,0
1,0,0,0.641546,1.238951,1.556756,0.839663,0,0
0,0,1,-0.28009,0.115403,0.222448,0.15686,0,0
0,1,0,1.094355,0.703106,2.318759,-0.131359,0,0
1,0,0,0.784049,-0.367496,-0.950826,-0.10428,0,0
0,1,0,3.005375,3.324071,3.172057,-0.941743,3,1
0,0,1,3.211052,1.787598,2.946068,0.603784,2,1
0,1,0,-0.421231,0.590569,-0.118044,0.304596,0,0
1,0,0,1.590284,3.353203,4.602787,0.094039,2,1
1,0,0,-0.364186,0.327103,-0.224226,-0.347219,0,0
0,0,1,0.420271,0.149231,0.054749,-0.259843,0,0
0,0,1,0.62907,3.794592,4.054224,0.730997,2,1
1,0,0,0.214537,0.529727,0.189736,0.180804,0,0
0,0,1,0.172416,4.038762,1.338121,-3.736778,2,1
1,0,0,-0.214676,-0.199686,0.309025,-0.366962,0,0
0,1,0,3.104213,1.789616,3.822472,1.269224,2,1
0,1,0,0.719792,-0.058492,0.527352,0.120824,0,0
1,0,0,1.251819,-0.491778,0.603693,0.229288,0,0
1,0,0,-0.316818,0.36978,0.239066,-0.184301,0,0
0,0,1,-0.038318,0.280357,-0.089546,-0.07316,0,0
1,0,0,-0.806617,-0.323444,0.904814,0.027235,0,0
0,0,1,1.213696,1.206207,2.510616,0.157983,1,0
0,0,1,0.697381,0.457859,-0.449144,0.070296,0,0
0,1,0,-0.087402,-0.080249,0.513946,-0.284039,0,0
0,1,0,0.500023,0.380862,2.087526,0.230304,0,0
0,0,1,0.59345,0.474417,5.165463,0.035661,1,0
0,0,1,0.595119,-0.134786,-0.050937,0.143457,0,0
1,0,0,2.899347,3.482648,2.770535,3.906437,4,1
0,0,1,1.912343,1.385012,0.983976,-0.118423,0,0
0,0,1,0.092823,0.047951,0.199854,-0.113641,0,0
0,0,1,2.453494,1.058985,5.802878,0.039018,1,0
0,0,1,0.732683,0.694665,-0.461097,0.201261,0,0
0,0,1,5.391707,0.366513,1.680454,-0.318059,1,0
0,0,1,2.976803,1.077805,1.060612,0.011382,1,0
1,0,0,1.227286,0.888915,1.525542,0.325883,0,0
0,1,0,3.221678,0.962712,3.161416,-0.017531,2,1
0,0,1,1.628484,1.397584,2.775775,0.350615,1,0
0,1,0,1.775311,1.763079,2.845587,0.884568,1,0
1,0,0,0.111948,-0.005668,0.075633,0.044296,0,0
0,1,0,-1.261139,0.477018,0.106091,0.20957,0,0
1,0,0,0.909384,0.380475,-0.095394,-0.358828,0,0
1,0,0,1.125774,0.813625,2.315762,1.049643,0,0
0,1,0,1.520272,0.283856,3.943816,0.203082,1,0
1,0,0,3.36038,0.839109,2.326538,0.00423,1,0
0,0,1,-0.085291,-0.439219,-0.185872,0.104256,0,0
0,1,0,2.098659,1.904314,6.342591,-0.096841,1,0
1,0,0,0.814429,-0.489653,-0.134371,0.065821,0,0
0,1,0,0.481335,-0.225916,0.415161,-0.285033,0,0
0,1,0,1.521961,1.257583,2.159197,0.266444,0,0
0,1,0,3.877358,2.577721,3.522082,3.191126,4,1
0,1,0,0.212881,0.107045,-0.290146,0.260702,0,0
0,0,1,-0.569581,0.163897,-0.171007,-0.022197,0,0
0,0,1,0.293002,0.080161,0.345052,0.158888,0,0
0,1,0,-0.428164,-0.323401,-0.268233,-0.098498,0,0
0,1,0,3.319447,5.388958,4.38919,-2.432631,4,1
1,0,0,3.857199,2.359335,3.20788,2.939511,3,1
1,0,0,1.12673,3.201734,2.069723,-0.808431,1,0
0,1,0,0.566372,-0.793312,0.295242,-0.173613,0,0
0,1,0,0.727157,0.019682,-0.304248,0.352198,0,0
1,0,0,-0.328249,0.139068,-0.405799,-0.358621,0,0
0,0,1,4.384834,4.263593,6.695494,-1.139409,3,1
0,0,1,4.984163,3.540768,6.077736,-1.852409,4,1
0,1,0,2.947632,2.507184,7.529562,-0.840993,3,1
0,0,1,4.781891,3.080908,2.997476,2.777362,4,1
0,1,0,4.387932,0.66892,3.33736,0.077323,2,1
1,0,0,0.833128,0.531406,1.374963,-0.209997,0,0
1,0,0,2.36106,0.890926,1.122281,-0.315577,0,0
0,1,0,0.748032,-0.342863,-0.046202,-0.03026,0,0
1,0,0,-0.614429,0.188753,-0.516034,0.050464,0,0
1,0,0,-0.430647,0.081814,0.289167,-0.042694,0,0
1,0,0,4.08416,3.22649,2.630045,-0.232301,3,1
1,0,0,0.826845,0.563105,0.541579,-0.343077,0,0
1,0,0,0.100355,0.02982,0.768633,0.351939,0,0
1,0,0,-0.653437,0.098296,0.881321,-0.025747,0,0
0,1,0,4.508942,1.150159,6.547481,-1.702361,3,1
1,0,0,-0.797968,-0.16447,0.446223,0.13152,0,0
0,1,0,0.796727,0.38422,0.271736,0.075928,0,0
0,1,0,1.806094,-0.206167,3.807062,-0.071323,1,0
0,0,1,0.667786,1.574827,6.714208,-0.022471,1,0
1,0,0,1.046206,0.216332,3.277696,-0.388432,1,0
0,1,0,0.121176,0.319686,0.713266,0.20076,0,0
0,1,0,1.360165,0.459876,1.181736,0.069273,0,0
1,0,0,4.381513,0.885989,3.273934,-0.416188,2,1
0,0,1,2.34844,0.67705,0.165297,-0.1218,0,0
1,0,0,0.869994,0.495462,0.260625,0.407775,0,0
0,0,1,0.85309,0.654973,2.024879,-0.229036,0,0
0,0,1,1.309177,0.282859,3.747277,0.428203,1,0
1,0,0,0.933531,0.148603,0.302982,0.167151,0,0
0,1,0,4.788653,0.366429,3.13324,-0.149047,2,1
0,0,1,-0.083535,-0.181929,1.093988,0.250523,0,0
0,1,0,0.829013,-0.49848,0.130793,0.024815,0,0
0,1,0,0.023256,-0.723922,-0.534441,-0.132596,0,0
1,0,0,1.327107,2.010609,4.367482,1.065404,1,0
1,0,0,2.510817,0.211495,0.824512,0.02533,1,0
0,0,1,2.682091,3.23872,5.418539,-0.990997,3,1
1,0,0,1.358117,0.583848,2.023401,0.091889,0,0
0,1,0,0.69068,-0.379751,-0.309922,-0.104101,0,0
1,0,0,-1.252196,-0.151954,-0.09531,0.126665,0,0
0,0,1,-0.108279,0.547916,0.089394,0.075614,0,0
0,0,1,0.688772,0.014969,-0.108345,-0.31615,0,0
0,1,0,2.25219,3.506566,1.58854,1.49037,1,0
1,0,0,3.096843,1.188434,3.907046,5.398916,3,1
1,0,0,5.062224,-0.166491,1.648846,-1.051724,1,0
0,0,1,-0.375068,0.020526,0.173224,-0.25382,0,0
0,1,0,1.260732,0.007945,1.315536,0.443428,0,0
0,1,0,1.991592,1.719719,6.896727,0.451477,1,0
0,1,0,0.633359,-0.028765,-0.009671,-0.018186,0,0
0,1,0,2.56959,1.21039,6.32485,0.539634,2,1
1,0,0,0.537938,-0.086651,0.91983,-0.057176,0,0
0,0,1,0.386003,-0.181891,-0.515034,-0.028981,0,0
0,1,0,4.484827,4.351201,4.0554,-2.683002,4,1
0,0,1,-0.045019,-0.044653,-0.062953,0.294279,0,0
0,0,1,0.070618,-0.102007,0.131802,0.01307,0,0
1,0,0,1.655713,0.804129,1.09211,0.148535,0,0
0,1,0,-0.213947,-1.056733,0.873872,-0.214861,0,0
0,0,1,4.795491,0.164042,2.667831,-0.178316,2,1
0,0,1,-0.402927,-0.583724,0.360538,-0.263813,0,0
1,0,0,2.923759,1.505635,2.611846,4.334591,3,1
1,0,0,-0.303721,-0.299182,-0.252984,-0.284714,0,0
0,1,0,0.998162,0.418793,0.354462,-0.324707,0,0
0,0,1,0.635183,0.608757,0.055675,-0.077649,0,0
0,0,1,1.725327,0.959704,1.533345,-0.546677,0,0
1,0,0,2.081089,-0.03073,3.588376,3.124141,2,1
0,1,0,3.249138,0.328458,2.486259,-0.073954,1,0
0,1,0,0.496635,0.544928,1.887707,0.070604,0,0
0,1,0,2.648076,1.286511,2.784193,0.297314,2,1
0,1,0,0.095356,0.222792,0.825363,-0.068576,0,0
0,0,1,2.695037,0.761451,1.605245,0.060207,1,0
0,0,1,0.297899,0.20542,0.613638,-0.485278,0,0
0,1,0,0.548142,0.108467,0.073578,0.299169,0,0
0,0,1,0.586387,0.147143,0.020133,-0.341435,0,0
0,0,1,-0.237907,-0.528631,-0.217515,0.029871,0,0
0,0,1,1.353433,1.25434,5.077072,0.945411,1,0
0,0,1,0.519545,0.067788,2.419022,0.692224,0,0
0,0,1,4.55459,4.870004,6.727977,-1.785413,4,1
1,0,0,0.323728,-0.023161,-0.107034,-0.059652,0,0
1,0,0,2.700638,0.256006,0.96221,-0.23927,1,0
0,0,1,0.18869,-0.739949,-0.13995,0.219666,0,0
1,0,0,-0.308642,0.410314,-0.018844,-0.067329,0,0
0,0,1,2.145091,0.476993,1.845206,0.163201,0,0
0,0,1,3.291071,1.015716,3.416296,3.660544,3,1
0,1,0,0.36858,-0.528371,-0.159541,0.075382,0,0
0,0,1,4.299567,3.630604,2.668702,-1.977134,4,1
0,0,1,-0.187475,-0.040978,-0.042843,-0.048937,0,0
0,0,1,0.184856,0.160132,0.382561,0.159488,0,0
0,1,0,0.142561,0.737981,0.148856,0.303348,0,0
0,1,0,1.516678,2.232406,4.825038,0.398995,1,0
0,1,0,1.858145,3.28326,2.847045,1.423057,2,1
0,0,1,3.592217,4.622095,4.464839,-2.014263,4,1
1,0,0,1.65042,2.726268,1.91688,0.224486,1,0
0,1,0,0.886337,1.423141,3.049711,-0.652556,1,0
1,0,0,-0.468589,-0.257132,0.713173,0.006542,0,0
0,1,0,4.994625,1.554786,2.803604,3.064828,3,1
1,0,0,4.360618,6.56284,5.835681,-1.658373,4,1
0,1,0,-0.197767,0.460213,0.779774,-0.080359,0,0
0,0,1,6.017635,3.769462,6.6321,-1.340461,3,1
1,0,0,2.088406,-0.20035,3.433012,0.258941,1,0
1,0,0,2.891833,4.878243,0.837478,0.650284,2,1
1,0,0,-0.124891,0.161331,0.876876,-0.387359,0,0
0,0,1,4.985055,5.059047,4.772441,-1.659255,4,1
0,1,0,3.340172,6.627508,4.499332,-1.854474,4,1
1,0,0,4.146566,0.107657,3.106344,0.50564,2,1
1,0,0,1.703578,2.592417,2.729697,1.900175,3,1
0,1,0,0.195746,-0.257411,1.337057,-0.292888,0,0
1,0,0,1.177168,0.31175,2.125702,0.270476,0,0
1,0,0,-0.203736,-0.061745,-0.174512,-0.286534,0,0
0,0,1,1.362312,3.68005,4.212912,-2.58538,3,1
1,0,0,3.361729,1.358958,4.658639,3.054691,3,1
1,0,0,5.416001,4.813592,6.096458,-0.343151,3,1
0,0,1,2.384797,0.194485,1.514883,0.548624,0,0
0,0,1,0.370454,0.450468,-0.167338,-0.012215,0,0
0,1,0,0.583409,-0.064916,1.839522,0.414018,0,0
1,0,0,6.446724,6.295754,6.753732,-0.663751,3,1
0,0,1,-0.280715,-0.049813,-0.028794,0.021761,0,0
1,0,0,0.097689,0.248323,0.256088,0.121717,0,0
0,1,0,0.686721,-0.009018,-0.036239,0.100029,0,0
1,0,0,3.002602,0.076269,2.567182,-0.180731,2,1
0,1,0,3.014285,4.844225,4.913401,1.168682,3,1
0,1,0,2.154531,2.102428,4.264639,0.877946,1,0
0,1,0,0.733826,0.215491,-0.362847,-0.266626,0,0
0,0,1,5.125174,6.236373,6.559387,-1.900041,4,1
0,0,1,4.520302,0.6659,3.784231,-0.529293,2,1
0,1,0,3.0536,0.586309,4.667224,0.17297,2,1
0,1,0,0.633708,0.32148,0.086784,0.412192,0,0
1,0,0,-0.137928,0.072279,0.362389,0.138053,0,0
0,1,0,2.57928,1.966571,3.731422,0.241017,2,1
0,0,1,0.335931,-0.253186,0.686749,0.107856,0,0
0,0,1,4.309592,5.702841,5.164522,-1.681939,4,1
1,0,0,0.445236,0.206247,0.363105,-0.013906,0,0
1,0,0,-0.194556,-0.274239,0.028833,-0.182562,0,0
1,0,0,-0.591746,-0.788976,0.389088,0.099323,0,0
1,0,0,-0.060142,-0.258626,-0.18666,-0.137687,0,0
0,0,1,0.311439,-1.009688,0.008948,-0.217536,0,0
1,0,0,0.645242,0.57995,-0.336359,0.15886,0,0
0,1,0,0.163546,0.134788,0.70941,-0.27329,0,0
0,0,1,0.167623,-0.210673,0.053945,-0.182335,0,0
0,0,1,0.285106,0.333726,0.05981,-0.011478,0,0
1,0,0,-0.567526,-0.336067,0.35893,0.208912,0,0
0,1,0,0.899466,0.794703,2.079054,-0.025356,0,0
0,1,0,-0.243168,-0.237361,0.188894,0.015552,0,0
1,0,0,0.410617,0.615449,0.129447,-0.027533,0,0
0,0,1,0.50446,-0.133782,-0.199743,-0.044307,0,0
0,1,0,1.284894,-0.621758,2.428135,0.310151,0,0
0,0,1,1.129053,3.027856,2.580423,-2.690663,3,1
0,1,0,-0.266264,0.088687,0.166843,0.007679,0,0
0,0,1,-0.206794,0.178496,0.318315,-0.434314,0,0
1,0,0,0.582208,0.245017,-0.354065,-0.321248,0,0
1,0,0,5.329885,1.122985,2.036142,4.665298,2,1
1,0,0,2.663995,2.366874,2.571148,-0.335913,2,1
0,0,1,1.854271,-0.215942,7.362918,0.143813,1,0
0,0,1,0.127932,-0.02386,0.558411,-0.567501,0,0
0,1,0,1.296582,1.749953,4.655439,0.697261,1,0
0,0,1,0.705867,0.167533,1.407746,0.15887,0,0
1,0,0,1.360071,0.502392,1.521979,0.979298,0,0
0,0,1,4.269539,1.160654,1.735244,-0.250593,1,0
0,1,0,4.229212,5.866829,5.26479,-0.10696,3,1
0,1,0,-0.252304,-0.218663,0.043921,0.252752,0,0
0,1,0,2.292408,1.361971,1.010822,-0.182307,0,0
0,1,0,2.915772,3.994513,4.199639,-1.488087,3,1
0,1,0,3.305208,1.663307,4.528579,2.055043,3,1
0,0,1,-0.529012,0.39264,0.472508,0.146382,0,0
0,0,1,-0.337946,0.023428,-0.07959,0.00173,0,0
0,0,1,2.078496,0.906652,1.077706,0.29413,0,0
1,0,0,3.674307,3.629061,5.058852,-1.283331,3,1
0,0,1,4.511496,0.045735,3.051107,0.042915,2,1
1,0,0,1.861891,3.071341,3.125548,-3.187295,3,1
1,0,0,3.120704,0.915188,3.404121,-0.364297,2,1
0,1,0,0.304818,0.242789,0.132511,-0.007579,0,0
0,0,1,2.943225,2.499115,2.253052,-0.219504,1,0
0,0,1,5.245152,5.089749,5.798014,-1.085984,3,1
1,0,0,0.528048,0.330024,-0.225152,0.072657,0,0
1,0,0,0.848829,1.360096,3.630818,0.636704,1,0
1,0,0,-0.27614,0.177922,0.603739,0.13725,0,0
0,1,0,3.291501,1.975602,-0.409638,0.777192,1,0
0,1,0,5.658602,2.853968,2.614525,3.816513,4,1
1,0,0,3.364083,2.193115,2.665243,3.435977,3,1
1,0,0,5.547789,6.390151,5.089525,-1.891007,4,1
1,0,0,1.424661,2.387398,4.379464,0.350691,1,0
0,0,1,1.298088,0.279509,1.676604,0.306185,0,0
1,0,0,0.042992,-0.452403,-0.450025,-0.26964,0,0
1,0,0,0.98546,1.301226,1.123784,-1.070682,0,0
0,1,0,1.169105,0.627242,0.152939,0.05088,0,0
0,0,1,0.066555,0.681863,-0.193307,-0.0619,0,0
0,1,0,1.975716,1.151514,4.898898,-0.228065,1,0
1,0,0,0.343092,-0.679749,-0.720143,0.147836,0,0
1,0,0,2.995406,0.028146,2.789322,-0.607021,2,1
0,0,1,2.3298,0.655755,5.114589,0.231831,1,0
0,1,0,0.157744,0.12311,0.163102,0.157734,0,0
1,0,0,3.907346,2.352248,4.520414,2.500451,3,1
0,0,1,4.310033,3.979375,3.485192,-1.411279,3,1
1,0,0,1.80845,3.756914,2.985192,1.218782,2,1
0,0,1,6.242527,3.720495,6.381784,-1.004209,3,1
0,1,0,-0.134248,-0.203506,0.640341,-0.130736,0,0
0,1,0,0.589,-0.505256,0.658814,0.193876,0,0
0,1,0,2.459273,4.003535,2.106402,0.527818,1,1
1,0,0,-0.074091,0.188274,0.069612,-0.074498,0,0
1,0,0,5.917881,7.012385,5.544896,-0.64095,3,1
0,0,1,5.016496,0.394968,1.388148,-0.271629,1,0
0,0,1,-0.16712,0.160364,0.117843,0.251416,0,0
0,1,0,0.192273,0.493822,0.587053,-0.183791,0,0
1,0,0,-0.24069,0.48713,0.497513,0.274783,0,0
0,1,0,5.264249,6.957414,6.799626,-2.115468,4,1
0,1,0,-0.406515,-0.574889,0.097958,-0.131483,0,0
1,0,0,3.900995,0.196333,5.492758,0.048148,2,1
0,1,0,0.422259,0.471298,-0.098613,-0.230698,0,0
0,0,1,2.133573,3.925276,3.909827,0.794785,2,1
0,0,1,2.027618,0.467977,0.94181,-0.201694,0,0
0,0,1,0.329996,1.025461,2.579699,-0.15272,1,0
1,0,0,0.889553,1.691584,6.179236,0.841057,1,0
1,0,0,0.69873,0.196375,1.959151,0.101246,0,0
0,0,1,0.221576,0.334624,0.875022,-0.531695,0,0
1,0,0,5.203777,7.344986,6.974025,-2.620057,4,1
0,1,0,3.627998,1.19627,3.37758,0.190896,2,1
1,0,0,4.088927,2.143697,4.728929,3.492297,3,1
0,0,1,0.328005,0.613185,2.067511,-0.178341,0,0
0,1,0,0.808751,0.185094,1.901325,0.323619,0,0
0,1,0,2.944312,2.364289,2.260537,4.095396,2,1
0,0,1,4.247621,0.330551,3.03528,-0.561921,2,1
1,0,0,0.319534,-0.797947,-0.104279,0.228173,0,0
0,0,1,1.158983,0.955855,0.547714,-0.068457,0,0
1,0,0,2.401062,2.66937,3.211857,2.135266,3,1
1,0,0,-0.697692,-0.715638,-0.391621,0.224619,0,0
0,0,1,1.187591,1.591227,0.695554,0.222105,0,0
0,0,1,0.832788,-0.091131,0.215605,0.140391,0,0
0,0,1,3.543634,3.087775,2.192343,0.615082,2,1
0,1,0,0.357789,1.156925,1.769916,0.796375,0,0
0,1,0,2.266694,0.474954,0.915491,0.156761,0,0
1,0,0,0.845651,0.790351,1.512729,0.455994,0,0
0,0,1,0.202534,0.395519,0.271647,-0.247911,0,0
0,1,0,0.216243,0.460599,-0.087698,0.005973,0,0
0,0,1,4.575191,6.29567,4.181538,-0.433742,3,1
1,0,0,1.02792,1.687263,8.137711,-0.509277,1,0
0,0,1,0.660931,0.025328,0.391625,0.070233,0,0
1,0,0,2.694805,2.902359,2.522587,0.712413,3,1
0,1,0,2.457987,0.344183,0.437772,-0.03168,0,0
0,1,0,4.339463,3.464181,2.546489,3.874165,4,1
0,0,1,0.566709,-0.604375,0.217392,-0.101282,0,0
1,0,0,0.894147,0.36051,0.717479,0.017078,0,0
0,0,1,4.677839,0.348969,3.182896,0.006695,2,1
0,1,0,0.578148,1.029869,0.093198,0.101004,0,0
0,0,1,-0.173049,0.1504,1.112955,-0.004179,0,0
0,1,0,2.150252,2.497331,1.59603,0.20187,0,0
0,1,0,5.467639,3.479387,4.569123,-1.937494,4,1
0,0,1,-0.03403,-0.490316,0.189601,0.282201,0,0
0,0,1,3.264033,4.255295,3.211574,-1.335134,3,1
0,0,1,1.55437,0.870498,2.936691,-0.352095,1,0
0,0,1,1.449408,1.47467,1.412157,-0.462677,0,0
1,0,0,1.575614,0.630988,1.131809,0.091506,0,0
0,1,0,1.581017,1.388584,5.424397,0.448914,1,0
0,0,1,0.774193,0.384813,0.17405,-0.290124,0,0
0,1,0,0.41606,-0.149099,-0.06996,0.211604,0,0
1,0,0,3.180006,2.307916,2.102227,2.653728,2,1
1,0,0,0.473306,0.230231,1.01033,-0.170445,0,0
0,1,0,2.879636,6.545139,6.111188,-1.487063,3,1
1,0,0,0.982644,0.503656,0.041488,-0.102287,0,0
1,0,0,1.080033,0.149797,1.577261,-0.007211,0,0
1,0,0,0.254947,-0.409434,-0.065851,-0.199035,0,0
1,0,0,1.428571,0.746982,2.862624,0.709419,1,0
0,1,0,0.204765,0.124153,0.366714,-0.038784,0,0
0,0,1,3.854426,1.978231,2.398091,1.236021,1,0
1,0,0,-0.269546,-0.414382,0.319731,-0.18175,0,0
0,0,1,2.753566,3.525672,2.869225,2.791871,4,1
1,0,0,6.779928,1.787167,1.393123,0.24977,1,0
0,1,0,0.462177,0.124463,0.404009,-0.078831,0,0
0,1,0,2.746879,2.181767,5.273262,0.931745,2,1
1,0,0,0.992388,0.10538,0.010059,-0.185758,0,0
0,1,0,1.506273,1.253333,7.0808,0.002281,1,0
0,0,1,1.239138,0.265284,3.769913,0.356656,1,0
1,0,0,3.544408,4.401376,6.397756,-1.647728,4,1
0,0,1,2.099873,2.867937,1.098877,0.689186,1,0
0,1,0,0.0173,0.475776,-0.011839,-0.272476,0,0
1,0,0,-0.133379,-0.493194,-0.227073,-0.226766,0,0
0,1,0,0.197301,2.078791,4.53542,1.010225,1,0
1,0,0,3.581925,5.60329,3.709908,-1.030037,3,1
0,1,0,0.537372,0.237185,0.875845,0.257479,0,0
1,0,0,0.745379,1.135164,-0.37989,0.139784,0,0
0,0,1,1.520443,0.75348,-0.541163,-0.156833,0,0
1,0,0,2.274046,0.06818,1.366197,0.507202,0,0
0,1,0,5.320848,0.190287,3.39833,-0.717475,2,1
0,0,1,-0.14073,-0.461315,0.247719,0.086919,0,0
1,0,0,-0.243391,-0.365954,-1.058223,-0.017008,0,0
0,1,0,1.19416,4.282112,1.896773,-3.48133,2,1
0,0,1,1.55949,0.810041,2.246837,0.3953,0,0
1,0,0,2.365842,1.94357,2.801801,1.522885,2,1
0,1,0,-0.46904,-0.010003,0.5996,0.196743,0,0
1,0,0,0.642099,0.184121,0.179357,-0.001836,0,0
1,0,0,0.651586,0.869272,4.055605,0.415552,1,0
0,0,1,4.695147,4.865062,5.392987,-0.819003,3,1
1,0,0,-0.048529,-0.020349,0.464733,-0.133775,0,0
1,0,0,3.482113,0.674612,0.658188,-0.200118,1,0
1,0,0,2.546165,3.027814,1.498098,2.75093,3,1
0,1,0,0.499903,-0.579768,0.011833,-0.215839,0,0
1,0,0,2.595529,0.134997,1.444774,0.206508,1,0
0,1,0,0.513361,0.519377,2.255236,-0.066573,0,0
0,0,1,0.076869,0.145641,0.124753,-0.185511,0,0
1,0,0,1.300682,3.969685,4.608734,0.807749,2,1
1,0,0,0.328979,0.748225,6.807948,0.040981,1,0
0,1,0,0.625746,0.327746,-0.172068,0.002653,0,0
0,1,0,6.005142,4.674818,5.403507,-0.742879,3,1
0,1,0,0.930868,2.580228,1.272984,-1.45238,1,0
0,1,0,0.521149,0.109278,0.640406,-0.302506,0,0
1,0,0,0.958666,0.743713,0.485992,0.172502,0,0
0,1,0,4.07386,2.640435,7.112463,-2.299724,4,1
0,1,0,1.622775,1.418161,4.070912,4.491042,2,1
0,1,0,-0.605528,0.421262,0.195851,0.146611,0,0
0,1,0,0.201332,0.196081,-0.181635,-0.125158,0,0
0,0,1,1.183339,0.073098,2.00318,0.436991,0,0
1,0,0,0.800267,0.445202,4.924043,-0.511062,1,0
0,1,0,-0.282093,0.45047,-0.183772,0.128919,0,0
0,0,1,1.756867,0.99162,1.285746,0.739531,0,0
1,0,0,4.295104,1.312514,2.751982,-1.737275,3,1
0,0,1,4.913886,3.244192,2.522797,4.199826,4,1
1,0,0,2.032012,2.95943,2.166783,-2.32028,2,1
0,1,0,0.477833,0.011245,-0.439909,0.353634,0,0
0,0,1,1.09962,0.55599,0.059377,-0.096454,0,0
1,0,0,2.789573,0.834329,2.645626,-0.458273,2,1
0,0,1,-0.208744,0.070234,-0.685244,0.232132,0,0
0,1,0,0.246769,0.199767,-0.030669,0.02495,0,0
1,0,0,1.501305,0.999842,4.945221,1.21837,1,0
0,0,1,1.180268,1.112115,0.678323,-0.075437,0,0
0,1,0,2.338832,6.617726,5.70125,-1.157326,2,1
0,0,1,1.366651,0.845101,1.782906,0.643991,0,0
0,0,1,-0.213112,0.15798,0.583198,-0.449134,0,0
0,0,1,-0.658385,-0.401336,0.255039,-0.165373,0,0
0,1,0,1.461468,0.836712,0.569268,-0.659531,0,0
0,1,0,-0.013553,0.043297,0.154225,0.145704,0,0
1,0,0,1.526249,0.981242,2.579173,-0.273204,1,0
0,0,1,0.8518,4.423932,2.49129,-4.603689,2,1
1,0,0,-0.472685,0.420704,0.719668,0.158025,0,0
0,0,1,3.420749,2.489995,4.49206,2.600663,3,1
0,1,0,2.444732,1.058062,4.014886,1.206498,1,0
0,0,1,0.085724,0.147472,0.276208,-0.183794,0,0
0,1,0,-0.256036,0.946878,-0.06593,0.128701,0,0
1,0,0,0.416341,0.903311,1.861897,0.455471,0,0
1,0,0,1.274024,2.105234,1.577601,-2.094801,1,0
0,0,1,1.068129,0.489496,0.825294,0.324094,0,0
1,0,0,0.801866,0.686418,1.598064,-0.485295,0,0
1,0,0,-0.114337,0.137172,-0.386992,-0.001717,0,0
0,0,1,1.677732,0.510116,0.851043,-0.353509,0,0
1,0,0,2.630302,1.11613,0.868094,0.023814,1,0
1,0,0,3.595365,4.659184,5.849919,-2.794218,4,1
0,1,0,0.372245,4.0823,1.526762,-3.580368,2,1
0,0,1,0.343084,-0.03012,0.747925,-0.123635,0,0
0,0,1,-0.336317,0.292542,-0.168393,0.2043,0,0
0,0,1,0.429766,0.806605,0.515442,0.018632,0,0
0,1,0,-0.547134,0.066348,0.227667,0.039134,0,0
0,1,0,2.269978,0.971519,2.726078,-0.201868,1,0
0,1,0,5.644077,5.191478,4.144301,-2.569595,4,1
1,0,0,-0.506395,0.389553,0.431688,-0.113578,0,0
0,0,1,-0.866424,4.559189,2.608405,-4.194358,3,1
0,1,0,0.099332,0.549688,0.919453,-0.226933,0,0
1,0,0,1.918271,2.304498,3.093471,1.904355,2,1
0,0,1,-0.095462,0.196853,0.199748,-0.002429,0,0
0,1,0,-0.693517,0.103435,0.654195,-0.089475,0,0
1,0,0,0.00031,-0.290163,1.024746,0.019987,0,0
0,1,0,2.022997,5.424331,1.549135,0.712064,1,1
0,0,1,2.743339,1.863008,1.492351,2.999399,2,1
0,0,1,0.12829,-0.348325,-0.130641,-0.147592,0,0
0,0,1,2.307651,1.308821,4.792847,0.496404,1,0
1,0,0,3.8001,0.101933,2.695032,-0.016163,2,1
1,0,0,1.035022,0.398071,1.725435,-0.634317,0,0
0,0,1,4.701859,0.134572,2.864128,-0.291978,2,1
0,0,1,1.375423,2.514288,0.984807,-2.691475,2,1
1,0,0,0.201983,1.512938,1.472019,0.632865,0,0
1,0,0,3.8799,-0.562028,1.431926,-0.531942,1,0
0,1,0,-0.304331,0.855854,-0.064225,0.029049,0,0
1,0,0,-0.522871,0.309004,1.335956,0.056041,0,0
1,0,0,5.088218,5.105879,3.00628,-1.421187,3,1
0,1,0,2.952736,5.770221,2.783425,-0.679257,3,1
1,0,0,3.081333,3.453202,3.229431,3.613316,4,1
0,0,1,0.153604,-0.027539,0.350574,-0.015982,0,0
0,1,0,-0.64566,0.760068,0.329943,-0.107176,0,0
0,1,0,-0.292415,0.340503,-0.46432,0.072822,0,0
1,0,0,0.744782,0.114209,-0.273968,-0.373604,0,0
0,0,1,-0.712772,-0.902629,0.218985,0.0279,0,0
1,0,0,1.735199,3.130369,4.086824,1.323687,2,1
0,0,1,6.112727,-0.469508,2.732283,0.157521,2,1
0,1,0,0.124025,0.565963,0.226903,-0.128915,0,0
0,1,0,2.797068,1.758178,0.321156,1.110498,1,0
0,0,1,4.220018,1.200077,3.353568,-0.064773,2,1
0,1,0,3.55069,0.288114,4.661257,-0.483883,2,1
1,0,0,0.79132,0.923086,0.411139,0.118901,0,0
1,0,0,3.176179,5.184664,4.721171,-1.736022,4,1
0,0,1,2.594202,0.769093,1.057803,1.639787,2,1
0,0,1,0.031601,-0.239181,0.198941,-0.442148,0,0
0,0,1,0.491838,0.66619,0.665774,0.288283,0,0
1,0,0,-0.372354,0.264623,0.619479,0.519517,0,0
0,0,1,0.269033,0.358389,-0.139727,-0.107475,0,0
0,1,0,-0.228567,-0.179088,-0.161385,-0.077308,0,0
0,1,0,3.076226,1.151941,5.904182,0.708373,2,1
1,0,0,1.496483,3.106342,3.567368,-3.166211,3,1
0,0,1,2.209106,2.117658,3.057133,1.84871,2,1
0,1,0,3.563089,2.766781,3.372998,0.904323,3,1
0,0,1,0.118771,0.536722,0.071912,-0.504456,0,0
0,1,0,-0.009693,0.107881,-0.057025,0.042256,0,0
1,0,0,0.529074,1.586346,2.080827,0.387832,0,0
0,0,1,-0.72615,-0.316067,0.535446,0.041892,0,0
1,0,0,-0.099253,0.294468,0.302345,0.398179,0,0
0,1,0,6.25434,4.491418,6.568535,-2.362899,4,1
0,0,1,0.436195,0.166662,0.572396,0.080655,0,0
0,1,0,0.151459,-0.825618,0.769377,0.088349,0,0
0,1,0,1.033895,2.157413,4.837681,0.976366,1,0
0,0,1,0.85446,0.815957,1.572643,-1.025783,0,0
1,0,0,0.921076,0.026259,3.345006,0.186647,1,0
0,1,0,3.022656,0.99594,5.126471,0.67558,2,1
1,0,0,0.365447,0.443256,0.050745,0.120516,0,0
1,0,0,1.393949,2.383085,6.564153,1.237123,1,0
0,1,0,1.463081,2.915913,0.940831,-3.568417,2,1
1,0,0,5.323029,1.615523,5.036378,-1.910869,3,1
0,1,0,0.089547,0.404058,0.651724,0.153606,0,0
0,0,1,2.194822,0.896457,3.272323,-0.027659,1,0
0,0,1,3.195043,2.517134,2.477337,1.404107,2,1
0,1,0,6.326468,3.665292,5.960426,-2.489599,4,1
1,0,0,4.781389,4.475717,5.004321,-1.160278,3,1
1,0,0,-0.37103,-0.119198,0.01434,0.167431,0,0
0,0,1,-0.136586,0.158349,0.329238,-0.201771,0,0
1,0,0,2.857167,0.5083,3.696226,0.220215,2,1
0,1,0,4.409504,6.190728,2.537305,-0.625644,3,1
0,0,1,2.156059,3.33675,1.049199,-3.277629,2,1
0,1,0,2.773173,0.427735,3.662543,-0.708492,2,1
0,1,0,0.510116,0.426922,0.481634,0.243696,0,0
1,0,0,0.331777,0.386866,-0.095242,0.166027,0,0
0,1,0,0.530982,-0.437388,0.400277,0.078031,0,0
0,0,1,1.380571,0.632149,6.324111,0.410876,1,0
1,0,0,5.259194,6.58367,4.952079,0.410374,3,1
1,0,0,1.259758,0.287366,2.074493,0.341232,0,0
1,0,0,-0.070655,0.313817,0.365025,0.028261,0,0
1,0,0,1.542509,0.19637,3.447089,0.424308,1,0
0,0,1,0.87432,0.228087,0.588518,0.026792,0,0
1,0,0,-0.749135,-0.093531,-0.149611,0.022978,0,0
0,0,1,0.032237,0.408926,0.113489,0.060577,0,0
0,0,1,0.181693,-0.280589,0.774545,-0.127485,0,0
0,0,1,0.999663,0.53499,1.339826,-0.115419,0,0
1,0,0,2.197278,1.145433,1.488628,-0.179588,0,0
0,1,0,0.923247,3.127415,1.8762,-3.64794,2,1
1,0,0,6.308462,3.407871,3.44439,3.271904,4,1
0,1,0,5.054715,2.720909,4.256183,-2.017854,4,1
1,0,0,2.758355,0.730681,1.976704,-0.275875,1,0
0,0,1,0.673141,0.061541,0.282203,-0.043311,0,0
0,0,1,0.644952,-0.128474,0.117532,0.191161,0,0
0,1,0,3.413251,1.218334,1.894613,0.077146,1,0
0,0,1,0.763808,0.983674,-0.04522,-0.28659,0,0
0,0,1,3.977251,3.760923,5.016201,-0.723167,3,1
0,0,1,0.462296,0.279394,0.036585,-0.183604,0,0
0,0,1,1.900399,0.84861,0.449281,-0.359755,0,0
0,0,1,5.335516,0.47264,0.767611,-0.557724,1,0
0,1,0,1.426124,2.66294,1.111867,-2.308531,2,1
0,1,0,5.164156,0.277822,1.070817,0.385875,1,0
0,0,1,0.547918,0.288594,0.294927,-0.072222,0,0
0,1,0,0.590692,0.367766,0.083899,-0.378343,0,0
0,1,0,4.155195,1.614057,2.750128,1.274445,2,1
0,0,1,-0.176131,-0.338857,1.016765,0.373492,0,0
0,1,0,0.676037,0.031604,3.222663,-0.008205,1,0
0,1,0,1.447313,0.724261,0.23687,-0.178115,0,0
0,1,0,0.810791,0.10673,-0.085226,-0.576865,0,0
0,0,1,2.49998,0.373211,2.993008,0.089381,1,0
0,0,1,1.693639,2.689951,5.068199,0.294956,2,1
1,0,0,2.362343,4.075558,3.464267,-3.352274,3,1
1,0,0,-0.277975,0.244177,0.013391,-0.187848,0,0
1,0,0,0.313471,0.133724,1.350827,0.309895,0,0
1,0,0,2.114492,1.076356,5.957817,1.103185,1,0
0,0,1,0.113628,-0.32249,-0.621361,0.218625,0,0
0,0,1,1.550541,3.193429,3.69002,1.367019,2,1
0,1,0,5.381239,4.539522,8.552514,-1.213435,3,1
0,0,1,-0.287231,-0.054522,1.056768,-0.153476,0,0
1,0,0,0.544279,0.742819,0.019644,-0.06935,0,0
0,0,1,3.048962,4.26809,4.636147,-1.25133,3,1
0,1,0,0.331878,0.589453,-0.032046,0.317419,0,0
0,1,0,-0.149156,0.433942,-0.252407,0.077547,0,0
0,1,0,-0.364568,-0.353608,-0.038709,-0.117159,0,0
0,0,1,1.57529,1.263843,0.442126,0.591383,0,0
1,0,0,-0.104563,0.164206,0.466825,0.092421,0,0
0,0,1,0.670268,0.181417,0.821164,0.351948,0,0
1,0,0,-0.292553,-0.380354,-0.36178,0.451653,0,0
0,0,1,0.689892,1.009516,3.113631,0.244452,1,0
0,1,0,0.274521,0.209592,0.265531,0.1048,0,0
0,0,1,0.873929,3.249224,2.547542,-2.853324,3,1
0,1,0,3.27411,0.354533,2.65634,-0.249524,2,1
0,0,1,3.767705,0.909086,1.630519,-0.416291,1,0
1,0,0,-0.895944,-0.413333,-0.104721,0.112783,0,0
0,0,1,1.94416,0.412111,2.726399,0.402568,1,0
0,1,0,1.972923,1.192537,1.941616,-0.084996,0,0
0,1,0,0.659447,0.609771,0.031331,0.219697,0,0
0,1,0,2.24029,1.78757,2.807464,1.178325,1,0
0,1,0,0.469673,-0.142902,-0.137101,0.273866,0,0
0,0,1,0.386483,3.638668,3.361253,-2.829053,3,1
1,0,0,4.49405,0.246219,2.786382,-0.314001,2,1
0,0,1,2.538935,0.976638,7.18139,0.613388,2,1
0,0,1,2.897102,1.785989,2.597755,1.002562,2,1
1,0,0,1.64043,5.239309,2.554522,0.892691,2,1
0,0,1,1.026891,0.966637,1.478554,0.054358,0,0
0,1,0,1.03458,0.438663,1.489839,0.338059,0,0
0,0,1,3.135561,3.213822,6.063108,-1.28987,3,1
0,0,1,3.839296,4.811627,3.522722,-0.199326,3,1
0,0,1,3.465687,1.463004,4.60008,-0.220904,2,1
1,0,0,-0.145285,0.04004,-0.151559,0.365866,0,0
0,0,1,1.588376,3.163179,3.809813,-0.019849,2,1
1,0,0,0.492073,-0.259211,-0.206418,-0.092253,0,0
0,0,1,-0.519462,-0.382397,-0.182706,0.072657,0,0
0,1,0,0.670429,-0.371816,0.346825,-0.336376,0,0
0,0,1,3.978956,0.033053,2.444589,0.246184,1,0
1,0,0,-0.32486,-0.093194,0.312273,-0.132687,0,0
1,0,0,3.553564,5.848087,4.881355,-1.930824,4,1
0,0,1,0.406587,0.254188,-0.013716,0.150681,0,0
0,0,1,2.852112,0.645319,2.202513,0.503454,1,0
1,0,0,4.739402,0.889119,3.272557,-0.434291,2,1
0,1,0,3.854627,1.081058,1.738139,0.219167,1,0
1,0,0,3.558839,2.341954,4.395442,0.994848,2,1
0,1,0,-0.51161,0.669851,0.720498,0.176457,0,0
0,1,0,0.5075,3.184021,2.25152,-2.149912,2,1
0,1,0,0.499765,-0.065406,1.737315,-0.42211,0,0
0,0,1,0.242246,0.366396,0.050493,0.186228,0,0
0,1,0,1.837152,0.676148,5.710386,0.573319,1,0
1,0,0,1.982893,3.420298,1.953951,1.117559,1,0
1,0,0,-0.158307,-0.309301,0.212018,-0.534913,0,0
0,1,0,6.335245,6.051296,4.446617,-1.658119,4,1
0,1,0,2.498226,2.585022,2.220161,3.723302,2,1
0,1,0,4.844663,-0.03207,3.310353,0.33347,2,1
0,0,1,-0.038725,-0.40232,0.17359,-0.207179,0,0
1,0,0,0.986886,1.053616,3.18009,0.122629,1,0
0,0,1,0.36019,0.07132,0.084367,0.253676,0,0
1,0,0,-0.475512,-0.285827,-0.160764,0.008975,0,0
1,0,0,4.708302,7.026455,6.969651,-0.440137,3,1
1,0,0,1.09599,1.615345,4.876319,-0.188881,1,0
0,1,0,0.865548,4.957092,1.859596,0.123821,1,1
0,0,1,-0.539859,-0.363304,-0.17542,0.027691,0,0
1,0,0,0.323626,0.096808,0.487616,-0.340035,0,0
0,0,1,4.334252,6.321495,5.684381,-2.051392,4,1
0,0,1,-0.151649,0.564995,0.444304,-0.090014,0,0
1,0,0,0.792896,0.409895,-0.227059,0.157795,0,0
1,0,0,-0.067114,0.385104,0.305043,-0.139262,0,0
1,0,0,1.449995,0.819887,3.11881,0.04024,1,0
0,0,1,1.49521,0.362194,2.233318,-0.515246,0,0
0,0,1,1.178335,2.008699,3.65678,0.01813,1,0
1,0,0,-0.67187,0.326874,-0.223511,-0.18841,0,0
0,0,1,-0.172544,0.826702,-0.407716,0.307231,0,0
1,0,0,0.525886,0.545886,0.180809,0.320025,0,0
0,1,0,4.712691,3.116968,2.689045,-1.352467,3,1
0,1,0,0.570848,0.570582,0.701889,0.024093,0,0
0,0,1,6.323267,6.665405,5.545715,-2.217802,4,1
0,1,0,4.013889,5.040832,3.52913,-2.870762,4,1
1,0,0,-0.264782,-0.61073,-0.344711,-0.193276,0,0
0,1,0,5.215865,0.670247,2.49179,-0.453676,1,0
1,0,0,4.349671,5.40509,4.175531,-2.283741,4,1
1,0,0,5.929309,4.023776,1.836266,-2.519745,3,1
1,0,0,4.168843,0.006393,3.0864,0.368043,2,1
1,0,0,4.930284,0.4964,2.840565,-0.302813,2,1
1,0,0,2.321935,2.26766,3.938786,1.441396,1,0
1,0,0,0.238993,0.52133,0.513092,-0.107683,0,0
0,0,1,-0.303796,0.010611,-0.317935,0.356785,0,0
0,1,0,2.832734,6.80048,4.001609,-2.196503,4,1
1,0,0,0.245284,0.395818,0.084023,0.20724,0,0
0,0,1,-0.892769,0.047841,-0.408059,-0.043741,0,0
0,0,1,-0.377309,0.307288,-0.102476,-0.035903,0,0
0,1,0,-0.233306,-0.026743,0.24843,-0.097376,0,0
1,0,0,2.435755,0.67858,1.198617,0.096506,0,0
0,0,1,4.016976,0.161613,4.451444,-0.205704,2,1
0,1,0,-1.008796,-0.367271,-0.33875,0.164413,0,0
1,0,0,-0.630566,-0.346337,0.783781,-0.364908,0,0
0,0,1,0.105318,-0.434401,-0.509659,0.142847,0,0
0,1,0,0.659092,0.579457,-0.548403,-0.139566,0,0
0,0,1,1.805107,0.767596,1.018654,0.347436,0,0
1,0,0,2.263996,1.618152,0.443588,0.185555,0,0
0,0,1,4.165288,1.53859,1.89155,0.699297,1,0
1,0,0,0.145625,0.789265,0.428371,-0.392458,0,0
0,0,1,4.38894,4.235988,8.053044,-0.758074,3,1
0,0,1,-0.331933,-0.069224,0.217337,0.365199,0,0
1,0,0,4.191568,5.317531,3.573521,-0.018376,3,1
0,1,0,-0.218112,-0.126024,0.84843,-0.170177,0,0
0,1,0,1.320611,0.274851,0.136822,0.095248,0,0
0,0,1,1.749668,-0.035667,2.492621,0.67286,0,0
1,0,0,4.981128,5.204906,5.204482,-2.373267,4,1
0,1,0,5.149149,0.328376,2.889101,0.162848,2,1
1,0,0,0.677964,0.520843,0.152695,0.013493,0,0
0,0,1,0.638111,0.102731,1.333863,-0.022,0,0
0,1,0,-0.998957,-0.253024,0.081001,0.042049,0,0
1,0,0,-0.744177,-0.134871,-0.09995,-0.155889,0,0
0,0,1,0.60542,1.511622,-0.397795,0.089965,0,0
0,1,0,1.44637,2.246504,4.424899,-0.244262,1,0
0,0,1,-0.099641,0.097299,0.210394,0.408452,0,0
1,0,0,-0.252122,0.159226,0.456167,0.016631,0,0
0,0,1,-0.954919,0.635731,-0.174616,0.232675,0,0
0,1,0,0.667745,2.708997,0.706972,-4.538062,2,1
0,0,1,1.513404,0.592263,1.628718,0.191081,0,0
1,0,0,0.776183,1.019625,-1.017973,0.122575,0,0
0,1,0,0.530588,1.126583,2.197984,0.196134,0,0
0,1,0,1.062436,0.828214,3.378762,0.438636,1,0
1,0,0,1.262346,3.469117,3.180744,0.542842,2,1
0,0,1,2.025527,2.358048,4.110951,-0.098971,1,0
1,0,0,1.996619,0.960516,1.307726,-0.051953,0,0
0,1,0,3.666834,0.538862,1.870009,0.169628,1,0
0,1,0,0.125965,-0.44373,0.116731,-0.143474,0,0
1,0,0,0.006483,0.881884,-0.016326,-0.076468,0,0
0,0,1,2.501024,1.650397,3.698511,0.40339,2,1
0,1,0,4.00423,0.648397,1.553015,1.485666,1,0
0,0,1,3.933677,0.32685,2.918402,0.046049,2,1
0,0,1,-0.463057,-0.494944,0.26427,-0.275675,0,0
0,1,0,4.614086,5.217844,4.3687,-1.94011,4,1
0,1,0,1.395915,3.598764,2.628148,-4.222145,3,1
0,0,1,1.159788,0.312796,1.50441,-0.559568,0,0
0,1,0,3.383404,4.685411,3.481606,0.895327,3,1
0,1,0,-0.024273,0.192377,0.128913,0.066063,0,0
1,0,0,2.098899,2.632639,4.251119,0.939682,2,1
0,1,0,1.474249,2.190831,4.91882,-0.064009,1,0
0,0,1,0.623129,0.740885,-0.178913,0.048591,0,0
1,0,0,5.514511,0.125489,3.777645,-0.375541,2,1
1,0,0,4.060797,1.077666,3.997975,2.755913,3,1
0,1,0,1.455606,1.446916,4.064574,0.939395,1,0
0,1,0,-0.207374,0.327526,0.65913,0.25022,0,0
1,0,0,2.488829,1.191716,1.49143,0.582614,0,0
0,0,1,2.476848,1.140682,0.309219,-0.10121,0,0
1,0,0,2.644073,0.125282,0.376752,0.453983,1,0
0,0,1,1.603275,2.612909,2.859158,1.090357,2,1
0,0,1,-0.655894,0.313988,-0.138732,-0.221571,0,0
0,0,1,2.116515,3.839011,2.346637,0.749451,1,0
0,1,0,1.466186,1.170846,0.323699,0.457378,0,0
1,0,0,2.222997,0.43335,2.461352,0.734115,0,0
0,1,0,-0.52901,0.451655,0.08243,0.217491,0,0
0,0,1,2.56758,-0.3052,0.078058,-0.175161,1,0
0,1,0,-0.089681,0.119149,-0.866605,0.09186,0,0
0,1,0,2.759507,3.287238,2.76421,2.52684,4,1
0,1,0,2.07154,0.247814,4.475863,-0.522336,1,0
0,1,0,1.935414,1.023946,1.155393,0.044635,0,0
0,0,1,0.360323,0.032936,-0.30567,0.209552,0,0
0,0,1,4.993188,4.832744,4.621473,-3.38291,4,1
0,0,1,1.646745,3.039551,2.774813,-3.093235,3,1
1,0,0,2.271711,-0.721462,7.249584,0.031132,1,0
0,0,1,0.187247,0.247225,0.415943,0.131802,0,0
0,0,1,1.116405,1.077547,5.608355,0.371365,1,0
0,0,1,1.931852,2.484003,5.087676,0.631712,1,0
0,0,1,0.532006,0.058859,0.133972,0.271441,0,0
0,1,0,2.025429,3.661087,2.230766,0.948775,1,0
0,1,0,4.133401,5.834886,2.41252,-1.441106,2,1
0,1,0,0.354288,1.348653,1.030109,-0.507512,0,0
0,1,0,1.433848,1.727861,1.522896,-0.38178,0,0
0,1,0,3.966002,0.745429,2.709793,-0.051613,2,1
0,0,1,6.11956,0.542222,1.66373,0.046656,1,0
1,0,0,2.56044,3.076749,2.436719,-2.939466,3,1
0,1,0,0.107002,0.325515,-0.136558,0.31104,0,0
0,0,1,1.378949,0.717553,1.872158,0.241826,0,0
1,0,0,-0.469575,0.345679,-0.342333,-0.154641,0,0
0,1,0,6.014361,4.976002,4.984699,-1.492327,3,1
1,0,0,-0.953248,0.294138,-0.058809,-0.124797,0,0
0,1,0,2.746177,1.956817,3.898953,2.69677,3,1
1,0,0,-0.858674,-0.488451,0.234511,-0.147406,0,0
0,1,0,0.930675,1.334616,2.953148,0.275819,1,0
1,0,0,1.5958,2.783115,2.06696,-2.62752,2,1
1,0,0,1.020896,1.235061,1.085328,0.070611,0,0
0,0,1,4.586586,0.943719,2.65286,-0.396987,2,1
0,0,1,0.536995,0.131376,0.173198,-0.166854,0,0
1,0,0,0.00276,0.616671,1.522247,0.049417,0,0
0,0,1,0.956236,1.346216,5.076111,0.784984,1,0
0,1,0,1.701508,2.158187,1.333212,-3.088046,1,1
0,1,0,5.275222,0.818911,3.663437,-0.204669,2,1
1,0,0,0.62445,0.210873,2.097794,0.032415,0,0
0,0,1,4.221212,2.026296,2.49308,4.217527,2,1
0,0,1,1.692748,0.541231,8.16893,0.436599,1,0
0,0,1,0.464929,0.370542,0.322167,0.016169,0,0
0,1,0,0.211963,-0.67861,-0.347171,0.307839,0,0
1,0,0,1.429574,3.321759,2.026629,-2.017365,2,1
1,0,0,2.361821,2.576346,4.654159,1.00774,2,1
0,1,0,3.04829,1.409015,1.571458,0.126935,1,0
1,0,0,2.627681,2.239711,2.258262,1.188145,1,0
0,0,1,1.380252,0.664781,1.710955,-0.172904,0,0
1,0,0,0.4926,0.058262,2.363088,0.902245,0,0
0,1,0,2.815061,-0.008093,0.674164,0.304103,1,0
0,1,0,1.785229,0.609701,0.998499,0.207589,0,0
0,1,0,2.23041,3.964213,3.382371,-3.175477,3,1
1,0,0,-0.302649,0.319578,0.766954,0.154091,0,0
0,0,1,5.405118,0.45826,3.174441,0.070362,2,1
0,0,1,0.522926,-0.036859,0.312666,0.09132,0,0
0,1,0,3.811565,4.567541,2.904973,4.16527,4,1
0,0,1,0.920553,3.927167,1.175126,-1.127193,1,0
0,0,1,0.045068,0.026365,-0.208877,0.333121,0,0
0,1,0,-0.152347,0.151094,0.166787,0.040478,0,0
1,0,0,1.379822,0.734635,1.38337,0.773763,0,0
1,0,0,0.939067,1.491941,1.596261,0.705538,0,0
0,0,1,-0.797072,0.315906,-0.030614,-0.234185,0,0
0,1,0,0.16424,-0.137057,0.201682,-0.10413,0,0
1,0,0,0.415852,-0.02404,0.598483,0.130459,0,0
0,1,0,2.365083,0.513287,2.52511,0.491818,1,0
1,0,0,6.371853,8.584677,5.367856,-1.636956,4,1
0,0,1,0.355389,-0.536264,-0.246448,0.101463,0,0
0,1,0,3.583225,-0.139198,2.19432,-0.209613,1,0
1,0,0,2.84504,2.805609,2.460613,-0.32906,2,1
1,0,0,0.574071,-0.022382,-0.394591,0.254888,0,0
0,1,0,2.217883,-0.368702,1.136264,-0.287602,0,0
0,1,0,4.531886,5.27231,3.850855,-3.131042,4,1
0,1,0,0.526697,-0.569831,-0.370845,0.330523,0,0
1,0,0,0.513472,-0.504803,0.109005,-0.455513,0,0
0,0,1,0.345955,-0.329222,-0.068595,-0.643211,0,0
0,1,0,1.239708,-0.178196,0.114199,0.075033,0,0
0,1,0,1.123273,0.312197,1.359732,0.000405,0,0
0,0,1,4.681377,4.311294,4.722098,-1.02426,3,1
0,1,0,1.793207,1.889602,2.929559,-0.309892,1,0
0,0,1,3.845976,4.464137,5.673054,-1.478669,3,1
0,1,0,4.976791,6.383536,5.094228,-0.585981,3,1
0,0,1,3.489264,4.245114,2.252881,0.137196,2,1
0,1,0,0.083505,-0.106945,0.656133,0.263177,0,0
1,0,0,2.651075,0.813645,3.380621,0.855709,2,1
1,0,0,1.936853,0.654917,3.954136,-0.657685,1,0
0,1,0,1.629851,2.491244,3.847129,2.388918,2,1
0,1,0,0.586222,0.449115,0.245202,-0.344216,0,0
1,0,0,-0.029612,-0.355682,0.107633,-0.153334,0,0
0,1,0,1.265625,2.979841,6.308335,-0.048387,2,1
0,1,0,0.078758,-0.843077,-0.385348,-0.147511,0,0
1,0,0,6.274717,4.323258,4.432831,-2.646359,4,1
1,0,0,1.777426,2.491461,6.193804,-0.011428,1,0
1,0,0,0.307576,-0.394022,1.169557,0.608974,0,0
0,1,0,1.600157,0.330572,4.938454,0.061443,1,0
1,0,0,1.814212,0.840288,0.811203,0.037452,0,0
1,0,0,5.770069,6.799322,6.260607,-1.701286,4,1
0,1,0,-0.087704,0.080468,0.194182,-0.737673,0,0
0,1,0,-0.525921,0.111638,0.575717,-0.059754,0,0
1,0,0,2.020908,1.694211,2.456264,0.300023,0,0
0,1,0,3.995103,0.673013,2.653507,-0.11755,2,1
1,0,0,0.636465,-0.24136,0.486131,0.140867,0,0
0,0,1,2.555589,1.036218,0.150388,-0.430051,1,0
0,1,0,4.515816,3.277538,4.620544,-3.054104,4,1
1,0,0,0.077779,0.31834,-0.511222,-0.109581,0,0
1,0,0,1.349288,3.68279,2.866866,-3.066769,3,1
1,0,0,0.126944,0.475391,0.004832,-0.184997,0,0
0,0,1,2.35944,0.660614,4.340766,0.958434,1,0
0,1,0,3.81918,5.499891,6.434646,-2.452247,4,1
0,1,0,0.750093,0.497581,0.737319,-0.05979,0,0
0,0,1,1.444921,2.093288,1.422411,-2.126613,1,0
1,0,0,4.600153,6.314548,5.149153,-1.656875,4,1
0,0,1,2.994402,1.271896,6.127541,1.1278,2,1
0,0,1,0.828758,1.146851,0.953324,0.542185,0,0
0,0,1,5.091863,-0.045318,2.142965,0.098367,1,0
1,0,0,5.017691,5.398724,5.888052,-1.924594,4,1
0,0,1,-0.35291,-0.224621,0.401354,0.026758,0,0
0,0,1,2.807988,2.08152,6.822648,0.155976,2,1
0,1,0,1.662073,0.012949,4.359814,0.795197,1,0
1,0,0,0.896775,1.419085,2.132192,0.205009,0,0
1,0,0,0.951531,0.428902,2.994524,0.736998,1,0
1,0,0,0.158854,-0.568705,1.184133,0.103974,0,0
1,0,0,3.492681,3.722686,5.404164,-1.974189,4,1
0,1,0,5.619036,0.517341,3.529819,0.217576,2,1
0,1,0,2.367019,0.210056,1.232431,0.137665,0,0
1,0,0,0.155624,0.050948,3.051381,0.485307,1,0
0,1,0,1.115334,1.190594,0.670718,-0.299869,0,0
0,1,0,1.492554,0.244245,2.274015,0.318699,0,0
0,1,0,1.320568,1.178279,2.463268,0.413092,0,0
1,0,0,0.153992,1.142744,0.177363,0.011938,0,0
1,0,0,1.760323,2.278138,3.797106,0.177992,1,0
1,0,0,4.3527,2.637523,3.80683,3.969853,4,1
1,0,0,2.411142,2.525661,4.064315,0.241807,2,1
0,1,0,1.216481,0.228045,0.722418,0.157567,0,0
1,0,0,1.435198,1.130987,3.00192,0.315922,1,0
0,1,0,0.46056,0.227822,-0.10911,0.100559,0,0
0,0,1,0.415464,0.406723,-0.472635,0.074995,0,0
1,0,0,0.070584,0.011627,0.17645,-0.229941,0,0
1,0,0,0.667753,0.842693,0.063316,-0.004947,0,0
0,1,0,0.85261,1.323,6.318058,0.278538,1,0
1,0,0,5.192964,4.065211,2.308457,3.255763,3,1
0,1,0,4.419212,5.010029,8.503641,-1.746057,4,1
0,0,1,0.574082,3.807272,1.147967,-2.96936,2,1
0,1,0,2.212652,-0.635536,0.582382,0.572541,0,0
0,1,0,0.736833,-0.217145,0.405375,0.234838,0,0
0,0,1,2.056413,5.31362,2.460424,2.491798,2,1
1,0,0,4.497234,0.214071,2.711087,-0.406617,2,1
0,1,0,0.80896,1.020406,0.232614,0.365841,0,0
0,0,1,3.600964,6.272485,8.538951,-1.692046,4,1
0,1,0,0.399876,0.144692,0.464006,-0.00669,0,0
1,0,0,2.259875,2.114321,1.712138,2.299851,1,0
1,0,0,4.992484,3.994944,3.879904,-1.521863,4,1
1,0,0,3.905001,2.763286,3.240119,1.526509,4,1
0,0,1,-0.185293,1.541435,2.074776,0.367371,0,0
0,0,1,-0.244556,0.287076,0.624242,0.23422,0,0
1,0,0,1.848259,0.612795,0.807074,-0.203727,0,0
0,1,0,3.826819,2.608842,2.633437,5.017745,4,1
0,1,0,0.554892,0.064134,0.376102,-0.499141,0,0
0,1,0,0.337658,-0.084842,0.130345,0.170429,0,0
0,1,0,-0.621963,0.277941,0.264626,-0.188281,0,0
0,1,0,4.040607,2.867664,2.36056,2.904953,3,1
0,0,1,-0.232191,0.065311,0.123965,0.064835,0,0
1,0,0,0.57045,0.408772,-0.010216,-0.009569,0,0
1,0,0,0.531914,1.067635,1.552669,0.015877,0,0
1,0,0,5.099711,6.196789,4.148557,-2.356202,4,1
1,0,0,1.618711,1.486579,0.390878,-0.028923,0,0
0,1,0,1.083268,0.286767,-0.145512,0.436282,0,0
1,0,0,0.063571,0.855712,0.195269,-0.168154,0,0
1,0,0,2.059807,1.864454,7.013846,0.387857,1,0
0,1,0,1.368641,2.301895,2.840623,0.130189,1,0
1,0,0,0.534222,0.871125,-0.093659,0.011051,0,0
0,1,0,4.101786,5.327868,4.416692,-0.429408,3,1
0,0,1,0.043219,0.077659,-0.050955,0.268971,0,0
0,1,0,1.160497,0.491139,-0.854045,-0.113052,0,0
0,0,1,-0.360785,0.774053,0.519404,-0.030597,0,0
1,0,0,1.829226,0.042404,0.779293,-0.071646,0,0
1,0,0,1.58134,1.272401,0.122816,-0.505081,0,0
0,0,1,2.123073,0.382187,0.6594,-0.028,0,0
0,0,1,3.397661,2.416755,1.75809,3.956744,2,1
0,1,0,4.553176,3.389075,2.570779,2.634635,4,1
0,0,1,3.03102,2.206897,3.562111,0.65182,2,1
0,0,1,2.448299,4.35731,4.307182,0.710611,2,1
0,0,1,0.532425,0.159923,0.319531,0.254499,0,0
1,0,0,-0.421364,0.511004,-0.282399,-0.158572,0,0
1,0,0,0.117167,-0.045,0.479005,0.134939,0,0
1,0,0,0.12574,-0.048214,3.41316,0.626493,1,0
0,0,1,2.551435,3.624898,2.779299,-3.193456,4,1
0,0,1,0.123737,-0.611897,0.5949,-0.178972,0,0
1,0,0,5.728425,4.718547,3.924344,-0.823105,3,1
1,0,0,1.58209,3.778286,2.301636,-3.002115,2,1
0,1,0,3.848837,2.029747,4.349409,4.179511,3,1
1,0,0,5.846184,3.599529,6.089798,-0.976286,3,1
0,1,0,0.080838,0.427506,0.54271,0.082957,0,0
1,0,0,2.701371,2.911476,1.354431,-2.390297,3,1
0,1,0,4.37322,0.206226,2.995736,0.092011,2,1
0,1,0,1.502545,0.447297,1.078486,0.152359,0,0
0,1,0,-0.417309,0.827975,0.308249,-0.051079,0,0
1,0,0,0.93394,1.032529,1.352149,0.242216,0,0
1,0,0,-0.708586,0.238525,-0.152019,-0.146832,0,0
0,1,0,1.772065,1.373238,2.654323,-4.010691,2,1
1,0,0,-0.339982,0.304692,-0.175447,0.157794,0,0
0,1,0,1.220601,0.133834,7.098791,0.314471,1,0
1,0,0,1.474456,0.688985,0.585495,1.397124,0,0
1,0,0,3.446796,0.354563,2.25658,0.179157,1,0
0,1,0,0.406773,0.696135,-0.520233,-0.213766,0,0
0,1,0,2.410628,1.53616,0.700956,-1.776768,1,0
1,0,0,1.623404,0.413237,2.251116,0.461607,0,0
0,1,0,2.190186,0.752887,1.609403,0.383973,0,0
0,1,0,3.529163,2.691125,3.307699,3.998574,4,1
0,1,0,0.400919,-0.13321,3.510149,-0.258823,1,0
1,0,0,3.401705,7.928547,3.720295,-0.184069,3,1
0,1,0,0.965086,0.669024,0.261058,-0.09487,0,0
1,0,0,0.250075,0.04207,0.316477,0.178214,0,0
0,1,0,0.372438,0.95714,0.03627,-0.354846,0,0
0,1,0,0.372312,0.279773,0.46841,-0.095944,0,0
0,1,0,0.418741,-0.033164,-0.179591,0.293116,0,0
0,1,0,1.78244,0.176425,2.468431,0.372227,0,0
0,1,0,-0.349529,-0.245294,0.325904,0.028814,0,0
0,0,1,4.991351,7.507888,4.442334,-2.579684,4,1
1,0,0,-0.512361,-0.846049,0.867848,0.039586,0,0
0,0,1,1.104746,-0.317464,0.291918,0.178922,0,0
0,1,0,2.448497,0.179726,2.781644,-0.394345,1,0
1,0,0,0.617866,0.399278,0.168564,0.11742,0,0
0,1,0,0.888285,0.399395,0.137332,-0.386195,0,0
0,1,0,1.822143,3.735621,2.651652,1.524691,3,1
1,0,0,3.013723,2.789052,3.959026,2.713233,4,1
1,0,0,1.100054,-0.213103,1.053383,-0.023281,0,0
0,1,0,2.044905,2.875141,6.374056,0.587424,2,1
0,0,1,0.207824,0.177246,0.800656,-0.089257,0,0
0,1,0,0.515749,0.419236,-0.469667,0.382321,0,0
1,0,0,0.14996,0.299387,0.273274,0.085097,0,0
1,0,0,1.649818,2.072485,3.962062,0.153541,1,0
0,0,1,1.048663,0.463121,0.841657,0.162743,0,0
0,0,1,-0.114432,0.42309,0.415173,0.092273,0,0
0,0,1,0.347014,0.283958,1.577702,-0.623473,0,0
0,1,0,0.17439,0.031497,0.134957,-0.003211,0,0
1,0,0,-0.02897,0.903493,-0.092577,-0.182353,0,0
0,0,1,1.701084,2.709821,0.987047,-1.39694,1,0
1,0,0,2.190789,0.108125,1.25673,-0.097075,0,0
0,1,0,0.427617,0.202799,-0.42946,-0.08718,0,0
1,0,0,6.092168,5.974189,5.771562,-1.581957,4,1
1,0,0,1.468647,0.710281,1.629266,-0.226062,0,0
0,0,1,-0.090387,0.123356,-0.53841,-0.167351,0,0
0,1,0,1.8864,-0.083285,2.178078,0.211102,0,0
1,0,0,0.535462,0.282913,0.270373,0.038171,0,0
0,0,1,2.1958,0.108807,5.108603,0.884341,1,0
0,1,0,0.321645,0.172842,0.23169,0.062504,0,0
0,0,1,0.952942,0.65167,0.156786,0.194767,0,0
1,0,0,2.035616,2.559082,2.838871,1.303847,2,1
1,0,0,0.237432,1.099514,1.886069,-0.083253,0,0
0,0,1,3.732713,3.459801,5.037517,-1.140291,3,1
0,0,1,4.961548,5.560086,4.089569,-1.810053,4,1
1,0,0,0.759831,-0.217768,2.651573,-0.171004,1,0
0,1,0,0.422261,-0.128188,0.029847,-0.019057,0,0
0,1,0,3.198801,4.809606,2.134771,0.899423,2,1
0,0,1,-0.191497,0.260116,-0.000627,0.077767,0,0
0,1,0,0.489314,-0.348902,0.121073,-0.314699,0,0
0,1,0,-0.020265,0.201044,0.173541,0.347944,0,0
1,0,0,3.489748,2.218862,3.664085,1.5409,3,1
1,0,0,5.102171,2.505026,3.173877,2.263784,4,1
1,0,0,-0.252716,0.388574,-0.94023,0.285986,0,0
0,0,1,-0.089333,0.254534,-0.585857,0.022282,0,0
0,1,0,4.385334,3.357177,3.458805,0.10922,3,1
1,0,0,-0.207305,0.099262,-0.239171,-0.175475,0,0
1,0,0,2.363384,0.40591,2.243049,2.159582,1,0
0,1,0,2.507877,0.430527,4.516076,0.607952,2,1
0,1,0,1.666452,-0.285879,0.557584,-0.32086,0,0
0,1,0,-0.363687,0.615373,-0.15371,0.225769,0,0
1,0,0,3.15576,0.636009,1.629256,0.043246,1,0
0,1,0,3.11069,1.107361,3.462306,-0.188587,2,1
0,0,1,4.892015,4.741146,7.418626,-1.972403,4,1
0,1,0,0.915216,0.29872,3.908527,-0.027787,1,0
0,0,1,2.898873,3.24613,2.647138,-0.117226,3,1
0,1,0,-0.349941,0.015781,0.308067,0.212275,0,0
1,0,0,-0.676824,0.155617,-0.026683,-0.175444,0,0
1,0,0,0.410094,1.022355,1.975375,-0.027438,0,0
1,0,0,0.564008,0.183397,-0.841793,0.00365,0,0
1,0,0,-0.784245,-0.06848,0.200224,-0.075189,0,0
0,0,1,1.068942,-0.434704,1.404166,-0.126686,0,0
0,1,0,0.18092,0.753753,-0.138959,-0.036155,0,0
0,0,1,3.02724,2.346437,2.479681,-0.40584,1,0
0,0,1,0.009507,0.349363,0.021919,-0.145211,0,0
0,0,1,4.103999,0.320776,2.363737,0.114435,1,0
1,0,0,-0.45345,0.093525,0.283105,0.402634,0,0
0,1,0,0.318395,-0.302059,-0.005991,-0.25541,0,0
1,0,0,4.485603,3.026372,2.703321,-0.818791,3,1
0,1,0,1.888985,3.292815,2.687923,1.414285,2,1
0,1,0,0.44803,-0.568841,0.275389,-0.014793,0,0
0,1,0,4.559038,3.968455,2.975992,-0.530693,3,1
0,1,0,5.360897,3.885333,4.890883,-2.729951,4,1
1,0,0,3.317024,3.652769,3.705111,4.633183,4,1
0,1,0,-0.793406,1.256663,0.417579,-0.059261,0,0
0,1,0,4.814227,3.622478,4.123437,-2.215909,4,1
0,0,1,0.698052,0.43542,0.382548,-0.016749,0,0
0,1,0,3.316787,4.263986,2.642656,1.215778,3,1
0,1,0,2.630129,0.581966,1.876826,-0.039006,1,0
1,0,0,4.22139,2.395318,2.143214,3.891658,2,1
0,1,0,2.683175,3.429399,1.313365,0.719767,2,1
0,0,1,5.545867,4.592605,3.154639,-0.295889,3,1
0,1,0,4.710535,0.480695,3.330369,-0.235868,2,1
0,1,0,-0.171694,0.184162,0.051615,0.243272,0,0
1,0,0,2.078639,3.848253,2.111915,-2.340819,2,1
0,0,1,4.815007,6.273842,2.631442,-1.814824,4,1
1,0,0,0.299281,0.535812,2.886177,0.426641,1,0
0,0,1,0.642882,1.182417,2.227979,-0.115823,0,0
1,0,0,1.894413,-0.279657,2.615045,0.519968,1,0
0,0,1,6.882714,5.098801,5.543593,-1.736686,4,1
0,0,1,-0.43489,-0.516164,0.688855,0.159098,0,0
1,0,0,2.414493,6.722454,5.00675,-1.290569,2,1
1,0,0,0.625544,1.280323,6.069753,0.423187,1,0
0,1,0,1.895267,2.824491,1.475122,-1.784595,2,1
0,1,0,0.982181,-0.374345,-1.005486,0.323811,0,0
1,0,0,1.028739,-0.609488,0.751451,0.036968,0,0
1,0,0,0.037445,0.273446,-0.020467,0.018935,0,0
0,0,1,1.525332,2.313766,6.935867,0.314252,1,0
0,1,0,3.442433,3.189328,1.571475,2.916955,3,1
0,1,0,3.83571,1.210036,3.701685,-0.314381,2,1
0,0,1,1.801288,2.49221,0.778472,-3.111732,1,1
0,0,1,0.537124,0.169079,0.099622,-0.062087,0,0
0,1,0,1.193181,0.488124,1.492331,0.330192,0,0
0,0,1,1.120658,0.640898,-0.468849,-0.165116,0,0
1,0,0,-0.42139,-0.1423,0.501949,0.389382,0,0
0,1,0,2.970997,0.779579,4.042801,0.285315,2,1
0,0,1,-0.370908,0.223251,0.393147,-0.102666,0,0
0,0,1,1.896287,-0.134618,6.931607,0.618546,1,0
1,0,0,1.234665,1.97568,5.094665,0.256445,1,0
1,0,0,-0.156933,0.433947,0.387348,-0.024147,0,0
0,0,1,0.807956,-0.110758,0.033786,0.1589,0,0
0,1,0,-0.532598,0.750847,0.503209,-0.257925,0,0
1,0,0,2.640097,1.233886,4.163757,0.749107,2,1
0,1,0,4.201662,0.241218,1.038166,0.097964,1,0
0,0,1,0.166,0.079162,-0.420947,-0.25781,0,0
0,1,0,2.186115,0.621071,1.026835,0.302831,0,0
0,1,0,3.573967,2.159481,2.529116,0.644785,2,1
1,0,0,0.952933,0.185499,0.401153,0.228326,0,0
1,0,0,0.041714,0.185668,-0.290648,0.032054,0,0
0,0,1,3.029706,2.520267,3.996584,2.587118,4,1
0,1,0,-0.268878,-0.680165,0.378724,0.329246,0,0
1,0,0,1.31252,0.496413,1.322905,-0.23056,0,0
1,0,0,-0.459262,0.357142,-0.440516,-0.060026,0,0
0,1,0,0.728589,2.114509,5.593243,0.339792,1,0
0,0,1,1.379857,1.104504,1.752695,0.143226,0,0
0,0,1,5.092848,5.82353,1.991858,-1.92364,3,1
1,0,0,2.535896,2.522514,5.841505,0.11744,3,1
0,1,0,0.000469,0.173931,0.233104,0.111966,0,0
1,0,0,0.950007,0.44768,2.11163,0.269404,0,0
0,1,0,5.414046,2.682987,3.169149,4.3401,4,1
0,0,1,4.172375,3.839466,4.140417,-0.589278,3,1
1,0,0,7.251473,3.899002,5.268014,-1.548105,4,1
0,1,0,0.604586,1.364323,2.653974,-0.165383,1,0
1,0,0,1.375041,0.334416,1.435022,-0.32466,0,0
0,1,0,2.046729,3.070419,3.307641,-3.066961,3,1
1,0,0,3.893895,0.787132,1.827286,-0.65597,1,0
0,1,0,4.04535,-0.325317,2.780682,-0.169511,2,1
0,0,1,4.453869,1.757054,3.41638,0.336186,2,1
0,0,1,-0.478875,0.159722,0.507598,-0.02536,0,0
0,1,0,0.290805,0.509659,0.498338,-0.005768,0,0
1,0,0,0.871644,0.211527,0.639498,-0.093897,0,0
0,0,1,1.152711,3.327019,3.976436,0.226296,2,1
1,0,0,6.0256,4.338544,3.563215,-1.610817,4,1
0,0,1,-0.593384,0.055387,0.168837,0.009145,0,0
0,1,0,6.211279,5.940536,2.748556,-2.145421,4,1
0,1,0,2.12264,-0.060526,4.747711,-0.34222,1,0
0,1,0,1.328719,1.170135,0.849915,0.523098,0,0
0,1,0,-0.034754,0.12766,0.168045,-0.007036,0,0
0,1,0,0.329362,0.795317,0.496034,0.435978,0,0
1,0,0,0.19936,0.287044,0.419088,-0.261309,0,0
0,1,0,2.703414,3.173447,4.691674,3.779863,4,1
0,1,0,2.416022,1.642831,2.727474,0.617896,1,0
0,0,1,2.451811,3.405458,3.845128,3.285682,3,1
0,1,0,3.684076,2.202949,4.779963,-0.236316,2,1
0,1,0,-0.659894,-0.16887,0.236353,0.148743,0,0
0,0,1,1.480146,0.113088,1.014583,0.066643,0,0
0,1,0,3.022969,2.214507,3.993859,-2.30247,3,1
0,0,1,0.479491,0.279231,0.712952,0.084107,0,0
0,0,1,2.878487,3.740018,2.849734,-3.058812,4,1
0,1,0,1.233948,0.98961,0.640095,0.06626,0,0
0,1,0,0.265615,-0.068894,1.608981,0.104233,0,0
0,1,0,5.319144,3.137594,3.071311,4.173475,4,1
0,0,1,1.32954,0.040884,-0.000199,0.068377,0,0
1,0,0,1.34326,0.509462,3.05927,0.083248,1,0
1,0,0,-0.526969,0.250981,0.146629,0.029334,0,0
0,0,1,0.851227,0.460016,1.587215,0.366749,0,0
1,0,0,2.387754,4.980889,6.271648,-4.64324,3,1
0,1,0,5.567464,5.845369,3.389058,0.013648,3,1
0,0,1,5.983049,4.747498,3.127527,3.349371,4,1
0,0,1,0.236317,0.23689,-0.339472,0.008914,0,0
0,0,1,-0.082933,0.040278,0.351706,0.065395,0,0
1,0,0,0.503322,0.008627,-0.19371,-0.130606,0,0
1,0,0,-0.324265,-0.544797,-0.328393,0.206853,0,0
1,0,0,0.055398,0.744117,-0.275826,-0.361659,0,0
0,1,0,0.318492,0.420498,0.343167,0.097013,0,0
1,0,0,4.890349,7.411653,4.09151,-0.75906,3,1
0,0,1,2.198862,0.847868,1.211479,-0.140108,0,0
0,0,1,2.822544,3.486579,1.403651,0.145439,2,1
0,0,1,6.655815,6.299338,4.574071,-0.538201,3,1
0,0,1,2.747858,-0.314106,0.937448,0.124098,1,0
1,0,0,0.107698,-0.54079,-0.178219,-0.011393,0,0
1,0,0,0.935611,-0.051648,-0.117799,-0.166031,0,0
0,1,0,3.540378,2.528796,3.251443,3.574605,4,1
0,0,1,1.590215,0.194614,1.430073,-0.197327,0,0
0,1,0,-0.28975,-0.151051,0.110427,-0.068395,0,0
0,1,0,0.738917,0.042561,2.175257,0.009843,0,0
1,0,0,2.200933,0.868553,5.943712,0.164041,1,0
0,0,1,0.254641,-0.133201,-0.164775,-0.199487,0,0
1,0,0,3.751176,5.213431,4.411403,-0.786859,3,1
0,0,1,2.905427,3.209943,2.915611,0.398266,3,1
1,0,0,0.198838,-0.908642,0.271341,0.078366,0,0
0,1,0,3.539957,4.238994,4.808828,-1.223129,3,1
0,0,1,1.757347,1.195206,3.14657,0.227505,1,0
0,1,0,-0.270213,-0.054209,0.553225,0.028844,0,0
0,0,1,0.962519,0.297882,0.456516,0.244157,0,0
1,0,0,0.862794,1.951303,6.915786,0.272882,1,0
0,1,0,0.788327,3.153389,4.126529,0.87871,2,1
0,0,1,4.378979,0.763567,1.565387,-0.170115,1,0
0,0,1,-0.124454,-0.062444,0.138702,-0.32295,0,0
1,0,0,-0.298719,0.529812,0.190108,0.121352,0,0
0,0,1,-0.05706,0.204074,-0.21838,-0.159877,0,0
0,1,0,0.795729,0.015102,0.113109,0.004245,0,0
0,0,1,2.065234,2.133635,4.477815,0.746321,1,0
0,1,0,2.89778,3.349767,3.670163,0.500881,3,1
1,0,0,0.994244,1.534584,1.958044,0.641267,0,0
0,1,0,0.653951,0.27088,0.026349,0.372312,0,0
1,0,0,1.836503,1.264144,2.721784,-0.101052,1,0
1,0,0,-0.240107,-0.069344,0.24505,-0.137889,0,0
1,0,0,2.202679,0.297512,0.653564,0.6476,0,0
0,0,1,-0.958586,0.095904,-0.05096,-0.035596,0,0
0,0,1,5.886651,0.123944,3.574291,0.012681,2,1
0,1,0,0.005101,-0.254596,0.276522,0.14185,0,0
1,0,0,5.26429,3.62985,3.860408,-0.888078,3,1
1,0,0,0.242033,-0.09037,-0.671551,-0.108339,0,0
0,0,1,1.466309,0.165168,1.374549,0.248528,0,0
0,0,1,1.790763,0.407219,3.50433,0.2659,1,0
0,1,0,2.191087,0.338145,0.465368,-0.167832,0,0
1,0,0,-0.126972,0.466772,0.202601,-0.103128,0,0
0,0,1,3.326473,3.465093,2.125178,0.221454,2,1
0,0,1,0.406235,1.745107,2.636233,-0.250732,1,0
0,0,1,0.361321,0.890859,1.870449,0.645277,0,0
1,0,0,4.764734,0.824701,0.893203,0.223197,1,0
1,0,0,1.8798,2.047307,2.580206,1.144075,1,0
0,1,0,0.584254,0.140457,0.56533,0.190356,0,0
0,1,0,1.713398,0.797253,1.11131,0.421274,0,0
0,0,1,0.318585,-0.028627,-0.230142,-0.132521,0,0
0,0,1,2.546907,1.340337,1.45215,-2.875415,2,1
0,1,0,0.927538,2.092306,0.660483,0.718973,0,0
1,0,0,6.343784,4.463589,4.343255,-0.965107,3,1
0,0,1,3.502042,2.185936,4.892292,0.487132,2,1
0,0,1,0.700841,0.31853,2.941159,-0.332603,1,0
0,1,0,-0.239185,1.606063,3.109208,0.156503,1,0
0,0,1,4.263236,3.590711,2.866877,1.136303,3,1
0,0,1,4.715556,6.743724,1.913382,-2.315841,3,1
0,0,1,0.513731,0.081668,0.460888,0.249563,0,0
1,0,0,4.281285,0.223695,0.799218,0.010476,1,0
0,1,0,0.121556,2.815877,2.584901,-1.730134,3,1
0,0,1,0.275251,0.52016,-0.086349,-0.09049,0,0
0,1,0,4.326561,3.678782,4.294267,-2.172272,4,1
0,0,1,2.801794,3.618537,1.9105,2.958736,3,1
0,1,0,2.426525,0.944898,7.312929,0.337127,1,0
0,1,0,1.103206,3.899559,1.727073,-2.544665,2,1
0,0,1,0.008153,0.234804,1.012104,-0.146755,0,0
1,0,0,0.710712,-0.183133,-0.240054,0.046193,0,0
0,0,1,-0.509911,0.991405,-0.174819,0.12968,0,0
0,0,1,2.261615,2.038911,2.461644,-0.94718,0,0
0,0,1,-0.193564,0.350102,0.18946,-0.405111,0,0
0,0,1,0.776494,0.176792,2.630196,1.055045,1,0
0,1,0,0.603242,0.227221,0.233972,0.317635,0,0
0,1,0,-0.008042,-0.140882,0.540534,0.074891,0,0
0,0,1,4.303118,0.219422,1.827172,-0.211269,1,0
1,0,0,1.862999,5.722457,4.728268,-1.7037,3,1
1,0,0,3.327026,2.561009,3.003019,1.001152,3,1
1,0,0,-0.812903,0.500908,0.335111,-0.268938,0,0
0,1,0,3.6186,2.667194,1.805845,0.685499,2,1
0,1,0,3.901847,0.123174,2.731797,-0.622016,2,1
0,0,1,-0.966712,-0.778988,0.362557,-0.091088,0,0
1,0,0,2.476033,1.126241,2.674744,1.124878,1,0
0,1,0,4.836557,3.416863,3.483515,-1.38262,3,1
0,0,1,0.113885,0.131107,0.377501,0.139963,0,0
1,0,0,-0.441901,0.573496,0.321277,0.017342,0,0
0,0,1,1.358436,3.481348,1.724013,-2.618377,2,1
1,0,0,0.043206,-0.053034,-0.26997,0.053755,0,0
0,1,0,0.14417,0.143082,0.322338,0.029465,0,0
0,0,1,0.520442,0.627792,0.645461,0.095287,0,0
0,1,0,0.083759,0.012505,0.165454,-0.006008,0,0
0,1,0,-1.304124,0.036935,-0.349799,-0.220347,0,0
0,0,1,2.378604,3.046704,3.645763,0.703929,2,1
1,0,0,5.757905,0.797051,1.455072,-0.522531,1,0
1,0,0,0.984201,0.63619,2.714232,0.165275,1,0
0,1,0,0.207719,0.892901,2.511301,0.461391,1,0
0,0,1,5.045403,2.725811,4.354231,-1.118118,3,1
1,0,0,0.830513,0.100986,0.270217,-0.186405,0,0
1,0,0,3.793616,2.042323,3.057992,3.36925,3,1
1,0,0,-0.630151,0.175177,0.328989,0.130193,0,0
1,0,0,0.793318,1.414326,1.350114,-0.264388,0,0
1,0,0,2.853806,2.303693,1.524832,0.167554,1,0
0,0,1,-0.721601,-0.42276,0.29213,-0.050207,0,0
0,0,1,4.011028,3.374981,2.836412,3.376641,4,1
0,0,1,0.802664,0.415019,1.018742,0.57622,0,0
1,0,0,4.372842,0.586407,2.931789,-0.155176,2,1
1,0,0,2.841318,0.919621,5.404136,1.01323,2,1
0,0,1,0.511341,0.234127,0.172122,-0.191227,0,0
1,0,0,6.033437,0.569706,2.988283,-0.051456,2,1
0,0,1,4.299986,0.669061,4.263639,0.733832,2,1
0,0,1,0.178673,0.490603,-0.728854,-0.040986,0,0
0,1,0,-0.205456,-0.054795,-0.384217,0.007696,0,0
0,0,1,0.101752,0.011927,0.3921,-0.074256,0,0
0,0,1,1.838398,0.862034,0.399188,0.53755,0,0
1,0,0,-0.012821,0.399626,2.418017,-0.061255,0,0
0,0,1,0.984956,0.748251,4.516986,0.223071,1,0
0,0,1,3.031913,0.805467,4.021708,-0.542634,2,1
1,0,0,-0.607603,-0.212115,-0.06005,0.10083,0,0
0,0,1,-0.219597,0.037489,0.37471,-0.128364,0,0
0,0,1,1.40305,0.611564,1.634049,0.163069,0,0
1,0,0,5.756104,0.498692,3.196968,-0.067956,2,1
0,0,1,0.717206,0.502841,-0.557842,-0.041902,0,0
0,1,0,3.658609,1.372171,2.880093,4.312667,3,1
1,0,0,0.263135,0.464604,-0.024217,0.153258,0,0
0,1,0,2.394291,2.554658,2.80354,0.720157,2,1
0,1,0,-0.268022,-0.359986,0.050791,0.067014,0,0
0,0,1,0.227989,-0.3477,0.600779,0.183165,0,0
0,0,1,0.260065,0.401204,0.7065,0.281182,0,0
0,1,0,0.21192,-0.238493,0.538889,0.276161,0,0
0,0,1,1.511916,0.214259,1.860165,0.57396,0,0
0,1,0,3.85162,2.996273,4.109864,0.212334,3,1
0,1,0,0.427194,0.215964,0.626403,-0.107757,0,0
0,1,0,0.400009,0.90386,-0.688401,-0.011183,0,0
0,0,1,-0.291429,-0.001967,-0.249659,0.031073,0,0
0,0,1,1.531213,3.465319,1.587603,-2.331,2,1
1,0,0,0.414165,0.242865,-0.41104,0.315474,0,0
0,1,0,0.991346,2.56196,4.685327,0.61213,2,1
1,0,0,-1.139268,-0.717397,0.570063,-0.081775,0,0
0,0,1,2.313366,3.140631,3.518681,0.54706,2,1
1,0,0,2.001825,0.992479,1.42873,0.293567,0,0
0,1,0,2.529334,1.815679,3.888496,3.012394,3,1
1,0,0,-0.391654,-0.37096,-0.577774,0.096067,0,0
0,0,1,4.901938,0.039817,2.439194,0.181681,1,0
1,0,0,3.30194,1.502411,2.812959,0.534261,2,1
0,1,0,0.659097,0.276773,0.55938,0.045346,0,0
0,0,1,3.610042,3.410584,2.631095,2.034392,4,1
0,0,1,3.674793,3.901102,0.801821,0.27681,2,1
1,0,0,3.541471,1.364442,3.691153,2.1253,3,1
0,0,1,2.466702,2.192803,2.093535,1.308752,0,0
0,1,0,3.115609,2.018204,3.031498,2.359321,3,1
0,0,1,0.511494,0.116617,-0.329477,0.091664,0,0
0,1,0,-0.371389,0.399721,0.113166,0.053567,0,0
1,0,0,0.957469,1.677637,5.145096,-0.165022,1,0
0,0,1,2.336637,2.045364,4.234142,0.383063,1,0
0,1,0,1.640802,0.002231,1.306477,0.146073,0,0
0,1,0,0.161765,0.013307,-0.003689,0.024877,0,0
1,0,0,2.607222,2.089685,2.36581,0.913828,1,0
1,0,0,1.687255,1.903024,4.204884,-0.183812,1,0
0,1,0,5.342079,6.591127,5.591742,-1.863168,4,1
1,0,0,-0.038168,0.2735,0.186268,-0.070509,0,0
0,1,0,0.130594,0.069448,0.281198,0.098841,0,0
1,0,0,3.796704,0.829141,2.506478,-0.084934,2,1
1,0,0,-0.51628,0.841773,0.650184,0.119092,0,0
0,0,1,2.445222,2.97252,4.496865,0.17181,2,1
0,0,1,2.140249,3.642485,2.400184,0.367651,1,0
0,1,0,4.363612,6.118948,5.30776,-1.155932,3,1
0,0,1,0.802824,0.180295,-0.74104,-0.134708,0,0
0,1,0,5.605979,3.798428,3.39629,-1.532173,4,1
0,1,0,3.029498,2.978215,3.415358,-4.367019,4,1
1,0,0,3.667541,0.663227,2.585379,-0.807486,2,1
0,1,0,1.133414,1.586069,5.462859,-0.851375,1,0
0,0,1,0.336408,-0.988982,0.166456,-0.229948,0,0
1,0,0,-0.33015,-0.078191,0.279353,0.261713,0,0
0,1,0,-0.115911,-0.345082,-0.577662,-0.140143,0,0
0,0,1,0.17512,0.12459,0.693357,-0.537242,0,0
1,0,0,1.547616,2.449852,1.094256,0.464079,0,0
1,0,0,1.457575,-0.521188,0.666861,-0.007576,0,0
0,0,1,1.539801,2.941922,3.8029,2.73087,3,1
0,0,1,0.572495,0.265485,-0.08916,0.073795,0,0
1,0,0,2.826392,1.497665,4.185448,0.342509,2,1
1,0,0,1.099878,-0.321752,0.322178,0.397189,0,0
0,1,0,0.657045,0.101919,0.037673,-0.057588,0,0
1,0,0,0.216798,0.946721,-0.234478,-0.053166,0,0
0,1,0,1.96522,1.571909,2.119014,2.739771,1,1
0,1,0,0.827375,0.852304,0.318756,0.11962,0,0
0,1,0,-0.752074,0.343735,0.667708,-0.104814,0,0
0,1,0,2.861281,-0.103021,1.206013,-0.106608,1,0
0,0,1,3.008949,2.829967,3.696706,-0.143952,3,1
0,1,0,2.364544,0.867588,1.822741,0.756398,0,0
0,0,1,2.672453,-0.009808,1.475997,0.617586,1,0
0,1,0,0.564166,0.127927,0.475237,0.129741,0,0
1,0,0,1.084947,0.516779,2.964629,0.473207,1,0
1,0,0,-0.097622,0.134861,-0.042675,-0.144549,0,0
1,0,0,0.818131,1.078143,1.663176,-0.39902,0,0
0,0,1,5.595212,4.121591,4.340019,-1.098543,3,1
1,0,0,0.364018,-0.207374,0.119638,-0.270342,0,0
0,1,0,1.454717,0.563068,1.715976,-0.086411,0,0
0,0,1,3.536562,4.241723,4.187751,-2.096424,4,1
0,1,0,1.441047,-0.164184,0.610078,0.102048,0,0
0,1,0,0.337477,-0.032775,0.271312,0.232688,0,0
1,0,0,3.803655,3.366988,4.102014,0.940302,3,1
0,1,0,1.036473,0.87661,2.432307,0.974511,0,0
0,1,0,1.308518,0.536389,2.267282,-0.088074,0,0
1,0,0,-0.339859,0.030293,0.141247,-0.054259,0,0
1,0,0,1.651888,0.92288,3.525993,-0.190946,1,0
0,1,0,2.9101,2.234786,2.19099,-3.81907,2,1
0,1,0,2.324524,0.685654,2.450227,-0.493008,0,0
0,0,1,1.278468,-0.061154,1.050411,0.083248,0,0
1,0,0,0.068489,0.186354,0.746197,0.297818,0,0
0,0,1,-0.053019,0.725379,2.820582,0.231718,1,0
0,1,0,1.897045,0.699245,1.509698,0.419627,0,0
0,1,0,-0.461988,-0.109175,0.451494,-0.1103,0,0
0,1,0,-0.529686,-0.061689,-0.320041,-0.091544,0,0
0,0,1,4.313677,3.712519,2.785963,-1.548424,4,1
0,1,0,0.904608,4.518764,2.967977,-2.610901,3,1
0,1,0,4.669337,2.370018,4.339465,-2.088351,3,1
0,1,0,2.149875,-0.296456,0.983262,0.136747,0,0
0,1,0,1.778697,4.2308,4.713768,-1.527928,3,1
0,0,1,4.057724,5.446797,4.003694,-1.348277,3,1
1,0,0,3.403519,-0.18923,2.885816,-0.186863,2,1
1,0,0,0.373067,0.188897,-0.129809,0.18217,0,0
1,0,0,0.014095,0.041347,1.039643,0.189978,0,0
0,0,1,0.790016,0.180279,0.455714,0.016135,0,0
0,1,0,2.886656,4.511923,0.797643,-0.001188,2,1
1,0,0,0.545191,0.423974,-0.576681,-0.134869,0,0
0,1,0,0.10914,-0.447691,-0.075822,0.116104,0,0
0,0,1,0.977755,0.830817,1.211189,-0.369176,0,0
0,0,1,3.639498,2.793662,3.003219,0.806745,3,1
0,0,1,2.633125,-0.062877,4.753369,0.092037,2,1
0,0,1,1.952665,0.783655,1.073817,0.161053,0,0
1,0,0,0.361009,-0.071802,-0.16973,0.042113,0,0
0,1,0,1.663877,0.074892,1.662003,0.611087,0,0
1,0,0,5.501204,5.769121,3.225006,-1.77941,4,1
0,0,1,0.521083,-0.08169,-0.323293,0.061638,0,0
0,1,0,0.343371,0.178925,0.409419,-0.210188,0,0
0,1,0,1.838495,1.976419,2.704237,-0.124343,1,0
0,0,1,0.247556,-0.382673,0.804333,-0.025115,0,0
0,0,1,-0.376227,-0.172696,-0.078074,-0.051478,0,0
0,1,0,2.940812,3.762774,3.800386,-2.094191,4,1
0,1,0,4.603563,4.070264,6.044494,-2.438904,4,1
0,1,0,3.757165,3.271136,2.722463,2.354642,4,1
1,0,0,2.899287,1.069786,1.234,0.258835,1,0
0,1,0,0.664715,0.788216,2.541855,0.300284,1,0
0,0,1,1.235396,1.191513,2.968938,0.443602,1,0
0,1,0,2.823131,1.732418,2.322378,3.643786,2,1
1,0,0,2.173931,4.352363,2.887799,-1.538577,3,1
1,0,0,1.758156,0.468628,1.803095,0.084153,0,0
1,0,0,0.361677,0.185047,-0.427457,-0.235323,0,0
0,1,0,1.083024,0.019133,1.261945,-0.490969,0,0
1,0,0,-0.433135,-0.227716,-0.12512,-0.029288,0,0
1,0,0,2.380949,1.147411,1.406182,-0.144764,0,0
0,1,0,4.926852,0.364541,3.188074,-0.443411,2,1
1,0,0,4.73501,6.568757,4.466006,-2.628374,4,1
0,1,0,0.604793,-0.505829,0.209616,-0.053185,0,0
1,0,0,3.924573,2.791548,4.23818,0.805668,3,1
0,1,0,3.760219,3.256407,2.472523,1.677591,3,1
1,0,0,-0.504241,0.264833,-0.345226,0.086613,0,0
0,1,0,0.704058,-0.759156,0.146317,0.045286,0,0
1,0,0,1.368147,0.489712,0.473843,0.52847,0,0
0,0,1,2.074115,1.002111,2.283388,0.295894,0,0
0,0,1,3.32065,2.229069,3.118807,3.868267,3,1
1,0,0,1.648992,1.253503,0.523294,-0.195518,0,0
1,0,0,2.011464,3.592731,1.53368,-1.898037,2,1
0,1,0,0.398726,0.837648,0.105933,-0.002181,0,0
1,0,0,0.715886,0.070499,0.490147,0.169201,0,0
0,1,0,1.829881,0.359924,2.145425,0.317768,0,0
0,0,1,1.726013,0.839151,2.444442,-0.043384,0,0
0,0,1,1.363169,0.568199,1.432321,0.647181,0,0
1,0,0,0.749936,-0.185617,0.472355,0.362104,0,0
0,1,0,0.932257,0.573315,0.039972,0.973445,0,0
0,0,1,-0.077746,-0.721833,-0.174007,0.358623,0,0
0,0,1,1.583943,4.254228,1.818094,-3.048335,2,1
0,0,1,3.837144,-0.210985,2.580588,-0.129522,2,1
0,0,1,5.553331,0.218114,1.775364,0.044607,1,0
1,0,0,0.145292,0.401055,-0.143982,0.216029,0,0
0,1,0,0.670077,1.471574,1.12418,0.166841,0,0
0,0,1,5.961627,5.441608,4.299014,-1.72372,4,1
0,1,0,2.504971,2.403613,4.052071,-2.897372,3,1
1,0,0,2.038156,1.157367,3.420895,3.663721,2,1
0,1,0,5.577974,1.259483,3.321216,-0.825299,2,1
0,1,0,2.030589,0.559081,4.633517,0.448233,1,0
0,1,0,0.688853,-0.569185,-0.746761,0.249183,0,0
0,0,1,4.293401,4.262458,5.280429,-1.005185,3,1
0,0,1,3.438256,1.299532,4.133008,1.739995,3,1
0,0,1,7.22057,3.680705,5.213355,-0.731221,3,1
0,1,0,3.809988,2.912628,5.970934,-2.040473,4,1
0,0,1,-0.159067,-0.115295,-0.293765,-0.646513,0,0
0,0,1,1.958538,2.168155,3.981147,-0.13919,1,0
0,0,1,1.570667,0.792786,1.180438,-0.234106,0,0
1,0,0,-0.053596,0.080808,0.092336,-0.104856,0,0
0,0,1,4.599285,2.837242,3.845067,4.059735,4,1
0,0,1,0.770527,0.723916,3.83658,0.714047,1,0
0,1,0,0.444385,-0.340255,0.055978,-0.189541,0,0
0,0,1,2.666225,1.131337,1.727193,0.504608,1,0
0,1,0,3.813885,0.666937,3.946069,0.472185,2,1
1,0,0,0.573754,0.598014,4.597212,0.653282,1,0
0,1,0,2.33188,4.544829,2.8302,1.320177,2,1
0,0,1,0.523724,0.421458,-0.28275,0.059508,0,0
1,0,0,0.075993,0.507058,-0.007311,0.023663,0,0
0,0,1,1.402535,0.705017,1.374053,0.11317,0,0
0,0,1,1.690618,0.94094,0.609413,0.867846,0,0
0,0,1,3.331406,3.310205,5.699557,-0.698768,3,1
0,0,1,1.870972,3.491496,3.807461,0.694229,2,1
0,0,1,-0.086032,0.212356,-0.121116,-0.119061,0,0
0,0,1,1.351159,1.199333,7.668032,0.282418,1,0
1,0,0,-0.174563,-0.137799,-0.411859,-0.22484,0,0
0,0,1,-0.100936,-0.029688,-0.325697,-0.044013,0,0
0,0,1,-0.094405,0.353459,0.193366,-0.124767,0,0
1,0,0,2.863632,5.866841,5.838874,-1.525076,4,1
0,0,1,-0.371505,-0.235137,-0.176191,-0.119313,0,0
0,0,1,6.806978,5.468181,4.983479,-2.294467,4,1
0,1,0,1.924389,0.182136,0.773208,0.278539,0,0
1,0,0,1.595604,0.689069,0.720024,-0.163224,0,0
1,0,0,1.838206,0.865264,1.222626,-0.158087,0,0
1,0,0,0.403935,3.669268,2.709821,-3.486427,3,1
0,1,0,1.376157,3.724585,1.731147,-2.584956,2,1
0,1,0,0.626169,-0.924827,0.281839,-0.050515,0,0
0,1,0,0.265347,-0.3837,-0.242277,-0.174509,0,0
0,1,0,0.889531,-0.411394,0.123655,-0.139207,0,0
0,0,1,0.08229,-0.110826,-0.309464,-0.057137,0,0
1,0,0,7.150396,3.457487,8.03847,-1.707777,4,1
0,0,1,4.86751,5.393259,6.658318,-1.075855,3,1
1,0,0,-0.205083,0.337134,0.789745,-0.30259,0,0
1,0,0,1.10761,3.25985,2.083059,2.36178,2,1
0,1,0,4.517772,3.810166,2.555072,3.83461,4,1
0,0,1,0.448371,1.180565,0.251074,0.42396,0,0
1,0,0,-0.976794,0.189768,0.239846,0.0267,0,0
0,0,1,0.551145,0.845829,2.231471,0.13191,0,0
1,0,0,0.417623,-0.310497,0.344094,0.094948,0,0
0,0,1,2.005105,1.711103,4.994763,0.159259,1,0
0,1,0,4.774491,4.681671,6.170745,-0.553986,3,1
1,0,0,5.43442,-0.687218,4.748168,-0.150184,2,1
0,1,0,0.572107,0.178065,0.766101,-0.035741,0,0
1,0,0,1.722123,2.023019,4.307991,0.188716,1,0
0,1,0,1.015033,0.660336,2.536794,-0.195564,1,0
1,0,0,3.100064,1.617833,2.556155,1.602441,3,1
0,1,0,2.890022,0.374738,5.029745,0.567443,2,1
1,0,0,3.084165,2.853263,3.552554,2.698076,4,1
1,0,0,3.50995,5.653651,4.629203,-3.217364,4,1
0,0,1,3.286828,3.522481,3.136814,1.658867,4,1
0,0,1,2.055618,0.597959,0.838022,0.272068,0,0
0,1,0,2.404129,1.755991,5.050537,0.994634,1,0
0,0,1,-0.216997,-0.043987,-0.404069,0.075662,0,0
1,0,0,4.40739,2.453043,0.672551,3.158788,2,1
0,1,0,2.25561,-0.110764,1.71585,0.293143,0,0
0,1,0,1.232074,3.551815,1.400678,-2.103572,2,1
1,0,0,3.121677,2.697735,5.020609,0.368275,3,1
0,1,0,-0.490601,-0.149046,-0.615605,0.201424,0,0
0,0,1,1.256767,-0.219897,-0.99076,-0.508599,0,0
0,0,1,4.044803,1.073721,2.436297,3.976438,2,1
0,0,1,0.083475,-0.026284,0.745737,-0.422376,0,0
0,1,0,-0.176462,-0.323259,-0.370813,0.312471,0,0
1,0,0,0.846615,1.475068,0.643416,0.223456,0,0
0,0,1,1.813015,1.823292,7.635915,0.316376,1,0
0,0,1,-0.011194,-0.421733,0.170639,-0.324265,0,0
1,0,0,0.380787,0.020532,0.248347,-0.198267,0,0
1,0,0,0.439275,-0.649946,0.308808,-0.10864,0,0
0,0,1,4.09971,6.764215,6.324087,-0.186771,3,1
1,0,0,0.393325,0.121184,-0.442082,-0.368976,0,0
0,1,0,4.613372,0.421845,3.457321,-0.10572,2,1
0,1,0,-0.066311,0.226561,0.609854,-0.176984,0,0
0,0,1,3.251521,2.027582,1.650158,0.941584,1,0
0,1,0,4.428985,3.269374,4.17807,-1.594101,4,1
0,0,1,-0.562641,0.638441,0.574065,0.179661,0,0
0,1,0,0.980661,-0.052392,2.10726,0.850655,0,0
0,1,0,2.111375,0.551573,1.116266,-0.257264,0,0
0,1,0,2.280707,0.745816,3.134984,0.351973,1,0
0,0,1,3.570603,0.733159,1.671882,0.080882,1,0
0,0,1,2.414185,2.275258,3.861153,3.608202,2,1
0,0,1,2.374703,4.433173,2.835598,-1.837469,3,1
1,0,0,4.193461,0.090363,0.859448,-0.283938,1,0
0,1,0,-0.133311,-0.047402,0.615251,0.01621,0,0
0,0,1,-0.040286,-0.146411,-0.038442,0.169929,0,0
0,1,0,1.279789,1.970355,0.437877,0.241326,0,0
0,1,0,0.491403,0.469604,-0.388339,0.49964,0,0
1,0,0,1.433225,1.829564,2.309683,-0.217841,0,0
1,0,0,0.42094,-0.053238,-0.269229,-0.053899,0,0
0,1,0,3.486577,2.954187,0.595963,1.447433,2,1
0,0,1,2.561062,1.784381,3.027026,1.341449,2,1
0,1,0,3.172989,0.870021,4.658077,0.248028,2,1
1,0,0,4.386873,4.417753,2.923767,-1.368344,3,1
0,0,1,-0.077553,0.010217,0.853772,-0.126798,0,0
0,1,0,0.960728,1.281439,2.339488,0.375109,0,0
0,1,0,5.984844,3.890731,6.040025,-1.48287,3,1
0,0,1,-0.052334,0.3482,-0.991762,0.001041,0,0
1,0,0,2.256094,4.306729,4.52443,-2.389072,3,1
0,0,1,2.147736,3.363945,3.132597,-1.983216,3,1
1,0,0,2.842048,4.288096,3.068735,0.688631,3,1
1,0,0,0.454133,0.41027,0.855713,0.002274,0,0
0,0,1,0.88954,0.194542,1.938365,-0.937784,0,0
0,0,1,-0.222448,-0.191775,-0.109482,-0.273159,0,0
0,1,0,1.441393,1.162952,2.941767,0.933654,1,0
0,0,1,4.499779,0.903945,5.233459,3.58872,3,1
0,0,1,1.06212,0.764949,1.828237,0.787077,0,0
0,1,0,2.499141,0.973182,2.163965,0.29008,0,0
0,0,1,4.625799,3.342523,3.73046,1.9543,4,1
1,0,0,0.365798,1.060295,0.443698,-0.162003,0,0
0,0,1,5.697235,5.963625,7.001865,-0.86496,3,1
0,0,1,0.855342,2.922675,1.813336,-1.628638,2,1
1,0,0,0.166783,0.370266,-0.218712,-0.09168,0,0
1,0,0,4.235042,4.725153,5.534213,-0.810368,3,1
0,0,1,-0.0981,0.205415,0.201882,-0.184777,0,0
0,0,1,0.060835,-0.106188,-0.092065,0.006028,0,0
0,1,0,0.216223,-0.11753,0.72593,-0.12843,0,0
1,0,0,3.092694,1.267192,4.528387,1.156809,2,1
0,1,0,2.108075,5.250199,1.673393,-3.363236,2,1
0,1,0,0.764767,-0.135769,-0.244577,0.019498,0,0
0,1,0,4.228005,4.978977,3.956089,-0.025248,3,1
0,1,0,1.123891,0.781177,2.535527,-5.7e-05,1,0
0,1,0,0.541037,0.010596,1.341354,-0.047352,0,0
0,1,0,1.232097,0.122066,0.192228,-0.042085,0,0
1,0,0,1.99632,1.327858,1.553535,0.130717,0,0
0,1,0,0.402567,-0.012113,-0.452261,0.082414,0,0
1,0,0,4.26136,0.148599,4.749957,-0.154002,2,1
1,0,0,4.166858,4.242327,3.627363,-1.520141,4,1
0,0,1,3.821655,4.573446,3.664952,-1.863206,4,1
0,1,0,0.192379,-0.046694,0.650221,-0.113007,0,0
0,1,0,3.342178,3.424892,2.90757,0.597069,3,1
1,0,0,0.81859,1.120816,2.147374,0.443981,0,0
1,0,0,4.597148,2.262053,2.666667,2.855781,3,1
1,0,0,3.333398,2.423572,1.501203,-2.243738,2,1
1,0,0,4.2778,2.281799,2.484846,1.729924,2,1
1,0,0,0.874037,0.072791,0.235939,-0.212589,0,0
1,0,0,3.138544,2.364469,1.580054,1.236735,1,0
0,1,0,-0.806364,-0.313013,1.076502,0.121902,0,0
0,1,0,0.519947,0.153101,0.128486,0.042722,0,0
0,1,0,4.244807,0.566697,2.737699,0.140588,2,1
1,0,0,4.159705,4.027307,2.11899,2.777986,3,1
0,1,0,5.513942,6.063062,3.626244,-1.779704,4,1
1,0,0,2.321264,1.374108,3.215123,3.469058,2,1
1,0,0,-0.149386,-0.115015,0.219081,-0.164771,0,0
1,0,0,2.080696,0.415166,5.554853,0.192477,1,0
1,0,0,4.939477,5.133493,3.131674,-0.89808,3,1
0,0,1,4.629418,4.50425,5.138405,-1.847227,4,1
0,0,1,0.194852,0.722272,2.065659,0.393222,0,0
0,1,0,4.785007,3.661509,4.208416,3.275256,4,1
0,0,1,6.156976,2.944986,4.242372,-1.165137,3,1
0,0,1,-0.247382,0.800225,2.713902,-0.31118,1,0
1,0,0,0.384543,-0.319437,-0.611686,0.14357,0,0
1,0,0,0.926343,-0.201977,0.302914,0.436623,0,0
0,1,0,0.543983,-0.015786,0.107586,0.007892,0,0
0,0,1,2.767484,3.896257,3.245876,-0.190387,3,1
0,1,0,0.245926,0.308792,-0.870057,0.508608,0,0
0,1,0,-1.179144,-0.007164,-0.084586,-0.102339,0,0
0,1,0,3.904334,2.356188,3.738419,2.210135,3,1
0,0,1,-0.155429,0.67086,0.128615,0.215719,0,0
0,1,0,4.761999,-0.328766,2.611893,-0.074216,2,1
0,1,0,1.69554,1.769065,4.546214,0.63216,1,0
0,0,1,4.083399,3.788674,2.273854,2.408766,3,1
0,0,1,0.112054,-0.014996,0.427291,0.029104,0,0
1,0,0,0.635675,-0.03708,2.985957,0.437576,1,0
1,0,0,2.571305,2.852701,2.501706,1.483298,3,1
1,0,0,-0.540745,-0.199525,0.365309,0.520496,0,0
0,1,0,1.135071,0.553605,1.246611,0.24761,0,0
1,0,0,2.362967,0.382585,1.966719,0.217393,0,0
0,1,0,0.254486,0.552269,0.003985,-0.520685,0,0
0,0,1,1.057176,1.477856,3.198873,0.493884,1,0
0,0,1,0.002393,0.130048,-0.687902,0.264617,0,0
0,0,1,0.2836,0.087411,0.70381,-0.593351,0,0
0,1,0,5.781435,7.007762,5.730575,-1.433511,3,1
1,0,0,2.752902,6.724514,5.386078,-0.723001,3,1
0,1,0,0.464929,0.647754,2.265923,-0.01306,0,0
0,0,1,-0.658541,0.190274,0.070522,0.063746,0,0
0,1,0,1.881138,0.797034,6.464161,0.130637,1,0
1,0,0,-0.231263,0.215889,-0.011028,0.109136,0,0
0,1,0,-0.940094,0.211591,-0.192474,-0.303821,0,0
0,1,0,2.48675,1.080088,1.069439,0.513182,0,0
0,1,0,3.593889,-0.224658,2.912914,0.357522,2,1
0,0,1,1.397469,0.589115,4.255609,-0.216295,1,0
0,0,1,3.14336,3.228079,1.172675,1.629891,3,1
0,0,1,3.231345,0.94269,2.80546,0.094915,2,1
1,0,0,2.373838,1.1841,0.90576,0.33379,0,0
0,1,0,-0.133671,-0.210156,-0.243149,0.224923,0,0
0,0,1,0.784521,0.049775,3.147108,-0.078272,1,0
1,0,0,-0.065179,0.590932,-0.58176,0.210791,0,0
1,0,0,0.401225,1.583111,2.830237,1.27611,1,0
0,0,1,0.35028,-0.579272,0.086333,-0.159546,0,0
0,0,1,-0.404115,-0.555386,0.408921,0.031765,0,0
1,0,0,0.367829,-0.337513,-0.596316,0.070633,0,0
1,0,0,0.249897,-0.562256,0.358528,0.294899,0,0
0,1,0,2.424672,0.466085,5.358832,-0.619,1,0
0,1,0,4.581848,5.181591,2.414777,-1.331725,2,1
0,1,0,-0.274553,-0.224404,1.062825,0.20916,0,0
0,1,0,2.101681,2.390282,2.546941,1.329041,1,0
0,0,1,0.395114,0.238304,0.109263,0.16792,0,0
1,0,0,1.374804,-0.17272,2.324772,-0.000199,0,0
0,0,1,0.778532,1.110486,2.2001,0.082044,0,0
0,1,0,-1.072181,0.448271,0.160514,0.123715,0,0
1,0,0,0.307003,0.791772,7.793951,-0.34554,1,0
1,0,0,4.418697,3.514179,3.992668,2.948971,4,1
0,1,0,2.255162,0.107502,0.674945,0.362751,0,0
1,0,0,3.892923,0.780696,1.011115,0.197823,1,0
0,0,1,2.511886,1.736613,5.380913,0.731153,2,1
0,0,1,0.135147,0.102651,-0.127542,0.016493,0,0
0,1,0,4.197787,-0.268118,3.204475,0.277779,2,1
0,1,0,-0.257338,-0.231367,0.169025,0.569175,0,0
1,0,0,1.68361,1.337591,5.859857,0.93764,1,0
1,0,0,4.967938,0.189444,2.871421,-0.232655,2,1
0,1,0,1.010415,0.13288,0.460377,0.300665,0,0
1,0,0,2.772311,3.335155,2.496025,1.427486,2,1
0,0,1,4.581216,0.189337,4.557588,3.909207,3,1
1,0,0,1.132013,-0.059908,-0.007462,0.309418,0,0
0,0,1,2.565272,0.441597,1.027046,-0.147378,1,0
1,0,0,0.2496,-0.149439,0.133338,-0.066676,0,0
1,0,0,0.129096,-0.843134,0.1911,-0.105611,0,0
0,1,0,3.78432,4.236017,3.781622,-1.578257,4,1
1,0,0,4.655079,2.807436,3.984701,3.161927,4,1
0,1,0,-0.06562,0.211696,-0.58407,0.207434,0,0
0,0,1,0.55783,1.622928,2.733067,2.248175,2,1
1,0,0,4.167114,0.21757,3.877162,-0.146603,2,1
0,0,1,1.748429,0.067642,0.0914,0.695972,0,0
0,1,0,2.259509,1.002104,6.271825,0.554527,1,0
1,0,0,-0.071423,-0.384635,0.041014,-0.194251,0,0
0,1,0,0.517459,-0.439379,0.557866,-0.02027,0,0
0,0,1,2.77826,-0.009855,0.594958,0.609241,1,0
0,0,1,0.384951,0.445531,0.779658,-0.139644,0,0
1,0,0,4.542956,0.14119,2.820124,-0.644114,2,1
0,0,1,0.136031,-0.272025,2.902938,-0.156739,1,0
0,1,0,0.923247,0.035354,0.480636,-0.063069,0,0
1,0,0,1.133487,2.252771,5.226748,0.418783,1,0
0,0,1,-0.312549,0.118585,0.131154,0.308819,0,0
1,0,0,0.482015,0.47558,-0.650151,0.12784,0,0
0,0,1,0.679272,-0.076699,0.952874,0.133788,0,0
0,1,0,0.968104,0.005024,3.043404,0.025633,1,0
1,0,0,-0.412263,0.150027,0.032994,0.069861,0,0
1,0,0,1.373027,0.784922,-0.109008,-0.290221,0,0
1,0,0,2.949081,2.522578,3.535576,0.678148,3,1
0,1,0,0.325674,-0.372477,0.070871,0.167603,0,0
0,1,0,6.861643,4.886845,5.877735,-1.109538,3,1
0,0,1,-0.205758,0.415017,-0.158611,0.169354,0,0
0,0,1,2.232885,0.209018,1.58291,0.163818,0,0
0,0,1,0.152936,0.381156,0.098805,-0.217884,0,0
1,0,0,0.15783,1.174632,2.345027,-0.269657,0,0
0,1,0,0.752791,-0.185324,-0.004778,-0.467214,0,0
0,1,0,4.526911,0.359437,2.701999,0.042959,2,1
0,1,0,-0.209394,0.70134,0.282124,-0.003764,0,0
1,0,0,3.379914,2.363741,2.499145,1.066643,1,0
1,0,0,0.050045,0.222581,-0.102832,0.185352,0,0
1,0,0,2.746985,6.461339,2.66314,-2.102759,4,1
1,0,0,1.916537,-0.048538,0.618558,-0.204522,0,0
0,0,1,-0.571667,-0.591844,0.928475,-0.036494,0,0
0,1,0,-0.020839,0.239007,0.914539,0.150706,0,0
1,0,0,-0.355827,-0.394987,-0.354889,0.102129,0,0
0,0,1,5.458886,0.437873,1.992784,-0.21736,1,0
0,1,0,1.474235,0.960256,2.988755,-0.608023,1,0
0,0,1,1.874689,2.505618,2.058707,0.940503,1,0
0,1,0,2.367292,1.529779,2.747065,-0.059308,1,0
0,0,1,0.025061,0.544917,0.285489,-0.2335,0,0
0,1,0,1.877856,0.36907,1.495044,0.329018,0,0
0,0,1,0.650858,0.511069,0.184615,0.083845,0,0
1,0,0,3.06587,5.030682,4.233898,-2.71831,4,1
1,0,0,0.804278,2.84571,3.186272,0.018304,2,1
1,0,0,0.767514,-0.088999,-0.501552,-0.012886,0,0
0,0,1,-0.0915,0.273627,0.082858,0.014855,0,0
0,0,1,3.730493,1.288812,2.329413,2.933568,2,1
0,1,0,4.70174,1.494618,2.574484,3.563191,3,1
0,1,0,0.839418,0.054697,0.576512,0.304535,0,0
1,0,0,-0.447597,0.255213,0.189697,-0.115793,0,0
0,1,0,0.217659,0.122603,0.72334,0.132461,0,0
1,0,0,1.408805,-0.371472,3.522327,0.084673,1,0
0,1,0,1.101836,1.412937,0.947926,-0.523559,0,0
1,0,0,4.496112,4.467576,3.051923,-1.189125,3,1
0,0,1,1.308113,1.661112,2.32737,0.02963,0,0
0,0,1,5.311827,5.137556,4.404809,-1.17664,3,1
1,0,0,2.237597,2.462368,5.223107,0.01345,1,0
0,1,0,2.461965,1.014607,3.066328,4.845908,2,1
1,0,0,1.271242,-0.302783,2.063432,0.529751,0,0
1,0,0,-0.980581,0.592258,0.588286,-0.08667,0,0
0,0,1,-0.485623,0.8663,-0.009879,0.080678,0,0
0,1,0,0.189724,0.293377,0.282416,0.118133,0,0
1,0,0,2.093677,0.631128,1.028951,-0.135139,0,0
0,0,1,1.111581,1.342018,4.965244,0.124131,1,0
1,0,0,3.504437,2.207199,1.8047,0.761689,1,0
0,1,0,5.762265,1.578099,3.050514,-0.398928,2,1
1,0,0,0.634703,0.392827,2.126118,-0.270841,0,0
0,0,1,0.724247,1.203163,1.077314,0.072824,0,0
0,0,1,2.725294,2.499822,5.140254,1.093815,2,1
1,0,0,1.710564,1.940033,4.951637,1.166983,1,0
1,0,0,2.691693,4.375458,3.774337,-0.896353,3,1
0,1,0,2.465869,2.421332,2.693658,0.791621,1,0
1,0,0,1.186507,0.754001,1.966614,-0.17673,0,0
0,1,0,2.042586,0.416456,2.198589,-0.278585,0,0
1,0,0,-0.363654,-0.168116,-0.260462,-0.047951,0,0
0,0,1,2.446077,1.978731,1.871837,0.576946,0,0
1,0,0,2.821413,3.244065,3.427063,3.138223,4,1
0,1,0,0.123455,-0.138691,-0.185389,0.079648,0,0
1,0,0,6.267668,1.084704,1.897387,0.077495,1,0
1,0,0,5.236374,6.073144,2.665188,-3.288521,4,1
0,1,0,1.701234,0.577346,2.498215,0.529343,0,0
1,0,0,0.440384,1.324081,1.975407,1.142344,0,0
1,0,0,1.248398,0.684711,1.293617,0.877789,0,0
0,1,0,0.531975,0.017718,0.291292,-0.195714,0,0
0,1,0,2.403264,1.314397,3.328095,0.685776,1,0
1,0,0,-0.264165,0.407278,-0.268196,0.170007,0,0
1,0,0,4.578128,7.214241,2.707276,-1.629531,4,1
0,1,0,2.848659,0.127001,1.310368,0.496073,1,0
0,1,0,3.256385,2.536774,1.365586,-0.292198,2,1
0,1,0,1.999951,1.513123,1.798117,-2.333031,1,0
0,0,1,4.718644,1.734329,2.451163,0.217275,1,0
0,0,1,1.307729,0.846631,0.416456,0.387782,0,0
0,0,1,2.719542,1.567187,3.000848,0.513466,2,1
0,0,1,-0.097533,0.069525,-0.03149,-0.281362,0,0
1,0,0,4.384338,3.026079,4.941747,0.628384,3,1
1,0,0,5.340141,0.809121,3.239057,-0.292511,2,1
0,1,0,4.463981,3.41772,3.630522,-0.188965,3,1
0,1,0,-0.539769,-0.517901,1.074397,-0.121795,0,0
1,0,0,-0.287409,0.585206,-0.665675,-0.285561,0,0
0,1,0,2.518382,0.97018,0.57541,0.198967,1,0
1,0,0,0.74204,0.031931,-0.281948,-0.308152,0,0
0,1,0,0.592771,0.053519,-0.313213,0.2656,0,0
0,1,0,2.125915,0.04998,1.764992,0.744335,0,0
0,1,0,0.010046,-0.006104,0.36429,0.046812,0,0
0,0,1,-0.461076,0.431686,0.747184,-0.239519,0,0
1,0,0,-0.510735,-0.410487,-0.460807,-0.03872,0,0
0,0,1,4.739401,-0.125651,3.193272,0.022762,2,1
1,0,0,-0.796577,0.080672,-0.51481,0.436846,0,0
0,1,0,-0.167266,-0.268945,0.733282,0.112913,0,0
1,0,0,1.838143,4.033275,4.285774,1.291721,2,1
1,0,0,0.254448,0.255403,-0.222079,0.028872,0,0
0,0,1,2.574446,3.689559,1.661421,-3.12598,3,1
0,1,0,2.364564,0.065715,1.367198,0.347579,0,0
1,0,0,2.290417,0.549383,0.546292,-0.330374,0,0
0,0,1,0.222569,-0.611339,-0.024365,0.58691,0,0
0,1,0,0.005534,0.213391,0.409672,-0.092043,0,0
1,0,0,-0.330248,0.095515,0.116625,0.045788,0,0
1,0,0,1.443391,1.432816,3.101869,0.529374,1,0
0,0,1,0.746218,1.429073,1.126979,-1.713343,1,0
1,0,0,0.101599,-0.109944,-0.279998,-0.11055,0,0
1,0,0,-1.233109,0.0171,0.06529,-0.018925,0,0
1,0,0,0.686615,0.10035,-0.537885,0.125751,0,0
0,1,0,3.989788,0.19407,2.029783,-0.462669,1,0
0,1,0,0.852815,0.769085,0.913528,0.088364,0,0
1,0,0,1.748717,2.466341,4.623877,1.582588,2,1
1,0,0,3.978318,2.405763,4.50968,-1.406167,2,1
0,0,1,5.162669,5.400295,3.757296,-1.516439,4,1
1,0,0,0.946399,0.537839,1.571315,-0.083181,0,0
0,0,1,0.924492,2.409564,4.700184,0.103651,1,0
0,1,0,2.331309,0.055125,2.135509,0.085367,0,0
0,0,1,-0.114121,-0.182262,0.189641,0.086569,0,0
0,1,0,3.3759,1.392395,3.753123,-0.56801,2,1
0,1,0,1.366408,0.874098,3.524631,0.243731,1,0
1,0,0,-0.13492,0.023291,0.521232,0.069381,0,0
1,0,0,3.891284,3.395234,1.148948,3.448055,3,1
0,0,1,0.191844,0.827519,-0.217946,0.007682,0,0
1,0,0,6.019247,5.667677,5.529467,-1.606487,4,1
0,0,1,4.785928,6.310999,3.757172,-1.863193,4,1
0,0,1,-1.067965,0.271616,0.051305,-0.067241,0,0
0,1,0,-1.049379,-0.347844,0.352895,-0.100512,0,0
0,1,0,5.186309,6.26615,4.510693,-1.234021,3,1
0,1,0,2.919507,3.249994,1.318097,-2.120253,3,1
1,0,0,0.619338,0.020277,0.355945,0.106947,0,0
0,0,1,1.122312,0.124775,2.38986,-0.082399,0,0
0,0,1,3.958316,2.982117,3.176754,1.66887,4,1
0,1,0,2.178574,1.893115,4.599914,0.372449,1,0
1,0,0,0.993845,-0.6767,0.339774,0.035467,0,0
0,0,1,0.051696,0.027316,0.29593,0.015158,0,0
0,1,0,4.317756,0.574812,2.118234,4.641179,2,1
1,0,0,-0.692623,0.242591,0.359042,0.098707,0,0
1,0,0,2.370584,1.10778,1.273453,0.425222,0,0
0,1,0,3.594732,3.005664,2.593598,1.309457,3,1
0,0,1,2.649682,2.004093,2.636234,-0.516964,2,1
0,1,0,-0.066613,-0.346034,-0.179857,-0.233137,0,0
1,0,0,1.391223,0.608078,1.347683,-0.245562,0,0
1,0,0,3.578406,-0.133287,6.084118,0.034991,2,1
1,0,0,0.925326,1.133578,2.127515,0.236509,0,0
1,0,0,0.043209,-0.478953,0.875238,-0.188307,0,0
1,0,0,-0.580012,0.014856,-0.284589,-0.010343,0,0
0,1,0,5.014731,0.277747,2.849592,-0.077636,2,1
0,1,0,3.547502,4.762926,3.794521,-1.512889,4,1
1,0,0,0.196876,-0.456979,0.742968,0.301048,0,0
0,0,1,0.33452,0.541136,-0.074298,-0.289206,0,0
0,1,0,2.73141,2.171855,1.423656,2.014983,2,1
0,1,0,0.021374,-0.428174,0.239177,0.143546,0,0
1,0,0,0.233043,0.354887,0.424794,0.398283,0,0
1,0,0,0.195162,0.211025,-0.367995,0.026447,0,0
0,1,0,2.361005,1.978456,4.969287,0.559414,1,0
0,1,0,-1.29148,0.065141,0.556358,-0.272774,0,0
0,1,0,5.643416,5.968888,3.404904,-2.395647,4,1
0,1,0,0.459932,0.081278,-0.544359,0.209982,0,0
0,1,0,0.356341,-0.233251,0.447562,0.063723,0,0
0,0,1,0.688488,0.836087,1.319596,-0.3209,0,0
0,1,0,0.234771,-0.000847,0.455672,-0.330554,0,0
0,0,1,0.873785,0.53946,1.689271,0.289086,0,0
0,0,1,2.62675,0.250085,6.824278,1.04429,2,1
0,0,1,1.611098,-0.298996,1.608032,0.615041,0,0
1,0,0,5.613558,3.151165,4.556836,-2.076465,4,1
0,0,1,-0.602224,0.463996,0.335662,0.111491,0,0
1,0,0,3.65686,3.114206,2.198481,0.948957,2,1
0,1,0,0.297322,0.24332,-0.237241,-0.233442,0,0
0,1,0,0.727854,0.571371,0.554201,-0.210372,0,0
1,0,0,1.719754,-0.015051,0.694237,0.487946,0,0
0,0,1,1.005851,-0.377561,-0.190775,-0.12168,0,0
1,0,0,0.097234,-0.134227,-0.127797,0.109717,0,0
1,0,0,6.712445,4.657403,7.143793,-1.628061,4,1
1,0,0,5.093427,2.843375,4.736847,-1.308994,3,1
1,0,0,3.190385,2.266685,2.296273,1.48118,1,0
0,1,0,-0.566121,0.78763,0.755972,-0.044448,0,0
1,0,0,0.9926,-0.255337,0.497636,0.00336,0,0
0,1,0,5.344925,4.541402,6.973016,-1.844617,4,1
0,0,1,1.32662,2.897155,2.751445,-3.046773,3,1
0,1,0,0.373408,0.040284,-0.101106,-0.250961,0,0
0,0,1,1.485895,-0.59399,0.357627,0.485475,0,0
0,0,1,2.065447,1.167165,0.764417,-0.279531,0,0
0,1,0,-0.316035,-0.333987,-0.354239,0.081048,0,0
1,0,0,0.009681,0.430179,0.711241,-0.173518,0,0
0,1,0,1.617664,0.637361,1.797918,0.353096,0,0
0,1,0,-0.45498,0.215366,-0.22877,-0.202144,0,0
0,1,0,0.185413,2.458094,5.340188,0.596022,1,0
1,0,0,1.799282,1.921019,4.072349,0.320274,1,0
1,0,0,0.131031,-0.190962,-0.020356,0.222949,0,0
1,0,0,3.581011,0.715502,3.827553,-0.581385,2,1
0,1,0,1.43088,1.236757,6.817098,0.399867,1,0
1,0,0,0.657625,-0.017598,-0.226127,0.162585,0,0
0,0,1,0.315418,0.652859,-0.514416,-0.219223,0,0
0,0,1,-0.540707,0.071317,-0.261718,0.158124,0,0
0,0,1,1.854528,1.140213,2.491108,0.973105,0,0
0,0,1,2.565081,3.585999,2.770604,1.065433,3,1
0,1,0,-0.887004,-0.357573,0.213373,0.017941,0,0
0,0,1,4.771688,3.793201,4.548785,-1.731238,4,1
1,0,0,3.211421,0.613206,0.50282,-0.238318,1,0
0,0,1,2.948078,1.170538,2.142042,-0.593274,1,0
0,0,1,-0.070652,-0.001484,0.036319,0.202589,0,0
0,1,0,2.324858,0.33558,2.42406,-0.423487,0,0
0,1,0,0.302869,0.237642,2.381604,0.161564,0,0
0,1,0,0.57992,0.86112,0.838786,0.614643,0,0
0,1,0,1.161758,3.248084,1.978564,-2.434766,2,1
0,0,1,1.363431,2.761475,2.225559,-1.536154,2,1
0,1,0,0.697098,0.136653,-0.703986,0.062808,0,0
0,1,0,-0.434032,-0.045065,0.576355,-0.279325,0,0
1,0,0,-0.597933,0.120395,0.291437,-0.138585,0,0
0,0,1,1.706607,2.051195,3.310128,0.973899,1,0
0,0,1,0.63808,-0.27914,0.136396,-0.2516,0,0
0,1,0,0.73951,3.415449,0.031401,-3.839582,2,1
0,0,1,-0.568186,-0.503466,0.321462,0.220746,0,0
1,0,0,0.697865,1.078167,1.039155,0.061994,0,0
0,0,1,1.879301,1.431485,5.595833,-0.327307,1,0
1,0,0,0.037292,-0.444382,0.067583,0.198766,0,0
1,0,0,0.146814,-0.133478,-0.311041,-0.106066,0,0
1,0,0,3.035413,0.730019,2.082168,0.046765,1,0
0,0,1,7.715554,3.474583,6.593395,-1.449093,3,1
0,0,1,0.61639,0.073983,3.094855,0.040606,1,0
1,0,0,0.626561,-0.097799,-0.432699,0.188213,0,0
1,0,0,1.814312,1.547313,1.712474,0.382563,0,0
1,0,0,0.127658,1.222982,0.738139,0.289107,0,0
0,0,1,1.486122,3.255567,3.430624,0.070054,2,1
0,1,0,2.979859,2.852304,3.188827,-2.086465,4,1
1,0,0,0.78783,2.908631,2.8831,0.976125,2,1
0,1,0,0.198373,0.60279,0.023098,-0.152138,0,0
1,0,0,0.75772,1.009011,0.828908,-0.014385,0,0
0,1,0,-0.443286,-0.126762,-0.054544,0.1366,0,0
1,0,0,5.179034,3.106465,3.275388,3.469595,4,1
0,1,0,1.735151,-0.252562,4.979428,0.532181,1,0
0,1,0,1.507507,0.934823,1.003501,-0.067269,0,0
0,1,0,2.428779,1.871066,5.450451,1.13034,1,0
1,0,0,3.988037,1.855538,3.720033,-1.844441,3,1
1,0,0,1.899393,1.002751,1.748973,0.111423,0,0
0,0,1,-0.205626,0.397674,0.647218,-0.142149,0,0
0,0,1,3.158795,1.166257,2.845561,0.083367,2,1
1,0,0,1.472162,1.307131,0.415729,-0.129852,0,0
1,0,0,-0.702402,0.167761,0.252135,0.307024,0,0
0,1,0,-0.157916,0.206243,0.289334,-0.01782,0,0
1,0,0,0.543877,0.642417,-1.251683,-0.245556,0,0
0,1,0,2.759312,1.374212,3.050393,1.393547,2,1
1,0,0,1.121794,0.286612,1.216818,-0.203025,0,0
0,0,1,0.146511,0.46704,0.450566,0.106823,0,0
0,1,0,3.537023,3.082957,3.406209,2.810383,4,1
1,0,0,1.492667,4.824212,1.122749,-1.412914,1,1
0,1,0,0.770665,0.136968,0.154113,-0.289444,0,0
0,1,0,4.265301,5.302543,5.96066,-1.840124,4,1
0,0,1,1.520909,0.53095,1.91058,0.177016,0,0
1,0,0,0.953774,0.466683,0.319011,0.145118,0,0
0,1,0,-0.164236,0.258515,0.131877,0.202912,0,0
1,0,0,4.535687,4.278697,3.974613,-2.798428,4,1
0,1,0,3.545914,2.842445,3.225343,4.01147,4,1
0,1,0,0.423023,-0.34327,0.372996,0.057957,0,0
0,0,1,1.964441,3.298497,1.671238,-2.503207,2,1
0,0,1,0.114038,-0.574024,0.337246,0.15204,0,0
0,0,1,1.045162,0.609001,6.489729,0.578456,1,0
0,0,1,0.344423,1.053839,0.501325,0.253105,0,0
0,0,1,3.546741,2.961478,2.520732,0.050091,3,1
0,0,1,1.823825,0.156854,1.924395,0.328705,0,0
0,0,1,0.240141,0.606323,0.107519,-0.113845,0,0
0,1,0,0.425649,0.269877,0.61653,0.23982,0,0
0,0,1,1.011344,1.178674,1.491085,-0.002695,0,0
0,1,0,1.788862,2.103883,1.235642,0.522177,0,0
0,0,1,0.410838,0.86958,1.957917,0.375404,0,0
0,0,1,0.886492,0.621903,1.820064,-0.050984,0,0
0,0,1,2.096724,1.922116,2.560033,0.49388,1,0
0,1,0,0.210303,0.032524,0.181406,0.155328,0,0
0,0,1,1.257951,2.322629,4.228275,0.06441,1,0
0,1,0,2.967138,2.677818,6.649341,1.146681,3,1
0,0,1,-0.337939,3.125254,2.659437,-3.130526,3,1
0,1,0,0.686873,0.288781,-0.293889,-0.101942,0,0
1,0,0,6.142106,1.090201,2.967869,2.582882,3,1
0,1,0,3.453437,0.567286,3.36733,0.098324,2,1
1,0,0,-0.223068,0.171846,2.131097,0.331853,0,0
1,0,0,2.386773,0.806533,1.08883,0.765549,0,0
0,0,1,1.002352,0.554199,4.58324,0.386627,1,0
0,1,0,0.737384,0.273181,-0.371531,0.081607,0,0
0,1,0,2.097439,2.68299,2.207903,-4.061411,2,1
0,1,0,5.5496,9.42591,3.26286,-1.402967,3,1
1,0,0,-0.359551,0.325379,0.013292,-0.071231,0,0
0,1,0,2.612888,2.094891,2.930954,0.188748,2,1
1,0,0,4.590932,5.594223,3.38319,0.114425,3,1
0,1,0,2.707687,5.392202,1.676375,-2.023946,3,1
0,0,1,3.245591,0.778143,2.386116,0.452738,1,0
1,0,0,1.397053,-0.218372,2.062375,0.322119,0,0
1,0,0,4.219285,0.253227,2.708322,-0.034572,2,1
0,0,1,-0.312894,0.403777,0.010424,-0.016017,0,0
1,0,0,-0.109877,-0.184667,0.363942,-0.282611,0,0
0,1,0,1.98514,1.731361,5.998075,0.755517,1,0
0,0,1,2.368016,-0.315708,0.627232,0.353952,0,0
0,1,0,-0.768363,0.235389,0.159555,-0.303023,0,0
0,1,0,5.762272,4.691537,3.963561,-0.555364,3,1
0,0,1,1.352682,1.035299,2.441695,-0.326598,0,0
1,0,0,0.179607,0.241789,0.065028,-0.037941,0,0
1,0,0,3.167766,2.367915,5.859505,0.851946,2,1
1,0,0,0.14575,0.333106,-0.276521,-0.300024,0,0
0,0,1,-0.056554,0.014366,-0.219085,0.114341,0,0
1,0,0,2.625118,1.209334,1.206772,0.109525,1,0
0,0,1,0.986658,1.568265,1.550325,-1.472464,0,0
1,0,0,3.828869,-0.520034,3.40452,-0.50483,2,1
0,0,1,-0.240676,-0.163624,0.339831,-0.172101,0,0
0,0,1,-0.233272,-0.042413,-0.534234,-0.139797,0,0
0,1,0,3.378238,2.894357,3.372263,2.217616,4,1
0,0,1,6.9282,3.258399,5.295285,-0.674955,3,1
1,0,0,2.076339,0.593723,5.551874,0.147077,1,0
0,0,1,0.020567,0.521032,-0.217648,-0.174846,0,0
1,0,0,-0.059084,0.231729,-0.214043,0.022978,0,0
0,1,0,0.687443,3.25563,3.453435,-1.721858,3,1
0,0,1,4.629895,1.079116,1.136782,-0.147605,1,0
0,1,0,0.116374,-0.519046,0.342151,0.106058,0,0
0,1,0,-0.352147,0.055927,0.135128,-0.420817,0,0
0,0,1,0.391334,-0.39935,-0.044385,-0.473923,0,0
0,0,1,0.620315,1.403116,2.353842,-0.515618,0,0
0,0,1,1.697969,0.687632,0.217326,0.350299,0,0
0,0,1,-0.454802,-0.093119,-0.062081,0.315632,0,0
1,0,0,0.620179,1.228331,3.889513,0.214473,1,0
0,0,1,0.839703,0.742821,0.352618,0.05283,0,0
0,0,1,-0.062877,-0.26707,-0.9578,-0.178773,0,0
0,1,0,0.330614,-0.106174,0.802551,0.30928,0,0
0,0,1,1.87956,1.837098,1.120488,0.305612,0,0
0,1,0,0.787726,0.74267,3.127548,0.207688,1,0
0,1,0,2.014377,0.293558,1.416768,-0.212162,0,0
0,0,1,-0.307251,-0.156738,0.497589,0.131527,0,0
1,0,0,2.490741,0.892191,4.718917,-0.726971,1,0
0,1,0,0.457955,0.4647,-0.284705,0.086908,0,0
1,0,0,1.059321,0.759185,3.135432,0.539785,1,0
1,0,0,2.622338,2.58373,3.603473,0.355359,3,1
1,0,0,1.282144,0.905994,3.481634,0.849893,1,0
0,1,0,-0.340375,-0.06112,-0.329303,0.057492,0,0
1,0,0,1.437317,3.249635,4.144545,0.771105,2,1
1,0,0,2.594738,2.032849,2.949201,-0.011593,2,1
1,0,0,-0.416568,0.269027,0.401622,0.144605,0,0
0,0,1,0.973861,-0.449302,-0.819019,0.107114,0,0
0,0,1,-1.088785,0.380089,0.988129,0.121247,0,0
0,1,0,-0.001462,0.078101,-0.068394,0.018008,0,0
0,0,1,0.406431,0.400099,0.917986,-0.031427,0,0
0,1,0,-0.199112,0.597681,2.555467,0.618885,1,0
0,0,1,0.25019,0.080868,0.157369,-0.241282,0,0
0,1,0,0.432503,0.116394,-0.155925,-0.03199,0,0
0,1,0,0.571794,2.629749,2.067805,1.578928,2,1
1,0,0,-0.243677,0.539294,-0.848354,-0.106212,0,0
1,0,0,-0.216958,-0.299685,-0.592394,0.186226,0,0
0,1,0,2.891621,3.235352,2.53,-0.407853,3,1
0,1,0,1.230595,2.43259,2.956409,-3.170334,2,1
1,0,0,3.271736,2.564683,2.116607,0.146768,2,1
0,1,0,1.691671,1.967748,2.681754,-0.795452,1,0
1,0,0,0.226071,0.411652,-0.258113,-0.192835,0,0
1,0,0,4.845218,6.210156,4.454738,-0.794618,3,1
0,1,0,3.637853,2.293312,3.252607,-0.090966,2,1
1,0,0,2.344985,2.14275,6.177546,-0.244531,1,0
0,1,0,4.860657,1.516289,4.889568,-0.232369,2,1
0,0,1,1.288271,0.025664,-0.364013,-0.290669,0,0
0,1,0,1.16888,-0.361986,2.22448,0.854876,0,0
1,0,0,3.666726,3.281021,3.834805,3.426389,4,1
1,0,0,2.508321,1.62517,3.009761,1.754365,3,1
0,0,1,4.050392,3.283181,4.173885,3.443889,4,1
0,0,1,2.767703,-0.037738,1.712776,-0.098949,1,0
1,0,0,2.593833,0.62643,1.152233,0.018026,1,0
1,0,0,0.845931,4.30898,1.33412,-2.51972,2,1
0,1,0,2.455566,0.697417,5.65885,0.385846,1,0
0,0,1,0.921292,0.484499,1.45925,0.729019,0,0
1,0,0,2.139674,3.242183,3.572832,-0.100421,2,1
0,1,0,0.373768,0.152648,0.096321,0.056885,0,0
1,0,0,4.44889,3.452363,3.401718,1.032717,3,1
0,1,0,2.713436,0.522871,2.847196,0.055375,2,1
0,1,0,0.76094,0.081177,0.173297,-0.35813,0,0
0,1,0,0.203919,-0.059437,-0.31493,-0.156913,0,0
0,1,0,1.889725,2.301126,-0.363059,-3.218483,1,1
0,0,1,3.865412,2.363631,4.241914,3.283797,3,1
0,0,1,1.568756,0.51908,1.809028,0.402841,0,0
1,0,0,4.926763,0.845143,2.884439,3.528059,3,1
0,0,1,0.876677,0.11592,-0.166954,0.072026,0,0
0,1,0,5.322342,5.845999,3.478943,-1.467383,3,1
1,0,0,0.362259,-0.009607,-0.123062,-0.035775,0,0
0,1,0,5.361542,6.089801,3.714902,-1.596964,4,1
0,1,0,0.757524,-0.127852,0.261063,-0.014092,0,0
0,0,1,0.313492,-0.161826,0.144134,0.221565,0,0
0,1,0,1.59178,0.330735,1.722214,0.421336,0,0
0,1,0,3.368224,3.503111,5.097977,-0.841754,3,1
0,0,1,2.074556,0.88967,0.985646,-0.001735,0,0
1,0,0,2.52353,1.267874,2.109477,1.841148,2,1
0,1,0,5.54667,0.523527,4.037136,-0.033275,2,1
0,1,0,3.782551,0.796398,2.20588,-0.312801,1,0
1,0,0,1.730472,2.386569,4.330032,0.152476,1,0
0,1,0,3.255268,3.129104,3.252966,1.409548,3,1
0,0,1,1.660356,0.637346,1.115039,-0.177139,0,0
0,1,0,0.746909,-0.210193,0.149947,-0.156508,0,0
0,1,0,6.714297,5.872057,6.566633,-1.136987,3,1
0,0,1,0.364605,-0.018207,-0.833869,-0.142311,0,0
0,1,0,-0.092491,-0.050363,0.41288,0.032224,0,0
0,0,1,1.103261,0.804195,5.121328,0.689986,1,0
0,1,0,3.210341,0.033345,2.688646,-0.263047,2,1
1,0,0,0.075824,-0.082125,0.530998,0.103423,0,0
1,0,0,1.995849,2.08302,1.221179,-2.940125,1,1
1,0,0,-0.579663,-0.490316,-0.018748,0.33045,0,0
1,0,0,0.105263,0.500089,1.920359,-0.051239,0,0
0,0,1,-1.007458,0.471855,0.15297,-0.108136,0,0
1,0,0,0.341025,0.367832,-0.251526,-0.015754,0,0
0,1,0,-0.345749,0.09739,0.166357,0.106158,0,0
0,1,0,0.298948,-0.089509,0.153493,-0.379862,0,0
1,0,0,3.657415,-0.569324,2.407612,-0.210665,1,0
0,0,1,1.540667,0.394116,3.714756,0.097362,1,0
0,0,1,0.409871,0.000609,-0.180703,0.219831,0,0
1,0,0,0.274441,0.161438,-0.307093,0.072754,0,0
0,1,0,6.439519,2.64431,4.742149,-0.677321,3,1
1,0,0,4.474169,3.711922,4.303625,-0.863234,3,1
0,1,0,4.996148,6.042577,6.917103,-2.376376,4,1
0,1,0,1.861536,2.851572,3.552125,-2.206169,3,1
0,0,1,0.625771,-0.439889,0.093027,-0.144346,0,0
0,1,0,3.950411,1.911416,6.136404,0.972441,2,1
0,0,1,3.711034,0.517248,1.872471,-0.030859,1,0
0,0,1,1.170596,1.731169,4.641137,-0.426223,1,0
0,0,1,0.147115,0.273251,0.308692,0.217666,0,0
1,0,0,4.726373,0.310801,2.456682,-0.417747,1,0
0,1,0,0.087081,0.02335,0.33685,-0.427266,0,0
0,1,0,-0.066624,-0.166121,-0.281046,0.28503,0,0
0,0,1,0.658961,0.423819,0.193486,-0.124728,0,0
1,0,0,0.026006,0.783905,0.565196,-0.030616,0,0
1,0,0,0.457805,-0.057295,0.113583,-0.072287,0,0
1,0,0,3.318783,3.521937,4.015337,1.030754,3,1
1,0,0,0.466161,0.137387,0.167614,-0.01196,0,0
1,0,0,2.999969,4.566841,5.161724,-0.819343,3,1
0,1,0,4.594002,2.665848,2.735077,3.055477,4,1
0,0,1,-0.316156,-0.269872,0.81384,0.159951,0,0
0,1,0,2.825267,0.867772,1.653062,-0.080677,1,0
0,1,0,1.782965,0.958791,0.362559,0.173496,0,0
0,1,0,0.310467,0.036901,-0.187247,0.531584,0,0
0,0,1,1.623911,1.780046,1.351406,-2.469908,1,0
1,0,0,0.592963,0.458964,-0.128483,0.234171,0,0
1,0,0,4.347261,8.040312,6.306319,-1.267855,3,1
0,1,0,-1.063249,-0.017658,0.095802,-0.36522,0,0
1,0,0,4.267104,5.734182,2.839369,-1.877418,4,1
1,0,0,1.646131,0.524974,1.524521,-0.905791,0,0
1,0,0,-0.615483,0.085609,0.224832,0.362931,0,0
1,0,0,-0.332246,0.209363,-0.205395,-0.346603,0,0
0,1,0,0.787443,0.029549,0.484929,-0.073495,0,0
0,0,1,1.857225,4.587846,1.104487,-3.178546,2,1
1,0,0,0.707439,0.273527,0.646916,0.081545,0,0
0,0,1,-0.379362,0.739938,2.435212,0.34464,0,0
0,1,0,2.953978,2.91539,3.377901,-0.531462,3,1
1,0,0,4.229056,2.94359,2.096986,0.454247,2,1
0,1,0,1.675474,2.133339,4.448589,-0.061406,1,0
1,0,0,4.877002,0.843537,3.606332,-0.020218,2,1
1,0,0,4.537336,0.440986,2.70397,-0.089993,2,1
0,0,1,0.338648,0.187005,-0.215741,-0.287685,0,0
0,1,0,0.030342,-0.149681,0.109196,0.022628,0,0
1,0,0,-0.227771,0.299643,0.008891,0.142847,0,0
0,0,1,1.212605,-0.104573,-0.334913,-0.041516,0,0
0,1,0,1.160618,1.126555,1.91558,0.092787,0,0
1,0,0,-0.156357,-0.364664,0.140629,-0.298171,0,0
0,1,0,0.920088,2.709279,2.198988,-3.682437,2,1
1,0,0,-0.559391,-0.081735,-0.329224,0.28524,0,0
1,0,0,1.267319,0.929052,7.49052,0.685065,1,0
0,0,1,4.001842,0.35685,1.475365,-0.273299,1,0
1,0,0,0.585317,-0.409302,0.154525,-0.180448,0,0
0,0,1,0.38946,0.073001,0.41828,0.108032,0,0
0,1,0,2.237319,2.438072,1.372719,-4.130444,1,1
1,0,0,0.932109,0.046737,2.281541,-0.408539,0,0
0,1,0,-0.400084,0.265694,0.821702,-0.239286,0,0
0,1,0,0.136429,-0.18099,-0.328453,0.160562,0,0
0,1,0,4.148287,0.050896,2.964957,0.139629,2,1
1,0,0,0.254838,3.59799,2.051183,-3.240808,2,1
1,0,0,0.724296,0.041862,-0.091214,0.034594,0,0
0,0,1,0.46831,0.631497,-0.08041,-0.085604,0,0
0,1,0,0.135622,-0.241472,0.115239,0.200675,0,0
0,0,1,-0.861647,-0.127506,0.021227,-0.185392,0,0
1,0,0,-0.13849,-0.146615,0.510006,0.14102,0,0
1,0,0,0.364069,0.229271,0.029735,-0.022816,0,0
1,0,0,4.989673,-0.444518,2.234104,0.253176,1,0
1,0,0,4.34797,6.47812,6.758838,-3.266622,4,1
1,0,0,3.659847,0.829843,3.415089,0.117167,2,1
1,0,0,0.23052,0.249188,-0.298836,0.071691,0,0
0,0,1,-0.017875,-0.73776,0.077913,0.41446,0,0
1,0,0,-0.371853,-0.102007,0.03443,0.080452,0,0
0,1,0,0.158184,-0.160823,-0.275374,0.069856,0,0
1,0,0,0.167544,0.795069,0.104192,-0.060238,0,0
0,1,0,2.491642,6.45637,5.723898,-0.223818,2,1
1,0,0,-0.889008,0.096984,0.12826,0.162838,0,0
0,1,0,1.259057,1.336128,3.359019,1.516622,2,1
1,0,0,3.664605,1.055545,3.572194,0.693046,2,1
1,0,0,5.879269,4.774774,4.273094,-1.387593,3,1
0,0,1,4.335474,5.224768,4.81715,-1.778533,4,1
1,0,0,5.430173,5.230324,3.328393,0.364629,3,1
0,0,1,-0.235844,0.324788,0.338579,0.049875,0,0
0,0,1,2.096712,4.271116,4.593951,-1.696125,3,1
0,0,1,-0.006229,0.200172,0.372115,-0.231587,0,0
0,0,1,0.49491,0.270226,0.256611,-0.020136,0,0
0,0,1,0.24475,0.625865,-0.009153,-0.167884,0,0
1,0,0,1.929024,1.950445,7.137803,0.730453,1,0
0,0,1,1.144141,3.049713,4.463378,1.832715,3,1
0,0,1,3.603671,0.770189,1.590331,0.053784,1,0
0,1,0,2.071615,0.18331,2.037325,-0.128471,0,0
0,0,1,3.148741,1.247276,2.056684,3.796684,2,1
1,0,0,0.736191,1.267518,1.406996,0.815306,0,0
1,0,0,-0.004253,-0.11271,0.33852,-0.010279,0,0
1,0,0,2.246548,3.729799,1.769538,-3.656858,2,1
1,0,0,2.957803,0.416327,2.484243,-0.019568,1,0
0,1,0,-0.003292,0.225192,0.82042,0.083216,0,0
1,0,0,4.071157,4.35691,4.169085,-1.659881,4,1
0,0,1,0.349667,4.712089,3.414533,2.460285,3,1
0,0,1,0.233526,0.291669,0.442599,0.155512,0,0
1,0,0,1.054458,4.240841,2.726685,-2.986281,3,1
0,0,1,-0.325174,-0.059543,-0.201775,0.099881,0,0
1,0,0,3.052244,0.979025,1.75706,0.485478,1,0
0,0,1,3.507057,0.630624,3.738411,0.166143,2,1
0,0,1,-0.133054,-0.142262,0.581285,-0.109911,0,0
0,0,1,0.076636,0.073004,-0.185114,0.181827,0,0
0,0,1,-0.368268,0.144098,-0.452791,0.225562,0,0
1,0,0,1.91796,1.654993,2.639484,0.668735,1,0
1,0,0,1.315087,1.379859,2.699392,0.195356,1,0
0,1,0,2.568201,0.060573,1.187457,-0.082987,1,0
1,0,0,4.557222,5.980116,6.122722,-1.318783,3,1
1,0,0,-0.839437,-0.158941,0.535905,-0.167428,0,0
0,1,0,1.910874,1.356201,2.039936,-0.095499,0,0
0,1,0,-0.477326,0.10947,-0.330346,0.251303,0,0
0,1,0,3.421707,0.623413,4.7909,-0.529086,2,1
1,0,0,1.087224,0.101384,2.070499,0.688313,0,0
0,1,0,1.877762,0.08203,1.897742,0.055853,0,0
1,0,0,2.057589,1.028,6.890815,0.30446,1,0
1,0,0,0.490079,0.685946,0.227349,-0.111127,0,0
1,0,0,0.244637,0.166114,0.35796,-0.089121,0,0
0,0,1,0.759296,1.129176,2.700525,-0.146403,1,0
1,0,0,1.519672,0.919538,0.366937,0.377994,0,0
0,0,1,0.746549,0.037711,0.220264,0.361271,0,0
1,0,0,0.692586,-0.197512,0.687348,-0.05876,0,0
1,0,0,1.415363,1.682746,2.533884,-2.65511,2,1
0,1,0,0.71415,0.349742,0.748229,-0.039247,0,0
1,0,0,5.81641,4.507768,5.611942,-2.001629,4,1
0,0,1,3.995897,2.729433,4.688122,1.049888,3,1
1,0,0,1.461247,0.531889,2.437399,0.699815,0,0
1,0,0,-0.189461,-0.333741,0.344932,0.124379,0,0
0,0,1,-0.296466,0.365874,0.357123,0.117983,0,0
0,0,1,1.030086,2.252838,3.04285,-2.977797,2,1
1,0,0,-0.069608,-0.326787,-0.246947,0.018105,0,0
0,1,0,4.210679,0.569045,2.531944,0.165777,2,1
0,0,1,0.259748,0.46973,-0.213222,0.278302,0,0
0,0,1,1.749414,3.314233,1.866528,-2.877089,2,1
0,0,1,0.293585,0.567244,2.198399,0.143474,0,0
1,0,0,0.561087,0.048084,0.509481,0.307571,0,0
1,0,0,-0.001741,0.055788,-0.686843,0.040644,0,0
0,1,0,0.156188,0.511949,0.326991,-0.025975,0,0
0,0,1,-0.153922,-0.348219,0.462826,0.027213,0,0
0,0,1,2.595737,4.127374,4.688609,-1.139493,3,1
0,0,1,0.127752,0.360152,0.064429,-0.085939,0,0
0,1,0,-0.275129,0.335295,0.388769,-0.130341,0,0
1,0,0,-0.985583,0.562393,0.33128,-0.131456,0,0
0,0,1,5.350841,1.366182,4.154642,2.819363,3,1
0,1,0,0.140876,0.117395,-0.01083,-0.116293,0,0
0,0,1,6.195096,3.002792,4.672013,2.307516,4,1
0,1,0,2.545747,1.589119,2.847324,-0.636057,2,1
0,0,1,1.397827,0.786637,2.338908,-0.154392,0,0
1,0,0,6.84209,7.023392,2.175002,-1.604148,3,1
1,0,0,0.846313,0.42442,2.132706,0.556377,0,0
1,0,0,-0.274192,-0.410647,0.083488,0.343024,0,0
0,0,1,1.322379,3.210842,0.043249,-2.429041,2,1
0,1,0,0.498297,0.476348,0.862,-0.111647,0,0
1,0,0,1.000343,0.677877,3.097457,0.731275,1,0
0,1,0,2.018144,0.758119,1.462814,0.021155,0,0
0,0,1,2.441108,0.338846,1.8077,0.330201,0,0
0,1,0,1.110788,-0.031317,2.235101,-1.247815,0,0
0,0,1,-0.524871,0.449438,-0.224464,-0.170792,0,0
0,0,1,0.948924,0.876251,-0.09562,0.1992,0,0
0,1,0,0.718575,0.624883,-0.253644,-0.030757,0,0
1,0,0,0.39607,0.478648,0.21701,0.070548,0,0
1,0,0,0.722172,1.318118,2.089146,0.127924,0,0
1,0,0,0.321137,-0.34277,-0.437359,0.176748,0,0
0,1,0,-0.394958,0.015805,0.373642,0.026917,0,0
0,1,0,5.207114,4.977341,2.916708,-1.406267,3,1
0,1,0,5.421203,4.318445,3.017463,-2.353663,4,1
0,0,1,-0.277507,0.633899,0.379531,-0.101468,0,0
1,0,0,4.144082,6.895249,5.615463,-1.923456,4,1
1,0,0,0.620013,0.257651,0.051477,0.185614,0,0
0,1,0,5.454938,8.714742,6.817131,-2.509839,4,1
0,0,1,-0.887006,-0.167657,-0.89239,-0.226575,0,0
0,1,0,0.953196,0.987498,2.7207,0.71385,1,0
0,0,1,-0.303557,0.210981,0.161419,0.041504,0,0
0,0,1,-0.214724,-0.292421,-0.298023,-0.218139,0,0
0,0,1,0.398957,0.188012,0.230224,-0.227338,0,0
0,0,1,0.066546,0.270049,-0.15706,-0.107205,0,0
0,0,1,2.760856,1.131083,2.329854,0.645222,1,0
0,1,0,0.214378,-0.417193,0.010782,0.044043,0,0
0,1,0,2.130865,3.680381,2.437084,-2.558312,2,1
0,1,0,-0.114171,0.535312,2.349284,0.295428,0,0
0,1,0,3.42563,1.082927,3.66136,1.817149,3,1
0,1,0,6.068978,5.482622,8.78021,-0.681464,3,1
1,0,0,1.383395,0.631668,0.65535,-0.212973,0,0
0,0,1,0.250562,-0.174494,0.162314,-0.14019,0,0
1,0,0,0.396261,0.352043,0.076557,-0.048141,0,0
1,0,0,3.22965,5.257672,5.619304,-0.610317,3,1
1,0,0,1.856641,0.432718,1.961888,0.150135,0,0
0,1,0,1.998071,-0.038954,2.662614,0.557259,1,0
1,0,0,3.118606,1.591519,1.104649,0.886757,1,0
0,1,0,1.724554,2.260924,2.947434,1.044585,1,0
0,0,1,0.531178,-0.053902,0.065417,-0.111074,0,0
0,1,0,-0.235746,0.11598,0.797613,0.081231,0,0
0,1,0,0.768494,1.987849,3.557962,0.410813,1,0
1,0,0,0.044466,0.474707,-0.096023,-0.020075,0,0
1,0,0,1.809246,0.389212,3.231927,0.38924,1,0
0,0,1,2.33712,1.707316,6.846128,0.209452,1,0
0,0,1,1.908335,2.005374,2.111299,-2.490356,1,0
0,0,1,0.162962,0.302655,-0.060346,0.259926,0,0
1,0,0,-0.167725,0.778602,-0.032806,0.137424,0,0
1,0,0,-0.026561,-0.291609,0.404537,0.24653,0,0
0,0,1,1.419143,-0.058793,1.682621,0.071239,0,0
1,0,0,0.280039,0.212989,2.228826,-0.308799,0,0
1,0,0,0.767866,1.930395,5.764489,0.703212,1,0
1,0,0,3.918613,4.837767,8.178635,-1.503192,4,1
1,0,0,0.550451,0.836959,1.487205,0.28573,0,0
1,0,0,6.255686,4.151465,2.684957,-1.087316,3,1
0,1,0,6.502512,3.661657,4.027444,-1.346424,3,1
0,1,0,5.851436,5.458897,4.98997,-1.55995,4,1
0,1,0,3.219873,2.190672,2.907003,-0.64424,2,1
1,0,0,0.234206,0.523855,0.216918,0.124802,0,0
0,0,1,0.624344,2.882069,3.575748,-3.866844,3,1
0,0,1,3.132893,3.223011,3.589219,0.038749,3,1
0,1,0,1.149565,0.220809,1.670682,0.151158,0,0
0,0,1,0.698309,-0.051277,0.292353,0.139633,0,0
1,0,0,0.327344,0.377926,-0.31203,0.25522,0,0
0,0,1,5.087185,5.441761,4.25661,-0.548672,3,1
0,0,1,5.713192,0.475911,1.144265,-0.011339,1,0
0,1,0,3.573876,2.733984,2.841257,1.302182,3,1
1,0,0,0.513509,-0.064857,0.298205,0.095906,0,0
1,0,0,3.20673,3.316262,1.619336,-0.179623,2,1
0,0,1,-0.523177,0.389655,-0.493534,-0.546495,0,0
0,0,1,0.133854,-0.648024,0.428391,-0.379149,0,0
1,0,0,0.094869,0.331171,-0.336776,0.017762,0,0
1,0,0,2.104749,1.780761,4.423255,0.787714,1,0
0,1,0,0.379468,0.840675,1.396023,-0.3351,0,0
1,0,0,0.418118,0.238945,1.159154,0.090787,0,0
0,1,0,1.514058,2.163126,3.720853,0.339897,1,0
0,0,1,-0.258084,-0.477732,-0.29814,0.409179,0,0
0,1,0,0.462341,0.816708,0.137416,-0.036482,0,0
0,1,0,4.262649,1.363061,3.253379,0.030035,2,1
1,0,0,0.057106,-0.122756,1.686986,-0.15557,0,0
1,0,0,2.247927,0.837008,1.780634,-0.313506,0,0
1,0,0,2.641745,1.271356,2.050126,-0.294306,1,0
1,0,0,4.310733,5.167125,3.303299,-1.026601,3,1
0,0,1,1.193283,1.342159,3.427444,1.747775,2,1
0,0,1,0.511073,0.348094,1.039877,0.376112,0,0
1,0,0,0.409133,1.016951,2.115776,-0.019386,0,0
1,0,0,0.147652,0.412404,-0.153809,0.129037,0,0
0,1,0,6.812576,6.855676,5.120771,-2.443838,4,1
0,1,0,3.395531,4.400352,5.039674,-2.391302,4,1
0,1,0,0.946621,-0.121939,0.258736,-0.122512,0,0
1,0,0,4.125626,0.171274,2.676481,-0.039477,2,1
1,0,0,-0.05748,-0.041581,0.388998,-0.063332,0,0
0,1,0,1.935502,0.779371,5.831459,0.392025,1,0
1,0,0,0.662581,0.598021,-0.26316,-0.155573,0,0
0,1,0,0.471445,-0.272125,0.763096,-0.013086,0,0
1,0,0,2.552283,2.032086,2.2252,4.129081,2,1
0,0,1,1.285823,1.776457,4.761108,-0.594517,1,0
0,0,1,2.231817,2.120175,4.65715,0.597392,1,0
1,0,0,2.532243,0.416441,1.554862,-0.226289,1,0
0,0,1,0.778892,-0.185401,0.250602,-0.232794,0,0
1,0,0,1.895018,3.870405,0.547254,-2.632539,2,1
0,0,1,1.062994,1.375871,2.193308,0.241863,0,0
0,1,0,0.10831,0.453593,0.743737,-0.337098,0,0
0,0,1,-0.475936,-0.333677,0.535711,-0.384719,0,0
0,0,1,0.249407,0.574486,-0.079575,-0.156617,0,0
0,0,1,0.188922,0.329904,2.902891,0.020348,1,0
1,0,0,0.931389,0.620439,-0.326545,-0.013392,0,0
0,1,0,-0.408286,-0.161206,-0.257114,0.075643,0,0
0,0,1,0.977895,-0.157234,-0.048972,0.005764,0,0
1,0,0,0.23386,-0.010376,0.030961,0.398435,0,0
0,1,0,0.202837,0.05526,0.965818,0.429227,0,0
1,0,0,4.318683,4.839163,3.011483,-0.71786,3,1
0,1,0,2.146171,0.232022,3.038917,-0.182128,1,0
0,1,0,0.683493,0.243556,0.752615,0.295254,0,0
0,0,1,1.15759,0.688588,1.652428,0.824835,0,0
1,0,0,-0.005939,3.511039,-0.28502,-3.031592,2,1
0,0,1,-0.012306,-0.539003,0.36125,0.16776,0,0
1,0,0,0.375963,0.021549,3.230723,0.088983,1,0
1,0,0,2.933093,-0.31725,3.442313,-0.866136,2,1
1,0,0,0.289918,2.052007,2.139684,-3.466063,1,1
1,0,0,1.066329,-0.038886,0.924011,0.633137,0,0
0,1,0,-0.496606,0.510216,-0.236772,-0.389165,0,0
0,0,1,1.139929,0.522091,2.700396,0.075841,1,0
0,1,0,-1.10162,0.277447,-0.712165,0.042879,0,0
0,1,0,4.604402,1.158752,3.695991,0.101829,2,1
0,1,0,1.932361,2.472642,3.269058,1.218048,1,0
1,0,0,1.297709,0.498207,1.940674,0.228351,0,0
0,0,1,-0.488739,0.28517,0.119007,0.335679,0,0
0,1,0,0.40315,0.618656,0.119406,-0.043147,0,0
0,0,1,0.280099,-0.627895,0.527609,-0.142407,0,0
0,1,0,0.776918,-0.465633,0.098957,-0.009549,0,0
1,0,0,3.207632,0.347979,0.686227,-0.250075,1,0
0,1,0,2.191548,0.33245,1.72239,0.29177,0,0
0,0,1,0.119924,-0.39713,-0.338375,-0.072228,0,0
0,0,1,6.956101,6.048086,6.146903,-0.883659,3,1
1,0,0,3.157207,2.51181,4.39378,0.28124,3,1
0,1,0,0.125236,-0.194341,0.44406,-0.131726,0,0
0,0,1,3.941281,4.338133,3.270363,0.137354,3,1
0,0,1,4.670655,4.462171,3.709998,-1.12219,3,1
0,0,1,5.68728,0.749262,2.570284,-0.399375,2,1
0,1,0,0.036737,0.84102,0.120253,0.021291,0,0
0,0,1,1.183818,1.834819,6.222491,1.590194,2,1
1,0,0,0.341665,-0.01083,0.15346,-0.07529,0,0
0,0,1,3.335638,0.768671,3.502737,-0.135032,2,1
0,0,1,-0.815629,-0.178041,0.383747,0.079152,0,0
0,1,0,2.013171,0.269138,0.780039,0.030486,0,0
1,0,0,-1.330746,0.254277,-0.062246,-0.081312,0,0
1,0,0,1.959003,-0.134279,1.811576,0.571117,0,0
1,0,0,6.289134,4.263666,6.690459,-2.198009,4,1
0,1,0,1.636811,3.844123,2.044917,-3.571996,2,1
0,1,0,-0.036512,0.018836,0.700044,-0.189246,0,0
0,0,1,1.658154,0.531279,4.082963,0.606622,1,0
0,1,0,-0.012241,0.49522,1.505471,0.067719,0,0
0,1,0,0.125556,0.284455,-0.153792,-0.080034,0,0
0,1,0,0.204994,0.62953,0.245498,0.101956,0,0
0,0,1,3.643669,3.626436,6.467207,-1.222616,3,1
0,0,1,0.468535,-0.019575,0.65552,-0.071109,0,0
1,0,0,6.311456,4.720952,4.480961,-2.110241,4,1
1,0,0,-0.210086,0.112892,-0.079405,0.105622,0,0
0,0,1,2.046427,0.242345,0.926218,-0.331619,0,0
0,0,1,1.113135,0.770008,1.307901,-0.042716,0,0
1,0,0,-0.502791,-0.361304,0.577042,-0.239268,0,0
0,0,1,-0.13477,0.099626,-0.073251,-0.113765,0,0
0,0,1,2.208498,-0.212086,1.410777,-0.05447,0,0
0,1,0,0.421061,-0.203861,-0.309494,0.203435,0,0
1,0,0,2.54276,1.719238,2.871562,3.726111,3,1
0,0,1,0.303079,0.695854,0.727441,-0.095821,0,0
1,0,0,3.716102,4.91039,4.001255,-1.235809,3,1
0,0,1,1.690268,2.029819,6.601411,-0.290981,1,0
1,0,0,1.06451,0.393956,0.51667,-0.22136,0,0
0,1,0,0.787784,-0.063961,0.771891,-0.148957,0,0
1,0,0,4.455101,7.134053,3.369046,-1.604794,4,1
1,0,0,-0.234217,1.891634,0.50745,0.17222,0,0
0,1,0,-0.31547,0.228744,0.068911,0.456179,0,0
1,0,0,3.029598,3.631316,3.817577,0.657166,3,1
1,0,0,0.012263,-0.293939,0.09941,0.131594,0,0
1,0,0,5.275621,6.285527,3.681217,-1.170912,3,1
1,0,0,2.205678,0.560811,0.860311,-0.214682,0,0
0,1,0,0.037481,0.01433,0.312184,-0.124535,0,0
0,0,1,4.557772,3.03544,3.422576,2.648806,4,1
0,0,1,0.613596,0.093279,0.356843,-0.257476,0,0
1,0,0,0.081242,0.154766,0.536394,0.20049,0,0
0,1,0,5.804111,5.005512,2.843532,-2.045822,4,1
0,1,0,0.131842,0.610438,3.123473,0.433507,1,0
1,0,0,-0.072727,-0.318751,0.351283,0.05168,0,0
1,0,0,1.315817,0.259992,1.636512,-0.189916,0,0
1,0,0,1.438751,1.42293,2.888888,0.347458,1,0
0,0,1,0.630001,3.28203,1.879721,-3.287059,2,1
0,1,0,5.202595,6.807217,3.513535,-0.781468,3,1
0,0,1,-0.263733,-0.388166,-0.071441,0.213741,0,0
0,1,0,1.329327,0.502955,2.928039,0.378159,1,0
1,0,0,0.229739,0.107518,-0.242213,0.235908,0,0
0,0,1,2.137182,1.628154,3.623416,3.444815,2,1
1,0,0,3.236168,3.775389,5.137227,-2.201342,4,1
0,1,0,2.745511,0.984156,3.753428,0.344441,2,1
1,0,0,2.315156,2.782191,1.449014,-4.334052,2,1
1,0,0,0.116394,0.554864,0.667196,-0.321735,0,0
0,1,0,4.388499,2.641081,1.492774,4.10583,3,1
0,1,0,0.469598,-0.19967,-0.294183,0.095434,0,0
0,1,0,1.047321,0.677093,6.614713,0.174556,1,0
0,0,1,0.593365,-0.082437,2.482858,0.48282,0,0
0,0,1,3.308668,3.070393,4.390361,2.973765,4,1
1,0,0,2.103446,3.239309,1.27014,-3.169999,2,1
0,0,1,0.353736,0.237724,2.014886,0.025505,0,0
0,1,0,4.309753,0.215763,1.948548,0.222849,1,0
0,1,0,1.079779,0.805833,2.030181,-0.632946,0,0
0,0,1,-0.264136,0.256289,0.113945,0.031287,0,0
0,1,0,2.828427,0.34186,0.599327,-0.105596,1,0
0,1,0,1.407884,3.113147,4.341926,1.116823,2,1
1,0,0,0.742316,1.301399,0.889838,0.319978,0,0
0,1,0,5.040061,3.347286,4.700667,-1.976611,4,1
0,0,1,0.122412,0.365071,-0.263386,-0.263314,0,0
0,1,0,1.906597,1.727959,1.276819,1.666052,1,0
0,1,0,0.926614,0.819943,1.345542,0.054131,0,0
0,0,1,0.782382,-0.057757,-0.674548,-0.348666,0,0
1,0,0,2.207598,3.410594,3.28646,1.462303,2,1
0,0,1,0.759684,-0.497297,0.127921,-0.008941,0,0
0,0,1,4.341552,3.743352,3.306233,-1.532878,4,1
0,0,1,1.865048,3.88127,3.124874,0.844647,2,1
0,1,0,1.08647,1.094866,1.462896,0.868038,0,0
0,1,0,5.020475,0.021346,3.991823,-0.372828,2,1
0,1,0,-1.105994,-0.356937,-0.573818,-0.408377,0,0
0,1,0,3.298293,2.687136,4.345972,2.470459,4,1
1,0,0,4.710875,2.498409,3.465177,2.637093,3,1
0,1,0,0.548343,2.030986,0.783781,-0.175064,0,0
0,0,1,-0.205914,-0.224953,0.479666,-0.242354,0,0
1,0,0,0.32395,-0.021526,0.214997,-0.033869,0,0
1,0,0,2.729268,1.441207,1.842225,-0.552109,1,0
1,0,0,0.613238,0.060389,0.210753,0.140249,0,0
0,0,1,0.078187,0.494928,-0.025497,-0.197489,0,0
0,1,0,5.220377,3.654058,5.551212,0.037405,3,1
0,0,1,2.078625,1.488876,2.94219,1.391997,1,0
0,1,0,0.70422,-0.20961,-0.17042,0.142532,0,0
0,1,0,0.175924,-0.174425,-0.040872,-0.014104,0,0
1,0,0,4.788326,4.324929,6.389521,-2.3559,4,1
1,0,0,-0.259991,-0.123356,0.55706,0.325842,0,0
1,0,0,-0.831736,0.088546,-0.095347,0.071784,0,0
0,0,1,4.031193,1.689726,3.267282,3.893657,3,1
0,1,0,-0.381958,-0.442167,-0.244299,0.112464,0,0
1,0,0,3.991777,0.185462,2.245956,-0.146528,1,0
0,1,0,-0.328534,0.769501,0.247017,0.026201,0,0
0,1,0,0.704985,1.397782,1.475047,0.32089,0,0
1,0,0,3.196802,0.248299,1.168503,0.019611,1,0
0,0,1,1.420601,-0.120721,2.14794,-0.236287,0,0
1,0,0,4.250248,5.263427,2.730741,0.759375,3,1
0,1,0,6.020035,0.391455,2.278911,-0.015939,1,0
0,1,0,1.961859,0.735822,2.372173,-0.041887,0,0
1,0,0,6.535975,3.873341,3.170031,4.113139,4,1
0,1,0,2.963761,2.871132,1.864121,-2.180676,3,1
0,1,0,3.668283,2.572865,2.301899,4.47067,3,1
0,0,1,-0.214756,-0.474352,0.266084,-0.095039,0,0
0,1,0,1.973103,0.804572,0.631546,0.023754,0,0
1,0,0,0.420692,-0.482291,-0.248737,-0.132599,0,0
0,1,0,1.524923,0.934388,1.188729,0.311547,0,0
1,0,0,0.357025,-0.627403,0.028712,-0.170486,0,0
0,0,1,1.267327,2.840307,3.216481,-1.790591,3,1
1,0,0,1.63477,2.573561,6.498263,0.812459,2,1
0,0,1,0.616116,1.558915,8.512376,0.043384,1,0
0,1,0,0.884864,-0.560962,0.40793,-0.094187,0,0
1,0,0,-0.024486,-0.29252,-0.116928,-0.493099,0,0
0,1,0,6.303407,8.197434,6.080007,-0.685959,3,1
0,1,0,2.079683,0.440076,0.63024,0.549704,0,0
1,0,0,4.237964,0.457621,2.454346,0.031555,1,0
0,1,0,-0.410065,0.212368,0.295708,-0.013538,0,0
0,0,1,1.882753,0.866707,0.947852,-0.378998,0,0
1,0,0,3.851004,3.834493,8.995861,-3.597666,4,1
0,1,0,1.618436,4.74959,5.708883,1.719482,3,1
0,1,0,1.805007,0.75665,-0.340551,-0.325948,0,0
0,1,0,1.250382,0.537094,3.135123,0.412812,1,0
0,0,1,3.72772,3.507975,3.540614,3.498266,4,1
1,0,0,2.51165,0.151693,0.448981,0.106482,1,0
0,1,0,0.465555,-0.063973,-0.189417,-0.405433,0,0
0,0,1,0.335905,0.538871,0.198086,-0.167324,0,0
0,1,0,5.386577,2.20895,4.004411,4.067372,3,1
1,0,0,0.876612,0.112543,-0.198899,-0.10684,0,0
0,0,1,0.044407,0.907448,0.307975,0.391607,0,0
0,0,1,2.930096,4.38679,4.807893,-0.832776,3,1
1,0,0,3.08079,1.440713,2.335473,-3.438816,2,1
0,1,0,0.523325,0.565234,-0.027589,-0.098179,0,0
1,0,0,3.189198,0.993142,3.283541,0.711458,2,1
1,0,0,0.523504,0.281165,-0.367857,-0.237723,0,0
0,1,0,2.091544,3.229135,1.324214,0.808193,1,0
0,0,1,5.905957,0.070166,3.523846,-0.234667,2,1
1,0,0,5.912886,3.308946,4.670659,-1.048503,3,1
0,1,0,1.164578,0.158522,-0.194899,0.0217,0,0
1,0,0,0.20711,0.247983,-0.465751,-0.190673,0,0
1,0,0,0.607928,-0.486814,0.103415,0.321908,0,0
0,0,1,-0.020104,0.472405,0.297247,0.191172,0,0
0,0,1,0.455563,-0.13165,0.012431,-0.062082,0,0
1,0,0,1.513135,0.209948,1.385243,0.169462,0,0
0,1,0,3.235342,0.333967,5.225413,-0.223737,2,1
1,0,0,2.721886,0.524192,2.946747,-0.101012,2,1
1,0,0,-0.138005,0.060882,0.573994,0.363462,0,0
0,1,0,2.058521,0.643275,1.004526,0.194143,0,0
0,0,1,0.655223,0.29856,0.386563,0.114171,0,0
0,0,1,2.80272,-0.182847,1.331171,0.102099,1,0
0,1,0,0.366058,0.586349,0.295205,0.004161,0,0
1,0,0,-0.329559,0.01102,-0.088171,-0.049798,0,0
0,1,0,0.942297,1.137259,1.573149,0.371885,0,0
0,0,1,3.905618,6.749883,5.103532,-1.079424,3,1
0,1,0,-0.047225,0.320246,0.223138,-0.035319,0,0
1,0,0,0.487831,0.669343,0.32285,-0.282981,0,0
0,1,0,-0.487905,0.039767,-0.115725,0.187301,0,0
1,0,0,5.056471,1.734564,2.65131,3.674863,3,1
1,0,0,0.422292,0.12972,0.26588,-0.201807,0,0
1,0,0,2.140541,1.73933,1.396393,-2.502574,1,1
1,0,0,5.235131,0.224014,2.414693,-0.384621,1,0
1,0,0,2.786028,1.990097,1.75439,3.232343,2,1
0,1,0,2.417082,0.630116,0.368076,-0.265218,0,0
1,0,0,3.894823,1.680545,4.155285,3.447316,3,1
0,0,1,1.478367,0.85317,0.470674,-0.662928,0,0
1,0,0,4.622546,0.365345,3.76164,-0.505402,2,1
1,0,0,0.071892,0.062549,-0.101853,0.035638,0,0
1,0,0,1.273181,3.236395,2.656228,0.887433,2,1
1,0,0,5.636043,2.1831,2.158995,3.666747,2,1
1,0,0,0.240061,-0.056186,0.332889,0.28538,0,0
0,0,1,1.845656,1.220246,1.904815,-0.058157,0,0
0,1,0,2.548711,3.141327,5.237936,1.578166,4,1
0,1,0,1.367122,0.582753,1.998482,-0.001801,0,0
0,1,0,1.300653,2.117199,4.581832,0.741325,1,0
0,0,1,1.31024,-0.112763,0.723495,-0.065836,0,0
0,0,1,4.458264,3.859695,6.111594,-0.613163,3,1
1,0,0,4.866338,2.195144,2.816612,2.86116,3,1
0,1,0,5.55895,0.188668,3.216524,-0.140789,2,1
0,0,1,0.751149,-0.021719,-0.113412,-0.12555,0,0
1,0,0,0.180994,-0.012548,0.231355,-0.195044,0,0
1,0,0,-0.920115,0.061335,0.245248,0.09596,0,0
0,1,0,-0.410634,-0.608509,0.024997,0.081669,0,0
0,1,0,2.51343,0.092671,3.044775,-0.274736,2,1
0,0,1,3.98272,2.369274,2.302296,4.802638,2,1
1,0,0,0.006053,0.272009,-0.069458,-0.440586,0,0
0,1,0,2.774317,1.502625,3.18105,0.433049,2,1
1,0,0,2.820869,3.655366,2.97558,0.690672,3,1
0,0,1,1.301442,0.874221,2.045419,-0.170385,0,0
1,0,0,0.691478,3.451588,2.840897,-3.463327,3,1
0,1,0,0.543723,3.483663,2.377559,-3.592214,2,1
0,1,0,1.148498,0.491226,2.516949,0.543223,1,0
0,1,0,0.037788,0.805647,2.325735,0.035043,0,0
0,1,0,1.393576,0.699214,1.666636,0.044095,0,0
0,1,0,1.026749,0.69622,-0.389135,0.010672,0,0
1,0,0,0.143763,-0.611896,0.348184,-0.036561,0,0
0,1,0,1.559767,2.615999,3.542082,1.610166,3,1
0,1,0,4.635043,1.127714,2.547599,-0.410401,2,1
1,0,0,1.496193,0.378204,3.034026,0.398115,1,0
1,0,0,3.74421,5.954391,4.203915,-1.728748,4,1
0,0,1,-0.138755,-0.290034,0.342122,0.5127,0,0
0,1,0,1.001594,2.181976,3.424398,-0.092401,1,0
1,0,0,1.444947,3.125219,2.835621,-2.683203,3,1
0,1,0,2.235064,0.866801,1.583563,0.312529,0,0
0,1,0,1.090917,1.09864,3.608675,-0.294641,1,0
1,0,0,1.633301,0.963605,1.675801,0.163282,0,0
0,0,1,2.809892,3.600045,5.353255,-2.336833,4,1
0,1,0,-0.503536,0.168956,-0.291437,-0.220274,0,0
0,0,1,4.548403,3.917351,4.082726,-0.134257,3,1
0,1,0,5.446496,7.31363,6.389658,-2.301687,4,1
1,0,0,2.823739,3.007246,4.762975,0.24234,3,1
0,1,0,0.179885,0.515494,-0.378423,-0.258973,0,0
0,0,1,0.264048,0.398929,-0.129082,-0.317567,0,0
0,1,0,1.117375,0.428626,0.373061,-0.160676,0,0
0,1,0,0.312005,0.673878,0.270467,0.141315,0,0
0,1,0,3.607255,2.421805,3.905631,2.544275,3,1
0,1,0,0.11534,0.34231,-0.462644,0.2006,0,0
0,0,1,3.186753,1.587355,5.296073,-0.053364,2,1
1,0,0,5.84109,5.608471,3.881065,-2.135837,4,1
1,0,0,2.954627,1.570124,5.092539,-0.3159,2,1
0,0,1,0.270809,-0.016517,0.53437,0.061753,0,0
0,1,0,-0.489064,-0.253752,0.650609,0.040213,0,0
0,1,0,4.036062,4.651237,5.587459,-1.260445,3,1
1,0,0,2.20238,0.386615,1.738983,0.012704,0,0
0,0,1,-0.18042,-0.045495,-0.257975,0.275862,0,0
0,0,1,3.690139,3.398505,4.007083,1.45843,3,1
0,1,0,1.486441,0.748042,1.390711,0.011381,0,0
0,1,0,1.486356,1.351918,5.485156,0.122449,1,0
1,0,0,0.392808,0.529911,0.970454,-0.412064,0,0
1,0,0,1.062867,0.376729,0.275382,-0.306993,0,0
0,0,1,0.657117,0.370812,0.452405,0.217184,0,0
0,0,1,3.546737,2.300972,2.37559,2.689774,2,1
1,0,0,1.831368,2.866866,2.864234,-1.804215,3,1
0,1,0,1.326277,0.611162,4.063453,0.538506,1,0
1,0,0,0.504053,0.961967,0.330966,-0.235568,0,0
1,0,0,0.511068,2.855654,1.558778,-2.757648,2,1
0,0,1,1.329476,4.977645,2.700965,-2.340735,3,1
0,1,0,1.195703,0.291576,5.951421,0.707109,1,0
0,0,1,5.636735,5.146566,5.915692,-1.928488,4,1
1,0,0,1.569217,0.408232,7.366822,1.189168,1,0
0,0,1,1.857292,1.559104,2.359298,0.883648,0,0
0,1,0,0.12774,0.197161,-0.911298,-0.213821,0,0
1,0,0,0.024435,0.56404,-0.031086,0.08708,0,0
0,0,1,2.95647,1.387921,3.158274,0.349509,2,1
1,0,0,1.443891,3.527115,3.142881,1.340776,2,1
0,1,0,1.528143,1.545708,7.239658,0.377646,1,0
1,0,0,1.307829,0.823644,1.483273,0.610406,0,0
0,0,1,3.058664,4.290503,5.402765,-0.458662,3,1
1,0,0,0.35058,0.481043,0.248312,0.253507,0,0
1,0,0,1.557067,0.981685,3.058938,0.664273,1,0
0,0,1,4.050055,3.111101,6.033433,-2.350572,4,1
1,0,0,1.994077,0.925017,3.406795,0.712303,1,0
0,1,0,2.516273,3.216776,4.254679,2.672153,4,1
0,0,1,-0.387105,-0.081763,-0.327914,0.131659,0,0
1,0,0,1.128509,0.782332,1.486263,0.173242,0,0
1,0,0,4.41946,3.200871,5.558036,-0.946983,3,1
0,1,0,-0.157213,-0.31687,-0.428493,0.197303,0,0
1,0,0,4.600691,7.052737,3.124771,-1.888204,4,1
1,0,0,1.595691,0.80123,1.950473,-0.086848,0,0
1,0,0,-1.333036,-0.285611,-0.170707,0.309025,0,0
1,0,0,2.932935,1.685435,0.201793,2.876226,2,1
1,0,0,-0.061909,0.803736,0.477795,0.32244,0,0
1,0,0,2.294883,0.59989,1.172614,0.106252,0,0
0,1,0,2.589612,0.181682,6.009335,1.240548,2,1
0,1,0,-0.292804,-0.525958,-0.615356,0.089875,0,0
1,0,0,-0.364378,0.044728,0.733152,0.075036,0,0
1,0,0,2.155838,2.074931,2.938533,0.754626,1,0
1,0,0,0.040574,0.300465,-0.770712,0.078822,0,0
0,0,1,3.154525,0.401218,0.415712,0.524144,1,0
1,0,0,3.925237,0.388496,3.156201,-0.195477,2,1
0,1,0,1.609693,1.556642,-0.01185,-2.070174,1,0
0,1,0,5.009904,6.211981,5.707501,0.47224,3,1
0,0,1,0.01053,0.156892,-0.130496,0.272009,0,0
0,0,1,0.990442,0.610393,-0.237287,-0.158473,0,0
1,0,0,0.494814,0.477916,1.441262,-0.255579,0,0
1,0,0,2.908527,0.052608,2.796741,1.758928,3,1
0,1,0,-0.186598,0.562611,0.034549,-0.069993,0,0
0,0,1,0.96994,-0.221748,0.343676,-0.351425,0,0
0,0,1,4.236349,7.98177,5.12068,-3.453366,4,1
0,1,0,0.430931,0.480928,0.35424,0.131511,0,0
0,0,1,0.730898,0.785294,1.515245,0.215695,0,0
0,0,1,3.559319,1.735692,3.126874,1.7701,3,1
1,0,0,0.355988,-0.44263,0.005892,0.127214,0,0
1,0,0,-0.567413,0.050369,0.754442,0.164572,0,0
0,1,0,2.353271,2.485343,2.323781,-2.702653,1,1
0,1,0,5.330334,3.735178,6.669513,-1.400289,3,1
0,0,1,1.067589,-0.21835,0.403051,0.083587,0,0
0,0,1,1.812634,0.289476,0.162889,0.44351,0,0
0,0,1,0.629519,1.594896,4.948553,0.9565,1,0
0,1,0,4.518528,4.732417,5.973095,-2.756391,4,1
1,0,0,3.263613,2.028253,3.141415,0.527577,2,1
0,0,1,2.634198,0.567729,1.575575,0.300022,1,0
0,1,0,2.32999,4.032583,5.23216,-1.126304,2,1
0,0,1,5.491923,4.143854,3.1274,-1.954321,4,1
1,0,0,1.146204,1.461691,2.215858,0.164029,0,0
0,1,0,6.338367,0.758115,3.514251,0.374923,2,1
1,0,0,1.567659,1.553229,2.764113,-0.249307,1,0
0,1,0,4.072003,0.095418,3.456506,-0.593982,2,1
0,0,1,0.242495,0.433669,-0.293972,0.071086,0,0
1,0,0,3.033411,1.150208,2.380796,-0.696468,1,0
0,0,1,0.994433,-0.534611,-0.526388,0.156304,0,0
0,0,1,3.036317,1.795763,5.71712,-0.391944,2,1
0,0,1,0.268734,0.350045,3.53113,0.028101,1,0
0,1,0,-0.454046,-0.153362,2.442938,0.387019,0,0
1,0,0,1.432697,0.828162,3.090837,0.320772,1,0
0,0,1,0.066747,-0.086121,0.623049,0.213535,0,0
0,1,0,1.832192,3.127317,2.741678,-3.492062,3,1
0,0,1,3.180247,1.913996,2.761054,0.097395,2,1
0,0,1,1.887774,0.256739,1.270225,0.173148,0,0
0,0,1,-0.045972,0.49281,0.151791,-0.146511,0,0
0,0,1,5.843476,0.195392,2.611365,-0.259751,2,1
0,0,1,4.277179,2.319544,4.696125,-0.76714,2,1
0,1,0,2.264579,0.129299,0.243426,-0.029592,0,0
1,0,0,5.079988,0.125826,2.30434,-0.456926,1,0
0,1,0,2.703038,2.829794,2.817854,0.341407,3,1
1,0,0,0.740029,1.165437,2.204448,0.542917,0,0
0,1,0,-0.402541,-0.077777,0.500202,-0.107305,0,0
0,0,1,-0.050678,0.649784,0.983514,0.516583,0,0
1,0,0,0.591677,0.010001,0.285168,0.074115,0,0
0,1,0,0.295642,-0.161841,0.015236,-0.141969,0,0
0,0,1,4.453574,7.151355,5.438733,-0.176336,3,1
0,1,0,4.48836,5.237502,4.798021,-1.630369,4,1
1,0,0,1.964227,3.931926,1.929144,-2.910875,2,1
0,0,1,2.584809,0.365251,1.101763,-0.144036,1,0
0,0,1,0.48082,-0.062277,-0.29467,-0.047207,0,0
0,1,0,2.218711,4.299954,4.881906,-1.662853,3,1
0,0,1,2.186496,2.822167,1.124357,0.957316,1,0
1,0,0,4.736825,1.061854,4.717848,-0.238724,2,1
0,1,0,1.293119,1.619543,2.718113,-0.367197,1,0
1,0,0,-0.852262,0.241765,-0.516978,-0.012017,0,0
1,0,0,1.704079,1.251636,1.852046,-0.09381,0,0
0,1,0,1.739823,0.292964,1.752537,0.560648,0,0
1,0,0,3.213938,5.181357,3.824757,-1.925905,4,1
0,0,1,0.571211,0.360815,0.778771,-0.482619,0,0
1,0,0,-0.159913,0.175376,-0.50323,-0.148388,0,0
0,1,0,0.500555,1.227705,1.44889,0.633999,0,0
0,0,1,4.485238,3.53763,1.757546,4.215425,3,1
0,0,1,0.003395,0.45368,0.119615,-0.314183,0,0
0,0,1,0.581256,0.418587,-0.038192,-0.06945,0,0
1,0,0,3.846512,4.791704,3.804977,-0.741726,3,1
1,0,0,2.255061,0.396021,1.118775,0.648362,0,0
0,1,0,3.719334,2.124137,2.545458,3.457896,3,1
1,0,0,1.755358,0.44568,2.121493,-0.626521,0,0
0,0,1,5.304825,4.11889,4.656224,-0.955926,3,1
1,0,0,2.319513,1.131678,0.614754,0.446725,0,0
1,0,0,1.551152,1.180937,1.694072,-0.030528,0,0
1,0,0,4.154254,3.409054,2.871169,4.027839,4,1
0,0,1,2.139028,0.236964,0.648183,0.296424,0,0
1,0,0,3.568275,3.755917,4.379696,-1.691475,4,1
0,1,0,0.121822,0.15593,0.887863,-0.2077,0,0
1,0,0,1.455142,1.173589,0.518198,0.276113,0,0
0,0,1,0.595293,-0.295307,-0.172847,0.043917,0,0
1,0,0,2.265972,2.601719,2.644805,-0.02789,2,1
1,0,0,1.305327,-0.09206,2.331497,-0.111547,0,0
0,1,0,0.199954,1.150941,0.600831,0.649741,0,0
0,0,1,0.007132,-0.345106,0.479336,-0.156312,0,0
1,0,0,3.910484,4.559425,3.223145,-1.542866,4,1
0,0,1,0.276142,4.294595,3.540473,0.227575,2,1
0,0,1,0.430102,0.43429,1.097139,0.201804,0,0
1,0,0,2.165725,0.359247,1.141149,0.379996,0,0
0,0,1,0.377362,-0.326667,-1.316384,0.289315,0,0
0,0,1,2.444294,0.416677,0.579111,0.210919,0,0
1,0,0,1.261271,0.089544,1.641331,-0.274507,0,0
1,0,0,4.238369,1.06428,2.965753,0.0629,2,1
0,0,1,0.410499,1.197245,-0.186135,0.050446,0,0
0,1,0,5.173603,0.616066,2.962639,-0.063556,2,1
0,1,0,1.523574,0.505358,1.115655,0.079468,0,0
1,0,0,0.06566,0.278506,0.802362,0.114552,0,0
1,0,0,0.317134,0.202465,-0.16092,-0.106379,0,0
1,0,0,3.216843,1.889926,3.399525,0.547907,2,1
0,1,0,4.066322,4.022259,3.41987,3.109624,4,1
0,0,1,-0.472579,0.181532,0.449762,-0.264721,0,0
0,1,0,0.202687,0.315914,0.022848,-0.016497,0,0
0,0,1,3.075621,2.977408,4.336973,0.937876,3,1
1,0,0,2.519357,0.723323,0.798377,0.135801,1,0
0,1,0,1.71357,1.36672,2.099823,0.303145,0,0
0,1,0,0.178174,0.202199,-0.3979,0.157149,0,0
0,0,1,4.357808,1.610286,2.268565,2.992217,2,1
0,1,0,0.502758,-0.181395,-0.247122,0.17096,0,0
1,0,0,3.594283,0.61527,2.312679,-0.752334,1,0
0,1,0,0.33862,-0.379844,-0.446043,-0.190649,0,0
0,1,0,2.365685,0.826001,3.751637,0.346436,1,0
1,0,0,1.10756,2.791803,2.115589,-3.539137,2,1
0,1,0,4.564363,0.15038,3.216079,3.398452,3,1
0,0,1,0.353308,0.197603,0.007123,-0.296458,0,0
1,0,0,0.356185,0.522042,0.453396,-0.130646,0,0
1,0,0,0.895612,-0.079116,0.64553,0.001251,0,0
0,1,0,6.237113,4.045817,2.898587,1.779598,4,1
0,1,0,3.710463,1.174041,6.593226,0.066394,2,1
0,0,1,7.626655,6.289822,4.084597,-2.436934,4,1
0,1,0,3.104179,5.069682,3.58568,-0.492222,3,1
1,0,0,1.503666,3.794465,1.430589,0.411463,1,0
0,1,0,4.472084,0.991213,2.521814,-0.583705,2,1
1,0,0,5.190162,5.173567,6.111184,0.077654,3,1
1,0,0,-0.361362,-0.509163,-0.045911,-0.000987,0,0
1,0,0,2.47276,0.795809,1.200376,0.081315,0,0
0,0,1,1.746995,2.228679,4.655469,3.983877,2,1
1,0,0,0.163909,-0.146388,-0.122449,-0.129778,0,0
1,0,0,0.242641,0.228808,-0.369527,-0.335168,0,0
0,1,0,6.121709,3.919461,5.793175,-2.987529,4,1
0,0,1,4.870597,-0.055617,2.125508,-0.229984,1,0
0,1,0,2.821841,1.330016,2.810028,2.388231,3,1
0,1,0,1.006416,0.877203,2.682448,0.65117,1,0
0,1,0,1.960951,1.347549,4.125662,0.862509,1,0
0,1,0,0.834825,0.27676,0.45496,-0.243405,0,0
1,0,0,1.356852,1.983496,6.531434,0.319668,1,0
0,0,1,1.74224,5.126658,2.120015,-3.593523,2,1
1,0,0,5.375812,3.984806,4.742142,-1.718192,4,1
0,0,1,0.99818,0.719407,0.434207,0.492911,0,0
0,0,1,-0.297977,-0.188041,0.455825,0.021383,0,0
0,1,0,0.031574,0.009775,-0.060055,-0.048387,0,0
0,1,0,3.747003,4.893677,4.393527,0.10604,3,1
0,1,0,2.437973,0.046058,7.844185,0.515195,1,0
0,1,0,-0.524291,0.182727,-0.171768,0.058116,0,0
0,1,0,0.680503,0.599599,1.086429,0.088824,0,0
0,1,0,0.165179,0.133955,0.251047,0.088735,0,0
0,0,1,4.538594,0.477462,2.85574,-0.000571,2,1
0,0,1,2.36265,-0.071814,2.125487,0.098274,0,0
1,0,0,2.888737,0.373528,0.599952,0.463902,1,0
0,1,0,-0.046132,0.152098,3.438985,-0.118953,1,0
0,1,0,3.601455,1.034853,3.698334,-0.336359,2,1
0,0,1,1.048016,1.400789,2.452968,0.301153,0,0
1,0,0,4.690994,2.711154,4.29999,-1.817635,4,1
0,0,1,0.1812,0.355181,0.04499,0.190976,0,0
1,0,0,0.55393,0.106966,0.294238,-0.174302,0,0
0,0,1,1.137068,0.708269,2.100576,-0.164622,0,0
1,0,0,1.406872,2.477184,7.539613,-0.173533,1,0
0,1,0,1.336113,2.244098,1.634565,-3.129773,1,1
1,0,0,5.589085,6.918594,6.502001,-1.867865,4,1
0,1,0,2.044194,0.937015,0.710213,0.690658,0,0
0,0,1,1.500705,0.404286,-0.003288,-0.09819,0,0
0,1,0,-0.502043,-0.324589,0.146248,-0.193174,0,0
0,0,1,3.863818,1.438176,4.265853,0.842403,2,1
0,0,1,1.231908,1.612006,6.830295,0.872168,1,0
0,1,0,2.582777,3.301941,2.957334,0.087141,3,1
0,1,0,3.770324,0.526149,1.491222,0.095485,1,0
0,1,0,5.352182,3.960309,3.627561,-1.293635,3,1
0,0,1,-0.16358,0.545284,0.15553,0.038675,0,0
0,1,0,2.591689,1.888097,3.811287,3.400689,3,1
0,1,0,4.088272,2.065249,2.792664,0.453232,2,1
0,0,1,0.563667,0.535653,0.93855,0.236647,0,0
0,1,0,4.359988,0.638309,2.508981,-0.131813,2,1
0,1,0,-0.740907,0.390096,-0.445337,0.282334,0,0
1,0,0,-0.127667,0.433503,-0.33289,-0.115318,0,0
1,0,0,0.875583,1.016964,1.065798,-0.458664,0,0
0,1,0,3.301312,2.420172,3.740103,3.709734,3,1
1,0,0,1.533644,3.073715,4.041447,-0.698464,2,1
1,0,0,0.887841,0.380882,0.482452,-0.204176,0,0
0,0,1,1.278763,2.0239,4.992761,0.091246,1,0
1,0,0,0.426427,0.292575,-0.258133,-0.139933,0,0
0,1,0,2.796062,3.397852,1.851966,3.279384,3,1
0,1,0,6.371441,5.193988,4.27836,-1.22321,3,1
1,0,0,4.516383,4.501985,5.6124,-1.940574,4,1
0,0,1,4.762379,6.159643,5.086936,-1.771574,4,1
0,0,1,-0.179675,-0.41905,0.41391,0.193483,0,0
0,0,1,-0.093569,-0.100273,-0.17931,-0.090073,0,0
0,1,0,-0.436119,-0.419671,-0.481155,-0.244028,0,0
1,0,0,5.480982,4.787088,2.140742,-1.045299,2,1
1,0,0,1.159647,0.846252,1.530962,-0.161079,0,0
0,1,0,0.467932,-0.002754,-0.472911,0.067993,0,0
0,1,0,0.411456,0.728501,0.829529,0.156009,0,0
1,0,0,2.699779,2.241373,3.685458,2.538545,3,1
0,1,0,3.871512,1.515749,6.064289,1.099952,2,1
1,0,0,-0.346746,0.059944,0.4413,-0.280247,0,0
0,1,0,0.685565,-0.0229,0.800924,0.020312,0,0
0,1,0,0.809977,2.332402,2.060829,-3.519205,1,1
0,0,1,2.198507,0.464601,2.679176,-0.131124,1,0
0,0,1,0.965575,0.008372,-0.156893,-0.012159,0,0
0,0,1,1.657616,3.258172,2.888213,1.565508,3,1
0,1,0,2.014573,3.849821,2.447916,0.373226,1,0
0,0,1,1.70145,0.531551,1.099049,0.190667,0,0
0,0,1,0.933088,2.805514,0.948787,-2.636193,2,1
1,0,0,3.828566,0.47042,1.759258,-0.216104,1,0
0,1,0,2.170334,1.225601,3.076759,0.884777,1,0
0,0,1,0.619589,-0.157362,-0.459909,-0.221724,0,0
0,0,1,1.081496,0.296923,1.097644,0.222225,0,0
1,0,0,5.015854,0.501171,3.215923,-0.527226,2,1
0,0,1,-0.572901,-0.090381,0.340403,0.045166,0,0
1,0,0,3.672515,0.689222,3.449839,0.254747,2,1
0,1,0,6.852873,5.474541,5.120264,0.158353,3,1
0,0,1,0.579362,0.943443,1.278748,-0.107278,0,0
1,0,0,4.710753,2.324354,3.546232,-1.657937,3,1
0,0,1,3.269848,2.56074,4.116333,0.132743,3,1
0,0,1,0.729429,0.221785,-0.148014,0.078718,0,0
0,1,0,0.478663,-0.156691,0.324627,-0.046021,0,0
0,0,1,-0.206993,0.135706,-0.009896,0.273902,0,0
1,0,0,-0.529781,0.242877,-0.828594,-0.005154,0,0
0,0,1,2.291929,6.195386,5.524429,-1.657183,3,1
1,0,0,0.54782,0.085304,-0.208716,-0.01984,0,0
0,1,0,3.308042,3.162552,3.013841,3.0539,4,1
1,0,0,-0.559586,0.037129,-0.109691,0.067264,0,0
0,1,0,0.626535,0.159281,-0.181091,0.003528,0,0
0,1,0,1.874361,2.447765,2.821136,-0.945518,1,0
1,0,0,2.038023,2.089814,5.245292,1.557225,2,1
0,0,1,1.073272,1.588974,7.956876,0.623768,1,0
0,1,0,-0.144093,-0.0063,-0.279514,-0.233703,0,0
0,0,1,2.238043,3.072491,0.981495,-1.959796,2,1
0,0,1,5.307499,0.922258,1.022736,-0.057197,1,0
1,0,0,1.264149,0.288325,1.806943,0.084409,0,0
0,0,1,2.472311,3.450731,2.410866,-2.361157,2,1
0,0,1,1.105886,1.353861,1.455005,0.207198,0,0
0,0,1,3.406815,3.340788,1.756406,1.035675,2,1
1,0,0,-0.827992,0.536705,-0.654409,0.372292,0,0
1,0,0,0.074248,-0.438123,-0.34971,-0.117839,0,0
1,0,0,5.544237,7.487895,5.586434,-1.697243,4,1
0,1,0,3.553995,1.547351,3.451178,1.28607,2,1
1,0,0,0.330991,0.680524,0.42236,0.017976,0,0
0,1,0,3.139888,2.491728,4.490355,0.452564,2,1
0,0,1,-0.665065,-0.594124,-0.410348,-0.006695,0,0
0,1,0,-1.418089,-0.56877,0.382377,0.284079,0,0
0,0,1,1.065496,0.718204,1.885457,0.232289,0,0
0,1,0,2.39736,2.199795,3.360916,-2.972393,2,1
0,0,1,1.245653,0.51167,1.61966,0.445188,0,0
0,1,0,0.118668,0.088833,0.749608,-0.004031,0,0
0,1,0,1.563687,-0.139195,1.91687,0.735461,0,0
1,0,0,4.439797,0.841451,0.274168,-0.052466,1,0
1,0,0,0.707753,-0.321516,-0.126503,0.141377,0,0
0,1,0,0.505097,0.131368,0.139581,-0.21959,0,0
1,0,0,-0.061796,0.300758,0.9397,-0.141245,0,0
0,1,0,5.310233,3.83309,8.082768,-0.42399,3,1
0,1,0,0.964524,0.728787,0.025728,0.074528,0,0
0,0,1,1.790619,0.301129,3.018833,0.478891,1,0
1,0,0,1.171767,1.602224,1.921244,0.737203,0,0
0,1,0,3.345536,0.751688,1.553757,0.309348,1,0
0,1,0,5.891204,8.21631,4.842897,-1.602322,4,1
1,0,0,5.214628,3.894189,3.836833,-0.250211,3,1
0,1,0,4.1955,7.702985,6.944755,0.029562,3,1
0,0,1,0.072824,-0.266811,-0.524097,0.370932,0,0
0,1,0,4.574645,0.329049,2.591891,-0.357548,2,1
0,0,1,0.553754,0.237114,-0.351368,0.283241,0,0
0,0,1,4.337534,2.054752,2.577546,-0.033633,2,1
0,1,0,2.657987,1.144805,2.747215,2.782516,3,1
0,1,0,1.444455,-0.062626,1.001893,0.412602,0,0
0,1,0,1.648547,4.57519,1.294225,-4.180225,2,1
0,0,1,0.355339,-0.543715,0.084903,0.077191,0,0
1,0,0,2.743538,1.63846,4.226883,3.440323,3,1
1,0,0,3.425979,0.542681,5.185007,-0.038701,2,1
1,0,0,8.689379,6.581598,3.847593,-1.714332,4,1
0,0,1,1.359854,0.153963,-0.137765,-0.229014,0,0
0,1,0,3.326633,4.150924,4.765299,2.465968,4,1
1,0,0,-0.197378,-0.115947,0.087424,-0.016397,0,0
0,1,0,-0.260518,-0.350551,2.377666,0.380796,0,0
1,0,0,0.914406,1.037132,2.15735,-0.3172,0,0
1,0,0,7.753502,4.382691,3.730724,-1.394153,3,1
1,0,0,4.862102,5.585234,7.126096,-1.347977,3,1
1,0,0,0.230225,0.088278,0.561926,0.151234,0,0
0,1,0,-0.319209,0.556682,0.328257,0.183512,0,0
0,0,1,3.75695,2.654656,2.336746,-0.092385,2,1
1,0,0,4.999295,0.350985,2.126169,-0.089447,1,0
0,0,1,1.731734,1.368354,1.61883,0.403446,0,0
0,1,0,0.980937,0.147359,-0.298692,0.083276,0,0
0,0,1,3.737704,2.82427,3.632585,0.266433,3,1
0,0,1,0.082181,-0.157681,0.140019,-0.040544,0,0
0,0,1,2.611785,-0.097331,2.90607,0.266303,2,1
1,0,0,3.930763,2.450763,3.562105,3.051418,3,1
1,0,0,3.203059,4.871305,5.590097,-1.590695,4,1
1,0,0,8.725826,4.500071,4.486433,-0.944723,3,1
0,1,0,-0.429521,0.10998,-0.329024,-0.221293,0,0
1,0,0,-0.894919,0.61786,0.018346,-0.126816,0,0
0,0,1,0.215663,0.520168,0.979669,-0.36571,0,0
0,0,1,2.374887,2.849809,0.5612,-2.743851,2,1
0,0,1,3.761764,0.851498,2.553997,-0.024964,2,1
0,1,0,5.881304,4.552012,3.588909,-1.391073,3,1
1,0,0,1.117706,1.520859,2.817227,-0.093476,1,0
0,0,1,0.487883,-0.333281,-0.027647,0.203069,0,0
1,0,0,0.462799,-0.233512,0.314272,0.365702,0,0
0,1,0,3.604832,-0.422991,4.653799,-0.027551,2,1
1,0,0,0.655397,3.976531,1.0375,-2.933701,2,1
0,1,0,0.709049,0.26562,1.54897,-0.276488,0,0
1,0,0,0.90769,1.289746,2.47854,-1.760655,1,0
1,0,0,3.46232,1.817182,2.143895,3.276686,2,1
0,1,0,2.20287,1.776025,2.422708,-0.099662,0,0
0,0,1,1.293332,0.737079,1.106707,0.232522,0,0
1,0,0,-0.391376,-0.023025,0.32585,-0.133868,0,0
0,0,1,1.956214,4.327281,1.426189,-2.891336,2,1
0,1,0,1.786634,3.387132,2.051908,0.255795,1,0
0,0,1,2.107765,3.024091,1.588741,-2.040876,2,1
0,0,1,2.087773,0.358204,2.742508,0.759885,1,0
0,1,0,0.121454,0.098926,-0.107374,-0.115971,0,0
0,0,1,1.002566,4.371997,3.109957,-2.545769,3,1
0,0,1,-0.320562,0.036304,-0.200346,-0.27633,0,0
0,0,1,0.741512,0.070998,2.343331,-0.307245,0,0
1,0,0,1.720901,4.148078,2.639161,1.179062,2,1
1,0,0,4.010652,0.652771,4.565108,0.646457,2,1
0,0,1,0.847601,-0.52688,0.465227,0.366472,0,0
0,0,1,2.779399,0.351868,3.03352,-0.330516,2,1
1,0,0,1.529801,0.761451,4.101576,0.123366,1,0
0,0,1,0.09948,-0.077848,-0.168325,0.001685,0,0
1,0,0,1.031002,1.196064,0.994586,-0.110967,0,0
0,0,1,1.394938,1.899967,4.940393,0.086612,1,0
0,0,1,0.959533,0.359733,-0.57272,-0.025544,0,0
1,0,0,-0.064277,0.056666,0.683592,0.053885,0,0
1,0,0,0.715349,-0.205411,0.068365,0.105681,0,0
0,1,0,3.520871,0.518473,1.517864,-0.220583,1,0
1,0,0,3.151435,2.515226,2.351727,1.717389,3,1
0,0,1,1.045983,0.765353,1.211267,0.181838,0,0
0,0,1,3.506436,1.880141,2.054565,2.69888,2,1
1,0,0,0.738149,-0.226106,-0.33831,0.11114,0,0
0,1,0,0.863036,0.716888,0.491095,-0.069945,0,0
0,1,0,2.87344,3.796834,6.463712,-2.517235,4,1
0,1,0,5.062111,0.459628,2.392925,0.062793,1,0
1,0,0,0.058311,-0.220878,0.490764,0.042131,0,0
1,0,0,1.290918,2.993729,1.708026,-3.878919,2,1
0,1,0,0.960198,2.359331,3.095945,0.248682,1,0
1,0,0,-0.088234,-0.215902,-0.179759,-0.100388,0,0
1,0,0,0.395956,0.092339,-0.658401,-0.193417,0,0
0,1,0,4.664131,5.149188,6.852899,-0.243434,3,1
0,1,0,2.858177,2.465556,2.046416,-1.725189,2,1
1,0,0,0.498435,-0.087473,-0.490163,-0.165383,0,0
1,0,0,0.59515,0.199613,-0.524895,-0.121787,0,0
0,1,0,3.956602,0.403284,3.005131,-0.317245,2,1
0,1,0,1.103178,0.411042,2.695745,-0.13728,1,0
0,1,0,0.216591,0.488624,-0.800404,-0.285974,0,0
0,0,1,4.013028,-0.161906,2.453126,-0.703891,1,0
0,0,1,0.194864,0.375401,0.410877,0.038908,0,0
0,0,1,2.163039,2.729871,1.244556,1.521883,2,1
0,1,0,1.249259,0.291872,0.315148,0.028603,0,0
0,1,0,0.36028,0.084193,-0.297373,-0.144888,0,0
0,1,0,1.891521,0.71642,1.791132,-0.319507,0,0
0,1,0,0.558948,0.511599,1.181056,-0.136353,0,0
0,1,0,1.41205,0.633614,1.509369,-0.394417,0,0
0,0,1,1.416394,1.605231,5.117636,0.786081,1,0
0,1,0,-0.067519,-0.35323,-0.494465,0.098544,0,0
0,1,0,1.343191,1.040024,5.139282,-0.385226,1,0
0,1,0,4.541578,3.741006,5.090788,0.525221,3,1
1,0,0,0.747409,2.449935,1.93476,-3.141182,1,1
0,0,1,2.688146,-0.054624,0.710036,0.068322,1,0
0,0,1,0.591986,-0.265098,-0.112485,0.223892,0,0
0,0,1,3.528356,0.418889,2.600323,0.312717,2,1
0,1,0,5.352546,6.225791,6.897016,-0.647445,3,1
1,0,0,-0.279026,-0.009252,-0.062965,-0.037724,0,0
0,1,0,0.486671,-0.069351,-0.403601,-0.008321,0,0
0,1,0,1.828738,1.611368,2.475837,3.208195,1,1
0,0,1,-0.119812,-0.395398,0.224083,-0.024763,0,0
0,0,1,3.038973,0.56903,1.295184,0.073886,1,0
0,0,1,2.914996,0.568226,2.016177,-0.165791,1,0
0,0,1,6.181224,5.149313,6.209823,-0.618244,3,1
1,0,0,4.485318,0.698123,2.276161,-0.205503,1,0
0,0,1,4.113052,4.100353,5.511891,-0.860267,3,1
1,0,0,0.402626,-0.24727,0.088661,-0.12967,0,0
0,1,0,0.157977,0.361856,0.075251,0.280121,0,0
0,0,1,0.169584,-0.184113,-0.149886,0.030685,0,0
0,1,0,1.402523,-0.265417,1.218658,-0.519936,0,0
0,1,0,3.75801,2.007676,1.43096,1.335536,1,0
0,0,1,1.32873,0.389458,0.614105,0.14497,0,0
0,1,0,6.156478,2.904587,6.483698,-1.82693,4,1
1,0,0,0.581524,0.291148,0.271633,-0.262827,0,0
1,0,0,5.840599,0.487007,4.732376,0.228274,2,1
1,0,0,2.065912,1.911435,5.460392,0.175843,1,0
0,1,0,0.394069,0.146258,-0.32638,0.190542,0,0
1,0,0,3.875928,-0.216413,4.205056,0.211209,2,1
0,1,0,5.27526,5.134987,2.493394,-0.316128,2,1
0,0,1,-0.083626,-0.060516,0.317927,-0.298935,0,0
0,1,0,1.676783,0.310894,2.52461,0.593817,1,0
0,0,1,1.602091,2.041772,1.804841,1.24748,0,0
0,1,0,0.187707,0.238827,-0.482922,0.084692,0,0
0,0,1,4.730423,0.240665,4.88503,-0.886768,2,1
1,0,0,0.666161,-0.296881,-0.066937,-0.184848,0,0
0,1,0,2.198591,4.456771,1.761533,-3.213506,2,1
1,0,0,0.932739,2.018331,1.176599,-0.541938,0,0
1,0,0,2.70257,3.553067,3.541321,-0.577217,3,1
0,0,1,0.068533,0.116087,-0.083831,0.032373,0,0
0,0,1,4.708977,4.088305,5.250235,-0.739623,3,1
0,1,0,1.692391,0.530592,4.452797,0.145285,1,0
1,0,0,-0.386202,0.953458,0.145668,-0.244661,0,0
1,0,0,5.990818,5.937694,5.759097,-1.65269,4,1
0,1,0,1.44025,0.833263,2.960299,-0.021825,1,0
0,1,0,0.574277,-0.157254,-0.314878,-0.08267,0,0
0,0,1,2.481869,1.484626,2.59858,1.161102,1,0
0,0,1,5.067579,0.972069,3.192128,-0.828109,2,1
1,0,0,4.801133,0.768186,2.117125,-0.464434,1,0
0,1,0,0.948556,-0.07939,0.108876,0.272661,0,0
1,0,0,1.425827,0.998937,1.21402,0.705494,0,0
0,1,0,2.30837,2.234389,2.192116,1.125381,0,0
0,0,1,0.201874,-0.081808,-0.384748,-0.155209,0,0
0,0,1,3.838584,3.642865,4.626536,2.198071,4,1
0,1,0,-0.651212,0.074901,0.340047,-0.004284,0,0
0,0,1,-0.015931,0.12533,0.292845,0.027454,0,0
1,0,0,3.250578,4.993018,4.44918,-0.983866,3,1
0,0,1,1.595613,1.298347,2.251273,0.127229,0,0
0,0,1,3.065736,1.957468,4.231523,0.41306,2,1
1,0,0,5.137225,0.137699,4.483415,-0.498799,2,1
1,0,0,0.323014,1.149507,2.353131,-0.02847,0,0
0,0,1,0.225084,0.162389,0.159925,0.13476,0,0
0,1,0,0.24892,0.284281,0.459534,-0.0407,0,0
1,0,0,2.071771,0.15182,1.544234,0.454343,0,0
0,0,1,0.102611,-0.136534,0.040564,-0.121718,0,0
0,1,0,1.370883,-0.400589,-0.606645,-0.144067,0,0
0,1,0,1.773719,1.173527,1.316899,-0.211054,0,0
1,0,0,-0.224566,-0.779652,0.011387,-0.015287,0,0
0,0,1,2.250095,0.511187,0.413314,0.364064,0,0
0,1,0,0.434346,-0.10399,0.554441,0.030627,0,0
0,1,0,-0.239549,0.055071,-0.110738,0.212848,0,0
0,1,0,1.121634,1.262807,2.505718,0.336296,1,0
0,0,1,0.463774,0.040411,-0.214731,-0.044701,0,0
0,1,0,0.744383,0.234181,0.128957,-0.100789,0,0
1,0,0,-0.1509,-0.202894,-0.589534,0.23529,0,0
1,0,0,1.69528,1.527634,4.577246,0.002168,1,0
0,1,0,1.462096,2.848226,2.97041,0.801216,2,1
0,0,1,6.359694,0.532055,2.51683,0.081573,2,1
0,1,0,1.000197,-0.732915,1.231597,0.772963,0,0
0,1,0,1.728175,0.988321,1.231036,0.140135,0,0
0,0,1,1.429736,1.937962,4.293793,-0.095213,1,0
0,0,1,2.354224,1.139805,1.540347,0.290001,0,0
0,1,0,0.262699,-0.176275,0.265646,-0.176317,0,0
1,0,0,1.628532,3.091185,2.475519,-2.835484,2,1
0,1,0,1.097492,2.856464,6.58978,0.876325,2,1
0,0,1,1.852989,2.576132,3.101186,0.483924,2,1
1,0,0,3.605382,4.113717,2.68762,-0.15727,3,1
0,1,0,4.327385,-0.124703,2.798919,-0.38121,2,1
0,1,0,1.427943,2.185038,2.382852,-2.782876,1,1
1,0,0,0.564137,-0.18483,0.177866,-0.003122,0,0
1,0,0,0.38522,0.31195,2.114639,0.297276,0,0
0,1,0,1.332939,0.296537,1.260514,0.456568,0,0
0,0,1,3.046309,1.674481,5.390061,3.834598,3,1
1,0,0,1.409838,0.897262,2.448423,-0.181762,0,0
1,0,0,3.749276,0.973602,3.457595,-0.403006,2,1
0,0,1,0.634057,0.46472,0.886796,-0.087406,0,0
0,1,0,3.981995,4.078095,2.417766,3.424794,3,1
0,0,1,1.897602,0.553154,1.155919,0.034174,0,0
0,0,1,-0.010802,0.792326,-0.166527,0.331854,0,0
0,0,1,0.286396,-0.290221,0.462024,0.174474,0,0
0,0,1,2.806415,4.093794,2.138388,-0.079418,2,1
1,0,0,2.359146,0.826789,4.083205,0.790358,1,0
1,0,0,2.062932,3.269045,0.709718,2.666816,2,1
0,0,1,-0.828216,0.261555,-0.409265,0.226481,0,0
0,1,0,2.127481,0.516142,2.856924,0.002931,1,0
0,1,0,4.3409,3.605113,3.592275,2.482711,4,1
1,0,0,-0.016575,-0.437153,-0.603837,0.005712,0,0
0,1,0,1.492956,0.492729,-0.368174,-0.153455,0,0
0,0,1,-0.401787,0.737383,-0.033585,0.056212,0,0
0,1,0,0.390444,-0.590746,-0.026352,-0.028509,0,0
0,1,0,0.991877,0.780008,1.004785,-0.018122,0,0
1,0,0,-0.085214,-0.236754,-0.040643,0.048452,0,0
1,0,0,3.008741,2.263294,2.117809,-3.398058,2,1
1,0,0,-0.40581,0.204229,0.646412,-0.391264,0,0
0,1,0,0.518937,0.72573,-0.986524,-0.217966,0,0
1,0,0,0.522037,1.340854,3.87827,0.540678,1,0
1,0,0,1.033472,0.446285,0.913681,0.45186,0,0
0,1,0,2.070097,1.378655,3.714138,0.344095,1,0
0,1,0,3.22009,2.626771,3.840141,2.199167,4,1
0,0,1,0.8841,0.239288,-0.188148,-0.288571,0,0
1,0,0,1.937145,4.302714,0.646731,-3.125423,2,1
0,1,0,0.160185,-0.393348,0.070666,0.048379,0,0
0,0,1,-0.384085,-0.716015,-0.073077,0.226808,0,0
1,0,0,1.911627,1.06504,2.182167,-0.093602,0,0
1,0,0,6.196138,4.702213,3.792424,-1.405594,3,1
0,0,1,-0.432542,-0.239164,0.144581,0.575158,0,0
1,0,0,1.070658,2.463961,5.661413,0.273568,1,0
1,0,0,2.663759,1.135644,5.308062,0.810619,2,1
1,0,0,5.932162,3.11144,4.752813,-0.880358,3,1
0,1,0,0.207916,-0.421191,0.135314,0.024753,0,0
0,0,1,-0.257193,-0.212151,-0.03446,-0.023885,0,0
1,0,0,0.621852,-0.377472,-0.343629,0.031495,0,0
0,1,0,4.650317,2.679178,3.787113,2.312376,4,1
1,0,0,-0.612897,-0.746793,0.220699,-0.353872,0,0
0,0,1,0.487625,1.137721,8.182685,0.515978,1,0
1,0,0,0.03415,-0.136595,0.575669,-0.282452,0,0
0,1,0,2.399716,1.017861,5.427343,0.295073,1,0
0,1,0,2.913337,0.31455,1.469115,-0.397751,1,0
1,0,0,0.038204,0.74902,2.453422,-0.018703,0,0
1,0,0,-0.460199,-0.14155,0.508513,0.0462,0,0
0,0,1,4.745308,4.023884,2.672282,1.182903,3,1
0,0,1,4.471488,6.299713,3.906139,-1.114274,3,1
0,1,0,3.196908,2.687625,3.672097,3.311379,4,1
0,0,1,3.305907,4.17337,7.436976,-2.572638,4,1
0,1,0,-0.158586,0.158984,0.115996,-0.390072,0,0
0,0,1,5.516096,0.833309,3.17032,2.134806,3,1
0,0,1,3.436939,3.356115,2.668124,2.970635,4,1
0,0,1,6.790532,5.03259,5.254577,-1.439604,3,1
1,0,0,6.277842,3.218452,3.273907,-1.026606,3,1
0,0,1,-0.183842,-0.151178,0.116156,-0.108539,0,0
0,1,0,1.048527,-0.179879,0.384412,-0.177806,0,0
0,1,0,3.417074,6.310826,3.41312,-0.076616,3,1
1,0,0,4.026845,3.764067,5.33725,-0.341309,3,1
1,0,0,1.533916,0.843189,3.412449,0.101126,1,0
0,1,0,0.065298,0.813269,0.07379,0.038982,0,0
1,0,0,0.522431,0.158805,0.334053,-0.203451,0,0
1,0,0,1.3794,4.640991,4.019462,-3.496511,3,1
0,1,0,-0.122866,-0.300645,0.358431,-0.171443,0,0
0,1,0,0.459432,-0.434186,0.603761,0.1448,0,0
0,0,1,0.655588,-0.223926,0.627318,0.152729,0,0
0,1,0,-0.516097,-0.063467,-0.33584,0.243963,0,0
0,0,1,0.947306,2.842037,2.512661,-2.886481,3,1
0,0,1,3.473738,1.692355,3.741544,1.366737,2,1
1,0,0,0.869568,0.529167,2.581992,-0.682374,1,0
1,0,0,0.693564,-0.345538,0.190663,-0.025626,0,0
1,0,0,1.496995,2.645333,0.518126,-2.602331,2,1
1,0,0,0.292512,-0.082203,0.345245,0.058237,0,0
1,0,0,-0.905329,-0.239625,-0.07271,0.428697,0,0
0,1,0,-0.338745,0.447492,1.280752,0.0983,0,0
0,0,1,3.966373,6.806345,4.751609,-1.71324,4,1
0,1,0,1.268332,0.129197,5.964242,1.071128,1,0
1,0,0,-0.162451,0.328643,0.591407,-0.247921,0,0
0,0,1,0.893606,0.826446,1.446455,0.395985,0,0
1,0,0,-0.632224,0.453577,-0.323565,0.162655,0,0
0,0,1,2.381161,2.395418,2.482752,0.529031,0,0
0,1,0,-0.060138,-0.489698,1.140377,-0.207486,0,0
1,0,0,6.337747,0.624685,3.469308,-0.226937,2,1
0,1,0,2.488879,3.291099,2.48819,1.418327,1,0
0,0,1,3.661227,0.045897,2.074996,-0.047155,1,0
0,1,0,0.456868,0.231188,0.485037,0.10252,0,0
0,0,1,0.342348,-0.321148,-0.219577,0.163062,0,0
0,0,1,0.351341,1.482551,2.505777,0.520763,1,0
0,0,1,2.265679,1.861355,3.518245,0.200077,1,0
1,0,0,3.170824,0.104064,5.722429,0.541662,2,1
0,0,1,2.460236,2.667507,4.017632,0.540584,2,1
1,0,0,4.252915,1.642135,5.110901,0.605389,2,1
0,1,0,0.605646,0.421357,-0.245992,0.036316,0,0
1,0,0,0.424778,1.610484,3.770622,0.281996,1,0
1,0,0,-0.139912,0.661895,0.231845,-0.445069,0,0
0,0,1,0.006073,0.030582,0.532057,-0.116253,0,0
1,0,0,2.246524,1.234855,3.128368,1.150595,1,0
1,0,0,0.591584,-0.364654,0.515313,0.325091,0,0
0,1,0,0.708565,-0.508882,-0.03951,-0.014363,0,0
1,0,0,0.51184,1.174103,1.434525,-0.127232,0,0
1,0,0,-0.30626,-0.025018,-0.193058,-0.26944,0,0
0,0,1,-0.334257,0.769488,-0.544676,0.07212,0,0
0,0,1,0.477145,0.13896,0.092899,0.178585,0,0
0,1,0,1.380144,0.943893,2.109386,-0.151965,0,0
1,0,0,3.410157,1.016168,1.717861,0.393159,1,0
1,0,0,0.745446,1.10382,1.191733,0.472465,0,0
0,0,1,0.551015,0.292886,0.032095,-0.204965,0,0
1,0,0,0.006248,0.498207,0.121856,-0.158525,0,0
1,0,0,2.168299,2.216582,1.975928,0.408497,0,0
1,0,0,5.871313,3.061471,7.132951,-2.179297,4,1
0,0,1,-0.039299,0.627022,0.539025,-0.324226,0,0
0,1,0,-0.769704,0.667738,0.14717,0.282584,0,0
0,0,1,0.67978,0.560996,0.403213,-0.066772,0,0
0,0,1,3.038039,1.282902,2.089495,0.554251,1,0
0,1,0,2.296652,2.48052,1.056386,1.557296,1,0
0,0,1,3.065077,0.514687,2.118164,-0.44687,1,0
0,1,0,-0.024268,0.492062,-0.279027,-0.217064,0,0
1,0,0,4.709173,3.926018,2.203193,-1.864102,3,1
0,0,1,3.244,2.015367,3.356491,0.518345,2,1
0,1,0,-0.930027,-0.246606,0.36274,0.298653,0,0
1,0,0,-0.704452,0.760758,0.241043,0.311873,0,0
1,0,0,0.546064,-0.769846,-0.035199,-0.250643,0,0
0,1,0,2.009366,2.812994,5.001333,0.902299,2,1
0,0,1,-0.123515,0.161437,-0.001957,-0.107565,0,0
0,0,1,6.183786,4.711827,3.510266,-0.710458,3,1
0,0,1,1.042905,-0.471336,0.477879,-0.161474,0,0
0,1,0,1.938164,2.395639,1.682542,0.144153,0,0
1,0,0,0.013257,0.678854,0.369384,0.191607,0,0
0,0,1,-0.781255,0.448781,0.101627,0.134032,0,0
0,0,1,0.183795,-0.747297,0.362541,-0.064693,0,0
1,0,0,0.328341,-0.265243,0.081731,-0.086627,0,0
0,1,0,0.503868,0.559493,0.103605,0.096921,0,0
1,0,0,3.294332,0.416036,2.303693,-0.481503,1,0
1,0,0,1.727128,-0.202611,3.143151,0.867635,1,0
1,0,0,2.804251,0.435181,0.886921,0.340968,1,0
0,0,1,2.202434,0.712181,0.214039,-0.009393,0,0
0,1,0,1.284026,2.463545,5.850141,0.41453,1,0
0,0,1,0.402862,-0.281993,1.028686,0.162438,0,0
0,0,1,0.509364,0.669068,0.373757,0.359484,0,0
0,0,1,1.062248,0.635256,0.127819,-0.169277,0,0
0,1,0,0.566273,0.640486,2.291141,0.402288,0,0
0,1,0,-0.189525,-0.142905,0.107166,0.024956,0,0
1,0,0,2.287849,0.020376,-0.244593,-0.441529,0,0
0,0,1,1.197546,0.065235,0.627372,0.224661,0,0
0,0,1,3.143459,3.139714,3.019057,0.677438,3,1
0,1,0,1.796774,2.73138,3.782621,0.75563,2,1
0,1,0,0.064993,0.143971,0.334666,-0.008328,0,0
0,1,0,0.297735,0.584996,-0.227254,-0.40666,0,0
1,0,0,0.83021,1.25278,2.771301,0.642174,1,0
0,1,0,0.008166,0.203356,0.446552,0.062196,0,0
1,0,0,0.083691,0.929332,-0.665312,0.222489,0,0
0,1,0,-0.086479,-0.357963,-0.09876,0.108986,0,0
0,0,1,5.51311,3.640307,7.365098,-1.314855,3,1
0,0,1,0.366197,0.314544,1.46322,-0.061736,0,0
0,1,0,-0.248346,0.381456,0.371475,0.19938,0,0
0,0,1,1.649208,0.112921,2.649711,0.207643,1,0
1,0,0,0.017463,0.103937,-0.166383,0.201799,0,0
0,1,0,-0.309341,0.521517,0.008546,-0.354512,0,0
0,0,1,4.140146,2.953437,6.646965,-1.761527,4,1
0,1,0,2.695445,3.769349,2.090095,0.248284,2,1
1,0,0,0.712111,-0.039636,-0.027857,0.055437,0,0
0,1,0,2.981022,2.145099,3.688154,2.787161,3,1
0,0,1,5.099045,3.140874,4.270403,-1.017972,3,1
0,0,1,1.326977,4.914699,2.167993,-3.104404,2,1
0,0,1,-0.275307,-0.049505,0.189655,-0.007494,0,0
0,0,1,0.614628,-0.202121,1.244516,0.249478,0,0
0,0,1,3.259976,6.581842,3.128207,-1.885755,4,1
0,0,1,4.418987,2.097778,1.856824,3.127339,2,1
1,0,0,0.339539,-0.368869,0.487212,0.467765,0,0
0,0,1,-0.291937,0.077329,-0.32879,0.000908,0,0
0,1,0,0.889378,0.316703,5.796224,0.210213,1,0
0,1,0,0.014797,0.249581,0.295005,0.196778,0,0
0,0,1,4.890126,6.993658,6.381276,-0.801581,3,1
1,0,0,3.108548,1.167153,3.363354,0.556988,2,1
1,0,0,0.473569,0.197343,0.729553,-0.268379,0,0
0,0,1,0.361537,0.616656,5.319521,0.328265,1,0
0,1,0,6.017723,3.814597,3.32036,-2.250753,4,1
0,0,1,0.209421,0.481753,-0.081692,0.018428,0,0
1,0,0,4.180795,7.044882,3.957079,-2.966066,4,1
0,0,1,0.315693,0.044331,0.51614,0.162469,0,0
1,0,0,0.981924,1.032745,2.077173,0.139123,0,0
1,0,0,2.711393,1.154839,5.462385,-0.168445,2,1
1,0,0,0.540909,0.110572,-0.39101,0.008761,0,0
0,0,1,2.499053,1.111275,0.534268,-0.188787,0,0
0,1,0,-0.973601,-0.207272,0.200457,0.175023,0,0
0,1,0,-0.19945,0.660995,0.305424,0.119403,0,0
1,0,0,-0.038714,-0.077645,0.263398,0.001663,0,0
1,0,0,5.753752,-0.134861,5.131486,0.317656,2,1
1,0,0,5.757055,3.495183,5.230694,-0.669199,3,1
0,0,1,1.139078,-0.114286,0.276352,0.029104,0,0
1,0,0,1.104309,0.350588,1.58039,-0.455393,0,0
1,0,0,0.294191,0.080256,0.664232,-0.141828,0,0
0,0,1,4.031168,0.65024,3.117841,-0.032011,2,1
0,0,1,0.116906,-0.341935,-0.396104,0.041509,0,0
0,1,0,7.625432,5.17555,6.542747,-1.487717,3,1
0,0,1,2.843435,1.696361,4.799898,0.136853,2,1
0,0,1,2.313001,-0.11254,1.703995,0.263323,0,0
0,0,1,0.84152,0.774682,0.849416,0.09752,0,0
0,0,1,1.184563,3.688129,1.704526,-3.235057,2,1
0,0,1,0.723029,0.299917,-0.345803,-0.316435,0,0
1,0,0,0.101532,-0.3174,0.559282,0.336877,0,0
1,0,0,0.40194,0.721698,0.539027,0.180843,0,0
0,0,1,-0.020292,-0.057981,-0.023178,-0.137341,0,0
1,0,0,2.126997,0.086102,0.343332,0.316737,0,0
0,0,1,3.9631,2.508444,7.271105,-0.116849,3,1
1,0,0,4.690459,5.16215,4.8159,-1.43517,3,1
0,0,1,5.570026,0.218447,1.900627,-0.016927,1,0
0,0,1,0.506811,0.043411,0.452411,-0.009405,0,0
1,0,0,2.215028,0.087193,6.157869,0.157157,1,0
0,0,1,5.19417,0.787802,1.601185,-0.767342,1,0
0,0,1,5.042578,4.16289,3.058341,3.390109,4,1
0,0,1,1.564495,1.139882,0.750134,0.734363,0,0
1,0,0,1.848675,2.282793,1.787817,-1.646881,1,0
1,0,0,-0.243886,0.025177,-0.200266,0.111114,0,0
0,1,0,2.499935,0.797916,2.171646,-0.219994,0,0
0,0,1,3.406779,0.533943,1.49838,-0.547311,1,0
0,1,0,0.233696,0.614708,0.401786,-0.30136,0,0
0,0,1,1.09535,0.260946,0.841544,0.091535,0,0
0,1,0,-0.48949,0.365648,0.146608,-0.007078,0,0
0,0,1,2.604259,-0.134514,1.742757,0.251681,1,0
0,0,1,2.464369,0.553693,3.093271,-0.719392,1,0
0,1,0,1.754973,2.540969,2.956531,-1.715074,3,1
0,1,0,1.927573,0.350384,1.543084,-0.75476,0,0
0,1,0,2.274122,2.643323,3.731178,0.163986,2,1
1,0,0,0.680951,0.51388,0.915457,0.253361,0,0
1,0,0,1.662275,0.228899,1.682968,0.197272,0,0
0,0,1,-0.1627,-0.038046,-0.216701,0.067914,0,0
0,0,1,1.64777,0.736945,0.447704,-0.018991,0,0
0,1,0,3.069329,1.098922,6.822528,-0.115786,2,1
0,0,1,-0.016837,0.530471,0.524162,-0.329714,0,0
0,0,1,1.368832,1.014396,0.659623,0.028361,0,0
0,1,0,4.132304,1.186666,2.92418,4.060346,3,1
0,0,1,-0.27656,-0.127225,0.651152,0.401591,0,0
0,0,1,0.825644,3.562698,3.381161,-2.559048,3,1
0,1,0,0.167194,-1.02349,-0.135521,0.28142,0,0
1,0,0,-0.052317,1.437729,1.260165,0.340691,0,0
0,1,0,4.714293,0.06275,3.133211,-0.498529,2,1
1,0,0,5.503418,7.897431,3.899067,-1.999753,4,1
1,0,0,0.726268,1.628119,5.443189,0.031762,1,0
0,1,0,5.177327,2.09455,2.110197,3.721547,2,1
0,0,1,2.263642,1.351387,-0.360322,-0.270712,0,0
1,0,0,1.594232,0.75275,3.113597,0.53222,1,0
0,1,0,2.155857,1.321254,7.416167,0.586163,1,0
1,0,0,0.792008,1.386824,1.488497,0.538962,0,0
0,0,1,0.692142,0.274666,-0.763857,-0.170763,0,0
1,0,0,1.873583,3.132694,2.091907,-2.892405,2,1
0,1,0,0.235637,0.47926,0.137024,0.270555,0,0
0,0,1,0.668792,0.670085,0.180299,0.134289,0,0
1,0,0,4.91802,5.216383,5.358687,-0.99121,3,1
0,1,0,-0.500046,0.414935,0.566902,-0.196805,0,0
0,1,0,2.444049,2.592,2.969218,0.753102,2,1
1,0,0,-0.273558,-0.548038,0.236732,0.178931,0,0
0,0,1,-0.078052,0.152751,-0.389563,-0.186772,0,0
0,0,1,-0.497566,-0.106906,0.488962,-0.158925,0,0
0,1,0,3.961064,2.072835,5.840101,0.007976,2,1
0,1,0,1.567005,0.678698,2.769232,0.292269,1,0
1,0,0,0.838377,-0.188649,0.126668,-0.524882,0,0
1,0,0,0.560051,0.784199,0.2155,0.018505,0,0
0,1,0,3.457779,1.382197,3.473085,0.307786,2,1
0,1,0,-0.616848,0.548525,0.357339,-0.314409,0,0
0,0,1,0.507745,0.16709,-0.08907,-0.023888,0,0
0,1,0,0.101053,0.354929,0.426123,0.000972,0,0
0,1,0,0.675063,0.352222,0.491878,0.135263,0,0
0,1,0,-0.779126,1.363777,1.874444,0.256711,0,0
0,0,1,0.024399,-0.435637,0.44723,0.063295,0,0
0,0,1,-0.389926,0.338094,0.852465,-0.23351,0,0
0,0,1,4.405559,2.22147,1.823067,2.096198,2,1
1,0,0,3.447243,0.724212,2.545979,-0.020221,2,1
0,1,0,1.923127,-0.438851,3.181723,1.674929,2,1
0,0,1,3.84985,3.80428,4.697441,1.365465,3,1
1,0,0,1.702556,1.0883,0.422455,-0.185719,0,0
0,1,0,0.865445,1.034626,1.946583,0.487673,0,0
0,1,0,2.729901,0.285569,4.462043,1.382417,2,1
0,1,0,1.830199,0.95028,4.015343,0.461238,1,0
1,0,0,1.644181,0.869781,1.149094,0.546627,0,0
0,1,0,0.288358,0.376505,-0.201293,-0.088158,0,0
0,1,0,3.352209,3.557155,5.953476,-0.934631,3,1
0,0,1,-0.0188,1.622687,0.287378,0.021022,0,0
0,1,0,5.764196,6.173383,5.351718,-2.56818,4,1
0,0,1,2.861601,2.101702,2.785018,1.295763,2,1
0,1,0,0.165898,0.515856,0.825914,0.177901,0,0
1,0,0,2.120775,0.279196,2.11676,0.153236,0,0
1,0,0,-0.172348,0.616204,0.159188,-0.175803,0,0
1,0,0,5.484494,0.796424,4.189775,-0.247474,2,1
0,0,1,0.057782,-0.161095,-0.121449,-0.073275,0,0
1,0,0,0.073851,-0.023351,-0.344142,-0.232075,0,0
0,0,1,2.619418,0.554627,1.563689,0.381177,1,0
0,0,1,3.526871,2.185878,1.555838,1.035578,1,0
0,1,0,5.439488,3.481949,1.112018,-0.520892,2,1
1,0,0,4.022069,9.133833,7.544139,-1.348707,3,1
0,0,1,2.673675,2.925964,4.663339,0.132308,3,1
0,0,1,4.928736,3.590655,6.907573,-0.361633,3,1
1,0,0,0.911741,0.271371,0.338205,0.429652,0,0
1,0,0,5.676863,-0.152551,3.508438,0.027245,2,1
1,0,0,3.560185,2.455158,2.625603,1.195006,2,1
0,0,1,1.299835,3.722324,1.976229,-1.791193,2,1
0,0,1,2.645036,0.744749,3.806667,5.160365,3,1
1,0,0,1.799836,0.922101,1.706205,-0.174919,0,0
0,1,0,3.504832,0.502538,1.685499,-0.126761,1,0
0,1,0,-0.58398,0.083333,0.729233,-0.037847,0,0
0,0,1,1.393414,3.257054,1.934759,-3.837769,2,1
1,0,0,1.387391,2.970706,2.327097,0.836652,1,0
0,0,1,0.373846,0.780233,0.688639,0.47569,0,0
1,0,0,2.406998,3.791051,1.106852,-3.083524,2,1
1,0,0,5.543938,6.550034,7.536259,-2.366135,4,1
0,1,0,3.616506,-0.073447,3.412162,0.160959,2,1
1,0,0,1.006477,0.079036,0.795244,0.075719,0,0
0,1,0,1.841263,4.100576,2.120791,-3.40014,2,1
0,1,0,1.227725,0.045972,3.365174,0.662219,1,0
1,0,0,0.570347,0.197044,1.788291,-0.278245,0,0
0,1,0,3.453322,3.703598,1.275717,3.182325,3,1
1,0,0,6.797885,2.901071,3.049978,-1.931425,4,1
1,0,0,6.083316,0.183023,3.329686,-0.63194,2,1
0,1,0,0.04358,-0.414036,0.171652,0.186728,0,0
0,0,1,1.981589,1.081054,1.257072,0.06415,0,0
0,1,0,2.338681,0.672807,1.329309,-0.530801,0,0
1,0,0,3.695688,0.428653,3.046887,-0.349787,2,1
0,1,0,0.649436,1.784364,4.707121,1.194264,1,0
0,1,0,-0.213508,0.375037,0.250488,-0.210548,0,0
0,1,0,0.646546,0.18317,0.483001,0.13164,0,0
0,0,1,2.93763,3.217621,0.750926,-3.024994,3,1
1,0,0,0.174843,0.655979,-0.065901,0.083531,0,0
1,0,0,2.804145,0.480334,4.015757,0.826642,2,1
1,0,0,0.724067,3.911064,3.492265,-2.632809,3,1
0,1,0,0.05151,0.081797,-0.197465,0.056334,0,0
0,1,0,2.052353,4.427154,2.656428,-2.670104,3,1
1,0,0,0.584804,0.538089,6.860966,0.369565,1,0
0,0,1,2.063047,-0.371975,1.324036,0.539792,0,0
1,0,0,1.950609,0.550693,0.61714,0.269354,0,0
1,0,0,2.286553,0.569927,2.108136,-0.159484,0,0
1,0,0,0.446209,0.16299,0.185837,0.089656,0,0
0,0,1,0.896553,-0.315243,0.088978,-0.195457,0,0
0,1,0,-0.368893,-0.176651,0.902442,0.084979,0,0
0,0,1,2.847833,4.707795,5.426847,-1.51552,4,1
1,0,0,2.482275,2.033395,3.131647,0.576986,1,0
1,0,0,0.914769,4.288956,1.133409,-1.987324,2,1
1,0,0,1.032749,0.425274,1.591577,0.095884,0,0
0,1,0,2.122167,1.178245,1.047338,0.509461,0,0
1,0,0,1.719863,1.491171,1.221593,-2.556772,1,1
0,1,0,3.713921,3.370737,3.378661,2.314246,4,1
0,1,0,3.322224,0.78433,2.921457,-0.053786,2,1
0,0,1,0.032692,0.601573,0.059759,-0.039314,0,0
0,0,1,6.353045,5.749905,4.912066,-1.716199,4,1
0,1,0,2.359351,1.469407,5.95698,0.498798,1,0
0,1,0,3.137808,3.826993,5.887338,-1.974557,4,1
0,1,0,0.234286,0.302144,-0.178913,-0.08261,0,0
1,0,0,2.611408,3.905941,2.707836,0.447303,3,1
0,1,0,3.815789,1.206024,3.741222,-0.825172,2,1
0,0,1,2.141055,0.836382,0.643562,0.234394,0,0
0,0,1,4.346341,0.79894,2.167556,-0.144016,1,0
1,0,0,-0.1848,0.545666,0.025576,-0.066826,0,0
1,0,0,4.819505,3.906505,3.622934,-0.650883,3,1
0,0,1,4.856163,0.790794,2.823882,-0.369589,2,1
0,1,0,4.590949,3.173295,4.975943,-1.731988,4,1
0,1,0,4.159756,0.433593,2.873639,-0.435333,2,1
1,0,0,-0.08248,0.115261,0.558482,-0.160914,0,0
0,0,1,4.923459,2.5888,6.109879,-1.836437,4,1
0,0,1,-0.211036,0.338569,-0.073096,-0.035198,0,0
0,0,1,2.896074,0.74835,2.069648,0.046534,1,0
1,0,0,0.061774,0.60074,0.092279,0.04087,0,0
0,1,0,2.212158,1.72446,5.354792,-0.558882,1,0
0,0,1,1.071982,3.141839,1.683125,-3.454963,2,1
0,1,0,4.643377,0.681353,2.781088,0.173091,2,1
1,0,0,5.537372,4.015629,7.633213,-1.808572,4,1
1,0,0,2.636319,1.872907,6.096075,-0.770003,2,1
0,1,0,1.650218,0.878494,3.370233,0.390097,1,0
1,0,0,-0.176397,-0.053903,0.318925,0.044953,0,0
0,0,1,3.82079,0.332866,1.942105,-0.702371,1,0
0,0,1,-0.155249,0.641715,0.123669,0.274858,0,0
1,0,0,4.714825,3.282351,6.033143,-1.230139,3,1
0,1,0,0.998948,0.325586,1.332573,-0.172627,0,0
1,0,0,4.03121,2.733593,3.762072,3.166647,4,1
0,0,1,0.749071,0.587891,-0.587908,-0.05953,0,0
1,0,0,0.217285,0.340433,0.504898,-0.129689,0,0
0,1,0,3.431396,4.783993,5.699796,-1.143856,3,1
0,1,0,5.031311,3.357075,4.477177,-1.872127,4,1
0,1,0,-0.208642,-0.405216,-0.347071,-0.218251,0,0
1,0,0,0.637512,2.336233,1.202358,-4.302822,1,1
0,1,0,2.203825,0.859297,5.455304,0.143311,1,0
1,0,0,2.258367,3.321251,3.230997,0.554894,2,1
0,1,0,1.908912,0.730705,0.630823,0.395452,0,0
0,1,0,0.890198,0.353362,1.697916,0.624465,0,0
0,1,0,0.167048,0.237285,0.258142,0.194557,0,0
1,0,0,3.198644,1.223659,2.393676,-0.656743,1,0
1,0,0,0.213081,-0.429114,0.217737,0.168015,0,0
1,0,0,5.190773,4.670811,5.755986,-1.591613,4,1
0,1,0,0.641899,-0.056229,0.739037,0.076319,0,0
1,0,0,-0.027367,1.694662,2.275178,0.625058,0,0
0,0,1,1.98118,0.236216,1.964499,0.290767,0,0
0,0,1,-0.353369,0.249874,-0.066705,0.03357,0,0
1,0,0,0.169171,0.029602,0.323791,0.285824,0,0
1,0,0,0.357774,-0.190621,0.158475,0.112436,0,0
1,0,0,4.673008,0.183154,6.41135,0.159572,2,1
1,0,0,0.084319,-0.228587,0.360256,0.140182,0,0
1,0,0,1.790376,2.156178,1.131459,-2.535155,1,1
1,0,0,2.941531,4.236644,3.809711,2.606817,4,1
1,0,0,0.084331,0.028295,0.037008,-0.065404,0,0
1,0,0,2.72268,4.017107,3.388109,2.150975,4,1
1,0,0,3.157208,0.34762,3.573172,0.399985,2,1
1,0,0,-0.069162,-0.021229,-0.027649,-0.02245,0,0
0,0,1,0.091963,0.071174,-0.294765,0.004633,0,0
1,0,0,1.177153,-0.363384,0.41905,0.1096,0,0
0,0,1,1.022472,0.829981,0.271966,-0.277241,0,0
1,0,0,3.243679,0.980738,3.00838,1.230988,2,1
0,1,0,0.316391,0.387295,2.41198,0.247123,0,0
0,0,1,1.106453,0.49694,3.07154,0.551807,1,0
0,1,0,1.589269,1.187907,4.002909,-0.682875,1,0
0,0,1,1.870103,0.821643,0.142521,0.3344,0,0
0,1,0,4.954368,0.104281,3.090729,-0.351134,2,1
0,0,1,2.755253,1.044756,0.57706,0.573893,1,0
0,0,1,-0.145055,0.398494,0.350999,-0.028188,0,0
1,0,0,-0.033052,-0.497301,-0.30133,0.141577,0,0
1,0,0,-0.090345,0.110282,0.193969,0.06261,0,0
1,0,0,5.875895,2.881565,5.184303,-0.795978,3,1
0,1,0,2.51819,1.00212,1.256898,0.373941,1,0
1,0,0,1.168687,1.451275,3.112161,0.161053,1,0
0,0,1,0.367852,0.204082,0.14631,-0.176723,0,0
0,1,0,4.853805,4.651305,4.685686,0.148958,3,1
1,0,0,0.944708,4.144326,3.357662,-3.302499,3,1
0,0,1,0.74508,0.631079,0.021683,-0.078552,0,0
1,0,0,0.92672,-0.154878,0.053286,0.086858,0,0
0,1,0,-0.743446,-0.082501,0.038834,0.110792,0,0
0,1,0,-0.197079,-0.105508,0.599488,-0.49547,0,0
0,0,1,0.981147,0.370011,2.078285,0.883477,0,0
0,0,1,0.672569,0.0991,-0.386324,-0.2155,0,0
0,0,1,3.13203,-0.087493,4.798278,-0.521654,2,1
1,0,0,2.053406,2.007256,4.035924,1.016956,1,0
1,0,0,5.425278,-0.169581,1.407681,0.050536,1,0
0,1,0,-0.577688,-0.051351,0.112496,-0.238216,0,0
0,1,0,0.425472,0.21828,0.014085,-0.013656,0,0
0,1,0,0.508941,0.329666,-0.589474,0.171,0,0
0,1,0,0.19351,0.33465,0.278192,-0.009964,0,0
1,0,0,1.126337,0.624309,4.744249,0.540065,1,0
0,1,0,1.721085,2.970383,4.118361,-0.37242,2,1
0,0,1,2.641473,2.23633,3.004667,-2.515511,3,1
1,0,0,2.913995,0.006161,4.636162,0.536299,2,1
0,0,1,-0.211957,-0.228801,-0.055158,0.073879,0,0
1,0,0,3.8176,3.060583,4.8047,3.358859,4,1
0,0,1,-0.188934,0.851902,0.248893,0.116934,0,0
0,1,0,2.640825,2.667782,3.45871,2.959477,4,1
0,0,1,-0.28472,-0.168282,0.061741,-0.158853,0,0
0,0,1,0.294171,0.37289,2.595791,0.612127,1,0
0,1,0,5.273702,2.224555,5.875778,-1.494078,2,1
1,0,0,-0.535303,3.281643,2.289837,-3.106156,2,1
0,1,0,6.747864,4.905331,4.055089,0.091479,3,1
0,0,1,4.006878,2.968886,5.846011,0.646271,3,1
0,1,0,0.246783,-0.147459,0.229036,0.05943,0,0
0,0,1,0.978209,3.456403,1.462105,-2.360405,2,1
0,0,1,1.405396,0.707224,3.20739,0.247834,1,0
1,0,0,0.881122,0.036975,0.196707,0.054664,0,0
1,0,0,4.149005,3.946825,2.763881,3.921781,4,1
0,1,0,-0.097632,-0.575203,0.300143,0.056809,0,0
0,0,1,-0.026069,-0.53948,0.614662,-0.223832,0,0
0,1,0,0.831989,0.125545,1.567304,0.096269,0,0
1,0,0,5.221398,0.804762,2.445678,0.462889,1,0
1,0,0,2.49107,1.862476,2.894463,-0.331307,1,0
1,0,0,0.795835,2.560455,2.013261,-2.704302,2,1
1,0,0,-0.137671,-0.96385,-0.810279,0.065015,0,0
1,0,0,0.01949,-0.282982,0.152746,0.06127,0,0
1,0,0,1.048308,0.560628,4.937163,0.223774,1,0
1,0,0,0.787805,-0.427247,-0.134571,0.185237,0,0
1,0,0,2.730896,1.052242,3.476111,1.149156,2,1
0,1,0,0.079834,0.087378,0.304757,-0.371772,0,0
1,0,0,6.339893,4.698447,2.762518,-2.864883,4,1
0,1,0,2.74902,0.650688,1.671079,0.358152,1,0
0,1,0,-0.811746,-0.400171,0.029437,0.070736,0,0
0,0,1,0.676884,0.127461,0.475636,-0.118423,0,0
0,1,0,0.394158,-0.323636,0.126937,0.228421,0,0
0,1,0,3.737902,0.357788,3.047334,-0.068575,2,1
1,0,0,0.734958,2.463867,3.569359,0.869068,1,0
1,0,0,-0.588111,-0.040842,-0.325751,0.380486,0,0
1,0,0,6.869551,5.54108,4.65936,0.713137,3,1
0,1,0,4.239698,0.649985,3.482716,0.032608,2,1
0,1,0,3.88599,0.69293,4.014885,-0.000361,2,1
0,1,0,3.737926,7.144858,8.041698,-2.60212,4,1
1,0,0,2.468276,3.017591,2.563241,-4.210022,3,1
0,1,0,2.683219,1.649375,6.195542,0.117292,2,1
0,0,1,2.45531,0.388506,3.677174,1.052854,1,0
1,0,0,1.519327,0.723166,0.968627,-0.017187,0,0
1,0,0,-0.004741,0.462806,-0.377999,0.086701,0,0
1,0,0,1.605455,1.897652,6.577364,0.336146,1,0
0,0,1,6.255181,4.540627,5.267905,-0.159146,3,1
0,0,1,5.093847,7.819671,7.875928,-2.554222,4,1
0,1,0,0.204116,0.029522,0.114502,0.102357,0,0
1,0,0,-0.335604,-0.140605,0.309149,-0.152421,0,0
0,0,1,1.234681,3.195923,1.471087,-3.27273,2,1
0,0,1,0.70519,0.356251,1.679882,0.201358,0,0
0,0,1,6.699093,0.58092,1.799674,-0.364177,1,0
0,0,1,0.907384,0.097618,-0.207173,0.008864,0,0
0,0,1,0.57134,0.62226,0.501241,0.509045,0,0
0,0,1,4.401214,2.731691,2.951655,2.367228,4,1
0,1,0,0.176711,-0.379848,-0.25871,-0.145732,0,0
1,0,0,-0.3571,1.536587,5.148488,1.325741,1,0
0,0,1,0.699542,-0.359766,0.136407,0.125369,0,0
0,0,1,6.650267,4.816133,3.864698,-2.068242,4,1
0,1,0,-0.582527,0.878903,0.1112,-0.212177,0,0
0,0,1,2.004969,1.547639,5.298655,0.596338,1,0
0,1,0,0.816738,-0.515949,0.966539,-0.027553,0,0
0,1,0,1.485675,1.458273,2.562676,0.196147,1,0
1,0,0,3.105468,3.005271,3.34735,0.804826,3,1
0,0,1,0.80827,0.098929,-0.287185,-0.191557,0,0
1,0,0,-0.056776,0.342444,0.521649,-0.198414,0,0
1,0,0,0.565889,0.285137,-0.170427,-0.115299,0,0
0,0,1,-0.006808,0.330512,0.640214,0.228605,0,0
1,0,0,4.908639,2.986446,2.944032,0.148114,3,1
1,0,0,1.557075,2.010071,4.103591,-0.272709,1,0
1,0,0,2.510448,0.560276,1.24412,0.404296,1,0
1,0,0,0.078978,0.093101,-0.496529,0.01197,0,0
0,0,1,1.924331,1.332485,2.528171,0.029398,1,0
0,0,1,4.16696,4.180683,5.029215,-1.720578,4,1
0,0,1,0.032976,0.137771,-0.145896,0.254789,0,0
0,0,1,1.823267,0.412607,1.073135,0.18836,0,0
0,1,0,0.401947,0.983731,-0.013704,-0.059146,0,0
0,1,0,1.16289,0.169041,2.457393,-0.457683,0,0
0,0,1,-0.156052,0.017397,0.04013,0.038726,0,0
0,1,0,-0.8237,0.009364,0.434492,0.095355,0,0
1,0,0,1.388022,1.828803,7.721336,-0.26557,1,0
0,0,1,1.686399,2.635249,2.204134,1.911148,2,1
0,0,1,3.66524,2.729126,1.228658,-3.071326,3,1
0,0,1,-0.166178,0.48745,-0.523343,0.135377,0,0
1,0,0,1.241216,0.164129,0.58543,-0.001396,0,0
0,1,0,5.034336,0.643898,4.285743,-0.375772,2,1
0,0,1,4.043163,4.113114,5.707654,-0.847374,3,1
1,0,0,1.003981,3.891998,2.508194,1.632904,3,1
0,0,1,2.320578,1.731949,4.882009,-0.377347,1,0
0,1,0,1.813595,2.222939,1.496367,0.703433,0,0
0,1,0,0.80091,0.186516,-0.179165,0.254458,0,0
1,0,0,-0.556082,0.852185,0.189014,0.131765,0,0
0,1,0,2.054806,1.658492,1.535526,-2.256197,1,0
0,0,1,0.559596,1.08665,2.009052,0.402764,0,0
0,1,0,7.195445,7.346368,0.556658,-0.57459,2,1
1,0,0,0.052085,-0.697728,0.012819,-0.245393,0,0
0,0,1,0.161155,0.384133,-0.208612,-0.405554,0,0
1,0,0,5.403503,0.768562,2.240294,-0.265094,1,0
0,1,0,3.090216,2.348563,3.314681,2.523581,3,1
1,0,0,0.708789,0.460001,-0.54138,0.016158,0,0
0,0,1,-0.335462,0.427989,0.243054,0.175058,0,0
1,0,0,-0.131691,-0.210645,0.590425,0.06025,0,0
1,0,0,2.564093,0.26837,0.187345,0.077007,1,0
1,0,0,0.573469,0.028081,0.292696,0.01518,0,0
0,0,1,-0.512155,0.102406,0.389804,-0.20179,0,0
1,0,0,5.839369,3.731871,4.480107,-0.739316,3,1
1,0,0,0.245672,-0.359557,0.022566,-0.277157,0,0
1,0,0,0.32927,0.187304,-0.000109,0.031052,0,0
0,1,0,0.932782,-0.355116,1.887681,0.193135,0,0
0,1,0,-0.422849,-0.093681,0.244021,0.085865,0,0
0,0,1,1.16166,-0.10174,-0.169848,0.034115,0,0
0,1,0,-0.512424,-0.351895,-0.038469,0.266128,0,0
0,1,0,0.576071,0.741545,2.802082,0.057734,1,0
1,0,0,-0.459523,0.215948,0.12231,-0.190761,0,0
1,0,0,0.087432,0.115318,0.006959,-0.059465,0,0
1,0,0,1.930834,4.163018,3.68838,1.911457,3,1
0,1,0,-0.161572,-0.208415,0.09689,-0.322474,0,0
1,0,0,1.164689,0.997122,1.760297,0.083778,0,0
0,1,0,4.077899,1.722757,5.16719,1.369471,2,1
0,0,1,0.179677,0.706204,1.385678,0.897507,0,0
0,1,0,0.230683,0.531149,0.354639,0.114949,0,0
1,0,0,1.37812,0.415853,1.754882,0.259436,0,0
1,0,0,-0.327726,0.347091,0.350461,0.409223,0,0
1,0,0,0.010063,-0.506862,-0.113839,0.119521,0,0
1,0,0,2.132074,0.297521,1.681575,-0.070428,0,0
0,0,1,-0.45153,1.080685,-0.095733,0.426653,0,0
0,1,0,0.349863,0.435098,0.487209,-0.099549,0,0
1,0,0,-0.244533,0.197238,0.315895,-0.235149,0,0
1,0,0,0.493688,-0.210796,-0.082667,0.01441,0,0
0,0,1,-0.020213,0.244894,-0.015226,0.234789,0,0
0,0,1,4.544701,2.563375,3.145958,3.622896,4,1
1,0,0,-0.537255,0.896059,-0.240722,-0.05078,0,0
1,0,0,2.979701,0.704217,3.239116,0.126471,2,1
0,1,0,3.830657,1.890651,4.296381,0.549213,2,1
0,0,1,-0.597061,-0.189569,-0.10939,-0.030457,0,0
0,0,1,4.789283,0.197221,3.09523,-0.473915,2,1
1,0,0,1.052423,-0.261206,0.479605,0.081442,0,0
0,1,0,0.522401,0.776021,2.55564,-0.097646,1,0
0,0,1,9.62496,5.773241,5.727672,-2.531708,4,1
0,1,0,1.822851,1.306225,1.998838,-0.285965,0,0
0,1,0,0.697507,0.248979,1.6952,0.082856,0,0
0,0,1,-0.930289,0.757378,-0.027482,-0.079956,0,0
0,0,1,1.572029,1.77602,2.317105,-3.105547,1,1
0,0,1,1.688767,1.769008,6.214146,0.924885,1,0
1,0,0,2.192534,0.113234,1.399175,0.123175,0,0
0,1,0,0.12637,0.067081,0.500762,0.123608,0,0
0,0,1,2.810971,-0.122448,3.571869,0.012447,2,1
0,0,1,1.912909,0.193038,1.223747,0.000775,0,0
0,0,1,2.690633,0.296155,3.927083,0.855145,2,1
0,1,0,7.09584,4.887503,5.269415,-1.949773,4,1
0,1,0,3.056709,3.732051,4.055778,0.939097,3,1
1,0,0,-1.62079,-0.367254,0.665412,-0.044344,0,0
0,1,0,4.278543,5.251721,4.088263,-0.841038,3,1
0,1,0,-0.186319,-0.029401,0.377966,-0.100151,0,0
0,0,1,1.280106,1.973564,3.130925,-0.357082,1,0
1,0,0,1.358881,0.071489,0.758742,0.019381,0,0
1,0,0,2.398513,3.256539,4.125029,1.505478,3,1
0,1,0,2.150407,2.209868,0.27921,0.060899,0,0
1,0,0,2.155523,1.895589,1.419022,0.898666,0,0
1,0,0,3.6332,4.729265,5.084382,-0.860844,3,1
1,0,0,2.141064,0.701379,3.821696,0.572613,1,0
1,0,0,5.636545,2.785916,4.881984,-2.550403,4,1
1,0,0,-0.165882,0.753302,-0.039214,0.160158,0,0
0,0,1,0.358172,0.482943,0.440917,-0.011738,0,0
0,0,1,1.306361,0.530493,0.446893,0.051017,0,0
0,1,0,4.314132,4.085355,4.370277,-1.918293,4,1
1,0,0,-0.039324,0.55571,0.395781,-0.406309,0,0
1,0,0,1.703331,2.864836,3.765647,1.626878,3,1
0,0,1,0.207713,0.474495,-0.369322,0.204486,0,0
0,1,0,0.635213,2.716715,1.487896,-2.944669,2,1
0,0,1,3.328969,1.239184,3.932489,4.241821,3,1
1,0,0,2.885768,0.800569,1.382324,0.22734,1,0
0,1,0,0.667635,0.174876,2.523112,0.171513,1,0
0,0,1,0.638612,0.356759,-0.087878,-0.400748,0,0
0,0,1,-0.038759,0.554258,1.830195,0.15623,0,0
1,0,0,0.457832,-0.100399,0.158522,-0.277963,0,0
0,1,0,0.025412,1.390758,4.806658,-0.166489,1,0
0,0,1,0.137897,0.918173,0.491529,0.262778,0,0
0,1,0,3.625686,1.420376,4.455516,0.399433,2,1
1,0,0,1.575643,3.330854,3.939863,0.125561,2,1
1,0,0,-0.038079,0.669596,0.107746,-0.005838,0,0
0,1,0,5.453312,1.84441,4.752685,-1.358018,2,1
0,0,1,5.718227,4.638096,7.194285,-1.12108,3,1
0,0,1,0.554227,0.818255,0.279941,0.196012,0,0
0,1,0,1.561552,1.356445,5.918862,-0.324223,1,0
0,0,1,0.284322,-0.176577,-0.374444,0.158983,0,0
1,0,0,-0.018187,-0.146658,0.147028,-0.27245,0,0
1,0,0,0.960366,1.070463,2.452079,-0.135652,0,0
1,0,0,6.384483,5.215134,2.395228,-1.545904,3,1
0,1,0,3.317232,-0.35109,1.925035,0.00633,1,0
0,1,0,0.912706,0.971214,2.652015,-2.465674,2,1
0,0,1,2.251116,0.969088,1.439321,0.081484,0,0
0,1,0,-0.202726,0.152816,0.226664,0.073741,0,0
0,0,1,0.611175,-0.360925,0.200596,0.063336,0,0
0,1,0,-0.410921,-0.229077,0.748062,-0.067903,0,0
0,1,0,-0.581733,-0.010979,-0.012255,-0.492737,0,0
1,0,0,3.97338,1.087621,1.621077,-0.022834,1,0
0,1,0,1.210949,0.373155,2.195182,-0.016973,0,0
1,0,0,3.341257,0.416625,2.475846,-0.389749,1,0
0,0,1,-0.108077,-0.703972,0.386191,-0.024577,0,0
1,0,0,2.778818,1.498764,1.419333,3.386013,2,1
0,1,0,1.564422,4.275241,2.024303,-1.910899,2,1
1,0,0,3.476137,2.049606,3.727882,2.415691,3,1
1,0,0,-0.182907,-0.045328,0.433086,0.096707,0,0
0,1,0,-0.306056,0.092495,-0.116594,0.15154,0,0
0,1,0,0.318026,0.475604,-0.094707,0.108888,0,0
1,0,0,2.920103,3.430656,2.895335,1.44297,3,1
0,0,1,7.838604,6.015033,5.149615,-0.718414,3,1
0,0,1,-0.396936,-0.511289,-0.510211,-0.255101,0,0
1,0,0,0.425594,0.07632,0.218051,0.117564,0,0
0,0,1,0.417308,0.134795,0.410309,0.216391,0,0
0,0,1,3.662045,-0.459081,4.174984,-0.124837,2,1
0,1,0,0.261714,0.907133,1.11406,0.241602,0,0
0,1,0,0.822222,0.134433,0.142396,0.407584,0,0
1,0,0,1.842172,0.617914,1.282165,0.029692,0,0
1,0,0,0.279291,-0.720218,0.449181,-0.071761,0,0
0,1,0,-0.810055,0.244041,0.058835,-0.134385,0,0
0,1,0,0.677253,0.126226,1.60787,0.827357,0,0
0,1,0,3.787843,0.099303,2.761383,-0.405404,2,1
0,1,0,4.61901,0.757393,2.393636,0.205526,1,0
1,0,0,1.149255,-0.446269,0.135451,0.109581,0,0
1,0,0,-0.262707,-0.113128,0.105483,-0.274157,0,0
0,0,1,0.389139,0.701131,-0.516543,0.195095,0,0
1,0,0,-0.265165,0.801026,0.074303,0.154898,0,0
0,0,1,3.378671,5.069802,5.378625,-1.080078,3,1
1,0,0,0.516167,-0.444041,0.319461,0.322439,0,0
1,0,0,-0.429831,1.240761,5.248639,0.283613,1,0
0,1,0,2.911299,0.796371,2.381132,0.179713,1,0
1,0,0,0.423495,-0.066028,0.577071,0.082889,0,0
0,0,1,0.761827,-0.104237,0.29723,-0.09735,0,0
0,0,1,5.261492,5.274117,5.295164,-1.519043,4,1
1,0,0,0.145873,0.560062,-0.38313,-0.197732,0,0
0,0,1,-0.677302,0.225467,0.493713,0.075324,0,0
1,0,0,6.25344,5.502857,6.630988,-0.360172,3,1
0,0,1,0.381309,-0.724279,-0.249641,-0.181824,0,0
1,0,0,1.418024,1.883924,4.084855,0.813007,1,0
0,0,1,0.231116,0.050745,5.257973,-0.37347,1,0
0,0,1,-0.145508,-0.365127,0.278084,0.132236,0,0
0,1,0,6.05368,4.770976,7.746593,-1.954527,4,1
0,1,0,5.874802,0.857682,3.882957,0.038235,2,1
0,1,0,1.093146,0.721972,1.237267,0.481205,0,0
0,0,1,-0.233365,0.142897,-0.252106,-0.031784,0,0
1,0,0,0.579155,0.198233,-0.405997,-0.004987,0,0
0,0,1,-0.347041,0.239972,0.260056,0.175125,0,0
1,0,0,7.129231,5.958276,6.513079,-1.570319,4,1
0,0,1,5.336466,0.92409,1.756112,0.187198,1,0
0,0,1,0.551105,0.636535,2.310546,-0.835344,0,0
0,0,1,2.919256,4.067847,5.389637,-1.602537,4,1
0,1,0,0.686796,0.293045,3.6867,0.82344,1,0
1,0,0,0.301323,0.743619,-0.576548,0.114357,0,0
0,0,1,0.708932,-0.408224,0.028235,0.055155,0,0
0,0,1,3.001709,1.766941,2.672878,0.071673,2,1
0,1,0,-0.296808,0.226903,-0.599665,0.1579,0,0
0,1,0,-0.740268,-0.661511,0.685086,0.054738,0,0
0,0,1,0.079247,-0.007479,-0.534774,0.129537,0,0
1,0,0,-0.052884,0.087183,0.348881,0.186039,0,0
0,1,0,-0.254517,0.234449,-0.408581,-0.024386,0,0
0,1,0,1.19019,1.111094,4.407722,0.752067,1,0
0,1,0,0.062588,-0.762441,0.257111,0.073934,0,0
0,1,0,4.144192,0.388053,1.599907,-0.213378,1,0
0,1,0,2.279207,4.53819,3.679188,3.778528,3,1
0,1,0,-0.078106,-0.429113,-0.281505,-0.252979,0,0
0,1,0,1.124691,2.512376,4.745649,1.315767,2,1
0,0,1,1.736855,0.179299,2.910163,0.24825,1,0
0,1,0,2.674265,4.243266,3.827199,0.426145,3,1
0,0,1,1.064033,0.646535,1.81634,-0.004068,0,0
1,0,0,6.039122,5.630586,6.323175,-0.671337,3,1
0,0,1,2.493538,-0.547699,5.177079,0.659262,1,0
1,0,0,0.074473,0.859674,-0.241155,-0.346332,0,0
1,0,0,0.086378,0.648248,0.179543,0.509172,0,0
0,0,1,-0.388239,0.202139,0.08496,0.079206,0,0
0,0,1,2.464606,1.833833,5.646799,0.066638,1,0
0,1,0,1.03629,0.513261,1.781816,-0.179052,0,0
1,0,0,5.760445,0.921791,4.502559,-1.155127,2,1
0,0,1,3.314032,2.628139,4.652035,-1.428559,3,1
0,0,1,-0.43343,-0.337945,0.257429,-0.019032,0,0
0,0,1,1.613432,2.962138,2.764551,0.688631,2,1
0,0,1,-0.190628,0.269421,-0.22481,-0.131626,0,0
0,1,0,1.64706,2.694327,4.60528,1.276425,2,1
0,1,0,2.723926,4.25885,5.533145,0.808767,3,1
0,1,0,-0.365102,0.564814,0.756008,-0.19237,0,0
1,0,0,0.683966,0.290278,0.000698,0.144211,0,0
0,1,0,3.88849,3.359139,3.755085,4.272776,4,1
0,0,1,3.057083,3.387567,2.290838,4.145612,3,1
0,1,0,0.72967,1.014391,1.692915,0.134918,0,0
1,0,0,5.038998,7.708863,5.338254,-1.488094,3,1
0,1,0,5.073291,3.57833,3.100832,-1.457348,3,1
0,1,0,0.610464,2.298848,2.409314,-2.781276,1,1
0,0,1,3.647991,4.291995,6.543159,-2.230357,4,1
0,0,1,0.116727,-0.469264,0.139771,0.243367,0,0
0,1,0,3.410855,1.249521,2.362347,1.278814,1,0
0,0,1,2.116827,0.595691,2.029398,0.439282,0,0
0,0,1,0.100718,-0.420559,0.703833,-0.052588,0,0
0,1,0,1.669034,1.22365,0.824299,1.029053,0,0
0,0,1,3.212868,2.306334,1.766467,0.14149,1,0
1,0,0,0.261971,0.555239,0.279221,0.495013,0,0
1,0,0,4.129836,4.30934,2.58208,3.782641,4,1
0,1,0,0.178067,0.106295,-0.406999,-0.256853,0,0
0,1,0,3.199093,2.58061,1.387144,0.766285,2,1
1,0,0,0.955281,2.448706,1.517845,-2.861562,1,1
0,1,0,2.52727,3.657399,1.400648,-3.492927,3,1
1,0,0,2.008135,2.344022,5.076132,0.67609,1,0
0,0,1,3.470354,0.63322,2.762719,-0.9044,2,1
0,1,0,4.200453,3.381224,1.333907,2.068216,3,1
0,1,0,2.006326,2.610709,4.128205,-0.212258,2,1
0,1,0,1.300435,0.285388,0.694614,0.403774,0,0
0,0,1,0.788118,0.200394,0.327678,0.003432,0,0
0,1,0,5.471973,1.641245,3.570779,-1.70893,3,1
1,0,0,2.850659,3.875932,2.224845,3.649534,3,1
0,1,0,0.505619,0.315635,-0.353331,-0.190297,0,0
0,1,0,-0.789912,0.185741,-0.192856,0.332606,0,0
1,0,0,2.094514,0.281574,1.911277,0.146406,0,0
0,0,1,4.755671,-0.829644,2.495983,-0.249892,1,0
0,0,1,1.250499,0.841286,1.223503,0.0103,0,0
0,0,1,0.82689,0.498952,1.842371,0.156551,0,0
0,1,0,2.992021,1.628015,4.048778,-2.026958,3,1
1,0,0,-0.606741,0.370632,0.224889,-0.120159,0,0
0,1,0,1.511841,1.734465,1.48433,0.689573,0,0
0,0,1,1.111366,0.974431,7.350535,0.34008,1,0
0,0,1,2.336717,7.004894,4.239872,-1.275106,2,1
0,1,0,1.150597,1.363557,2.04521,0.374861,0,0
0,1,0,0.306647,0.062374,0.178642,-0.157974,0,0
0,1,0,-0.297878,-0.197866,-0.236101,-0.114522,0,0
1,0,0,1.402829,3.863513,2.474526,0.90873,1,0
1,0,0,1.392726,0.423039,1.635275,-0.262869,0,0
1,0,0,0.039896,0.421186,0.041206,0.120592,0,0
1,0,0,1.399265,1.321511,0.652833,-0.563454,0,0
0,1,0,0.671202,-0.037313,0.5551,0.051025,0,0
0,1,0,0.768564,-0.238044,0.192188,0.119599,0,0
0,1,0,0.652649,-0.112215,0.455788,0.221187,0,0
0,1,0,-0.363133,0.329122,0.119344,0.787701,0,0
1,0,0,1.090739,0.503879,0.069577,-0.032638,0,0
1,0,0,4.876607,7.393801,4.841326,-0.40647,3,1
1,0,0,3.718713,3.139848,6.044094,-2.108545,4,1
0,0,1,3.747989,0.706954,4.101373,-0.246703,2,1
0,1,0,0.901213,0.636671,0.070496,-0.176637,0,0
0,1,0,1.894212,3.12043,0.454439,-2.335592,2,1
0,0,1,1.755609,1.184517,6.33324,-0.263378,1,0
0,1,0,1.71081,3.101892,0.805424,1.03049,1,0
1,0,0,0.319924,1.238288,2.742379,0.139462,1,0
1,0,0,-0.129384,-0.158327,0.351428,-0.028882,0,0
0,1,0,4.333091,0.37538,0.890869,-0.718447,1,0
0,0,1,-1.021962,0.210094,0.379959,-0.305317,0,0
0,0,1,0.139217,0.211695,-0.236325,-0.014167,0,0
0,1,0,2.865863,1.399404,7.010469,0.238798,2,1
1,0,0,2.394378,3.301409,3.051769,0.879759,2,1
0,0,1,4.583147,5.507246,7.616901,-0.873784,3,1
0,0,1,0.835661,3.298715,1.704895,-2.67008,2,1
0,0,1,0.510626,2.072865,1.593147,-1.612445,1,0
0,0,1,-0.079977,-0.29231,0.051406,0.249296,0,0
0,1,0,0.613571,-0.428267,-0.101333,-0.379334,0,0
0,1,0,4.137627,1.27281,4.570711,-0.084087,2,1
1,0,0,4.931631,5.218393,3.3522,-1.863808,4,1
1,0,0,2.41743,0.50015,2.374105,0.193228,0,0
0,0,1,3.81681,1.749781,4.4142,3.729248,3,1
0,0,1,1.559532,0.340339,0.693995,0.032231,0,0
1,0,0,1.816376,2.520793,2.878641,1.560883,3,1
0,0,1,-0.121113,0.28006,0.034338,0.075124,0,0
0,1,0,-0.252393,0.309915,-0.34485,-0.098522,0,0
0,0,1,0.91775,-0.142074,0.51577,-0.163517,0,0
0,1,0,5.393503,4.257859,2.815498,3.935194,4,1
0,1,0,1.659614,0.062784,6.197487,0.136151,1,0
0,0,1,2.158068,0.532499,0.870408,0.377729,0,0
0,1,0,3.075807,1.297961,1.335586,-0.022099,1,0
0,0,1,5.341923,0.481061,2.281625,-0.51568,1,0
1,0,0,1.052216,-0.13534,-0.133673,0.290233,0,0
0,1,0,0.348647,-0.365155,0.222537,0.162333,0,0
1,0,0,1.990985,1.00342,2.904182,-0.027678,1,0
0,1,0,1.142225,1.09409,2.7556,0.371382,1,0
1,0,0,3.649646,0.737353,4.223631,-0.782129,2,1
1,0,0,-0.339637,-0.229008,0.289968,0.316275,0,0
0,0,1,0.119419,-0.059098,-0.411585,0.122855,0,0
0,1,0,4.891424,2.758978,6.316348,3.643977,4,1
1,0,0,0.12435,-0.185773,0.010439,-0.000884,0,0
0,0,1,-0.056684,0.334571,0.258974,-0.19893,0,0
0,0,1,0.429787,0.845158,0.221196,0.201506,0,0
0,0,1,1.029781,-0.23095,-0.276249,-0.177173,0,0
1,0,0,1.031647,0.570221,2.033215,0.0016,0,0
0,0,1,-0.697558,0.459506,0.619572,-0.046047,0,0
1,0,0,2.3265,2.308585,2.17461,1.225042,0,0
0,1,0,1.730955,0.513498,1.028748,-0.70371,0,0
0,1,0,2.796904,2.112282,4.287511,5.433064,3,1
1,0,0,3.331788,2.957319,5.013185,-2.023841,4,1
1,0,0,-0.062284,-0.662922,0.17809,0.07916,0,0
0,0,1,1.405413,1.267551,1.853957,0.803895,0,0
0,1,0,4.622011,4.27708,3.379046,-2.397627,4,1
0,1,0,4.675549,0.588702,2.965803,0.229338,2,1
1,0,0,1.814258,0.826108,0.633384,-0.306492,0,0
0,0,1,2.237024,0.070014,0.718446,0.229604,0,0
0,0,1,4.453568,0.396251,1.906412,-0.264862,1,0
0,1,0,-0.039102,0.094766,-0.713095,0.094586,0,0
1,0,0,0.477681,0.396259,0.255336,0.07228,0,0
0,1,0,1.008549,-0.306965,1.334644,0.460159,0,0
1,0,0,0.973748,1.243632,3.1561,-0.068804,1,0
0,1,0,5.642333,5.821375,6.818318,-2.202981,4,1
0,0,1,5.122481,2.526632,2.479582,-0.909835,2,1
1,0,0,0.672994,2.923585,2.472414,-2.72951,2,1
1,0,0,4.710472,0.61584,2.938259,-0.27347,2,1
0,0,1,2.29928,2.752569,3.22738,0.529201,2,1
1,0,0,6.111253,5.063579,4.340944,-1.775234,4,1
0,0,1,1.624562,1.940607,2.196621,0.602591,0,0
0,1,0,3.262045,1.286521,3.40415,0.491266,2,1
0,0,1,0.239549,-0.763827,0.134028,0.031596,0,0
1,0,0,4.550877,5.260866,6.567476,-0.722267,3,1
0,1,0,-0.018838,-0.229055,0.135875,0.165337,0,0
0,0,1,0.417394,0.749157,2.862077,0.560352,1,0
0,1,0,2.153734,0.132321,1.163821,0.110846,0,0
0,0,1,4.002642,6.222084,7.751147,-1.726994,4,1
0,1,0,-0.066202,-0.509909,0.309544,0.146934,0,0
1,0,0,-0.165819,0.26696,0.011192,-0.09808,0,0
0,0,1,1.689672,1.174675,5.769394,-0.282366,1,0
1,0,0,3.08235,0.367946,1.097837,0.908073,1,0
0,0,1,0.100258,-0.135903,0.243203,-0.043153,0,0
1,0,0,1.633281,-0.054552,0.475922,0.274168,0,0
1,0,0,2.823448,4.114148,3.25835,-3.587024,4,1
1,0,0,0.068111,0.372358,0.106915,0.043015,0,0
0,1,0,0.619667,0.92291,1.572589,0.184482,0,0
1,0,0,0.458819,0.607919,3.079142,0.099929,1,0
1,0,0,0.304819,3.151973,3.25561,0.92659,2,1
0,0,1,2.429204,2.294353,2.910608,1.227016,1,0
0,0,1,-0.237013,0.751948,0.753944,-0.024014,0,0
0,0,1,1.443013,0.93508,6.370946,0.112907,1,0
0,1,0,1.620138,0.619205,1.791364,0.183271,0,0
0,0,1,0.080028,-0.133766,0.507294,0.098987,0,0
0,1,0,-0.023342,0.280915,0.352803,-0.110295,0,0
0,0,1,4.079531,2.620251,2.632042,4.189398,4,1
1,0,0,3.696898,1.232936,5.684745,3.429734,3,1
0,1,0,5.277557,5.324921,5.001876,-1.336506,3,1
0,0,1,0.502787,-0.243668,0.270164,0.260453,0,0
1,0,0,0.735807,0.237028,-0.146134,0.106434,0,0
0,0,1,3.422,1.891912,3.338229,2.499409,3,1
0,0,1,-0.413887,-0.158675,-0.430354,-0.079028,0,0
1,0,0,0.396769,0.204059,0.005822,-0.052486,0,0
0,0,1,0.232106,0.345836,0.413688,-0.068789,0,0
0,0,1,2.611233,2.942984,0.904796,0.055403,2,1
1,0,0,2.159754,0.740902,8.01167,0.401838,1,0
0,0,1,1.61754,3.462336,2.741866,-2.966633,3,1
1,0,0,1.956478,1.319042,6.66653,0.602026,1,0
1,0,0,3.282834,2.970131,5.670575,0.381387,3,1
0,0,1,2.72037,1.157907,2.216719,1.171892,1,0
1,0,0,5.702672,7.759235,4.921579,-2.648162,4,1
0,1,0,1.728678,3.097956,3.872382,0.219283,2,1
0,1,0,1.789123,1.205261,1.56272,0.42775,0,0
0,0,1,3.862288,5.237492,4.309534,-1.388761,3,1
0,0,1,-0.475008,0.509046,0.039106,-0.167356,0,0
0,1,0,1.333294,-0.373028,0.449169,0.003085,0,0
0,0,1,-0.376564,-0.558391,0.344804,0.038624,0,0
0,0,1,6.068282,0.432759,3.224401,-0.012823,2,1
0,1,0,-0.452912,0.681015,-0.072376,-0.393803,0,0
0,0,1,2.366974,1.872938,1.121462,-1.922682,1,0
1,0,0,0.713741,1.897713,6.028566,0.257515,1,0
0,1,0,3.6749,3.226927,4.40702,2.622112,4,1
0,1,0,-0.107267,0.780758,0.429891,0.195742,0,0
1,0,0,0.673255,-0.038617,0.53203,0.231515,0,0
1,0,0,0.481255,0.724776,0.308094,0.055383,0,0
1,0,0,0.585124,0.480428,-0.330805,0.144619,0,0
0,0,1,4.740457,-0.019819,0.370707,-0.248031,1,0
0,1,0,1.18804,2.469322,2.585021,-3.27418,2,1
0,0,1,1.045607,3.889433,3.257872,-3.307399,3,1
0,1,0,-0.132026,0.213063,0.859968,0.264507,0,0
0,0,1,0.900908,1.468159,0.833139,0.247757,0,0
0,0,1,-0.293104,-0.412721,-0.161824,-0.045391,0,0
0,0,1,4.39478,-0.148776,3.493872,-0.42179,2,1
0,1,0,2.661939,0.809637,3.440076,0.552209,2,1
0,0,1,-0.620613,0.308851,-0.110898,0.162377,0,0
0,1,0,0.701422,1.116009,1.93878,0.311787,0,0
1,0,0,-1.052651,0.567247,-0.169057,0.320082,0,0
0,1,0,2.491886,1.399257,1.475799,-2.289009,1,0
0,1,0,0.643286,0.740052,0.210979,0.297901,0,0
0,0,1,-0.296543,0.970456,2.443181,-0.103972,0,0
1,0,0,5.756657,0.460718,3.563513,0.167417,2,1
0,1,0,4.12219,2.109295,0.776818,-1.699399,2,1
1,0,0,1.577269,0.550914,0.688435,-0.483515,0,0
0,1,0,1.333016,3.25739,1.813223,-3.206121,2,1
0,1,0,6.034883,3.800766,5.171354,-1.246905,3,1
0,1,0,3.465544,3.106622,3.418907,1.118801,3,1
1,0,0,0.050672,-0.041438,0.854191,0.074572,0,0
0,1,0,1.516008,0.073011,5.876231,-0.04128,1,0
0,1,0,-0.250093,0.62702,-0.162023,0.425107,0,0
1,0,0,-0.18792,-0.044726,-0.09735,-0.196479,0,0
0,1,0,0.498581,-0.156949,2.484141,-0.373315,0,0
1,0,0,2.18158,-0.870504,4.934179,0.714768,1,0
0,1,0,2.829242,1.639132,5.490839,0.060579,2,1
0,0,1,0.115723,0.749853,1.23281,-0.525897,0,0
0,1,0,0.663362,-0.494687,0.02754,-0.212904,0,0
0,1,0,2.894185,2.622427,4.951615,0.851401,3,1
0,1,0,4.777112,4.392746,5.186989,-1.609577,4,1
0,0,1,1.046673,0.791319,0.712453,1.103902,0,0
0,1,0,-0.562909,-0.001819,0.091316,0.01329,0,0
0,1,0,-0.250421,0.315215,0.118414,-0.145898,0,0
0,0,1,1.620016,0.148982,1.07382,-0.022895,0,0
0,0,1,-0.448115,0.394441,-0.763732,0.190345,0,0
1,0,0,2.147196,0.92364,3.783181,0.712337,1,0
0,0,1,2.496487,1.496169,0.938232,-4.141676,1,1
0,0,1,1.357046,0.652166,0.82368,0.582251,0,0
0,1,0,5.053924,0.384388,1.737963,-0.134249,1,0
0,1,0,6.973865,3.989561,7.735006,-0.435884,3,1
0,0,1,1.545676,0.368127,1.506942,0.266575,0,0
0,1,0,0.978113,0.093389,1.087434,0.130966,0,0
1,0,0,0.04684,0.664185,0.164461,0.173553,0,0
0,1,0,0.186267,-0.52009,0.225074,-0.076591,0,0
0,0,1,5.170886,3.240337,3.277708,3.101877,4,1
0,1,0,0.389216,0.223181,-0.121634,0.231053,0,0
0,0,1,4.008462,3.531087,2.827787,1.204737,3,1
1,0,0,0.322661,0.714774,-0.19882,0.335318,0,0
0,0,1,6.811113,4.780694,4.796753,-2.008754,4,1
0,0,1,1.141508,3.518437,1.158328,-2.687994,2,1
0,0,1,0.0171,0.122368,-0.605083,-0.027054,0,0
0,1,0,1.452226,0.656433,1.296079,0.278006,0,0
0,0,1,1.229774,3.274176,2.116792,-4.679737,2,1
0,0,1,0.231238,0.319944,-0.294035,0.217495,0,0
0,1,0,2.906115,0.487476,0.686123,0.294537,1,0
0,1,0,3.268192,1.030193,4.485896,2.418665,3,1
0,1,0,3.944001,5.974157,7.29107,-1.194847,3,1
0,0,1,0.643676,0.453989,-0.263078,-0.009236,0,0
0,1,0,0.109545,0.359996,0.17966,-0.125224,0,0
0,1,0,-0.52982,-0.033865,-0.178938,0.701174,0,0
0,0,1,4.934334,0.591191,1.173565,-0.644446,1,0
1,0,0,-0.387677,-0.086855,0.433801,-0.039826,0,0
1,0,0,0.180052,0.036722,-0.32902,-0.070341,0,0
1,0,0,2.26107,2.472499,1.864057,-0.05226,0,0
1,0,0,0.529349,3.105539,1.823811,-2.539232,2,1
1,0,0,3.742158,0.148695,3.299095,-0.48549,2,1
1,0,0,0.877147,0.436599,2.984448,0.535829,1,0
0,1,0,5.289321,0.874192,3.406493,-0.179037,2,1
0,0,1,-1.190794,0.189285,-0.205527,-0.196861,0,0
0,0,1,2.150092,0.326149,0.727591,0.32301,0,0
1,0,0,1.95943,-0.004325,6.292659,0.770668,1,0
0,0,1,0.655154,0.151985,-0.521215,-0.224946,0,0
0,0,1,3.795576,4.130419,5.325025,-0.935436,3,1
0,0,1,1.124131,-0.357045,0.600511,-0.005196,0,0
0,0,1,1.477099,1.366876,1.802356,0.257196,0,0
1,0,0,-0.025097,-0.344755,0.168251,-0.032977,0,0
0,0,1,0.174052,-0.180092,0.23297,-0.104822,0,0
1,0,0,4.709433,2.379826,3.189424,2.814421,3,1
1,0,0,0.868118,0.929236,2.195205,-0.004718,0,0
0,1,0,6.225287,7.306001,4.818948,-1.147905,3,1
0,0,1,5.291476,0.83797,2.445968,-0.000382,1,0
0,0,1,0.597893,0.100838,-0.281609,-0.081883,0,0
0,1,0,3.770252,2.62413,1.541848,1.175288,2,1
0,1,0,0.106572,-0.221111,0.370085,-0.201022,0,0
0,1,0,4.880798,4.129077,6.043094,-1.960747,4,1
1,0,0,7.083706,6.652492,5.397285,-1.006272,3,1
0,1,0,4.271171,0.84349,2.764903,-0.155704,2,1
1,0,0,2.426026,0.283136,1.016847,0.462462,0,0
0,1,0,-0.179173,-0.45663,0.421219,-0.051264,0,0
1,0,0,0.227713,0.655066,-0.426479,-0.042062,0,0
1,0,0,5.260829,0.428907,1.268585,-0.202423,1,0
0,0,1,-0.40379,-0.466046,-0.689981,-0.066633,0,0
0,1,0,-0.004093,-0.650386,-0.303381,-0.058489,0,0
0,0,1,0.147312,-0.4604,0.669352,-0.051176,0,0
0,1,0,2.826626,4.028015,3.476486,-0.513442,3,1
0,1,0,4.066585,4.059745,6.379362,-1.868231,4,1
1,0,0,1.130623,0.241762,0.91007,0.075361,0,0
0,1,0,2.101395,3.974139,6.473738,-0.635061,2,1
1,0,0,0.60029,0.585007,-0.033245,-0.096183,0,0
0,0,1,1.062676,0.892417,2.514763,0.82951,1,0
0,0,1,1.183343,0.195089,1.324615,0.804992,0,0
0,1,0,1.289669,-0.088836,1.675922,0.317405,0,0
0,0,1,1.891422,0.212224,3.918843,-0.277419,1,0
0,1,0,0.780194,1.16541,3.009169,1.175734,1,0
0,0,1,2.099579,0.740979,1.967842,-0.453109,0,0
0,0,1,2.012014,1.027893,3.23902,-0.034612,1,0
0,0,1,4.209345,5.486229,3.671788,-2.228902,4,1
0,0,1,0.367819,-0.727776,0.666634,0.060678,0,0
1,0,0,-1.222348,-0.801529,0.116826,0.095715,0,0
0,1,0,0.859752,0.422378,0.089312,0.061252,0,0
0,0,1,-0.129339,-0.15447,0.256717,0.026262,0,0
0,1,0,-0.039844,0.027764,0.12308,-0.191841,0,0
0,0,1,1.836097,0.768771,2.62548,0.782132,1,0
1,0,0,1.078089,-0.133991,1.165257,-0.155133,0,0
0,1,0,6.328605,4.215141,4.744277,-2.469576,4,1
0,0,1,2.039478,0.276045,1.44932,0.412583,0,0
0,1,0,-0.03903,-0.139447,0.275986,0.063192,0,0
1,0,0,1.928726,3.052664,2.911376,1.065954,2,1
1,0,0,-0.621707,0.042749,-0.594931,-0.073883,0,0
1,0,0,3.544451,4.414707,5.120687,-2.453383,4,1
1,0,0,1.261344,0.32167,2.118982,0.155557,0,0
0,1,0,-0.5169,1.109015,-0.180645,-0.099519,0,0
0,1,0,3.304726,2.94907,3.067406,0.07128,3,1
0,1,0,2.294514,2.563669,2.111373,0.501258,1,0
0,1,0,0.21494,-0.037464,-0.003677,0.078911,0,0
1,0,0,5.405048,5.518383,4.853267,-1.502021,4,1
0,0,1,-1.076091,0.213561,0.139501,0.148224,0,0
0,1,0,0.656432,1.039341,3.70276,0.699447,1,0
1,0,0,5.884657,4.915902,7.172971,-2.157427,4,1
0,1,0,1.465506,0.532824,1.89243,0.159706,0,0
0,0,1,2.894749,3.170458,2.136677,1.713254,3,1
0,1,0,-0.267408,0.427058,-0.40768,-0.370998,0,0
0,0,1,4.54947,0.591324,2.027014,-0.086122,1,0
0,0,1,2.368116,2.331047,5.034,4.631907,2,1
0,0,1,0.975392,0.203174,2.000291,-0.189799,0,0
1,0,0,-0.201365,0.636963,0.07013,-0.276056,0,0
0,1,0,5.415282,5.241365,3.234497,-1.946836,4,1
0,1,0,1.814602,0.750081,4.191978,-0.324384,1,0
0,0,1,1.488991,0.514245,2.342109,0.105685,0,0
1,0,0,0.341324,-0.288123,0.719326,0.268216,0,0
1,0,0,2.146093,0.516283,4.22338,0.540787,1,0
1,0,0,5.549406,6.72137,7.070273,-0.854958,3,1
1,0,0,0.233505,0.815975,-0.248936,-0.111183,0,0
1,0,0,2.445813,3.289813,2.669839,0.288324,2,1
1,0,0,0.367413,-0.041114,1.457954,-0.56948,0,0
0,0,1,2.748384,5.422469,4.362947,-3.237666,4,1
0,0,1,1.374947,1.804121,5.67467,0.44231,1,0
0,1,0,0.251966,-0.572931,0.217815,-0.077423,0,0
1,0,0,0.064072,0.083432,0.1357,-0.006471,0,0
1,0,0,4.106911,1.263766,2.712283,0.233451,2,1
1,0,0,1.454201,0.413229,-0.08997,-0.044453,0,0
1,0,0,0.578064,-0.353528,0.190806,-0.118085,0,0
1,0,0,0.237339,0.03053,-0.082692,-0.0401,0,0
0,1,0,0.123423,0.39891,0.053881,-0.184073,0,0
0,0,1,1.124113,-0.149596,1.600623,0.052424,0,0
1,0,0,1.632498,0.328492,1.98465,0.031421,0,0
0,1,0,0.112878,-0.0884,0.217658,0.154652,0,0
0,0,1,-0.35608,-0.194908,-0.55287,0.14055,0,0
0,0,1,6.842679,5.262592,4.056709,-1.786881,4,1
0,1,0,0.722643,0.526611,-0.214143,0.174621,0,0
0,0,1,0.069834,0.375398,-0.533396,-0.112761,0,0
0,0,1,3.116724,2.077893,2.684693,0.922419,2,1
0,1,0,-0.31727,0.010988,-0.355961,-0.066665,0,0
1,0,0,3.524596,3.082209,3.12619,-0.150475,3,1
0,1,0,0.217359,-0.066809,-0.007764,-0.290721,0,0
1,0,0,0.282334,0.149031,0.056765,-0.101876,0,0
0,0,1,0.309407,-0.353784,0.128833,0.303244,0,0
0,0,1,-0.119955,0.275327,-0.829313,-0.316147,0,0
0,0,1,-0.061187,-1.074196,0.253371,0.178768,0,0
0,1,0,1.956541,1.440717,3.581138,0.247992,1,0
1,0,0,5.351184,5.925243,5.209121,-0.532588,3,1
0,0,1,2.688612,-0.090336,1.583121,0.480345,1,0
0,0,1,2.808327,0.078917,2.257247,0.468714,1,0
1,0,0,2.340917,4.584199,5.967236,-2.662443,3,1
0,0,1,0.433927,-0.145993,0.0131,0.162487,0,0
0,0,1,0.220335,-0.099367,-0.018819,0.018171,0,0
0,0,1,3.795933,0.251834,4.742397,0.104029,2,1
1,0,0,0.434789,-0.094058,0.056504,0.114778,0,0
0,0,1,-0.43047,-0.44817,0.194383,-0.007491,0,0
0,1,0,2.878912,0.582123,2.668136,0.224053,2,1
1,0,0,0.839779,-0.188187,0.333799,0.087554,0,0
0,0,1,4.837563,0.624931,4.366756,0.331886,2,1
0,0,1,3.347298,3.963926,3.953079,-0.619455,3,1
0,0,1,2.726994,0.012028,0.983046,-0.051697,1,0
0,1,0,5.070202,2.733675,6.797552,-1.674261,4,1
1,0,0,1.03265,-0.30955,0.33135,-0.131243,0,0
1,0,0,1.692878,-0.126521,2.607472,0.427617,1,0
1,0,0,5.139305,0.959949,1.462874,-0.160081,1,0
1,0,0,-0.137879,0.607434,0.043877,-0.156135,0,0
1,0,0,-0.548219,-0.287648,0.159776,-0.098891,0,0
0,1,0,0.413987,0.694825,1.849726,-0.157185,0,0
0,1,0,1.641929,0.444888,1.839734,-0.169728,0,0
0,0,1,0.78211,0.932805,2.19748,-0.132806,0,0
0,1,0,0.023695,0.075913,0.155177,-0.190865,0,0
0,0,1,3.236328,0.505702,3.895616,0.283274,2,1
0,1,0,1.393108,1.922877,6.207217,0.06069,1,0
1,0,0,-0.534553,-0.053887,0.048608,-0.211998,0,0
0,0,1,1.391392,1.332184,0.037557,0.565671,0,0
1,0,0,0.421455,0.523117,0.207018,-0.130805,0,0
0,1,0,1.268722,2.766678,1.090889,-1.544224,2,1
0,0,1,1.866411,2.2359,1.787559,0.298254,0,0
0,1,0,-0.417551,0.452612,-0.548223,0.445175,0,0
1,0,0,0.421494,1.089075,0.825244,-0.389619,0,0
1,0,0,0.647247,0.05123,0.020711,-0.200656,0,0
0,1,0,3.013515,2.80963,3.583514,0.429892,3,1
0,1,0,0.372054,-0.451873,1.452897,0.058122,0,0
1,0,0,2.319624,1.085365,2.35964,0.625461,0,0
0,1,0,-0.197736,-0.134177,0.027644,-0.048448,0,0
1,0,0,2.921594,1.680801,4.899041,-1.908271,3,1
0,0,1,3.512375,-0.021004,2.886459,-0.308067,2,1
1,0,0,-0.551731,0.626933,0.66795,0.204884,0,0
0,0,1,1.428302,0.673765,1.426658,-0.012296,0,0
0,1,0,5.434513,4.473498,7.3644,-2.185113,4,1
0,1,0,0.411242,0.903195,-0.016046,-0.166521,0,0
0,1,0,1.854374,0.19608,1.210665,-0.102747,0,0
0,0,1,-0.02871,0.823543,0.661049,0.016491,0,0
0,0,1,1.36309,0.645997,-0.420048,-0.039528,0,0
0,1,0,3.542228,2.948978,4.187857,-0.101573,3,1
1,0,0,7.000884,4.2836,6.953102,-1.807273,4,1
0,0,1,4.33499,2.887213,2.468313,-1.425249,2,1
0,1,0,0.294392,0.638789,1.427757,0.170303,0,0
0,0,1,3.4999,2.865112,3.14929,1.351956,3,1
0,1,0,3.474309,3.917655,2.23737,3.985266,3,1
0,1,0,0.128643,-0.256198,0.35021,-0.054351,0,0
0,0,1,0.89237,0.118187,-0.171939,0.102564,0,0
0,1,0,2.007077,3.05358,4.026784,0.506326,2,1
1,0,0,1.571928,2.209236,3.437091,1.227947,1,0
0,0,1,4.522985,0.421355,2.509646,-0.243951,2,1
0,1,0,3.333473,3.240534,6.511892,1.173587,3,1
0,1,0,4.387474,2.905889,2.039224,4.118819,3,1
0,1,0,-0.138196,0.86488,0.30257,0.112658,0,0
0,1,0,5.496713,0.484615,4.244598,0.139507,2,1
0,1,0,0.503551,1.055987,2.245933,-0.126013,0,0
0,1,0,-0.259648,0.555446,0.582941,-0.221126,0,0
1,0,0,2.549111,0.401153,2.021206,0.209749,1,0
0,1,0,0.474057,0.009161,0.228972,-0.101319,0,0
0,0,1,2.809718,2.882354,4.086244,0.964788,3,1
0,0,1,1.459736,1.628464,1.367917,-2.490618,1,0
0,1,0,0.279514,0.130982,0.558001,-0.069235,0,0
0,1,0,1.025694,2.18599,0.756693,-1.484055,0,0
0,0,1,3.709662,1.842755,4.695519,-1.51861,3,1
0,0,1,2.153815,1.857788,5.222938,0.38759,1,0
0,1,0,3.69615,2.070115,2.120987,1.053426,1,0
0,0,1,0.966011,-0.095886,-0.286431,-0.043009,0,0
0,1,0,3.292637,3.366562,1.831971,5.350118,3,1
0,1,0,5.137184,8.058449,4.898471,-1.211558,3,1
1,0,0,0.184334,-0.062968,0.045288,-0.01362,0,0
0,0,1,1.540397,0.567725,0.957659,0.335029,0,0
0,1,0,0.884238,0.004244,-0.698427,-0.011142,0,0
1,0,0,4.744301,0.886197,0.968426,-0.605713,1,0
0,1,0,3.414894,-0.02704,2.692932,-0.361743,2,1
1,0,0,2.52244,1.725594,4.865036,2.143453,3,1
0,1,0,5.404741,5.203734,5.04331,-0.649858,3,1
0,0,1,-0.629762,0.139118,0.271908,0.372095,0,0
0,0,1,1.459185,0.81698,0.194739,-0.088875,0,0
0,1,0,-0.055458,-0.12285,0.024018,-0.021904,0,0
1,0,0,-0.568656,0.491495,0.113597,-0.23283,0,0
0,0,1,0.085028,-0.478987,1.024184,-0.228032,0,0
1,0,0,3.96155,0.709585,1.003292,-0.135628,1,0
0,1,0,4.511851,2.839468,3.748062,-1.871804,4,1
1,0,0,4.357285,6.049307,7.523717,-1.548219,4,1
0,0,1,4.048406,3.650162,5.252227,-1.513254,4,1
0,1,0,4.273358,-0.040581,2.215616,-0.185985,1,0
0,1,0,-0.08181,-0.24802,0.066916,-0.437631,0,0
1,0,0,-0.141006,-0.123825,1.03858,-0.246917,0,0
1,0,0,0.310568,-0.461066,-0.333534,0.080542,0,0
0,0,1,4.222153,4.177093,6.250251,-0.529516,3,1
1,0,0,1.299664,3.044959,3.791214,0.554681,2,1
0,1,0,-0.958899,0.100223,1.689566,0.232475,0,0
0,0,1,5.825683,2.105162,4.524791,-1.85872,3,1
0,0,1,0.952859,0.469239,0.468,0.073531,0,0
0,0,1,2.70045,1.671237,1.472165,0.946572,1,0
0,0,1,6.802284,7.468506,5.276875,-1.239977,3,1
0,0,1,0.450027,-0.205135,-0.275444,-0.328391,0,0
0,1,0,0.380019,0.076957,-0.363221,0.036324,0,0
1,0,0,1.072038,0.344628,0.887355,-0.316,0,0
0,1,0,0.637537,0.569658,2.673664,0.000197,1,0
1,0,0,4.506357,6.388487,6.526711,-1.639137,4,1
0,0,1,4.056868,2.526035,3.247867,0.675457,3,1
0,1,0,2.799582,1.76452,0.061832,2.474015,2,1
0,0,1,3.131466,0.806678,3.410319,-0.375834,2,1
0,1,0,0.676378,-0.29375,0.269155,-0.338541,0,0
0,0,1,1.213529,1.624777,0.917935,-3.146986,1,1
0,1,0,-0.895992,0.108001,-0.055319,-0.044523,0,0
0,0,1,1.958166,1.939599,5.787189,0.791825,1,0
1,0,0,2.842819,2.03613,1.779811,0.526096,1,0
1,0,0,-0.227314,-0.637038,0.57499,0.00287,0,0
0,1,0,3.790202,2.710322,1.262575,4.771426,3,1
0,0,1,-1.106642,0.278228,-0.216321,0.227326,0,0
0,1,0,0.883503,2.738951,3.786955,0.851178,2,1
1,0,0,-0.243053,0.359432,-0.083321,-0.236105,0,0
0,1,0,1.096078,2.114487,0.507251,-3.049795,1,1
1,0,0,-0.192613,-0.329773,-0.120195,0.102603,0,0
1,0,0,-0.002478,1.582826,0.646781,0.034225,0,0
0,1,0,0.10397,0.108599,-0.485054,-0.014217,0,0
0,1,0,1.923296,4.878109,3.612555,-0.211647,2,1
0,1,0,0.721615,0.107237,0.159967,-0.232922,0,0
0,0,1,2.994761,2.900224,2.418376,3.448007,3,1
1,0,0,7.759077,6.333497,3.285064,-0.450547,3,1
0,0,1,4.296748,3.471908,4.332613,-2.79242,4,1
0,0,1,4.893083,2.412077,4.388857,-0.575906,2,1
0,1,0,-0.827305,-0.422185,0.423064,-0.061857,0,0
0,1,0,2.335752,2.322148,3.520457,0.126909,1,0
0,1,0,0.508206,0.231847,-0.243303,-0.099468,0,0
0,1,0,-0.098394,0.40083,0.3919,-0.387669,0,0
0,1,0,-0.856339,0.629204,-0.41926,-0.224092,0,0
1,0,0,0.876065,1.25252,3.50366,-0.095129,1,0
0,0,1,-0.15729,1.088869,0.352858,-0.22612,0,0
0,0,1,0.74287,0.456808,2.124085,0.091612,0,0
0,1,0,3.187025,0.358797,2.233334,-0.412757,1,0
0,1,0,0.169269,-0.418487,0.331666,0.224542,0,0
1,0,0,0.601977,0.056609,0.215371,-0.2618,0,0
0,0,1,0.071685,-0.349367,0.218586,0.055699,0,0
1,0,0,1.282458,0.89553,0.445979,0.026552,0,0
0,1,0,3.133563,3.116612,3.765647,1.291373,3,1
0,1,0,4.246708,2.915077,2.58793,4.691145,4,1
0,1,0,3.15676,3.345879,2.803256,0.726508,3,1
0,1,0,2.541431,2.021602,5.359455,0.392563,2,1
1,0,0,2.837847,3.905159,0.763976,0.892967,2,1
0,1,0,0.739357,0.684528,1.264278,0.33714,0,0
0,0,1,1.210845,1.073414,1.647819,-0.026466,0,0
0,0,1,3.290046,5.119333,2.367772,0.199276,2,1
0,0,1,3.715462,5.320542,6.167398,-1.263275,3,1
0,1,0,1.221129,0.304312,2.036098,-0.385384,0,0
0,0,1,3.988549,2.464677,4.402889,-1.235897,2,1
0,0,1,0.886997,2.455858,1.764274,-1.640488,1,0
1,0,0,1.34451,4.389089,1.426056,1.109838,1,1
0,0,1,4.172278,0.651229,3.271185,0.291815,2,1
1,0,0,2.395015,4.177075,3.715652,0.543105,2,1
0,0,1,1.330968,0.708664,3.235802,0.209685,1,0
1,0,0,-0.498462,-0.544539,0.183066,-0.08865,0,0
0,0,1,0.374262,-0.244468,0.026248,-0.033446,0,0
0,0,1,0.093327,-0.699315,0.392063,0.161909,0,0
0,0,1,0.020227,-0.670061,-0.845891,0.260325,0,0
0,1,0,4.971452,5.339003,4.282743,-0.583244,3,1
1,0,0,0.05514,-0.417661,-0.366677,-0.082212,0,0
0,0,1,2.220278,3.778701,3.665027,-0.195081,2,1
0,0,1,0.123443,-0.160806,-0.433352,0.33929,0,0
1,0,0,0.059282,-0.31406,0.178778,-0.011523,0,0
0,0,1,7.085361,5.241254,6.76683,-1.317744,3,1
0,1,0,0.916005,0.558922,1.287316,0.095741,0,0
0,0,1,-0.225915,0.004308,0.151265,0.098818,0,0
1,0,0,-0.348759,0.151917,0.61532,0.058911,0,0
0,0,1,1.817882,0.130107,6.071612,0.134446,1,0
0,1,0,2.031353,0.172205,2.703729,0.498764,1,0
0,0,1,6.028249,3.742103,4.133347,0.443721,3,1
0,1,0,0.009509,0.248523,-0.425382,-0.051967,0,0
0,1,0,2.821905,3.585232,4.513257,0.854827,3,1
1,0,0,3.235766,2.353426,2.796488,-0.718709,2,1
1,0,0,1.050945,2.772968,2.979754,-3.368212,3,1
0,0,1,2.245458,0.162881,0.766873,-0.046522,0,0
0,1,0,0.103733,0.118422,-0.479951,0.069061,0,0
0,1,0,-0.271298,0.561862,-0.174079,0.269121,0,0
1,0,0,0.568753,-0.649216,-0.169311,0.315805,0,0
0,0,1,0.539266,0.134739,0.138914,-0.174557,0,0
0,1,0,3.789441,0.350285,4.214221,-0.540071,2,1
1,0,0,-0.387275,-0.169954,-0.581166,0.288059,0,0
0,0,1,0.231342,-0.104293,0.403323,-0.041991,0,0
1,0,0,-0.341269,-0.044639,0.721252,0.354562,0,0
1,0,0,1.56033,1.189409,3.900093,-0.314572,1,0
0,0,1,6.602051,6.448331,4.199531,-1.840444,4,1
1,0,0,0.1639,0.683633,0.740258,0.399949,0,0
1,0,0,3.111752,0.624371,1.980625,0.182223,1,0
0,1,0,3.000778,2.467918,4.280621,3.822992,3,1
1,0,0,6.325517,0.764822,3.358635,-0.168999,2,1
1,0,0,4.548985,0.319396,3.390344,-0.129013,2,1
0,1,0,0.441464,0.766387,0.462307,0.049189,0,0
0,1,0,0.401026,-0.032709,0.982313,0.113289,0,0
0,1,0,1.561907,2.820863,1.144452,-2.354462,2,1
0,1,0,-0.208009,-0.01941,0.156338,-0.188053,0,0
1,0,0,3.114901,0.713632,1.812696,0.29851,1,0
1,0,0,0.284633,-0.297038,-0.306956,-0.113335,0,0
0,1,0,0.31117,-0.481454,0.03882,-0.165186,0,0
0,1,0,2.204263,1.320012,0.442195,0.4465,0,0
0,0,1,0.897236,0.502165,0.70858,0.33399,0,0
0,0,1,0.128091,0.290042,0.177971,0.096154,0,0
0,1,0,3.851874,3.562522,3.318501,4.162433,4,1
0,0,1,0.746005,4.01474,1.731906,-2.228277,2,1
0,0,1,-0.292711,0.240555,-0.530373,-0.2365,0,0
1,0,0,0.769033,0.447771,0.496986,0.191986,0,0
0,0,1,5.153317,5.044776,4.73218,-1.438465,3,1
1,0,0,2.08967,1.511483,2.210225,1.762947,1,0
0,1,0,2.9088,3.411683,2.677044,0.298979,3,1
1,0,0,2.469524,2.73683,2.297399,2.275042,2,1
1,0,0,1.507733,1.619763,6.912487,0.816081,1,0
1,0,0,7.390676,6.506569,4.986037,-0.712112,3,1
0,1,0,1.618107,2.663532,2.225394,-3.533322,2,1
0,1,0,2.262152,0.302676,0.931325,-0.047165,0,0
0,0,1,4.039034,1.064624,2.989155,3.984223,3,1
0,0,1,-0.026974,-0.312799,-0.542908,0.134451,0,0
0,1,0,4.488154,6.333488,3.732537,-2.808807,4,1
0,0,1,1.627397,-0.630511,2.283915,0.587525,0,0
0,1,0,1.456423,0.858176,0.29603,-0.226981,0,0
0,1,0,0.730531,-0.156672,-0.238042,-0.37837,0,0
1,0,0,-1.01552,0.284553,0.774531,0.059282,0,0
0,0,1,1.393751,0.105758,1.114572,-0.158431,0,0
1,0,0,0.512249,0.209622,-0.358523,-0.133842,0,0
0,1,0,7.251082,5.08911,5.56364,-1.160216,3,1
0,1,0,3.832418,2.908432,4.288243,0.094701,3,1
0,1,0,0.120103,0.466333,-0.409737,0.153222,0,0
0,1,0,0.054496,-0.502278,0.775785,-0.256755,0,0
0,0,1,2.138172,3.141535,6.558518,-0.117129,2,1
0,1,0,2.361534,0.191618,0.667262,0.389471,0,0
0,1,0,-0.674799,-0.418581,0.175259,0.213629,0,0
0,1,0,2.864887,3.428629,5.050565,1.764008,4,1
0,0,1,2.991604,0.679704,3.54371,-0.448048,2,1
0,1,0,-0.205531,0.747726,0.516684,0.29429,0,0
0,1,0,-0.337799,-0.226738,0.270951,0.049151,0,0
0,0,1,0.748409,0.845423,1.216794,0.287359,0,0
0,1,0,-0.129687,0.141315,0.006126,-0.226349,0,0
0,0,1,0.369433,0.148519,-0.125193,0.118968,0,0
0,1,0,2.303869,1.059703,4.256307,-0.22248,1,0
0,0,1,0.094995,0.574325,1.986931,0.328191,0,0
1,0,0,0.748677,0.520739,1.530423,0.133675,0,0
1,0,0,-0.877643,0.587613,0.272303,-0.085409,0,0
1,0,0,0.144993,0.934268,-0.079049,0.085116,0,0
0,0,1,0.618755,0.571528,0.836525,0.089012,0,0
0,0,1,2.726159,1.818763,3.517863,0.867071,2,1
1,0,0,2.088817,3.012489,5.637043,1.779841,3,1
1,0,0,0.844325,-0.061456,-0.102095,-0.107735,0,0
0,1,0,0.374609,0.178146,0.16776,-0.20795,0,0
0,0,1,0.511749,1.403999,1.637089,0.221073,0,0
0,1,0,1.511989,0.815749,0.201678,0.323037,0,0
1,0,0,2.266929,1.035994,-0.067647,0.215831,0,0
0,1,0,1.645867,2.811317,5.133156,3.97754,3,1
1,0,0,0.502226,2.113099,4.639743,1.513111,2,1
1,0,0,3.637268,1.731271,3.569995,3.66921,3,1
0,1,0,1.772089,2.583486,3.402295,1.225219,2,1
0,1,0,5.776458,0.597802,2.52312,-0.167196,2,1
0,0,1,0.424692,0.090992,1.41961,-0.045913,0,0
0,0,1,0.343804,-0.274794,0.041245,0.095775,0,0
1,0,0,6.822713,5.737197,4.65354,-1.534927,4,1
1,0,0,0.187379,0.088984,-0.467517,-0.277084,0,0
1,0,0,0.774864,-0.371221,0.024698,0.152689,0,0
1,0,0,2.414516,2.039298,4.242181,1.229752,1,0
1,0,0,1.303762,0.156456,2.120256,0.417393,0,0
0,0,1,4.170497,2.527897,2.526257,1.385776,3,1
1,0,0,-0.025042,0.173818,0.316462,-0.353031,0,0
0,1,0,5.19044,5.030052,2.681254,-1.467845,3,1
1,0,0,1.85847,0.894905,1.944106,0.327079,0,0
0,0,1,2.636378,1.490143,5.386083,1.04067,2,1
0,0,1,4.666386,4.182676,5.751141,-1.52653,4,1
1,0,0,0.346952,-0.366564,0.677865,-0.100939,0,0
1,0,0,0.053418,-0.414371,0.73667,-0.067298,0,0
0,0,1,0.632708,0.189978,0.403409,0.089066,0,0
0,0,1,0.239921,-0.136372,0.735857,0.336901,0,0
1,0,0,6.298188,5.27365,5.053988,-1.6836,4,1
0,1,0,0.669814,-0.385212,0.421579,-0.369001,0,0
0,0,1,2.08792,-0.143608,3.401944,0.634351,1,0
0,1,0,0.295872,-0.116276,-0.51462,-0.053844,0,0
1,0,0,3.502329,2.061552,4.787559,4.57415,3,1
0,1,0,2.470371,0.941268,3.837796,2.80691,2,1
1,0,0,0.106998,0.071001,-0.388604,0.15415,0,0
0,0,1,1.126911,0.656346,0.792917,0.416123,0,0
0,1,0,4.370503,0.902577,3.874951,-0.554558,2,1
0,0,1,4.048822,0.603379,3.294002,-0.45499,2,1
0,0,1,5.834618,3.052086,8.597722,-0.195662,3,1
0,0,1,1.638526,1.026915,2.170114,0.159751,0,0
0,1,0,1.688834,0.300117,0.685473,-0.358595,0,0
0,0,1,-0.122432,-0.069073,-0.148067,0.151873,0,0
1,0,0,0.470232,0.196145,1.563959,-0.216827,0,0
0,0,1,-0.408382,0.122292,-0.059896,-0.259746,0,0
0,1,0,1.319223,0.972679,6.925047,0.176914,1,0
0,1,0,-0.241267,0.062344,0.319092,-0.156762,0,0
0,0,1,1.019507,0.518979,1.05342,0.001817,0,0
1,0,0,2.617243,1.194416,5.207782,3.221689,3,1
0,0,1,-0.141015,0.149557,0.150623,-0.551835,0,0
0,0,1,0.593565,-0.383163,-0.01002,-0.079541,0,0
0,1,0,3.599461,3.035167,6.234871,0.682599,3,1
1,0,0,4.026948,0.317763,4.590429,-0.106147,2,1
1,0,0,0.112933,0.622033,0.132948,0.01731,0,0
0,0,1,1.535328,1.680209,3.626394,0.000464,1,0
0,0,1,0.180116,0.046256,0.376308,0.075772,0,0
1,0,0,0.898203,-0.133001,-0.266021,-0.225407,0,0
1,0,0,-0.896117,0.55352,0.124159,-0.026858,0,0
1,0,0,1.805392,3.184366,2.083768,-2.124553,2,1
0,0,1,-0.212779,0.28364,-0.116884,0.244743,0,0
0,1,0,0.404675,0.352832,0.367357,-0.145699,0,0
1,0,0,3.398823,1.686895,4.934008,2.913138,3,1
0,0,1,2.653461,-0.039702,0.529193,0.006022,1,0
0,0,1,1.714752,0.747341,1.786157,0.150936,0,0
0,1,0,4.934058,6.435184,4.681671,-2.138971,4,1
0,1,0,6.595938,5.510539,6.365032,-1.059963,3,1
0,1,0,0.137423,0.587761,0.202234,-0.1627,0,0
0,1,0,3.030939,2.128946,4.4482,0.821,2,1
1,0,0,2.100153,0.16059,0.75912,-0.110569,0,0
0,0,1,-0.468079,0.523873,0.891514,0.231032,0,0
0,1,0,0.307766,1.596842,6.484909,0.370871,1,0
0,1,0,-0.075117,0.222093,0.833446,0.090348,0,0
1,0,0,1.193768,3.593308,2.16954,-1.538958,2,1
0,0,1,3.855883,1.414445,3.444189,0.446293,2,1
0,0,1,0.005748,0.008747,0.075195,0.00642,0,0
0,1,0,5.106013,4.490383,3.031205,3.025056,4,1
0,0,1,-0.45967,0.102168,0.985012,-0.137668,0,0
0,0,1,-0.239242,0.304378,0.874831,-0.034985,0,0
0,0,1,4.982736,0.232953,3.755621,-0.325654,2,1
1,0,0,0.32066,-0.116542,0.316737,-0.026453,0,0
0,1,0,1.962096,0.426112,1.07026,-0.109147,0,0
0,0,1,0.84212,0.962416,1.692505,-0.082337,0,0
0,0,1,1.613163,1.116458,4.522444,0.596063,1,0
1,0,0,1.447953,1.295685,6.557146,0.869735,1,0
0,1,0,1.823303,0.959876,4.40524,0.933674,1,0
1,0,0,2.420546,3.01959,0.845854,-3.054094,2,1
0,0,1,1.5778,3.395018,1.980328,-2.109604,2,1
0,0,1,0.121053,0.043691,0.078635,-0.423612,0,0
0,1,0,-0.434604,0.287792,0.578611,-0.072885,0,0
0,1,0,1.406594,0.776233,0.90396,0.405053,0,0
1,0,0,0.095843,-0.05515,-0.176516,-0.01625,0,0
0,1,0,0.181083,0.284639,0.207391,-0.062573,0,0
0,1,0,0.126462,0.662673,2.81514,0.925469,1,0
0,0,1,-0.017738,-0.173862,0.443089,0.043872,0,0
0,0,1,3.840726,0.136782,3.827597,-0.05178,2,1
1,0,0,0.494817,4.529079,2.020888,-1.948095,2,1
0,1,0,4.824793,3.018025,4.404323,2.302576,4,1
0,1,0,-0.178988,0.193005,-0.226055,-0.030014,0,0
1,0,0,-0.48217,0.043734,1.098008,0.129391,0,0
1,0,0,0.253203,-0.373094,-0.142002,-0.167098,0,0
0,0,1,0.4449,0.034069,-0.118567,0.145247,0,0
0,0,1,4.29262,3.233541,1.580336,-2.539899,3,1
1,0,0,0.176719,0.534493,-0.381335,0.357358,0,0
1,0,0,3.703803,0.695005,0.903772,0.155222,1,0
1,0,0,-1.353387,-0.35947,0.804064,0.289013,0,0
0,0,1,1.259121,4.512524,2.634896,-4.094994,3,1
0,1,0,0.373875,0.316113,-0.522127,-0.107108,0,0
0,1,0,2.029435,-0.084045,1.618891,-0.362399,0,0
0,0,1,2.317993,1.935146,1.822087,1.065486,0,0
0,0,1,4.661941,0.728922,1.434045,0.200859,1,0
0,0,1,4.569981,3.815825,3.147014,3.629772,4,1
0,0,1,1.298783,-0.253943,0.573652,-0.193292,0,0
0,0,1,1.69751,1.292618,6.843407,1.366597,1,0
0,0,1,4.933401,0.701696,2.956431,0.047355,2,1
0,1,0,-0.042497,0.340591,-0.305687,0.263542,0,0
1,0,0,0.16956,0.097834,-0.204702,-0.068189,0,0
0,0,1,0.268369,-0.017754,0.113107,-0.006214,0,0
0,0,1,1.864228,1.074518,6.998873,0.499797,1,0
0,0,1,-0.81443,0.477481,-0.022449,0.06776,0,0
1,0,0,3.705704,1.824331,4.365471,4.121024,3,1
0,1,0,-0.172467,-0.197524,0.20233,0.161422,0,0
0,1,0,5.711193,4.986641,3.3174,-2.211833,4,1
1,0,0,4.990062,7.422938,4.293218,-1.546147,4,1
0,1,0,-0.343207,0.275914,0.260557,-0.058829,0,0
0,1,0,6.745616,2.508221,5.745663,-1.435555,3,1
1,0,0,1.83564,0.522085,1.354247,0.331307,0,0
0,1,0,0.855165,0.823465,-0.136825,0.213471,0,0
1,0,0,1.764681,4.1511,1.430525,2.0686,2,1
0,0,1,0.621628,0.780009,0.144338,-0.019624,0,0
0,0,1,1.583461,3.080661,3.499719,0.559032,2,1
0,0,1,-0.349524,0.082024,-0.522419,0.226403,0,0
0,1,0,2.744939,2.562826,3.137989,0.280281,3,1
1,0,0,0.105904,0.737427,1.324596,-0.065117,0,0
1,0,0,0.389296,0.256874,0.404332,0.256321,0,0
0,1,0,-0.163919,-0.32103,0.193039,-0.032523,0,0
0,1,0,1.695228,4.196166,2.112619,-2.256325,2,1
0,1,0,2.576292,0.408899,0.353647,0.310442,1,0
1,0,0,0.907952,0.781759,0.171299,0.245377,0,0
0,0,1,3.615323,3.645803,3.681249,0.726545,3,1
0,1,0,6.324937,5.086078,4.413267,-0.547912,3,1
1,0,0,5.418555,5.336113,7.426361,-2.70409,4,1
0,1,0,6.545073,5.312416,5.835404,-2.303073,4,1
0,1,0,-0.790027,-0.235823,0.05715,0.118008,0,0
0,0,1,1.360531,0.856479,1.207338,0.193617,0,0
1,0,0,0.201086,0.354343,2.57089,-0.144789,1,0
1,0,0,1.88102,2.832879,1.350217,-2.359216,2,1
1,0,0,0.228454,0.217553,-0.142335,-0.111421,0,0
0,1,0,-0.581653,-0.206223,-0.033777,-0.212168,0,0
0,0,1,3.612214,6.42682,4.674386,-1.875393,4,1
0,1,0,5.28389,2.952633,2.039317,4.255213,3,1
1,0,0,0.105182,-0.241977,0.266285,-0.104353,0,0
0,1,0,1.662062,0.913941,3.451174,1.167312,1,0
0,0,1,1.452989,0.968835,2.14238,0.027473,0,0
1,0,0,-0.673162,-0.191166,0.723183,-0.332921,0,0
0,0,1,0.196848,-0.031707,-0.926408,0.253246,0,0
0,1,0,0.919297,0.536448,0.59596,0.711761,0,0
0,0,1,4.170974,-0.001283,2.28119,-0.123686,1,0
0,1,0,-0.670243,0.245214,0.137364,-0.038149,0,0
1,0,0,0.550051,2.496712,2.75182,1.042001,1,0
1,0,0,0.366447,0.209918,0.251627,-0.071961,0,0
0,0,1,2.263585,0.891441,3.713433,0.268173,1,0
0,1,0,0.446831,0.302382,1.630122,0.251708,0,0
0,1,0,-0.627909,0.514208,-0.07783,-0.273808,0,0
0,0,1,-0.356105,0.388067,-0.011094,0.186994,0,0
0,0,1,0.18289,-0.211269,0.757759,-0.03673,0,0
0,1,0,1.790024,0.958738,8.104326,0.555996,1,0
1,0,0,-0.827507,-0.611536,0.086584,0.093047,0,0
1,0,0,1.436166,0.37876,1.175733,0.112544,0,0
0,0,1,5.271359,2.175819,2.268424,-2.171482,2,1
0,0,1,4.362148,7.69859,5.439112,-0.466074,3,1
1,0,0,2.602004,4.702829,2.934546,2.825257,4,1
1,0,0,0.510274,0.213177,0.174959,0.092676,0,0
0,1,0,2.565718,2.787892,2.359607,1.544744,3,1
0,1,0,0.668846,-9.1e-05,-0.052753,0.082085,0,0
0,0,1,1.269605,1.314407,1.56442,0.488922,0,0
0,0,1,2.658537,1.454086,4.001577,2.51298,3,1
0,1,0,2.258441,1.684513,0.373236,-0.290355,0,0
0,0,1,0.32948,-0.164104,-1.223292,-0.123301,0,0
0,1,0,3.01269,2.45516,2.887495,2.760995,3,1
1,0,0,4.205373,4.170051,2.099827,3.458253,3,1
1,0,0,5.22273,5.778518,6.218442,-2.84365,4,1
0,1,0,3.012812,0.268277,1.358675,0.080462,1,0
1,0,0,0.736825,-0.295188,-0.033469,0.373193,0,0
0,1,0,2.732282,0.691849,1.697696,1.569496,2,1
0,1,0,3.345953,2.093362,2.3641,2.46647,2,1
0,0,1,-0.382843,0.360975,-0.008039,-0.060399,0,0
0,1,0,5.152549,1.794989,2.286838,4.049216,2,1
0,0,1,0.468756,-0.177362,2.201459,1.129371,0,0
1,0,0,1.981352,0.468735,1.405931,0.284917,0,0
0,1,0,1.535091,1.133394,1.174906,0.189816,0,0
0,1,0,2.842822,2.181997,0.948691,2.359926,2,1
0,1,0,2.241214,1.715405,5.090119,0.704778,1,0
0,0,1,1.697151,1.03708,1.898411,0.629823,0,0
1,0,0,4.322203,4.441761,4.233793,-1.045902,3,1
0,1,0,3.20256,0.672837,2.057359,-0.909118,1,0
0,1,0,-0.516191,-0.212825,-0.434853,-0.48162,0,0
1,0,0,5.4629,6.715729,5.662152,-1.855211,4,1
1,0,0,4.039419,0.980062,1.513174,-0.648861,1,0
0,0,1,0.041038,0.400853,0.300698,-0.127256,0,0
0,1,0,-0.068238,-0.007791,0.022335,0.0022,0,0
0,1,0,-0.997336,-0.047243,0.223865,-0.028272,0,0
0,0,1,0.889828,0.594886,0.163869,0.000363,0,0
0,1,0,-0.51473,0.084479,0.469162,0.110895,0,0
0,0,1,1.404334,0.901772,1.423586,0.508536,0,0
0,0,1,-0.004672,-0.230122,-0.357514,-0.021751,0,0
0,0,1,3.293002,4.814634,4.974004,-1.857137,4,1
0,0,1,0.219823,0.337837,0.346771,-0.282562,0,0
0,0,1,5.166256,5.074292,6.131719,-2.761495,4,1
1,0,0,-0.729057,-0.105821,-0.344192,0.11033,0,0
0,0,1,2.0739,0.717674,5.508101,0.796383,1,0
1,0,0,0.027269,0.764947,0.440619,0.121832,0,0
0,1,0,0.022493,0.034537,-0.525365,-0.217554,0,0
0,0,1,-0.468621,-0.145577,0.187708,-0.003525,0,0
0,1,0,0.044628,-0.34392,-0.221709,0.1061,0,0
0,0,1,0.157673,0.531907,-0.021376,-0.107293,0,0
0,0,1,0.877561,0.845993,1.721234,-0.091464,0,0
1,0,0,3.02943,4.023168,3.082034,0.71804,3,1
0,0,1,4.737173,3.17297,3.317214,3.926575,4,1
0,1,0,0.785233,0.649859,6.286984,0.654074,1,0
0,0,1,5.576733,5.112868,5.996827,-0.936934,3,1
0,0,1,5.95175,2.737404,2.785738,3.638989,4,1
0,0,1,3.460732,1.550397,1.407408,2.574899,2,1
1,0,0,0.430716,-0.540495,0.219856,0.16871,0,0
0,1,0,2.928438,6.497387,3.410458,-0.696032,3,1
0,1,0,0.382745,0.05594,0.965433,0.156189,0,0
0,1,0,3.969083,4.343828,4.220387,1.00005,3,1
1,0,0,-0.278146,0.162973,0.234138,-0.16507,0,0
0,1,0,0.59651,1.331976,1.586277,0.073102,0,0
0,0,1,0.127518,-0.971257,0.356194,0.253251,0,0
0,0,1,1.673893,4.517495,3.081918,1.514731,3,1
1,0,0,5.693264,6.012155,4.939257,-0.158871,3,1
0,0,1,4.559628,0.446207,4.012895,-0.068503,2,1
0,1,0,0.423518,1.006242,1.436473,0.027918,0,0
1,0,0,3.72212,3.658498,2.046529,-2.938262,3,1
1,0,0,1.336995,-0.275075,0.665372,0.152228,0,0
0,1,0,-0.202269,-0.076793,0.347702,-0.27854,0,0
0,1,0,2.716533,5.234025,2.079132,0.254686,2,1
0,0,1,0.155006,-0.207911,0.549334,0.053561,0,0
0,0,1,4.434504,2.845707,3.155968,-2.020201,4,1
1,0,0,0.733736,0.033322,1.814043,0.226218,0,0
0,0,1,1.921726,1.067788,5.38999,1.273858,1,0
0,1,0,1.431749,0.580703,0.460222,0.20216,0,0
1,0,0,2.283161,1.334775,4.165967,0.055768,1,0
0,0,1,0.783027,-0.538465,0.222337,0.122059,0,0
0,0,1,0.467561,0.069665,0.221422,-0.096593,0,0
0,0,1,5.197893,3.651252,3.568731,0.001413,3,1
0,0,1,6.337276,4.748307,5.208594,-2.844623,4,1
0,0,1,2.717568,0.820952,1.0174,-0.076258,1,0
0,1,0,2.460023,0.439589,0.66049,0.299347,0,0
0,1,0,0.990732,1.327018,2.236067,0.509322,0,0
0,0,1,1.350421,0.517874,-0.704616,0.466211,0,0
0,1,0,1.598886,0.424173,1.16399,0.215562,0,0
0,0,1,2.839999,2.980737,4.155067,0.182423,3,1
0,1,0,1.136982,1.255489,6.703794,1.441309,1,0
0,1,0,0.78037,0.852291,1.926436,-0.325258,0,0
0,1,0,-0.096086,0.046393,0.604848,-0.266761,0,0
0,0,1,0.096294,1.026002,1.748583,0.283748,0,0
1,0,0,0.328704,0.682846,-0.333982,0.505833,0,0
0,0,1,2.841571,0.154366,3.31968,-0.225268,2,1
0,1,0,1.182189,3.061716,4.468242,0.906821,2,1
0,0,1,0.032106,0.386454,0.384334,-0.132307,0,0
1,0,0,0.421046,0.743875,-0.520021,0.179523,0,0
1,0,0,1.009257,3.540911,1.918116,-0.088495,1,0
0,0,1,2.79986,0.791451,3.207793,-0.082205,2,1
0,1,0,0.658125,1.459497,1.522036,0.50847,0,0
0,0,1,3.75273,5.582451,6.329961,-2.120623,4,1
0,0,1,1.852479,3.531212,2.533366,0.821587,2,1
0,1,0,1.709528,0.78317,0.610955,0.059539,0,0
0,0,1,-0.235544,-0.07228,0.458692,0.111221,0,0
1,0,0,2.465291,0.121943,1.501769,0.67852,0,0
0,1,0,2.057889,3.29165,3.175673,-2.85805,3,1
0,0,1,-0.377467,-0.568963,1.180161,-0.009639,0,0
0,1,0,0.813898,3.137192,5.796342,0.283857,2,1
1,0,0,2.445571,2.023743,1.82246,-2.869938,1,1
1,0,0,6.064334,6.557878,5.766079,0.523665,3,1
1,0,0,0.965916,0.948664,1.838204,0.372177,0,0
1,0,0,0.447268,0.983451,2.053812,0.2798,0,0
0,1,0,1.34909,0.80777,1.094134,0.264765,0,0
0,1,0,-0.067265,-0.458902,0.073922,0.067028,0,0
0,0,1,0.975917,0.744456,0.076385,0.107864,0,0
0,0,1,0.225474,0.453415,-0.901995,0.301497,0,0
0,0,1,-0.452617,-0.038099,-0.520426,-0.167144,0,0
0,1,0,1.038413,0.10877,2.04954,0.498895,0,0
1,0,0,4.552808,0.45399,1.342089,-0.48875,1,0
1,0,0,1.26975,1.677402,2.005155,-3.122796,1,1
1,0,0,-0.437665,-0.225572,0.406643,0.037069,0,0
0,0,1,0.07722,0.016348,0.306842,0.088632,0,0
0,1,0,2.701031,2.885481,3.245474,0.479524,3,1
0,1,0,1.042612,0.066811,0.363807,0.226763,0,0
0,1,0,3.453054,-0.180276,2.171377,-0.149455,1,0
0,1,0,0.270781,2.20329,1.824563,0.920053,0,0
0,0,1,0.414426,0.392395,0.270187,-0.096999,0,0
1,0,0,1.842997,0.172503,0.656748,-0.356208,0,0
0,0,1,2.667484,4.952996,5.931394,-1.612452,4,1
0,0,1,-0.404257,-0.429182,0.280871,-0.095655,0,0
1,0,0,0.830087,0.363852,-0.099522,-0.428073,0,0
1,0,0,1.788873,0.65324,5.064702,0.041683,1,0
1,0,0,1.569907,1.231436,0.669434,-0.051378,0,0
1,0,0,4.752138,4.77182,3.149803,-1.313647,3,1
0,0,1,0.987943,-0.171061,0.479846,-0.029192,0,0
0,0,1,0.214282,-0.011827,-0.172278,0.078942,0,0
1,0,0,-0.267143,-0.107928,0.938055,0.374152,0,0
0,1,0,-0.736883,-0.230459,0.027174,0.005273,0,0
0,1,0,0.427147,2.430835,3.350726,-2.27357,2,1
1,0,0,0.252672,-0.48015,-0.391959,0.271223,0,0
0,0,1,2.245567,0.559635,1.123485,0.104577,0,0
1,0,0,0.549736,-0.138697,-0.296035,-0.112523,0,0
0,0,1,2.049874,1.307887,2.582547,-2.048301,2,1
1,0,0,0.938236,0.731909,1.834342,0.004612,0,0
0,0,1,0.603876,0.463444,0.451751,-0.191611,0,0
0,1,0,2.107838,0.812968,6.101342,0.421334,1,0
1,0,0,0.100833,-0.198164,0.175138,0.146655,0,0
0,0,1,1.643636,0.336929,2.14147,-0.011562,0,0
0,0,1,1.607054,2.382467,2.068991,-2.803176,1,1
1,0,0,0.593129,0.255758,-0.476293,0.067088,0,0
0,1,0,1.532814,2.069833,3.08145,0.20841,1,0
0,0,1,1.443422,2.045571,3.442896,0.495708,1,0
1,0,0,1.803408,1.369412,3.865389,1.703718,2,1
1,0,0,4.711431,0.69833,2.2774,-0.774305,1,0
0,0,1,0.319784,2.22835,5.473268,0.03398,1,0
0,1,0,-0.747787,-0.103141,0.030029,-0.073317,0,0
0,0,1,0.726323,-0.243702,0.365435,-0.135938,0,0
1,0,0,0.252423,0.399589,-0.272633,0.199335,0,0
1,0,0,2.348646,0.420547,1.899048,0.287924,0,0
0,1,0,-0.446062,0.905659,-0.149078,-0.191593,0,0
0,0,1,1.759782,2.628104,3.365681,0.066197,2,1
1,0,0,-0.024447,-0.068735,-0.118814,0.042851,0,0
1,0,0,3.922412,2.675921,2.76914,3.69474,4,1
0,1,0,1.421072,1.140328,4.456556,0.868073,1,0
0,0,1,-0.357208,0.16292,-0.152773,-0.14193,0,0
0,1,0,-0.181552,-0.333013,-0.491436,-0.185647,0,0
0,1,0,1.236351,2.892362,3.578785,1.14454,2,1
0,0,1,1.606958,0.187732,1.342519,0.218746,0,0
0,1,0,-0.516836,0.209183,0.020864,0.020361,0,0
0,1,0,1.62605,-0.154175,1.917132,0.603748,0,0
0,1,0,0.292706,0.119041,-0.366864,0.298066,0,0
0,1,0,0.792419,-0.255577,0.081007,0.033952,0,0
1,0,0,4.790597,-0.014214,2.554441,-0.085193,2,1
0,1,0,3.057309,5.627067,1.375681,-1.819131,3,1
1,0,0,2.570451,3.132044,3.937785,0.597135,3,1
0,0,1,-0.541956,-0.089859,0.623173,0.052566,0,0
1,0,0,2.720357,3.837954,3.424017,0.901292,3,1
0,1,0,1.580532,1.910055,2.840476,0.909407,1,0
1,0,0,5.592891,4.55467,4.169775,-1.750896,4,1
0,0,1,0.187355,0.037719,0.295228,-0.017154,0,0
0,1,0,1.665648,0.798496,3.089828,-0.014107,1,0
0,1,0,5.411908,2.917694,2.051507,-1.258989,2,1
0,0,1,4.533625,5.254527,3.949433,-1.622913,4,1
0,1,0,-0.886926,-0.006025,1.380801,-0.146467,0,0
1,0,0,1.749492,-0.425047,6.594456,0.868838,1,0
0,1,0,5.673971,-0.031564,1.381992,0.142841,1,0
0,1,0,0.388396,0.111492,-0.456348,-0.187652,0,0
1,0,0,-0.492176,0.176967,0.832762,0.285554,0,0
1,0,0,3.269978,1.239258,2.554273,-0.77005,2,1
0,1,0,0.983864,2.139512,3.196193,0.623818,1,0
0,0,1,1.633636,0.20669,1.306934,0.320132,0,0
0,1,0,4.748435,2.715046,7.748547,-2.048866,4,1
1,0,0,0.763237,-0.449902,0.13894,0.042902,0,0
1,0,0,0.795863,2.665728,1.601471,-1.599938,2,1
0,0,1,3.770087,5.166426,4.092405,-0.4138,3,1
1,0,0,1.805068,2.147043,3.742966,0.620781,1,0
1,0,0,4.07222,4.597116,5.702002,-1.679885,4,1
1,0,0,-0.941091,0.211318,-0.587188,-0.377068,0,0
0,1,0,0.69733,-0.025037,-0.398361,-0.041932,0,0
0,1,0,-0.183285,0.320871,-0.035162,-0.542113,0,0
0,0,1,1.862434,-0.116564,0.321258,0.072415,0,0
0,1,0,3.724788,4.828906,6.396635,-1.388241,3,1
0,0,1,-0.023618,-0.284254,0.036362,-0.08388,0,0
1,0,0,0.525352,0.195208,0.765555,0.081115,0,0
0,0,1,1.645892,0.579342,1.280783,0.251908,0,0
0,1,0,3.075931,0.912644,1.809905,5.105894,2,1
0,0,1,3.330439,4.973137,2.612987,-2.081482,4,1
0,1,0,0.669977,-0.14237,0.465744,-0.116206,0,0
1,0,0,1.674463,0.234125,0.591914,-0.029099,0,0
0,1,0,1.246404,-0.052259,1.942123,0.801502,0,0
0,1,0,1.624732,4.073525,1.982716,-3.229123,2,1
0,0,1,4.581427,0.724408,2.900452,-0.498676,2,1
1,0,0,1.019639,0.136249,1.022516,-0.335582,0,0
1,0,0,0.440374,0.343696,-0.217298,0.170762,0,0
1,0,0,0.510561,0.163219,0.390534,-0.185823,0,0
1,0,0,0.203634,0.572631,0.00569,-0.405793,0,0
1,0,0,5.273624,0.188838,3.503195,0.06911,2,1
0,0,1,-0.019841,-0.042044,0.077543,0.133321,0,0
0,1,0,0.707892,0.18598,-0.173724,-0.03983,0,0
1,0,0,0.649191,-0.108086,0.370499,-0.006758,0,0
1,0,0,3.095423,0.511816,2.896206,-0.216897,2,1
1,0,0,2.830564,0.199957,2.411721,-0.285124,1,0
0,0,1,0.199701,0.250403,0.562191,-0.268534,0,0
1,0,0,0.733031,0.079866,0.267884,0.083574,0,0
1,0,0,3.78005,-0.028013,2.945081,-0.339972,2,1
1,0,0,-0.411462,0.819281,2.609745,-0.340442,1,0
0,1,0,4.461007,0.932028,1.943502,3.939046,2,1
0,0,1,2.610978,1.100437,2.269414,-0.440506,1,0
0,0,1,0.63606,0.984195,2.350388,-0.169969,0,0
0,0,1,0.423458,0.315235,-0.254174,0.122178,0,0
0,1,0,1.576356,0.876783,0.618164,0.695792,0,0
0,0,1,5.754182,0.07291,4.242281,-0.424973,2,1
0,1,0,1.815086,-0.169264,1.236379,-0.477011,0,0
1,0,0,-0.688002,0.018903,0.090028,-0.255971,0,0
0,0,1,0.839296,0.224996,-0.174943,-0.193563,0,0
0,1,0,4.039601,2.78825,5.542925,-0.932518,3,1
0,0,1,0.32358,0.595524,0.681148,-0.041758,0,0
0,1,0,4.429884,3.650456,3.348974,-1.713506,4,1
0,1,0,0.503443,0.698774,0.422081,0.137076,0,0
0,1,0,3.877568,8.205482,5.726911,-0.663706,3,1
0,1,0,1.630744,2.325713,4.886923,0.106265,1,0
0,1,0,-0.114406,0.295601,0.756715,0.21456,0,0
0,1,0,1.472468,0.550925,2.995333,0.317946,1,0
0,0,1,-0.617348,0.653824,0.608452,0.070086,0,0
0,1,0,-0.304539,-0.252364,-0.20611,-0.134975,0,0
0,1,0,0.155859,0.05653,-0.602003,0.198171,0,0
0,0,1,-0.270487,0.15842,0.010341,0.069545,0,0
1,0,0,5.026179,1.857568,6.276276,-1.567349,3,1
0,1,0,-0.117081,-0.501026,-0.30162,0.213072,0,0
0,1,0,0.103243,0.866212,0.596184,-0.177539,0,0
1,0,0,4.20012,0.119566,4.978895,-0.230277,2,1
0,0,1,3.029386,0.998329,3.232504,-0.266736,2,1
1,0,0,0.024973,0.341404,-0.020096,-0.046662,0,0
0,1,0,0.058005,0.290711,0.357921,-0.277393,0,0
0,0,1,-0.041037,0.590962,-0.426448,0.014863,0,0
0,0,1,0.895391,0.114734,0.704458,0.001125,0,0
0,0,1,1.102723,0.915112,1.095325,0.826566,0,0
0,1,0,0.517219,0.274066,-0.201485,0.128885,0,0
1,0,0,3.439855,0.761297,3.213366,3.036224,3,1
1,0,0,1.249973,0.36801,1.43252,-0.009113,0,0
0,1,0,6.679683,5.000427,4.528407,-1.316193,3,1
0,0,1,1.513961,0.26996,0.443433,0.056012,0,0
1,0,0,1.682094,0.743369,1.134214,0.443977,0,0
1,0,0,0.191412,-0.530266,1.140551,-0.038273,0,0
0,1,0,-0.350496,0.252364,0.167696,0.258301,0,0
0,0,1,0.665376,0.148468,2.66781,0.697302,1,0
0,0,1,0.452828,0.152491,-0.289637,0.228326,0,0
1,0,0,-0.941709,0.31277,0.273118,-0.101242,0,0
0,0,1,4.963835,3.002345,2.263107,3.105329,3,1
0,0,1,1.752426,3.647649,3.720239,1.777133,3,1
1,0,0,2.227888,0.446592,2.60981,0.086113,1,0
0,0,1,4.556166,2.018381,4.218813,2.784076,3,1
0,0,1,1.294412,0.442421,0.730932,-0.248891,0,0
0,1,0,-0.885301,0.235063,1.270112,-0.06335,0,0
0,1,0,0.594461,0.396788,-0.556916,0.099541,0,0
1,0,0,1.7214,5.074434,2.481425,-2.746239,2,1
0,1,0,1.862901,3.523337,5.064589,0.099586,2,1
1,0,0,0.247679,-0.573921,-0.581371,-0.165146,0,0
1,0,0,0.033464,0.569606,-0.051986,-0.072264,0,0
1,0,0,-0.04941,-0.075519,0.671456,-0.053569,0,0
1,0,0,0.343354,-0.498875,-0.068957,0.050187,0,0
1,0,0,0.495193,0.438651,-0.287815,-0.043237,0,0
1,0,0,2.081256,0.085866,2.764826,0.410342,1,0
0,1,0,5.344423,-0.197487,1.98463,-0.468989,1,0
0,1,0,2.800209,3.514311,3.415891,-0.144795,3,1
0,0,1,1.777287,-0.330852,-0.150394,0.163184,0,0
0,0,1,0.736153,0.436861,-0.023963,0.290638,0,0
0,0,1,6.067588,6.479929,4.616026,-1.946797,4,1
0,0,1,3.066513,0.795924,1.990597,-0.37112,1,0
0,1,0,-0.906338,-0.381308,0.006561,-0.041108,0,0
0,1,0,-0.021771,-0.053102,-0.490341,-0.17491,0,0
0,1,0,5.21785,0.855144,1.507587,-0.524493,1,0
1,0,0,1.02796,0.647226,1.76805,0.041845,0,0
0,1,0,2.204949,0.420892,1.143034,0.177504,0,0
0,1,0,1.666055,0.894823,1.089117,0.102104,0,0
0,1,0,0.961323,0.713313,2.250758,0.507159,0,0
1,0,0,1.969507,0.216341,0.738298,0.38894,0,0
0,1,0,-0.766895,-0.655108,-0.117359,0.013264,0,0
1,0,0,-0.084045,0.148424,0.373166,-0.177819,0,0
0,0,1,2.618331,2.373307,0.571778,1.973522,2,1
0,1,0,0.328867,-0.11703,0.14009,0.088432,0,0
1,0,0,-0.270097,-0.133802,-0.086151,-0.157027,0,0
0,1,0,-0.898991,0.177331,0.37597,0.057166,0,0
1,0,0,1.445031,1.864105,3.899012,0.292048,1,0
1,0,0,0.869774,0.080815,1.896125,0.002832,0,0
0,0,1,0.256496,0.28441,0.521266,-0.359574,0,0
0,0,1,1.183271,0.307581,0.871724,0.373026,0,0
1,0,0,1.053632,-0.631066,-0.432395,0.150505,0,0
1,0,0,-0.067992,-0.685624,0.134914,-0.305091,0,0
1,0,0,1.855017,1.207082,2.354736,0.742721,0,0
0,0,1,-0.824438,-0.120075,0.295248,0.078934,0,0
0,0,1,4.961628,0.431778,1.518844,-0.041556,1,0
1,0,0,2.281635,1.005689,4.983333,0.409986,1,0
1,0,0,-0.832635,-0.108523,-0.132818,-0.228076,0,0
0,1,0,2.259617,0.365844,1.335738,0.578186,0,0
0,1,0,1.333219,1.493313,3.72955,0.781035,1,0
1,0,0,-0.362611,-0.554407,0.143275,-0.178578,0,0
1,0,0,3.419183,5.377099,8.98946,-2.169426,4,1
1,0,0,0.997778,1.756718,6.469107,-0.016949,1,0
0,1,0,3.093349,1.36828,3.441549,0.869187,2,1
0,1,0,2.441623,4.647827,3.447155,0.525722,2,1
0,1,0,5.21681,0.325438,1.277962,-0.480505,1,0
0,0,1,0.911372,0.852565,2.496535,1.294578,0,0
1,0,0,2.904939,4.904615,6.27093,-2.018792,4,1
1,0,0,1.379395,0.17308,2.11822,-0.363802,0,0
0,1,0,4.803654,0.447172,3.842806,-0.245397,2,1
1,0,0,0.485108,2.943455,2.355204,1.370086,1,0
0,1,0,2.841739,4.006124,1.938179,0.158868,2,1
0,1,0,3.85953,2.348588,2.212092,1.501847,2,1
1,0,0,0.816782,0.117081,0.571523,0.423228,0,0
1,0,0,5.209876,0.56235,3.126678,-0.124001,2,1
0,1,0,-0.135818,0.143045,0.033791,-0.054433,0,0
0,1,0,2.136441,3.427016,2.245838,-2.80166,2,1
1,0,0,0.043896,-0.126669,0.55419,-0.083088,0,0
0,0,1,0.551059,-0.285468,0.745909,-0.030345,0,0
1,0,0,0.831131,0.499975,-0.127468,-0.161083,0,0
0,0,1,2.009512,2.0778,0.771201,1.180661,0,0
0,1,0,6.571327,6.474562,5.158563,-2.314711,4,1
0,0,1,3.811173,5.297773,3.904712,-1.690683,4,1
0,1,0,-0.139687,1.009538,0.547661,0.223757,0,0
0,0,1,1.330818,3.471024,4.195786,2.875825,3,1
0,0,1,7.178277,4.802906,4.626917,-0.524043,3,1
1,0,0,2.04933,1.294206,2.404318,-0.283757,0,0
0,0,1,5.331279,4.236824,4.834942,-1.470182,3,1
0,0,1,1.460393,1.107078,3.468451,1.564345,2,1
0,1,0,2.022689,3.961811,3.260642,-3.87126,3,1
0,1,0,0.093554,-0.04955,0.318034,-0.15901,0,0
0,1,0,0.600965,0.208824,-0.490719,0.011198,0,0
0,1,0,-1.007769,-0.439398,-0.375721,0.254299,0,0
0,0,1,0.899946,0.790378,4.585496,0.467086,1,0
1,0,0,2.652562,4.133414,6.011149,-1.139404,3,1
0,1,0,2.286231,3.385549,3.931926,0.498572,2,1
1,0,0,1.154246,1.550421,2.223021,0.393255,0,0
1,0,0,0.45321,0.950406,1.147823,0.243996,0,0
1,0,0,1.670128,-0.284514,5.842504,0.924719,1,0
1,0,0,5.804893,3.782634,5.860617,-1.368576,3,1
0,1,0,0.138588,0.943828,2.24335,0.168772,0,0
1,0,0,0.316037,0.008144,-0.213677,0.250832,0,0
0,0,1,2.682296,2.743882,3.854099,0.743981,3,1
0,0,1,4.043596,0.340164,2.206189,-0.17742,1,0
0,0,1,-0.84535,0.337215,1.608998,0.563365,0,0
1,0,0,4.456367,4.995159,5.066444,-0.849905,3,1
1,0,0,3.17447,3.567626,3.729375,3.052524,4,1
0,1,0,3.77234,4.333358,5.250091,-1.561353,4,1
0,0,1,5.5803,6.612061,6.177556,-2.393152,4,1
0,1,0,0.805512,0.15671,0.110296,0.089345,0,0
1,0,0,5.030552,-0.308698,4.370662,-0.810168,2,1
0,0,1,1.837306,0.328914,2.423039,0.306784,0,0
0,0,1,1.695974,2.694834,3.386974,0.477203,2,1
0,1,0,2.363287,1.923311,6.284976,0.196104,1,0
0,1,0,1.912148,4.877789,2.262219,-3.28557,2,1
1,0,0,0.278654,0.768009,-0.711821,0.182133,0,0
0,1,0,1.127647,1.892495,4.066261,0.73639,1,0
0,0,1,4.637258,0.516762,1.866217,-0.420921,1,0
0,0,1,1.930702,0.57225,1.386712,0.432094,0,0
0,1,0,0.69185,3.00229,3.370654,0.463051,2,1
1,0,0,2.663609,2.493526,3.897295,3.445426,3,1
0,1,0,0.032206,0.032067,-0.005745,0.021766,0,0
1,0,0,0.271719,0.851399,0.685654,-0.216371,0,0
1,0,0,3.598083,4.418106,3.237822,0.639991,3,1
0,0,1,-0.994794,0.131886,-0.084905,-0.079846,0,0
0,0,1,-0.697217,0.479324,0.293531,-0.09564,0,0
1,0,0,4.490764,7.194371,5.337168,-2.399352,4,1
0,0,1,5.172456,5.688626,5.583967,-0.334012,3,1
0,0,1,-0.127775,-0.185871,-0.598068,-0.264767,0,0
0,0,1,0.440189,-0.429755,-0.086091,-0.049423,0,0
0,1,0,-0.367985,-1.01469,-0.153899,0.356277,0,0
1,0,0,2.753474,0.371898,1.633268,-0.454114,1,0
0,1,0,0.040472,0.581909,0.18002,0.242995,0,0
1,0,0,2.308819,1.327918,1.090941,3.813206,1,1
0,1,0,0.301855,-0.300971,0.051911,-0.090964,0,0
0,1,0,0.179626,-0.086031,-0.029701,-0.169016,0,0
1,0,0,2.641114,0.598938,-0.348941,0.040265,1,0
0,1,0,-0.375908,-0.071338,-0.219104,-0.024991,0,0
0,0,1,0.724576,-0.402958,-0.16531,0.247825,0,0
0,0,1,4.294761,0.557255,2.888367,-0.398023,2,1
1,0,0,0.85901,0.010633,-1.27103,0.079307,0,0
1,0,0,-0.262497,0.269756,0.014676,0.094668,0,0
0,0,1,0.719704,-0.459269,-0.08155,0.314142,0,0
1,0,0,-0.15179,0.241459,0.424265,-0.002726,0,0
1,0,0,1.703939,2.048481,2.056158,-3.308709,1,1
0,1,0,-0.057697,-0.218512,0.510251,-0.098201,0,0
0,1,0,4.588819,3.586867,5.076773,-2.12596,4,1
1,0,0,2.215548,1.135366,1.843328,0.405417,0,0
0,1,0,2.057783,1.192507,1.12354,0.170545,0,0
0,1,0,0.628312,0.841515,0.223515,0.078203,0,0
0,1,0,3.29584,3.025641,3.548718,1.165249,3,1
0,1,0,3.423077,3.948109,2.9302,3.843849,4,1
0,1,0,0.690977,-0.004959,-0.027419,0.116364,0,0
0,0,1,0.180271,-0.164987,-0.082097,0.269992,0,0
0,0,1,0.039333,2.959321,2.158759,-3.28605,2,1
1,0,0,4.307778,0.408255,2.404524,-0.105653,1,0
1,0,0,1.109248,3.065618,5.333126,2.898991,3,1
1,0,0,-0.115996,-0.048327,0.533468,0.006833,0,0
0,0,1,3.48636,3.046837,0.92224,2.938134,3,1
1,0,0,1.599783,1.664448,3.80909,-0.583232,1,0
1,0,0,1.748172,1.559826,3.277023,0.249336,1,0
0,1,0,0.530096,-0.198656,0.086198,0.292325,0,0
1,0,0,-0.940052,0.232419,-0.156824,0.205087,0,0
1,0,0,5.814128,7.278245,4.1897,-1.336383,3,1
0,0,1,5.430367,0.712535,4.830739,0.008396,2,1
0,1,0,5.089072,0.769766,1.847719,-0.98441,1,0
0,0,1,3.117241,0.016002,3.745481,0.73684,2,1
1,0,0,0.584235,-0.145834,0.075533,-0.059946,0,0
0,0,1,0.871174,0.149931,0.371673,0.168116,0,0
0,0,1,-0.122292,0.190135,-0.017811,-0.442118,0,0
1,0,0,4.11253,-0.160975,0.13032,-0.378786,1,0
1,0,0,1.877075,1.566423,4.813054,0.861973,1,0
1,0,0,4.138494,6.011698,2.801456,-3.41724,4,1
1,0,0,4.208314,3.544738,5.715806,-1.273613,3,1
0,0,1,0.437619,-0.162229,-0.835357,-0.018849,0,0
1,0,0,-0.303495,0.758938,0.068007,-0.086162,0,0
1,0,0,0.025685,-0.434821,-0.194535,-0.390838,0,0
1,0,0,1.015907,0.234042,1.302687,0.49514,0,0
0,1,0,0.083353,0.614572,-0.57196,-0.166906,0,0
1,0,0,3.310058,3.132756,1.53559,0.394301,2,1
1,0,0,0.034799,-0.069797,-0.171422,-0.281552,0,0
0,1,0,1.281823,2.092374,1.720128,0.126447,0,0
0,1,0,-1.024065,0.114803,-0.060896,-0.139607,0,0
0,0,1,0.070685,0.464336,0.499177,-0.260832,0,0
0,1,0,0.89496,-0.169248,0.362145,-0.195353,0,0
0,0,1,2.075406,1.172316,5.241884,0.19242,1,0
0,1,0,4.021746,3.731287,3.041559,0.433768,3,1
1,0,0,2.095192,3.301032,2.36679,-0.113674,1,0
1,0,0,-0.048438,0.379401,-0.105227,0.006888,0,0
1,0,0,0.009776,0.560957,-0.135714,0.066079,0,0
0,0,1,0.771767,0.772035,-0.1014,0.155986,0,0
1,0,0,-0.585021,0.073794,1.151167,-0.478714,0,0
0,1,0,3.127012,2.47311,4.776462,-1.942466,3,1
0,0,1,0.443184,0.310286,0.139862,0.177425,0,0
1,0,0,-0.389106,-0.178899,0.144634,0.126285,0,0
0,0,1,0.205707,-0.262468,0.142615,-0.137001,0,0
0,1,0,0.436275,-0.161791,-0.061213,-0.054953,0,0
0,1,0,1.189277,1.468668,2.971726,0.862156,1,0
0,0,1,2.517244,6.59264,3.81275,-1.712503,4,1
0,1,0,3.278796,2.294595,1.84399,2.778483,2,1
0,1,0,2.158593,1.300409,2.095591,-0.091774,0,0
0,0,1,4.381644,4.568936,4.833151,-0.54059,3,1
0,1,0,1.60821,3.175652,4.409109,2.578514,3,1
1,0,0,6.210689,4.035212,6.92713,-2.790853,4,1
1,0,0,-0.144362,-0.058678,-0.536861,-0.097486,0,0
0,0,1,0.557968,-0.599785,0.351298,-0.09153,0,0
1,0,0,0.15869,-0.015678,0.756346,-0.080149,0,0
0,1,0,0.814981,0.072326,-0.227467,0.053023,0,0
0,1,0,2.614281,-0.508289,0.277204,0.056411,1,0
1,0,0,2.364797,2.089896,5.844797,0.781603,1,0
0,0,1,6.610006,5.079227,5.066922,-0.507283,3,1
0,0,1,-0.726986,-0.052635,-0.279242,-0.046668,0,0
0,1,0,3.194992,2.470694,2.186419,1.225939,1,0
0,1,0,2.455352,0.322478,1.643164,0.241572,0,0
0,1,0,3.928719,4.774143,4.233953,-1.230975,3,1
0,1,0,1.619428,1.545014,2.612972,3.319735,2,1
0,0,1,4.483556,3.542737,5.674416,-1.025414,3,1
0,0,1,-1.041046,-0.190053,0.1135,-0.26224,0,0
0,1,0,1.218069,1.075388,3.085196,0.527487,1,0
1,0,0,2.384586,0.43414,0.298077,0.095632,0,0
1,0,0,2.235758,0.811026,2.078788,-4.061927,1,1
1,0,0,8.425796,5.920672,6.268041,-2.679279,4,1
1,0,0,0.796512,-0.106922,1.963349,0.454198,0,0
0,1,0,1.852428,2.846224,1.16353,-2.1751,2,1
0,0,1,2.679923,1.977819,4.627358,3.662653,3,1
0,0,1,0.020982,-0.049855,-0.037689,0.261707,0,0
0,0,1,0.974187,1.352643,1.303385,-0.242367,0,0
0,0,1,3.777035,0.71619,3.080877,-0.035192,2,1
1,0,0,-0.199561,0.423431,-0.006827,-0.13271,0,0
0,0,1,0.494702,0.080208,1.784665,0.465677,0,0
0,1,0,3.530578,2.071403,3.020979,0.680466,2,1
0,1,0,-0.29164,0.659552,1.40044,-0.321225,0,0
1,0,0,4.240364,0.019529,0.895534,-0.266841,1,0
0,0,1,0.779403,1.121545,2.704507,0.706127,1,0
0,1,0,0.44857,-0.326382,0.331611,-0.285456,0,0
1,0,0,0.100464,0.49934,-0.397037,0.080182,0,0
0,0,1,2.460024,4.112944,5.780244,-1.65835,3,1
0,1,0,4.675891,5.384124,4.451042,-2.005043,4,1
0,0,1,1.547395,1.310192,1.898506,0.805215,0,0
0,0,1,6.291306,2.362956,3.458307,-1.788004,3,1
1,0,0,0.090465,-0.362908,-0.582994,-0.0717,0,0
0,0,1,0.345016,-0.095527,2.614011,0.682138,1,0
0,1,0,3.497318,0.826726,0.869659,0.36578,1,0
0,0,1,7.972339,4.940582,6.965683,-1.810322,4,1
1,0,0,0.156562,0.298061,0.243101,0.081859,0,0
1,0,0,0.266445,0.527658,0.545096,-0.345452,0,0
0,1,0,2.022712,2.460612,1.545181,0.354119,0,0
0,1,0,1.785353,3.359087,3.59259,2.077122,3,1
1,0,0,0.364843,0.532136,0.063566,0.353662,0,0
0,0,1,-0.048284,-0.013682,-0.402204,0.110896,0,0
1,0,0,4.640742,6.616973,6.022744,-1.689462,4,1
1,0,0,-0.239182,-0.65757,0.097318,0.503542,0,0
0,0,1,0.689882,-0.192434,0.392865,0.179643,0,0
1,0,0,-0.584084,0.621154,-0.559424,0.074747,0,0
0,1,0,2.716876,1.686091,1.937211,0.091729,1,0
0,0,1,0.012011,-0.414176,-1.313127,-0.053743,0,0
0,1,0,0.843688,0.261205,0.458772,-0.015203,0,0
0,0,1,0.040075,-0.17428,-0.056119,0.005303,0,0
0,1,0,2.213268,2.137214,2.961106,0.330315,1,0
1,0,0,4.401028,4.172817,2.611045,3.412522,4,1
0,0,1,5.679848,6.582785,5.686403,-1.545253,4,1
0,0,1,3.964778,2.607096,4.723265,1.159713,3,1
1,0,0,-0.537903,0.843859,-0.274828,-7.2e-05,0,0
0,0,1,0.984729,1.727887,1.948208,-0.655026,0,0
0,1,0,0.880935,-0.118473,-0.087538,-0.333159,0,0
0,1,0,1.438937,1.54921,3.085152,0.874906,1,0
0,1,0,1.322373,0.456141,1.299339,0.229059,0,0
1,0,0,1.258015,1.173977,1.353924,-3.317835,1,1
0,0,1,-0.136641,-0.344476,0.275254,-0.306681,0,0
1,0,0,-0.196141,0.03198,0.137418,-0.050892,0,0
0,0,1,1.249342,1.1405,0.936032,-0.429736,0,0
0,0,1,1.996581,2.425512,6.405661,-0.259702,1,0
0,1,0,1.166695,0.853296,1.729499,0.154119,0,0
0,1,0,-0.058178,0.176277,2.256805,0.140933,0,0
1,0,0,0.806983,1.241973,1.515946,0.201157,0,0
0,1,0,1.649931,1.120775,2.009798,0.803389,0,0
0,0,1,2.220754,0.418567,1.248955,0.809398,0,0
0,1,0,1.163616,0.002053,3.035112,-0.341119,1,0
1,0,0,1.678536,0.880116,2.062252,0.398314,0,0
1,0,0,2.180095,0.40717,1.889589,-0.094005,0,0
0,0,1,2.380381,0.073448,0.832379,-0.202789,0,0
1,0,0,3.370626,0.485519,1.429543,-0.743763,1,0
1,0,0,0.052564,-0.20305,0.179327,-0.335218,0,0
0,0,1,0.813676,4.676593,2.706311,-2.28916,3,1
1,0,0,1.204146,1.83714,2.352503,0.181514,0,0
1,0,0,4.006351,2.230281,3.203472,0.702897,2,1
0,0,1,0.484219,-0.020439,-0.260148,0.035982,0,0
0,0,1,1.986101,0.402704,0.805766,0.134587,0,0
1,0,0,5.127859,5.47714,3.926472,-1.452836,3,1
0,0,1,-0.173553,0.48609,0.216135,-0.298671,0,0
0,1,0,0.479876,0.050914,-0.613945,-0.10481,0,0
0,1,0,0.349688,0.354184,0.335991,0.052724,0,0
0,1,0,4.088334,1.957456,3.29418,3.335006,3,1
0,0,1,0.233596,-0.201506,0.170145,-0.037026,0,0
1,0,0,0.397179,0.03261,1.052351,-0.393882,0,0
0,0,1,0.21382,-0.15618,-0.106887,-0.031537,0,0
0,1,0,4.3315,4.267566,4.49749,-1.030899,3,1
0,0,1,1.905456,0.611146,1.601873,-0.338832,0,0
0,0,1,5.077532,3.610649,6.017542,-1.598419,4,1
0,1,0,-0.101292,-0.304952,-0.059551,0.26619,0,0
0,0,1,1.10266,3.134845,4.817717,0.065237,2,1
0,0,1,1.603234,-0.133993,5.342509,0.053844,1,0
1,0,0,0.939291,0.344811,1.813039,0.004506,0,0
1,0,0,-0.227759,0.630367,0.330928,0.264542,0,0
0,0,1,2.618195,0.752988,5.639309,-0.808279,2,1
1,0,0,1.323317,1.955144,1.908276,-3.089965,1,1
1,0,0,4.915954,0.622113,4.805782,-0.275595,2,1
0,1,0,3.763872,0.617463,0.87016,0.088708,1,0
0,0,1,3.552497,1.171927,2.214027,1.10995,1,0
0,0,1,-0.114432,0.819472,1.759433,0.742331,0,0
1,0,0,0.522923,0.843615,0.013669,0.082233,0,0
0,0,1,3.169536,4.38516,1.28829,0.748177,2,1
0,0,1,6.342183,-0.312985,2.854808,0.025465,2,1
0,0,1,4.069977,8.131859,3.341316,-1.596974,4,1
1,0,0,2.040889,3.39663,4.585711,-0.568766,2,1
0,0,1,5.816045,0.110363,2.648616,-0.833746,2,1
0,1,0,0.871947,0.813049,2.057948,-0.429737,0,0
0,1,0,1.925963,1.578055,1.817733,-0.60957,0,0
0,0,1,5.225733,5.911532,4.791192,-0.115337,3,1
1,0,0,0.387478,0.241287,0.37791,0.414742,0,0
0,1,0,0.250408,0.435338,2.05295,-0.32614,0,0
1,0,0,0.503669,-0.896368,0.431747,0.001789,0,0
1,0,0,0.39144,-0.813026,0.112778,0.086207,0,0
1,0,0,0.329334,0.84335,-0.347573,0.280032,0,0
0,1,0,2.602628,2.000378,2.534063,-2.948441,3,1
1,0,0,3.605715,2.934921,4.206789,0.728916,3,1
0,0,1,1.770522,3.442758,2.014126,-3.452807,2,1
1,0,0,3.868333,1.755351,4.712897,3.366808,3,1
1,0,0,0.767155,0.349712,1.064083,0.257801,0,0
0,0,1,4.174715,0.079915,5.218158,-0.208492,2,1
0,1,0,1.160822,0.014314,0.067326,0.296881,0,0
0,1,0,-0.372458,0.478937,-0.356562,-0.115264,0,0
1,0,0,-0.092197,0.055663,-0.917485,0.021108,0,0
0,1,0,2.502819,0.416179,3.202174,0.073392,2,1
1,0,0,3.061516,-0.491976,1.150047,-0.098556,1,0
0,0,1,3.619469,-0.395304,2.478514,-0.817558,1,0
0,0,1,-0.174379,0.629525,0.092025,0.258132,0,0
1,0,0,1.745457,1.927686,2.581204,0.142658,1,0
0,1,0,2.214318,1.467223,3.862134,-0.132304,1,0
0,0,1,2.992835,0.063081,3.119134,-0.245694,2,1
0,1,0,-0.405295,0.133626,0.242019,0.082154,0,0
1,0,0,1.820606,0.336279,0.643807,-0.364693,0,0
0,1,0,2.426951,0.672415,0.95956,0.09455,0,0
1,0,0,6.40211,0.431856,3.102335,0.093631,2,1
1,0,0,1.442838,2.722212,4.38064,0.059184,2,1
0,1,0,-0.325677,-0.244183,0.039368,0.263065,0,0
0,1,0,-0.406632,-0.097574,-0.321764,-0.321908,0,0
1,0,0,0.533956,-0.296174,0.132851,-0.242272,0,0
1,0,0,1.211412,0.85932,1.978348,-0.165442,0,0
0,0,1,5.133318,8.015928,4.292249,-2.254717,4,1
0,1,0,2.440619,0.750835,1.070371,0.294339,0,0
1,0,0,0.127606,-0.172938,-0.297342,-0.197852,0,0
0,0,1,-0.099985,0.182334,-0.088283,-0.172455,0,0
0,0,1,2.505623,3.78973,0.945256,0.703491,2,1
0,0,1,-0.247738,0.474205,0.03801,-0.015734,0,0
0,1,0,0.602334,-0.147261,-0.054724,-0.232291,0,0
1,0,0,0.63148,-0.206619,-0.330518,0.25759,0,0
0,1,0,0.218069,0.074478,0.021074,0.08786,0,0
0,0,1,6.067457,4.599576,3.524517,-0.103765,3,1
0,1,0,3.681555,5.786741,4.111924,-1.183525,3,1
1,0,0,1.328526,4.450061,4.944573,1.025956,2,1
0,0,1,3.566039,3.416845,4.438902,1.307885,3,1
0,0,1,2.476471,3.219673,3.4917,0.384184,2,1
1,0,0,3.704278,2.139126,1.835265,3.96303,2,1
0,0,1,1.20519,0.191097,1.669725,0.079257,0,0
0,1,0,-0.393219,-0.046063,0.131932,-0.139078,0,0
0,1,0,3.026593,2.818079,2.156209,1.823015,3,1
0,1,0,5.593496,4.058535,4.75836,-0.760675,3,1
0,0,1,1.885392,2.198883,5.736738,0.006758,1,0
0,1,0,3.19605,0.418803,1.789795,-0.335369,1,0
1,0,0,1.327461,2.502888,3.262365,-1.466807,2,1
0,1,0,0.940633,2.192688,3.585176,-0.197497,1,0
1,0,0,-0.081948,0.348327,-0.114715,0.331718,0,0
0,0,1,4.090249,2.802539,4.019922,3.551145,4,1
0,1,0,6.566124,4.357966,4.321829,-0.76185,3,1
0,0,1,1.902171,1.085527,1.077586,-0.270982,0,0
0,1,0,0.21782,-0.261483,-0.518658,-0.22757,0,0
0,0,1,-0.064759,-0.059983,-0.119941,0.09134,0,0
0,0,1,2.482682,3.311572,1.449887,0.183766,1,0
1,0,0,1.633884,1.287444,6.840715,1.508987,2,1
1,0,0,0.001898,0.281754,0.025998,0.315427,0,0
0,0,1,3.153721,2.213652,3.054355,0.453584,2,1
0,0,1,2.515035,0.122645,0.94404,-0.259068,1,0
1,0,0,-0.639338,0.325095,0.574903,-0.064494,0,0
1,0,0,1.911905,1.016182,1.986623,0.575313,0,0
1,0,0,1.850014,3.729817,3.368729,1.381525,2,1
1,0,0,0.299415,0.022257,0.024526,0.086555,0,0
0,0,1,3.873501,0.520515,3.313605,-0.005272,2,1
0,0,1,-0.113925,-0.194837,-0.106914,0.126728,0,0
1,0,0,7.050911,4.383354,7.938231,-1.025406,3,1
0,1,0,0.567241,4.552281,1.014252,-2.256706,2,1
0,1,0,0.276427,0.352297,0.556623,0.358493,0,0
0,0,1,4.206177,2.815552,2.198953,0.904782,2,1
1,0,0,2.035064,3.323271,3.25755,0.711512,2,1
0,1,0,0.589799,0.732444,0.191485,-0.115835,0,0
1,0,0,-0.230688,0.296012,0.06149,0.131493,0,0
0,1,0,1.251048,1.494914,1.373897,0.38984,0,0
0,1,0,4.381497,0.1128,1.265145,0.235318,1,0
0,1,0,0.102245,0.623808,-0.146619,0.162428,0,0
0,1,0,0.459792,0.765136,2.325074,0.284072,0,0
0,0,1,1.719985,1.077675,6.823683,0.561901,1,0
1,0,0,0.053492,0.31854,0.155196,-0.10434,0,0
0,1,0,7.00634,5.091894,4.710065,-1.910182,4,1
0,1,0,1.51055,2.127294,2.979314,-0.863583,1,0
0,1,0,2.957387,5.928621,4.262248,-0.269873,3,1
0,0,1,1.241815,0.2323,1.972222,0.127311,0,0
1,0,0,0.178864,0.414558,0.231916,0.021855,0,0
1,0,0,3.926044,3.13145,3.286119,3.345598,4,1
1,0,0,6.164939,0.457189,5.748981,-0.640536,2,1
0,1,0,0.727918,0.366104,-0.12909,-0.044673,0,0
0,1,0,0.818326,-0.258235,0.217056,0.051196,0,0
1,0,0,0.144176,0.431767,-0.172636,-0.036396,0,0
1,0,0,-1.027646,-0.029886,-0.384487,-0.162864,0,0
0,0,1,2.716762,2.723676,2.909372,0.778467,3,1
0,0,1,0.68106,0.797542,0.349815,0.084482,0,0
0,1,0,0.367494,0.022419,2.337256,0.706892,0,0
1,0,0,1.496051,4.062269,1.745305,-1.919984,2,1
0,1,0,0.794073,0.856058,1.621462,-0.17641,0,0
1,0,0,6.228215,5.275032,4.124416,0.5948,3,1
1,0,0,0.797141,0.242511,1.77223,0.22583,0,0
0,0,1,-0.225406,-0.077899,0.729612,-0.233267,0,0
0,1,0,0.069333,0.018351,-0.072434,0.137141,0,0
0,0,1,2.691989,0.985677,2.494959,-0.3179,1,0
0,1,0,-0.766093,-0.10906,0.107908,0.108232,0,0
0,0,1,1.591751,0.992994,0.594129,0.155346,0,0
0,0,1,3.333798,1.356991,3.456066,0.90197,2,1
0,1,0,0.735694,0.08841,-0.545609,0.042601,0,0
1,0,0,0.476237,-0.124881,-0.464667,0.050045,0,0
0,0,1,2.840406,3.527087,4.89463,-2.205228,4,1
0,1,0,1.789986,1.02257,0.572417,-3.340733,1,1
1,0,0,0.065514,0.229536,0.293787,0.162199,0,0
1,0,0,0.143077,-0.55534,0.23113,-0.11768,0,0
1,0,0,1.818036,1.33369,7.281566,1.326908,1,0
0,1,0,3.680951,2.710177,2.944111,0.614531,3,1
0,0,1,0.06255,0.936956,-0.195207,0.120782,0,0
0,1,0,1.279529,0.020487,5.778576,0.456588,1,0
1,0,0,3.329224,4.368107,5.085483,-1.715983,4,1
1,0,0,1.772725,2.213947,6.677245,0.861029,1,0
1,0,0,2.233668,3.394852,2.13647,-0.561673,1,0
0,1,0,0.2774,-0.192314,0.140556,0.06588,0,0
0,1,0,-0.101991,-0.617295,-0.015117,0.24504,0,0
1,0,0,4.535686,-0.204833,1.534671,-0.409313,1,0
1,0,0,0.037528,-0.314865,0.791187,-0.150755,0,0
1,0,0,0.57491,4.341864,2.5487,-2.80547,3,1
0,0,1,-0.29922,0.245748,-0.096552,0.072494,0,0
0,0,1,5.274693,7.140077,6.18702,-0.107376,3,1
0,1,0,-0.362722,0.667979,0.120579,-0.31344,0,0
1,0,0,5.113869,0.476204,1.350482,-0.641562,1,0
0,1,0,-0.485362,0.502213,-0.380778,-0.071097,0,0
0,1,0,1.360615,0.322912,1.297423,0.52755,0,0
0,1,0,4.383191,4.40988,5.887812,-1.406753,3,1
0,0,1,2.737115,0.737319,1.881561,0.545925,1,0
1,0,0,-0.207407,-0.452672,0.084312,0.013007,0,0
0,1,0,2.654797,0.482344,3.183097,0.249569,2,1
0,1,0,5.3145,6.618722,4.42938,-1.504199,4,1
0,1,0,4.617368,4.853659,4.480459,-2.028867,4,1
1,0,0,2.216325,0.136459,1.541805,-0.224052,0,0
0,1,0,0.351215,0.124206,0.137984,-0.185914,0,0
0,0,1,0.044276,0.070676,0.259098,-0.206643,0,0
0,1,0,0.698329,1.355662,4.214704,0.579115,1,0
1,0,0,4.394153,0.50185,1.042177,-0.223311,1,0
0,0,1,5.353846,0.707337,1.275712,-0.199653,1,0
1,0,0,4.761763,-0.223635,3.482653,0.102159,2,1
0,1,0,-0.076604,0.454151,-0.025403,-0.116023,0,0
0,1,0,0.312592,0.298413,-0.350449,-0.078794,0,0
1,0,0,2.69126,1.237067,1.845004,1.245123,1,0
0,1,0,-0.06941,-0.001297,0.574481,-0.349034,0,0
1,0,0,3.587139,6.801169,4.222698,-1.598556,4,1
0,0,1,3.675545,2.734889,2.761716,0.649911,3,1
1,0,0,-0.072819,0.259393,-0.446817,-0.079504,0,0
1,0,0,0.632543,-0.586265,0.939057,0.081961,0,0
0,1,0,0.399811,0.55271,0.355045,-0.046152,0,0
1,0,0,0.843199,-0.403493,0.149696,0.118703,0,0
0,1,0,2.902275,2.980879,2.219011,3.525709,3,1
0,1,0,0.717519,-0.697381,-0.064467,-0.391943,0,0
0,0,1,0.555218,-0.963921,0.709969,-0.03324,0,0
0,0,1,1.752173,3.465414,1.100618,-3.151863,2,1
0,1,0,-0.549474,-0.063258,0.769635,0.122197,0,0
0,1,0,3.416345,4.180946,2.337603,0.47399,2,1
0,1,0,1.229043,-0.401927,6.353124,0.501125,1,0
0,1,0,2.595996,1.158582,3.446016,0.674531,2,1
0,0,1,0.791028,1.415886,2.16169,0.202542,0,0
0,0,1,4.345637,5.450036,3.077179,-0.802369,3,1
1,0,0,4.855697,3.737324,3.150767,4.392626,4,1
0,1,0,2.975595,0.943219,1.138379,0.159039,1,0
0,1,0,4.984895,0.044789,3.943114,-0.240156,2,1
0,1,0,-0.305399,-0.24881,-0.612593,-0.213202,0,0
0,1,0,-0.064326,0.629192,-0.053757,-0.247277,0,0
0,1,0,0.695829,1.095078,2.248113,-0.455165,0,0
0,0,1,0.555477,0.261731,-0.155699,0.064538,0,0
1,0,0,2.01962,3.874408,3.633133,-0.03822,2,1
0,1,0,3.112966,1.786241,4.299401,1.428572,2,1
0,0,1,1.281744,2.288305,4.339825,0.319586,1,0
0,0,1,2.29522,0.486976,2.737493,1.021753,1,0
0,1,0,0.919822,2.681262,1.906861,0.265235,1,0
0,1,0,0.661083,-0.051165,0.238363,0.179355,0,0
0,1,0,5.144606,7.449696,4.682133,-1.157719,3,1
1,0,0,0.063126,0.191657,0.161037,0.135534,0,0
0,0,1,-0.3224,-0.058817,0.912638,0.120902,0,0
0,0,1,-0.164685,-0.341884,-0.477415,0.019525,0,0
0,0,1,1.821874,0.699978,5.389924,-0.175077,1,0
0,0,1,2.854799,0.615677,0.440915,0.38813,1,0
0,1,0,5.295666,4.705666,5.969332,-2.047664,4,1
0,0,1,0.161798,0.078972,0.842188,0.382093,0,0
0,1,0,0.548798,0.526387,2.840995,-0.28872,1,0
1,0,0,1.403077,0.387435,1.09795,0.040297,0,0
0,0,1,2.649133,4.171385,2.657062,-2.794088,4,1
0,0,1,6.228891,4.519583,2.420287,-2.897243,3,1
1,0,0,-0.0552,-0.389062,-0.207374,0.071471,0,0
0,0,1,2.648677,1.38641,2.032087,0.190776,1,0
0,0,1,0.403242,0.281756,-0.031157,0.144667,0,0
1,0,0,-0.383413,-0.003385,-0.085752,0.074465,0,0
0,0,1,2.442687,0.987577,1.843071,0.235684,0,0
1,0,0,0.211187,0.697049,-0.439548,-0.269535,0,0
1,0,0,0.622249,-0.181726,-0.493731,0.226166,0,0
0,0,1,0.542868,0.376097,-0.363864,-0.079666,0,0
1,0,0,4.355792,6.061947,6.649212,-1.651661,4,1
1,0,0,0.804544,-0.016048,0.394705,0.061817,0,0
1,0,0,0.080193,-0.099078,-0.280033,0.214148,0,0
0,0,1,0.110231,-0.03174,0.397725,-0.026258,0,0
0,0,1,2.864148,0.760286,1.962934,0.356244,1,0
0,1,0,1.353724,3.429511,1.879442,-2.014238,2,1
0,0,1,0.019213,-0.217162,0.139109,0.008566,0,0
0,1,0,4.106996,5.034847,5.542889,-0.329029,3,1
0,1,0,2.349639,0.79708,5.961915,0.45655,1,0
0,0,1,0.071124,-0.396569,0.161301,0.036991,0,0
0,0,1,3.862598,3.1898,1.571636,2.62582,3,1
0,0,1,3.636328,3.667495,2.40386,0.156164,2,1
1,0,0,1.452136,0.455096,1.340388,-0.1151,0,0
1,0,0,4.8274,0.263304,3.359296,0.095622,2,1
0,1,0,0.473249,-0.572359,0.081106,-0.050057,0,0
0,1,0,-1.216163,0.270381,0.221476,0.264469,0,0
0,1,0,1.403739,1.713826,4.412451,-0.565028,1,0
0,0,1,0.996218,3.484643,0.909583,-3.347236,2,1
1,0,0,0.170039,0.043788,0.091272,0.025244,0,0
1,0,0,3.631138,3.508586,3.616757,1.790095,4,1
0,0,1,1.78801,-0.20266,0.777913,0.162894,0,0
0,1,0,0.132435,0.123869,-0.151701,-0.344756,0,0
0,1,0,-0.254957,0.014227,0.103509,0.015684,0,0
0,1,0,2.237962,0.483681,3.975726,-0.108158,1,0
1,0,0,3.155439,3.417744,1.519586,1.047684,2,1
0,1,0,0.181413,0.108062,0.151548,0.242997,0,0
1,0,0,1.466944,0.827914,0.691817,0.146628,0,0
0,1,0,5.137172,0.513475,3.597786,-0.272419,2,1
0,1,0,-0.025789,0.155005,-0.619692,-0.279824,0,0
0,0,1,0.14301,0.500218,0.343255,0.02399,0,0
1,0,0,0.076976,-0.071129,0.036726,0.003525,0,0
0,0,1,-0.261695,0.431931,-0.032447,-0.087026,0,0
0,0,1,2.201876,2.364619,3.753329,1.571695,2,1
0,0,1,2.108631,0.564049,0.068271,0.221876,0,0
0,1,0,0.077442,-0.18575,0.424206,-0.34086,0,0
0,1,0,0.663401,0.257575,0.506897,-0.422578,0,0
1,0,0,0.15263,0.302317,0.185072,-0.181291,0,0
0,1,0,2.318357,0.44736,0.627628,0.405552,0,0
0,0,1,3.362696,4.329323,4.312147,-1.288124,3,1
0,0,1,0.4624,-0.243887,0.016654,0.401908,0,0
0,1,0,3.484363,0.739092,2.584043,1.144153,2,1
0,1,0,5.355804,7.909302,5.91981,-0.324645,3,1
0,1,0,1.315491,0.709247,0.739532,0.418868,0,0
0,1,0,4.295277,0.362796,2.898348,0.003828,2,1
1,0,0,0.10673,0.56038,0.29731,-0.255336,0,0
0,0,1,2.374981,0.736083,2.53443,-0.419048,1,0
0,0,1,4.471963,1.354932,3.799488,2.146585,3,1
0,0,1,0.629206,0.398271,0.386137,0.113829,0,0
1,0,0,4.39649,7.328693,3.138951,-0.620333,3,1
0,1,0,0.955444,4.082105,2.735362,-3.738694,3,1
1,0,0,4.000425,2.495247,4.624717,0.187231,2,1
1,0,0,2.198933,2.884685,1.736645,-3.778322,2,1
1,0,0,1.631899,2.897915,4.604012,0.371079,2,1
0,1,0,1.203965,-0.144058,0.191757,0.046403,0,0
0,0,1,1.602855,4.728503,5.341448,-0.674979,2,1
0,1,0,3.37905,6.23973,5.437272,-1.841636,4,1
0,0,1,1.66045,0.882035,6.368478,-0.030243,1,0
0,0,1,-0.509423,-0.65719,0.196136,-0.266651,0,0
0,1,0,0.184892,0.085214,-0.048863,0.307742,0,0
1,0,0,3.1268,3.327482,2.021524,-2.945039,3,1
0,1,0,2.495884,3.02512,3.626176,1.364791,2,1
0,1,0,0.153782,-0.139528,0.354472,-0.017843,0,0
0,0,1,-0.205082,0.41489,-0.029407,-0.207925,0,0
1,0,0,-0.018431,0.687459,-0.262114,-0.421209,0,0
0,1,0,0.625122,-0.221246,0.69968,0.136905,0,0
0,0,1,4.132742,0.276789,1.608429,-0.437035,1,0
1,0,0,0.799043,0.559196,3.019512,-0.447615,1,0
1,0,0,1.514314,2.495022,2.404776,0.508645,0,0
1,0,0,0.680735,3.210889,1.986773,-3.820773,2,1
0,0,1,0.061975,0.78569,2.142465,-0.189285,0,0
0,0,1,0.391925,0.089266,-0.202208,-0.133377,0,0
0,1,0,1.86823,2.440316,2.925561,0.707937,1,0
0,0,1,2.710225,1.875941,5.391431,0.726795,2,1
0,0,1,0.138273,1.7934,0.917812,0.879186,0,0
0,1,0,1.116801,3.330459,2.736503,-4.31271,3,1
0,1,0,-0.221828,-0.269828,0.604188,0.076876,0,0
0,0,1,1.805266,-0.34349,1.912551,-0.054334,0,0
1,0,0,-1.00454,0.203495,-0.403052,-0.168116,0,0
1,0,0,4.074236,-0.192394,2.364093,-0.770927,1,0
0,1,0,1.684833,1.212197,0.980367,-0.31971,0,0
0,1,0,3.274985,4.892046,5.469498,-1.259074,3,1
0,1,0,1.139083,2.464074,1.579853,-2.240652,1,0
1,0,0,3.673243,3.446456,3.793267,1.02487,3,1
1,0,0,1.07669,0.508137,1.831115,0.001765,0,0
1,0,0,0.936771,1.329126,1.42804,0.29829,0,0
1,0,0,2.687752,-0.135574,1.085164,-0.165731,1,0
0,0,1,0.309913,0.757373,0.354071,-0.017071,0,0
0,1,0,2.904805,1.640182,7.047654,-0.113163,2,1
0,0,1,0.073042,0.215939,0.056037,-0.071285,0,0
1,0,0,0.254166,0.042995,-0.115819,-0.299755,0,0
0,1,0,7.340367,2.87609,5.584563,-1.965769,4,1
0,0,1,-0.418394,0.275322,0.405897,-0.162294,0,0
0,1,0,1.314753,0.425486,2.078822,0.155018,0,0
0,0,1,4.480282,2.622146,4.068442,0.989772,3,1
1,0,0,-0.122215,0.151486,0.734661,0.125448,0,0
1,0,0,0.079,-0.495664,0.105467,-0.237687,0,0
0,1,0,2.32131,0.846958,5.201031,1.077782,1,0
0,1,0,1.82021,3.891535,5.652319,0.570082,2,1
0,1,0,3.080566,-0.333674,2.959568,-0.446675,2,1
1,0,0,-0.187221,0.142794,0.028741,0.091316,0,0
0,0,1,5.517622,-0.506044,1.699808,-0.11061,1,0
1,0,0,-0.205434,1.730108,2.469501,0.59983,0,0
0,0,1,3.233443,3.793701,4.983591,-0.173347,3,1
0,1,0,0.796111,0.798456,2.384466,0.120929,0,0
0,0,1,4.347175,5.422147,5.220783,-1.988456,4,1
0,1,0,-0.139114,0.738636,-0.279491,-0.220212,0,0
0,1,0,0.084841,0.638146,0.715309,-0.070745,0,0
0,0,1,0.589207,0.498251,0.122286,0.015451,0,0
1,0,0,0.370797,-0.097958,-0.49469,-0.417543,0,0
1,0,0,0.337221,0.164312,0.330793,-0.037625,0,0
0,0,1,0.360945,-0.155258,0.699173,0.098171,0,0
0,1,0,1.253627,0.577179,1.444294,-0.167558,0,0
1,0,0,2.823299,3.843403,3.831804,4.25026,4,1
0,1,0,2.295621,2.283022,3.431135,0.780093,1,0
0,0,1,0.585026,0.095782,-0.354975,-0.055814,0,0
1,0,0,2.504382,5.089284,3.790164,-1.001869,3,1
0,0,1,-0.568419,-0.105656,0.705373,-0.006278,0,0
1,0,0,2.828044,5.107286,8.673229,-1.973131,4,1
0,1,0,1.500754,2.362977,2.6932,0.729282,1,0
0,0,1,-1.020226,-0.320627,0.074588,0.184673,0,0
0,0,1,2.4678,3.712325,4.930655,-2.029717,3,1
0,1,0,0.136315,0.518764,0.253468,-0.19117,0,0
1,0,0,0.769208,-0.08941,-0.593028,0.088113,0,0
0,1,0,3.249603,1.268496,1.787023,-0.094774,1,0
0,0,1,4.688073,0.178335,1.977606,0.029144,1,0
0,0,1,3.465034,0.136445,3.476639,-0.091477,2,1
0,0,1,1.964748,1.188801,0.403695,0.542688,0,0
0,0,1,0.278576,0.153402,0.009455,-0.11426,0,0
1,0,0,0.832377,0.446077,1.897102,0.136259,0,0
0,1,0,3.550873,1.929107,5.80441,2.466439,3,1
1,0,0,-0.244888,0.021282,-0.04945,0.24868,0,0
0,1,0,-0.200414,-0.084759,-0.200126,-0.145886,0,0
0,1,0,1.122518,0.5535,3.464806,0.357324,1,0
0,1,0,4.868149,1.225133,2.966007,-0.202088,2,1
0,0,1,-0.180525,0.427118,0.011772,-0.267779,0,0
0,1,0,2.665378,2.744827,2.348109,-0.382203,2,1
1,0,0,1.352143,2.066624,6.447629,0.668944,1,0
1,0,0,6.281186,4.831333,5.440883,-2.022635,4,1
1,0,0,-0.132432,0.405494,0.766155,0.060781,0,0
0,0,1,4.441551,0.417621,1.461799,-0.041297,1,0
1,0,0,2.123152,1.359834,2.502716,4.218208,2,1
0,1,0,5.315344,2.498995,8.596486,-0.299805,2,1
0,0,1,5.507409,5.66724,4.276154,-1.94472,4,1
0,1,0,0.813295,0.364646,-0.221183,-0.038333,0,0
0,1,0,-0.334845,0.390456,0.200713,0.136473,0,0
0,1,0,0.28501,0.403518,1.681562,0.520826,0,0
0,0,1,-0.171673,-0.286465,0.103717,0.487416,0,0
0,0,1,-0.006422,-0.046855,0.921827,-0.263071,0,0
1,0,0,2.857117,1.908037,4.966154,0.428254,2,1
0,0,1,0.412818,0.81969,2.337211,0.000625,0,0
0,0,1,0.206003,-0.398351,0.683339,0.012204,0,0
0,1,0,4.130698,0.578383,2.373843,-0.228876,1,0
0,0,1,-0.800424,0.338016,0.116994,-0.347638,0,0
0,1,0,1.077141,0.581404,2.177241,0.065566,0,0
0,0,1,8.111048,4.335238,2.131892,-1.185573,2,1
0,1,0,0.826349,0.210313,0.583313,0.659659,0,0
0,0,1,2.91703,0.970118,1.233272,0.736724,1,0
0,1,0,-0.149517,0.447139,-0.101031,-0.004955,0,0
0,1,0,5.572382,3.182275,2.714264,2.607003,4,1
1,0,0,2.292682,0.840492,0.694152,-0.166134,0,0
0,1,0,2.050772,3.013157,2.875397,-0.057017,2,1
0,0,1,3.937654,2.484663,3.849626,2.93577,3,1
0,0,1,-0.014577,0.849429,-0.124598,0.028143,0,0
0,0,1,0.632876,0.343312,-0.712319,0.099972,0,0
0,0,1,-0.405439,-0.023908,0.375732,-0.223952,0,0
0,0,1,0.268742,0.479818,-0.113078,-0.009082,0,0
1,0,0,-0.151915,0.043173,-0.332363,0.465014,0,0
1,0,0,0.857956,0.1012,0.685889,-0.24789,0,0
1,0,0,1.20026,2.165264,4.787687,-0.335622,1,0
1,0,0,1.297053,0.413975,1.055577,0.212114,0,0
0,0,1,2.071629,1.690124,5.915576,0.878388,1,0
0,1,0,3.751784,0.804211,1.804949,-0.588665,1,0
0,0,1,4.564171,6.342796,6.361577,-2.059415,4,1
0,1,0,1.818771,1.188932,3.270717,1.369817,1,0
1,0,0,1.934367,1.946155,5.900628,-0.957549,1,0
0,1,0,6.445878,7.372034,4.461042,-1.032551,3,1
0,1,0,4.272387,3.643347,3.427011,2.375334,4,1
1,0,0,5.034265,6.360496,6.329617,-0.545022,3,1
0,0,1,1.491375,1.664677,0.807819,-0.329494,0,0
0,1,0,3.919806,2.633144,2.027048,4.391622,3,1
0,1,0,5.088181,0.416301,2.878848,-0.064592,2,1
0,0,1,4.843425,0.901029,2.905541,-0.504089,2,1
0,1,0,1.237567,-0.249619,-0.809948,-0.076976,0,0
1,0,0,2.17671,1.848211,6.141589,0.088103,1,0
1,0,0,3.282747,2.061935,2.678641,3.37955,3,1
1,0,0,0.073984,0.145895,0.052825,-0.010631,0,0
0,0,1,-0.896512,0.376867,0.234748,0.5045,0,0
0,1,0,2.467317,-0.076392,0.96271,-0.02248,0,0
0,1,0,-0.648833,-0.062009,0.841738,0.021117,0,0
0,1,0,3.158498,1.537782,4.607674,0.271518,2,1
0,1,0,3.665643,0.164926,2.566926,-0.413136,2,1
1,0,0,6.401538,5.053589,6.893827,-1.600093,4,1
0,0,1,3.632763,3.515488,3.323541,2.74481,4,1
1,0,0,1.075598,0.401492,1.428114,0.022699,0,0
1,0,0,0.312815,0.418749,0.366693,-0.181395,0,0
0,1,0,5.537861,3.911571,3.684533,0.745378,3,1
0,0,1,5.192078,0.717385,3.09625,0.026502,2,1
0,1,0,1.173739,2.694257,1.346315,-3.009486,2,1
0,1,0,-0.006998,-0.426675,0.405188,0.092206,0,0
1,0,0,1.606293,2.203036,3.185971,0.361226,1,0
0,0,1,3.580658,2.441563,4.79916,0.02553,2,1
0,0,1,2.556798,2.032812,2.58553,2.454132,3,1
1,0,0,3.545163,2.399436,1.050104,3.414067,2,1
1,0,0,0.118584,0.47417,-0.228166,0.025479,0,0
0,0,1,0.039218,0.913,2.818854,-0.43836,1,0
0,1,0,0.567091,0.12202,1.895894,0.251017,0,0
1,0,0,3.322646,0.487165,3.395866,-0.607846,2,1
0,0,1,0.300811,0.87388,-0.179524,0.039831,0,0
0,1,0,-0.645949,0.369705,0.546519,-0.273176,0,0
1,0,0,2.411315,0.755988,1.226637,0.425699,0,0
1,0,0,2.216453,0.600683,3.757877,-0.043946,1,0
1,0,0,0.98452,1.247766,1.956901,-2.493574,1,0
0,0,1,0.181584,0.515409,-0.426068,-0.25162,0,0
0,1,0,0.023931,-0.196836,0.699,-0.046851,0,0
1,0,0,-0.460837,0.451054,0.486024,-0.399406,0,0
1,0,0,4.100952,-0.068451,2.197947,-0.728345,1,0
0,1,0,1.611314,1.973317,7.734663,0.803284,1,0
0,1,0,3.292399,5.649364,5.012718,-2.325287,4,1
0,1,0,1.275712,0.981162,1.403886,-0.099202,0,0
0,0,1,1.584845,2.27419,6.680604,0.867652,1,0
0,0,1,0.847373,0.080051,-0.061364,0.246015,0,0
1,0,0,1.592422,-0.086796,2.082176,-0.01041,0,0
0,0,1,0.393846,-0.25664,0.185879,0.205017,0,0
0,1,0,2.344104,3.650711,2.38292,2.006615,2,1
0,1,0,-1.132136,0.151971,0.192826,0.448881,0,0
0,0,1,0.766657,0.513929,-0.099627,-0.231443,0,0
0,1,0,3.142771,5.203921,5.177797,-1.191839,3,1
0,1,0,0.343128,-0.320333,0.073037,-0.24798,0,0
1,0,0,0.528098,0.814366,0.469507,-0.028399,0,0
0,1,0,1.48318,4.603755,3.916019,-1.709273,3,1
0,0,1,-0.634916,-0.586367,-0.395234,0.183908,0,0
1,0,0,0.33997,0.258708,0.310678,-0.104455,0,0
1,0,0,-0.151415,-0.254186,0.208744,-0.027053,0,0
1,0,0,5.514391,4.328829,4.785592,-2.190021,4,1
1,0,0,-0.341379,0.111398,-0.658939,0.381055,0,0
0,0,1,-0.223005,0.318191,-0.223582,-0.169996,0,0
0,1,0,0.377665,0.357305,0.242581,0.101712,0,0
1,0,0,2.268629,0.563657,1.235982,-0.285021,0,0
0,1,0,1.897383,0.226591,1.126948,-0.108196,0,0
1,0,0,-0.177363,0.007418,0.095255,0.125391,0,0
1,0,0,5.314679,2.543698,6.556322,-2.177014,4,1
0,1,0,0.704122,0.286932,-0.043817,-0.117854,0,0
1,0,0,0.085816,0.06015,-0.56939,0.220394,0,0
0,1,0,3.174521,2.384467,2.913629,2.087346,3,1
1,0,0,0.41176,0.062246,-0.405006,0.23137,0,0
1,0,0,2.782533,0.31268,0.999919,0.180892,1,0
0,0,1,0.139271,0.389748,-0.338098,0.240125,0,0
0,1,0,1.564389,0.751954,3.365344,0.506387,1,0
1,0,0,2.279289,1.858588,2.883551,1.460571,1,0
0,0,1,2.738589,1.84931,3.18143,0.755037,2,1
1,0,0,0.037848,0.681246,-0.261138,-0.362558,0,0
1,0,0,5.274768,0.400879,1.422021,-0.174559,1,0
1,0,0,-0.505402,0.30018,0.151066,-0.194836,0,0
1,0,0,1.291175,1.456556,2.843437,0.04592,1,0
1,0,0,3.214586,5.765366,3.627575,-1.503723,4,1
0,1,0,0.179092,0.252647,0.676202,0.071313,0,0
0,1,0,-0.328874,-0.432202,0.063913,-0.34186,0,0
1,0,0,-0.409916,-0.517439,0.202282,-0.037302,0,0
1,0,0,3.475663,2.557386,2.309065,-0.456308,2,1
0,1,0,2.544151,1.118341,3.119978,0.246429,2,1
0,1,0,1.453881,0.384077,1.583439,0.383492,0,0
0,1,0,1.879052,3.038646,2.819147,0.898206,2,1
1,0,0,0.931748,4.152798,1.550338,-2.970855,2,1
0,0,1,2.425974,0.609922,1.211078,-0.291664,0,0
1,0,0,2.330115,2.301808,4.318544,0.612887,1,0
0,0,1,3.773747,1.872494,1.941405,0.271624,1,0
1,0,0,0.412687,-0.057935,-0.279981,0.08464,0,0
1,0,0,1.258865,4.499717,3.198954,-2.942569,3,1
0,1,0,2.562703,-0.253813,7.270479,1.328863,2,1
0,0,1,6.505567,2.346572,6.646252,-0.183201,2,1
1,0,0,2.8573,0.554752,3.825382,-0.195213,2,1
1,0,0,1.138883,1.776006,3.721549,0.348653,1,0
0,0,1,5.051058,4.167057,2.523585,-2.419631,4,1
0,1,0,-0.003291,0.027739,0.305727,-0.154277,0,0
1,0,0,2.539878,1.662981,1.773516,1.262364,1,0
1,0,0,1.576953,3.144264,3.081722,0.048927,2,1
1,0,0,0.865113,0.470642,-0.416948,0.221568,0,0
0,0,1,0.170247,0.113519,-0.625918,0.047603,0,0
0,1,0,2.791261,7.033458,4.669676,-1.372826,3,1
0,1,0,0.733698,0.063707,-0.386085,-0.219938,0,0
1,0,0,1.19605,0.23344,4.424891,0.052798,1,0
0,1,0,-0.088279,0.227367,0.575839,0.162616,0,0
1,0,0,0.476507,0.042773,-0.054854,-0.265727,0,0
1,0,0,-0.41069,0.353451,0.545634,-0.17664,0,0
0,1,0,0.564416,0.145157,-0.216667,0.08183,0,0
0,0,1,-0.309158,0.019281,-0.454091,-0.001091,0,0
0,1,0,0.545542,1.264783,4.354369,-0.310941,1,0
0,1,0,1.112489,3.526078,3.733986,2.312226,3,1
0,0,1,3.884021,0.835273,4.595183,-0.068025,2,1
1,0,0,0.555377,0.553363,-0.362574,0.182085,0,0
0,1,0,0.316898,-0.090688,0.054656,-0.080164,0,0
0,0,1,1.568626,1.333787,6.137501,0.699681,1,0
0,1,0,5.000295,2.203729,3.892344,2.516896,3,1
0,1,0,0.567708,-0.056063,0.25804,0.013007,0,0
1,0,0,4.561729,1.31814,2.094853,-0.256317,1,0
0,1,0,0.426561,0.437733,-0.251483,-0.006783,0,0
1,0,0,2.615711,0.288189,0.441305,0.351391,1,0
0,1,0,3.715931,3.797188,3.228207,-0.85679,3,1
0,1,0,0.090248,0.173424,0.364655,-0.048564,0,0
0,0,1,0.036765,-0.052568,-0.289457,0.372389,0,0
0,0,1,0.12792,0.140172,-0.142126,0.367339,0,0
1,0,0,-0.232526,-0.428133,0.269254,-0.119623,0,0
1,0,0,-0.575048,0.559314,-0.012703,0.312565,0,0
0,1,0,3.735969,0.276044,2.666607,-0.661115,2,1
1,0,0,1.504058,2.657123,1.725578,-1.885613,2,1
0,1,0,-0.395102,0.263061,0.55252,0.073493,0,0
0,0,1,4.009559,-0.341006,4.514025,0.383791,2,1
0,1,0,0.725887,1.077639,4.7273,0.258,1,0
0,1,0,0.378944,0.18726,0.095282,-0.170469,0,0
1,0,0,4.163646,0.118323,3.039661,0.260218,2,1
1,0,0,0.205802,-0.751524,0.719466,0.12682,0,0
1,0,0,1.792659,0.009249,1.576106,-0.441105,0,0
0,0,1,1.431206,1.254533,0.635853,0.554348,0,0
1,0,0,-0.387943,0.37324,0.942849,-0.29598,0,0
1,0,0,1.895422,2.187247,1.894098,-0.53841,0,0
0,1,0,0.370781,0.54689,-0.312335,-0.279098,0,0
0,0,1,-0.008289,0.373453,0.062194,0.08944,0,0
0,0,1,4.216131,3.234989,2.456202,5.135014,3,1
1,0,0,-0.445969,-0.05276,-0.010303,-0.213023,0,0
0,1,0,2.498304,3.586093,3.06033,-2.615813,3,1
0,1,0,5.121799,0.715674,5.101518,0.122985,2,1
0,1,0,-0.300275,-0.46947,0.312604,0.104174,0,0
0,0,1,0.795226,-0.129701,-0.403985,-0.053756,0,0
1,0,0,2.023433,0.207005,1.20096,0.615254,0,0
0,0,1,-0.867295,-0.022888,0.645685,-0.09164,0,0
0,1,0,1.212498,0.328477,0.734779,-0.092227,0,0
1,0,0,4.888694,5.214703,3.617011,-2.564943,4,1
0,1,0,1.963917,0.40896,0.142676,0.134655,0,0
0,0,1,-0.042169,0.615518,0.008641,0.081451,0,0
0,1,0,-0.654072,-0.062019,-0.545783,-0.208203,0,0
1,0,0,0.276678,0.380706,0.653379,0.320641,0,0
1,0,0,3.112553,0.302556,4.518236,0.626257,2,1
0,0,1,3.034257,-0.324943,1.997092,-0.071939,1,0
0,0,1,1.548222,0.724818,-0.23582,-0.559142,0,0
0,1,0,3.665296,2.079643,1.901015,0.060194,1,0
0,0,1,1.533795,0.615243,1.092238,-0.129167,0,0
0,1,0,0.355525,0.191086,0.07373,0.23295,0,0
0,1,0,2.196336,2.631738,3.093059,1.030433,2,1
1,0,0,1.080916,0.696262,1.404185,-0.412712,0,0
0,1,0,3.977444,2.000673,3.054232,3.832857,3,1
0,0,1,0.070073,-0.004057,-0.375474,0.192153,0,0
0,0,1,0.653572,-0.492619,0.945068,-0.048758,0,0
0,0,1,0.292342,0.092429,0.395992,-0.015758,0,0
1,0,0,-0.183955,-0.281512,-0.143125,-0.020379,0,0
0,1,0,0.687706,0.180601,1.870396,-0.166957,0,0
0,0,1,2.312255,2.872211,2.479534,0.638028,1,0
0,1,0,-0.010376,-0.538275,0.709903,-0.085281,0,0
0,1,0,2.569549,2.613984,4.581932,0.523651,3,1
0,1,0,3.770313,2.756344,2.830189,2.772166,4,1
0,0,1,4.41688,3.556573,4.83011,-1.712283,4,1
1,0,0,-0.431743,0.144127,0.296858,-0.109854,0,0
1,0,0,-0.025221,-0.113881,0.677317,-0.1052,0,0
0,0,1,0.348081,-0.938974,0.191649,-0.209222,0,0
1,0,0,5.002024,-0.172635,2.871498,-0.810188,2,1
1,0,0,2.260524,0.336578,1.012414,0.485533,0,0
0,0,1,0.0453,0.155224,-0.122481,-0.063806,0,0
0,1,0,1.747004,1.855861,4.796799,0.597856,1,0
0,1,0,-0.001114,1.276176,2.547293,0.342682,1,0
0,1,0,0.312435,-0.725133,0.182915,0.136205,0,0
1,0,0,5.165761,5.258514,4.459572,-1.050952,3,1
0,1,0,-1.075781,-0.407311,-0.434699,0.269721,0,0
1,0,0,5.670589,5.245616,5.348019,0.449844,3,1
0,0,1,1.087418,0.450046,1.45656,0.41692,0,0
0,1,0,4.720038,0.654358,3.210752,-0.676804,2,1
0,1,0,3.743473,7.136291,6.502755,-2.515328,4,1
0,1,0,0.758519,0.446853,0.186629,-0.316318,0,0
0,0,1,0.062805,0.062293,0.85162,-0.185146,0,0
0,1,0,1.122863,5.424834,3.411098,-2.685378,3,1
1,0,0,0.548839,0.141971,-0.090914,0.120508,0,0
0,1,0,0.527639,0.042347,2.200211,-0.543914,0,0
0,1,0,6.440814,5.866619,6.209789,-1.653161,4,1
0,0,1,-0.015376,0.677528,0.002643,-0.198475,0,0
1,0,0,4.193575,5.256142,4.064016,-2.14658,4,1
0,1,0,3.720915,4.280133,2.252804,0.948186,2,1
1,0,0,0.737567,0.721635,-0.06947,-0.134032,0,0
0,1,0,1.758675,2.601098,3.530376,1.352139,2,1
0,1,0,6.240913,4.176839,3.917333,-1.692463,4,1
0,0,1,1.752461,-0.149056,1.428788,-0.277966,0,0
0,0,1,0.883897,0.348862,2.336718,-0.013278,0,0
1,0,0,1.397229,0.800128,4.051804,0.082428,1,0
1,0,0,2.711418,0.336698,0.717374,-0.351355,1,0
0,0,1,0.28069,0.188826,0.312451,-0.251832,0,0
0,1,0,5.004353,1.456852,2.642529,2.546742,3,1
0,0,1,1.380431,0.866345,1.313512,0.162076,0,0
1,0,0,5.846873,2.037409,2.134254,3.639393,2,1
1,0,0,3.898513,3.132945,1.881856,2.13891,3,1
1,0,0,3.763203,3.800616,5.137289,0.15579,3,1
0,0,1,4.876385,0.62733,1.658448,-0.065289,1,0
0,0,1,2.840307,5.187453,3.848841,-1.918333,4,1
0,1,0,2.532066,3.612521,2.146734,0.268798,2,1
0,1,0,-0.49216,1.499648,2.620489,0.491109,1,0
1,0,0,0.879658,1.212366,-0.035366,0.219102,0,0
0,0,1,3.01311,2.274742,3.184895,0.290577,2,1
0,1,0,2.177708,1.858553,3.773128,0.523564,1,0
0,1,0,2.721963,-0.874425,0.934726,-0.378713,1,0
0,0,1,0.544098,0.549088,2.192932,0.183779,0,0
0,1,0,2.398423,0.837368,1.836249,3.462339,1,1
1,0,0,-0.019481,-0.174667,-0.310022,0.345957,0,0
0,1,0,0.812159,1.965491,7.219021,0.602293,1,0
0,0,1,3.92572,4.208714,4.022722,-0.533127,3,1
1,0,0,0.142496,0.153159,-0.495682,0.399821,0,0
0,0,1,3.030781,1.5922,2.312384,0.414616,1,0
0,0,1,1.382063,0.903489,0.658927,-0.031818,0,0
0,0,1,1.439014,1.393997,2.679592,0.595652,1,0
1,0,0,0.010855,-0.133326,-0.553879,0.310422,0,0
0,0,1,0.242299,0.433198,-0.665833,-0.134183,0,0
0,1,0,3.612361,4.331349,5.155106,0.037768,3,1
0,1,0,5.218165,0.398058,2.603278,-0.592325,2,1
0,1,0,5.404229,-0.116737,2.955251,0.016739,2,1
0,1,0,-0.432028,0.92586,0.393773,-0.144721,0,0
0,0,1,-0.214109,-0.121973,0.416757,-0.282165,0,0
0,1,0,-0.461295,-0.400928,-0.37688,0.103161,0,0
0,1,0,5.037768,3.578363,3.530511,3.505355,4,1
0,0,1,-0.186134,-0.115337,-0.098504,0.00166,0,0
1,0,0,2.113767,3.067132,3.141359,-1.154413,2,1
0,0,1,5.984912,4.345647,7.250705,-2.239118,4,1
0,0,1,2.660539,3.171146,4.014872,-1.994617,4,1
0,0,1,-0.470546,0.046749,0.378722,0.092714,0,0
1,0,0,2.011822,2.753214,2.476614,3.290323,2,1
0,1,0,3.071769,0.12225,2.300709,-0.083236,1,0
0,1,0,0.498409,0.048923,-0.48949,0.077593,0,0
0,0,1,2.591598,0.791668,3.760851,2.912251,3,1
0,0,1,-0.08121,1.342512,0.276747,-0.008299,0,0
1,0,0,0.482651,3.559776,2.742616,-2.48032,3,1
1,0,0,1.350209,1.523251,4.028308,0.574182,1,0
0,0,1,1.329961,-0.724289,1.917052,-0.513107,0,0
0,1,0,5.56842,4.946379,3.221073,-1.329119,3,1
0,1,0,1.426592,1.026254,1.316973,0.500412,0,0
1,0,0,3.686141,5.312439,6.145283,-2.353357,4,1
0,0,1,0.054185,0.454632,0.290414,-0.029349,0,0
0,1,0,3.253019,0.427133,0.659514,0.106056,1,0
0,1,0,2.244586,3.253316,3.663373,0.13504,2,1
0,1,0,-0.083855,0.438156,-0.107188,-0.334303,0,0
0,0,1,2.259994,0.190859,1.291109,0.595394,0,0
0,0,1,1.776285,1.608064,4.584803,1.453769,1,0
0,1,0,3.145799,1.239794,4.050125,0.057616,2,1
1,0,0,1.748798,0.723239,3.756225,0.629961,1,0
0,0,1,0.491067,0.962118,1.338325,-0.162841,0,0
1,0,0,6.635006,4.199473,5.928954,-1.177155,3,1
1,0,0,2.885921,3.484384,1.920225,1.280988,2,1
0,1,0,0.686171,-0.203283,-0.005731,0.222709,0,0
0,1,0,2.078869,-0.790299,2.861903,0.529993,1,0
0,1,0,4.12214,1.649477,3.861591,3.408976,3,1
0,0,1,1.943424,-0.278062,2.682936,0.379218,1,0
0,0,1,-0.32961,-0.508277,-0.054402,-0.345717,0,0
0,1,0,0.200535,0.184393,-1.102071,0.246018,0,0
0,1,0,0.131224,0.485141,0.113259,0.035207,0,0
0,0,1,0.373303,-0.234134,0.205858,0.364507,0,0
0,1,0,1.844623,2.51458,1.23196,0.117577,1,0
1,0,0,-0.401278,-0.009896,0.70751,-0.037269,0,0
0,1,0,4.570152,0.726365,2.819661,-0.515799,2,1
0,1,0,1.702959,3.227798,3.26424,0.584738,2,1
1,0,0,0.688153,0.295003,-0.099143,0.052417,0,0
0,1,0,1.030826,0.115335,2.063275,-0.493189,0,0
0,1,0,4.401561,4.712623,4.746827,-1.833008,4,1
0,1,0,6.440335,6.695399,2.838574,-1.684194,4,1
0,1,0,4.974531,4.3911,4.780195,-2.561797,4,1
0,0,1,3.182971,2.801652,3.168841,3.975583,4,1
0,0,1,2.433535,0.543162,1.337167,0.292372,0,0
0,1,0,0.614298,0.798546,4.399951,-0.141335,1,0
0,1,0,0.388194,0.661038,4.08613,-0.061234,1,0
1,0,0,0.218708,0.506596,-0.216253,-0.029646,0,0
0,0,1,-1.066819,0.142654,0.712166,-0.291428,0,0
0,0,1,2.932323,-0.077988,1.102704,-0.24832,1,0
0,0,1,3.947696,3.578834,1.575899,4.676452,3,1
0,0,1,5.214819,0.782103,1.380594,0.058539,1,0
0,1,0,4.292543,4.532832,4.005734,-2.27774,4,1
0,0,1,-0.576563,-0.147988,0.274355,0.050981,0,0
1,0,0,5.293947,4.230807,6.840694,-2.407806,4,1
0,1,0,2.798891,2.427538,2.275208,0.642268,1,0
1,0,0,-0.147664,-0.008872,0.962434,0.091355,0,0
0,1,0,2.144208,-0.060651,8.645141,-0.332185,1,0
0,0,1,4.380779,0.277806,5.405161,-0.018653,2,1
0,0,1,0.177078,0.373898,1.537904,0.785578,0,0
1,0,0,1.749506,0.51792,1.432095,-0.228413,0,0
1,0,0,1.861245,0.762958,2.066813,0.182481,0,0
1,0,0,0.576857,-0.443405,0.260753,0.300656,0,0
0,0,1,1.11398,0.448944,0.84396,0.216591,0,0
0,0,1,2.521843,3.832331,5.202471,2.379914,4,1
0,1,0,-0.265577,3.851794,0.502835,-3.384148,2,1
0,1,0,0.507461,0.80321,7.218218,0.688595,1,0
1,0,0,0.807269,1.246186,1.393186,0.630524,0,0
1,0,0,2.25461,-0.123274,1.476514,0.022378,0,0
0,0,1,0.52563,2.186647,2.920349,-2.605434,2,1
0,0,1,0.028002,0.54091,-0.000767,-0.149702,0,0
0,0,1,0.479693,0.266082,0.24269,0.158359,0,0
1,0,0,2.045688,-0.434829,0.483417,-0.474229,0,0
1,0,0,5.734642,3.835457,3.881664,-1.337208,3,1
0,0,1,-0.243428,0.353662,-0.016995,-0.429156,0,0
0,0,1,-0.515477,-0.631818,-0.246218,0.140622,0,0
0,0,1,4.789437,4.239363,5.67828,-1.674592,4,1
1,0,0,0.486215,0.089515,-0.917689,-0.07063,0,0
1,0,0,-0.297579,0.667069,0.48718,0.051029,0,0
1,0,0,0.23687,-0.508723,-0.271465,-0.338403,0,0
0,1,0,-0.323842,5.006929,1.114077,-3.14974,2,1
0,0,1,3.080008,3.032183,3.980917,2.273848,4,1
0,0,1,0.34065,-0.040919,0.352407,-0.192039,0,0
0,1,0,0.089909,1.449907,2.644259,-0.057713,1,0
0,1,0,-0.856636,0.234568,0.398763,0.123906,0,0
0,1,0,-0.446789,0.524056,0.617581,0.195773,0,0
1,0,0,6.471281,5.716572,2.889546,-3.030631,4,1
0,1,0,2.566909,0.704206,0.979251,-0.269729,1,0
1,0,0,2.003762,2.531026,5.63981,1.117267,2,1
0,0,1,1.018338,0.751287,3.250402,0.086373,1,0
0,0,1,0.726784,0.277012,0.246783,-0.177042,0,0
0,0,1,0.257541,-0.262432,0.711214,0.089153,0,0
0,0,1,1.069898,0.603389,1.267364,0.914104,0,0
0,0,1,-0.219317,-0.065739,0.229765,-0.06645,0,0
1,0,0,0.414299,0.212223,0.447715,-0.105993,0,0
0,0,1,-0.410301,0.073345,0.496048,-0.133344,0,0
0,0,1,-0.296136,-0.002215,0.200357,0.213974,0,0
0,0,1,0.133377,0.13371,0.20441,-0.41072,0,0
0,1,0,2.984653,3.580083,2.776926,3.13052,4,1
0,0,1,-0.445611,-0.196827,-0.145323,-0.257157,0,0
1,0,0,1.064541,0.275755,1.866379,0.178184,0,0
0,0,1,-0.055497,1.104702,3.234535,0.763971,1,0
1,0,0,2.12394,0.319607,1.312326,-0.150196,0,0
1,0,0,4.807754,4.761781,5.854372,-0.674547,3,1
1,0,0,-0.034483,0.061595,-0.230448,-0.108747,0,0
0,1,0,-0.159886,0.524825,0.375522,0.230571,0,0
1,0,0,2.244107,2.496693,2.718295,2.419542,2,1
0,1,0,0.381394,0.299261,-0.225204,-0.10101,0,0
1,0,0,-0.110297,1.01139,0.048809,-0.034771,0,0
0,0,1,2.014072,0.606541,0.507506,0.407904,0,0
0,0,1,0.724645,-0.298567,-0.3672,0.068876,0,0
0,0,1,1.425906,2.589981,5.401229,0.392462,2,1
0,1,0,1.110894,0.455302,0.38993,-0.166619,0,0
1,0,0,3.515923,6.909286,5.033183,-2.505465,4,1
0,1,0,1.093674,1.395324,3.949379,0.75805,1,0
1,0,0,3.786137,1.433756,6.693438,0.669583,2,1
0,1,0,0.842052,-0.209214,0.643827,0.132796,0,0
0,0,1,3.036043,2.362649,2.554696,2.934138,3,1
0,0,1,0.084169,0.789102,0.627001,0.279063,0,0
0,1,0,5.033609,3.855176,4.90227,-2.532737,4,1
0,0,1,-0.380844,0.010597,0.399396,-0.22735,0,0
0,1,0,0.552437,0.721306,1.197177,0.072395,0,0
1,0,0,1.575935,1.813616,0.463642,-3.272733,1,1
1,0,0,2.674841,0.0626,1.725359,-0.303663,1,0
1,0,0,0.953269,2.310326,2.450817,0.791931,0,0
0,0,1,6.091805,4.144659,3.396918,-0.47081,3,1
1,0,0,0.285834,0.408744,0.504179,-0.067813,0,0
0,0,1,-0.450311,0.197928,-0.03866,-0.052831,0,0
0,1,0,2.635101,2.157582,3.175529,1.556251,3,1
0,1,0,0.268432,0.264762,0.105275,0.044958,0,0
0,0,1,5.911841,1.654149,5.489756,-3.139701,3,1
1,0,0,0.216554,0.086319,0.954659,-0.15441,0,0
0,0,1,0.009434,0.130733,0.089234,-0.000397,0,0
0,0,1,1.139188,0.918784,1.728007,-0.149662,0,0
0,1,0,0.539571,0.512855,0.554718,0.170268,0,0
1,0,0,-0.100143,0.082469,-0.758054,0.182843,0,0
0,1,0,1.50113,0.206197,6.937781,-0.014054,1,0
0,0,1,0.807539,0.886177,1.645277,0.241329,0,0
1,0,0,4.179811,3.015653,4.113335,2.689401,4,1
1,0,0,2.240457,2.342781,3.936942,0.95922,1,0
1,0,0,2.006242,0.555144,0.944087,0.274837,0,0
0,0,1,3.052378,1.872959,5.376542,-0.113615,2,1
0,1,0,2.135822,2.21864,4.722192,-0.139462,1,0
0,0,1,2.783213,-0.106441,3.194971,-0.582381,2,1
0,1,0,0.996395,0.078186,2.418475,0.075133,0,0
0,0,1,3.301968,1.994581,3.444051,0.454358,2,1
0,0,1,0.488198,1.495087,3.695253,0.60465,1,0
0,0,1,0.56013,0.313805,1.558824,0.265851,0,0
0,0,1,-0.346864,0.731739,0.703614,-0.243713,0,0
0,0,1,4.980543,4.425462,1.412196,-2.599844,3,1
0,1,0,-0.826332,0.338954,0.364134,0.454752,0,0
0,0,1,5.801276,4.483956,3.771591,0.389477,3,1
0,0,1,2.127186,0.796632,0.187963,0.077137,0,0
1,0,0,1.001303,-0.043224,4.141648,0.451799,1,0
0,1,0,2.254286,5.010638,4.046398,0.875016,2,1
0,1,0,1.369067,-0.13215,0.992849,0.508565,0,0
0,1,0,3.025009,1.787595,4.062688,2.949087,3,1
0,0,1,4.117969,2.970638,3.033073,2.876504,4,1
0,0,1,5.526059,7.190745,3.454401,-1.941966,4,1
1,0,0,-0.196977,-0.153478,-0.023183,-0.012955,0,0
0,0,1,4.585624,4.033903,5.863703,-1.319604,3,1
0,1,0,0.729818,3.30845,1.433781,-2.985677,2,1
0,1,0,-0.095129,0.212333,-0.347154,0.078019,0,0
0,1,0,-0.374031,-0.454671,-0.282237,-0.039571,0,0
0,1,0,0.322574,0.309526,-0.852643,-0.229168,0,0
1,0,0,2.677362,2.306866,1.106574,-3.095339,2,1
1,0,0,2.078365,4.263336,1.865361,-2.252611,2,1
0,1,0,0.131953,0.603982,-0.652415,0.049888,0,0
1,0,0,0.111879,2.183088,1.86682,-1.908167,1,0
0,0,1,0.136671,0.101852,0.001268,0.052631,0,0
0,1,0,3.04764,1.305638,1.6078,0.09349,1,0
1,0,0,2.787553,1.526378,-0.460716,1.385843,1,0
1,0,0,7.521163,4.195012,4.568367,-0.918703,3,1
0,0,1,0.339202,0.49373,0.525551,0.034314,0,0
1,0,0,3.858501,7.410494,6.023767,-0.821863,3,1
0,1,0,1.133707,0.879154,2.329203,0.628097,0,0
0,0,1,3.111477,0.789865,2.18222,-0.639925,1,0
0,1,0,1.430476,0.220852,0.927011,0.44932,0,0
1,0,0,0.117622,0.124897,0.740182,-0.36121,0,0
0,0,1,3.170274,2.444633,4.138297,0.957485,2,1
0,0,1,3.003387,2.032047,2.991932,0.782944,2,1
1,0,0,2.492488,-0.109942,0.811831,0.100773,0,0
0,0,1,5.374141,5.532349,3.704652,-0.912423,3,1
0,1,0,-0.07525,0.267991,-0.293189,-0.105945,0,0
0,0,1,3.710271,0.312151,2.32646,-0.328225,1,0
1,0,0,0.446888,0.163257,0.035071,-0.121525,0,0
0,0,1,-0.649115,0.352697,-0.132921,0.079405,0,0
0,0,1,2.750072,3.911291,3.889996,0.571192,3,1
1,0,0,4.624526,1.875168,3.411811,2.670658,3,1
0,0,1,1.942552,0.684993,1.070602,0.251447,0,0
1,0,0,0.565403,0.005598,-0.243896,0.215178,0,0
0,1,0,1.338733,1.088919,1.138407,0.0502,0,0
0,1,0,2.491067,0.719679,2.922619,0.246216,1,0
0,1,0,5.296117,4.777441,3.961835,-0.40946,3,1
0,1,0,2.132677,1.128187,4.686993,0.385061,1,0
1,0,0,0.637195,0.21043,-0.26782,-0.257492,0,0
0,1,0,3.696265,4.156526,4.077349,-2.465572,4,1
0,1,0,0.103173,0.73049,0.370161,0.196134,0,0
1,0,0,0.836017,0.190529,-0.057269,0.11784,0,0
0,0,1,0.987919,0.151167,3.17505,0.075691,1,0
0,1,0,0.925698,0.63826,1.576112,0.610194,0,0
1,0,0,0.668288,0.095249,0.620659,-0.549446,0,0
0,0,1,3.330421,3.179058,2.894952,2.990963,4,1
0,0,1,0.908281,2.597896,1.864602,-1.78259,2,1
0,1,0,0.007221,0.065414,-0.292171,0.035631,0,0
0,1,0,0.386298,0.855981,-0.262363,0.025554,0,0
0,1,0,1.069429,3.717421,1.207419,-2.453989,2,1
0,1,0,2.391109,2.761308,7.599431,0.018566,2,1
0,1,0,1.00727,1.525961,5.190587,0.553702,1,0
0,1,0,1.524198,3.796958,0.843472,-3.293291,2,1
1,0,0,3.68412,3.792662,3.469336,0.787055,3,1
0,0,1,2.158327,0.665572,4.929301,0.366152,1,0
0,0,1,0.899614,-0.243893,-0.084749,-0.050417,0,0
1,0,0,0.70536,-0.470478,-0.179707,0.099014,0,0
0,1,0,0.185202,-0.505458,0.487108,-0.252487,0,0
0,0,1,0.48564,0.15139,-0.082005,-0.221081,0,0
0,1,0,1.693529,2.370894,5.677812,0.685819,1,0
0,1,0,0.354883,0.354382,0.691913,0.139133,0,0
0,0,1,1.06063,1.678526,6.954824,0.616165,1,0
1,0,0,-0.095287,-0.253386,0.258244,0.312191,0,0
1,0,0,2.303951,2.501151,1.86785,2.952061,2,1
1,0,0,2.771826,0.004591,1.088424,0.26015,1,0
0,1,0,-0.17047,-0.297034,-0.039466,-0.03963,0,0
1,0,0,1.494144,1.434569,1.959339,-0.661571,0,0
0,1,0,0.143787,0.568712,1.562848,0.772882,0,0
1,0,0,0.03719,0.640805,1.347859,-0.252504,0,0
0,0,1,1.092635,0.138484,0.255577,0.064864,0,0
0,1,0,6.134185,3.052257,3.541688,-0.890782,3,1
0,0,1,4.880351,3.101228,3.054254,-0.99782,3,1
0,1,0,-0.165805,-0.038006,-0.671519,0.192617,0,0
0,1,0,0.327671,-0.508135,-0.197772,-0.15328,0,0
0,1,0,4.541634,-0.069054,2.302596,0.524844,1,0
1,0,0,1.188047,-0.152806,1.254159,0.044821,0,0
0,0,1,2.204987,0.18765,3.703954,0.421683,1,0
0,0,1,0.858131,2.72241,2.695668,-2.218963,3,1
0,1,0,2.863632,0.593879,2.696407,0.103456,2,1
0,1,0,4.661486,5.317161,2.850821,-0.638895,3,1
0,1,0,2.432751,2.936336,3.940389,0.542143,2,1
0,0,1,6.901823,7.471917,5.124414,-1.425356,3,1
0,1,0,2.681988,4.182227,7.898487,-0.752141,3,1
0,1,0,0.661961,1.006799,1.807427,-0.260604,0,0
1,0,0,6.544802,5.296254,4.007445,-0.729342,3,1
0,1,0,-0.121876,0.501176,-0.633708,0.248287,0,0
1,0,0,-0.140282,-0.046739,1.805828,0.452212,0,0
0,1,0,0.425683,0.735166,0.140666,0.04724,0,0
0,1,0,0.142523,0.210992,0.278593,0.245094,0,0
1,0,0,1.698609,1.264461,5.091879,0.453594,1,0
1,0,0,0.727815,0.411569,0.427969,-0.078945,0,0
0,0,1,-0.938621,0.063294,0.268787,0.061524,0,0
1,0,0,5.556546,7.67014,5.536008,-2.013886,4,1
0,0,1,1.056648,-0.065022,3.216351,0.568696,1,0
0,1,0,3.010838,1.340004,5.093285,0.503946,2,1
0,0,1,-0.087408,0.082286,0.27089,-0.154496,0,0
0,1,0,2.841786,4.34185,1.617668,0.686464,2,1
0,0,1,1.139095,1.329689,2.279005,0.1204,0,0
1,0,0,6.215083,0.290326,2.552925,0.049476,2,1
0,0,1,4.466002,3.446089,3.112726,-1.508108,4,1
1,0,0,0.65199,0.597033,5.997423,0.614394,1,0
1,0,0,-0.12861,0.675193,0.206475,0.054061,0,0
1,0,0,1.73251,1.825664,2.811559,-0.198723,1,0
0,0,1,-0.176035,0.560989,-0.132169,-0.150437,0,0
1,0,0,1.894731,2.270023,3.560875,0.333485,1,0
0,0,1,5.302288,5.159373,3.865312,-0.105013,3,1
0,1,0,-0.237482,0.374922,0.066107,0.309819,0,0
0,0,1,5.772466,2.628606,4.429725,-1.784967,4,1
0,1,0,-0.788065,0.294665,0.0287,-0.148978,0,0
0,1,0,-0.034264,0.090658,0.449582,0.02479,0,0
0,0,1,0.785857,0.78078,4.184377,0.0179,1,0
1,0,0,1.416711,1.822604,3.689049,0.687773,1,0
0,1,0,3.704413,1.637645,2.089475,3.775685,2,1
1,0,0,4.859493,2.173334,2.402039,-2.155149,2,1
0,1,0,0.885953,-0.263848,0.091549,-0.27209,0,0
0,1,0,6.117423,6.434552,3.359614,-0.037086,3,1
1,0,0,0.420517,-0.36967,0.439399,0.21424,0,0
1,0,0,0.106295,0.774818,0.228265,-0.017841,0,0
0,1,0,0.327584,0.239154,0.173279,0.254605,0,0
0,1,0,0.174375,0.149773,-0.32117,0.207309,0,0
1,0,0,4.461693,2.389209,1.532285,0.244989,1,0
1,0,0,2.908173,2.73977,5.28071,-1.890598,4,1
0,1,0,0.946046,0.27498,3.929642,0.253207,1,0
1,0,0,-0.544595,-0.032889,0.403185,0.232495,0,0
0,1,0,0.354897,0.473823,-0.051609,0.1641,0,0
0,0,1,1.345044,4.04599,2.035227,-2.375834,2,1
1,0,0,4.90093,0.670473,1.886858,0.007837,1,0
0,1,0,2.052692,0.12759,1.315975,-0.723141,0,0
1,0,0,1.156926,3.551246,0.971611,-3.441797,2,1
0,0,1,0.57845,3.051818,2.410636,-2.961463,2,1
1,0,0,0.481048,0.853633,1.99219,0.276386,0,0
1,0,0,0.945485,0.633978,-0.700286,-0.153968,0,0
0,0,1,5.461472,0.143395,1.258014,-0.229343,1,0
1,0,0,-0.070071,-0.348656,-0.453046,-0.169158,0,0
0,1,0,0.029863,-0.814969,0.157952,0.104059,0,0
0,0,1,0.335572,-0.259137,-0.031236,-0.100589,0,0
1,0,0,0.235865,0.211939,0.386751,0.058162,0,0
1,0,0,2.113903,4.652568,4.020109,0.044214,2,1
0,1,0,1.871676,3.142383,1.184531,-2.726655,2,1
0,0,1,0.29968,-0.589592,0.500018,0.348767,0,0
0,0,1,3.613553,0.315586,3.721906,-0.392938,2,1
0,1,0,0.041722,0.037067,-0.115403,-0.132668,0,0
1,0,0,4.674722,0.286308,0.263521,-0.32196,1,0
0,0,1,-0.049361,-0.206326,0.054449,-0.085595,0,0
0,1,0,1.139015,2.719372,2.454532,0.915774,1,0
1,0,0,-0.703118,0.300614,-0.592849,0.357357,0,0
0,1,0,0.933164,0.279492,-0.190554,0.024039,0,0
0,0,1,3.789594,2.99369,2.89479,-2.135883,4,1
0,0,1,0.002706,-0.211763,-0.084625,-0.146124,0,0
1,0,0,2.119837,0.59678,6.293823,0.781964,1,0
1,0,0,3.82554,5.322743,3.632281,0.027994,3,1
0,0,1,4.562002,2.32668,3.308617,-1.090118,2,1
0,1,0,1.865568,0.923136,0.824228,-0.76595,0,0
1,0,0,0.213644,0.277516,0.264898,-0.288366,0,0
1,0,0,2.699835,3.101199,3.657487,0.806924,3,1
0,1,0,0.446112,0.444491,-0.388096,0.055203,0,0
0,0,1,2.951291,1.953019,2.671911,1.046586,2,1
0,1,0,0.245537,0.215145,-0.327548,-0.052865,0,0
1,0,0,1.705552,1.426837,3.222227,0.523695,1,0
0,1,0,1.849639,0.548235,1.35806,0.532643,0,0
0,1,0,1.081698,2.889108,1.705349,-2.673914,2,1
1,0,0,0.072681,0.081447,0.335905,-0.133573,0,0
1,0,0,5.135656,4.585554,5.556049,-0.739327,3,1
1,0,0,1.915106,2.306153,5.388768,0.544909,1,0
0,0,1,1.419746,1.370698,2.430796,0.443345,0,0
0,1,0,0.378017,4.395942,1.630036,-3.283866,2,1
1,0,0,2.209876,0.717299,1.905265,0.287733,0,0
0,1,0,0.523692,0.247653,1.44529,0.12812,0,0
0,0,1,0.043402,0.229763,0.683894,0.204044,0,0
1,0,0,0.03339,0.701806,0.33542,-0.192602,0,0
1,0,0,0.513874,0.420724,0.00293,0.197811,0,0
0,0,1,2.732222,0.144104,0.294457,0.379888,1,0
1,0,0,0.98408,1.292476,3.749026,0.139491,1,0
1,0,0,2.541898,1.151743,1.847477,1.20064,1,0
0,0,1,0.160841,0.551494,0.079482,0.013754,0,0
0,1,0,-0.113673,0.082574,1.128265,0.297417,0,0
1,0,0,1.301044,0.873029,1.781929,-0.12037,0,0
0,0,1,-0.080481,-0.084994,0.572712,-0.169298,0,0
1,0,0,1.952229,1.754368,1.055287,-2.655913,1,1
0,0,1,0.249584,0.192197,-0.158519,-0.262933,0,0
1,0,0,0.423141,0.133081,-0.003685,-0.258141,0,0
0,1,0,5.514372,2.64188,2.405273,-1.424377,2,1
0,0,1,1.927019,0.747941,0.474807,0.560421,0,0
1,0,0,1.961654,1.225618,3.726159,1.179336,1,0
0,0,1,-0.692457,0.032815,0.27343,-0.181341,0,0
0,0,1,0.550803,0.069678,-0.502224,-0.392151,0,0
0,1,0,2.155953,0.636587,0.990417,0.182178,0,0
0,0,1,4.850235,1.538499,1.572918,0.76165,1,0
0,0,1,0.15654,0.246915,-0.021429,0.051003,0,0
0,0,1,4.455108,1.011025,4.994064,0.122437,2,1
1,0,0,0.507642,-0.139828,-0.430013,-0.214947,0,0
0,1,0,3.491114,3.530618,2.112701,2.336196,3,1
0,0,1,4.645648,4.912751,4.714329,-3.200314,4,1
0,0,1,1.521646,1.364578,6.065815,-0.290764,1,0
1,0,0,5.764488,6.367931,6.276653,-1.263174,3,1
0,0,1,3.269838,0.846038,-0.228943,0.289411,1,0
1,0,0,5.245912,0.473086,3.988823,-0.66046,2,1
0,0,1,-0.231217,0.483055,-0.31528,0.401222,0,0
0,1,0,4.264593,-0.403407,3.610791,-0.301586,2,1
0,0,1,0.864036,1.693236,7.175736,0.589369,1,0
1,0,0,2.778516,1.776224,2.726797,-2.879977,3,1
0,0,1,2.834911,2.453302,4.822573,0.377658,2,1
0,0,1,1.306154,2.36661,2.292259,-3.688874,1,1
0,0,1,3.373792,0.233101,2.169379,0.116166,1,0
0,0,1,1.980043,5.526035,5.72998,-1.284284,2,1
0,0,1,0.493674,0.193514,-0.304937,-0.194096,0,0
1,0,0,1.436855,0.136094,0.700285,-0.314339,0,0
0,1,0,5.471455,4.030584,4.980619,-1.098936,3,1
0,0,1,0.076969,-0.148663,0.025932,-0.308785,0,0
0,0,1,0.094678,-0.607157,-0.347665,-0.521783,0,0
1,0,0,0.774578,4.218036,2.066093,1.280926,1,1
0,0,1,3.600936,5.988277,1.807699,-0.5231,2,1
0,1,0,0.039316,0.551012,-0.39911,0.066305,0,0
1,0,0,0.029908,0.416895,0.011042,0.202096,0,0
0,0,1,3.699719,3.981162,2.230225,2.55225,3,1
0,0,1,0.641928,-0.25572,-0.162356,-0.192338,0,0
0,0,1,0.098974,0.429539,-0.073679,0.242806,0,0
1,0,0,3.067944,0.612758,1.370061,0.375583,1,0
0,1,0,-0.093043,0.220159,0.186776,0.351713,0,0
0,0,1,-0.438495,-0.181312,0.009282,-0.301938,0,0
1,0,0,3.539299,2.625343,4.755013,3.577819,4,1
1,0,0,0.280242,0.539007,0.326423,0.167631,0,0
0,0,1,1.189227,0.763095,6.975628,0.694734,1,0
0,1,0,0.583167,0.389894,2.477219,-0.373501,0,0
1,0,0,1.315184,0.409103,1.506242,0.89749,0,0
0,1,0,1.732444,0.289549,0.667012,0.023697,0,0
1,0,0,1.454741,3.033946,1.787701,-2.619203,2,1
0,1,0,-0.636629,0.032796,0.366145,0.253168,0,0
1,0,0,1.489234,0.873492,1.864782,-0.016331,0,0
0,1,0,-0.112144,0.048693,0.522659,-0.422394,0,0
1,0,0,3.35201,1.564328,3.071711,1.26186,2,1
1,0,0,1.107608,0.516701,0.482575,0.093726,0,0
0,0,1,0.177655,-0.095756,-0.613503,0.285107,0,0
1,0,0,3.42632,4.30203,4.933187,-0.783991,3,1
1,0,0,4.243859,4.12412,4.957008,-1.8741,4,1
0,0,1,4.9346,0.725131,2.52188,-0.440384,2,1
0,1,0,1.584166,0.287712,1.549963,0.166039,0,0
0,1,0,2.096557,1.012261,0.593427,0.035338,0,0
1,0,0,0.27931,-0.416402,0.235009,0.052894,0,0
0,0,1,5.906126,4.532324,6.046869,-1.509791,4,1
0,0,1,3.047879,0.307291,0.597044,0.103481,1,0
1,0,0,2.245079,1.295328,6.617661,0.60659,1,0
0,1,0,5.233549,3.931247,4.927176,-1.459024,3,1
1,0,0,0.386848,0.70451,0.214931,0.147639,0,0
0,0,1,2.271253,4.027563,2.381341,-1.324092,1,1
1,0,0,-0.163812,0.467854,-0.553684,0.046636,0,0
0,0,1,1.406405,0.161608,1.78206,0.023891,0,0
1,0,0,0.936207,1.017584,2.60352,0.26157,1,0
0,1,0,3.386405,1.528853,4.432138,1.337032,2,1
0,1,0,0.276958,-0.272585,0.312234,-0.434462,0,0
0,0,1,-0.926508,0.668346,0.186717,0.129984,0,0
0,1,0,3.941539,3.737693,3.761528,-1.361797,3,1
0,1,0,2.465865,1.77202,4.86824,0.029017,1,0
0,0,1,2.481183,3.192402,3.258811,0.997453,2,1
0,0,1,-0.482684,0.453678,0.470239,0.312195,0,0
1,0,0,0.608363,-0.462788,1.041442,0.04037,0,0
0,0,1,0.46065,0.079116,0.011572,-0.125036,0,0
0,0,1,5.759941,3.513106,3.331202,-0.518863,3,1
0,1,0,0.395086,0.821881,0.247277,-0.211616,0,0
0,0,1,0.420739,-0.278432,-0.257915,-0.011891,0,0
0,1,0,7.552973,6.867745,6.02027,-0.352687,3,1
0,1,0,0.536126,0.798101,1.635097,0.221603,0,0
1,0,0,1.46396,-0.243392,1.597859,-0.122829,0,0
0,0,1,1.874454,0.339093,0.906701,-0.273957,0,0
1,0,0,1.998085,4.220281,3.072942,-0.073982,2,1
1,0,0,2.118753,0.687976,2.296217,-0.234303,0,0
0,0,1,3.530182,4.453431,2.228317,1.22915,2,1
0,1,0,-1.014514,-0.319662,-0.082938,0.071467,0,0
1,0,0,5.463689,4.873764,7.502451,-2.132447,4,1
1,0,0,3.090979,2.24462,3.800127,4.64967,3,1
0,1,0,4.236977,0.460559,3.923251,-0.784105,2,1
1,0,0,0.522667,-0.250391,-0.181838,-0.089883,0,0
0,1,0,4.134286,4.494853,4.750196,-1.647816,4,1
0,0,1,5.553719,3.5907,4.450702,-2.600352,4,1
0,1,0,1.866778,0.4057,0.245945,0.208029,0,0
0,0,1,-0.48878,-0.396324,0.536853,0.257612,0,0
0,0,1,5.009017,0.00322,3.122325,-0.001044,2,1
0,0,1,2.363538,1.10357,0.249367,0.153214,0,0
0,1,0,1.176116,0.475903,1.287767,0.839636,0,0
1,0,0,0.384873,0.680307,0.013472,-0.146963,0,0
0,0,1,2.037849,2.258454,1.85366,-2.278598,1,0
0,1,0,4.641013,0.7252,4.148046,-0.374557,2,1
0,1,0,-0.232161,-0.14691,0.379861,0.15824,0,0
1,0,0,1.064872,0.278287,1.619097,0.749302,0,0
0,0,1,1.009393,0.052355,2.231298,0.082288,0,0
1,0,0,0.234964,0.434103,2.174124,0.072564,0,0
1,0,0,4.173636,7.09765,6.101696,-1.774132,4,1
1,0,0,0.373117,0.533704,-0.053707,-0.222793,0,0
1,0,0,-1.013213,0.068684,0.533964,0.287254,0,0
0,1,0,3.450422,-0.137715,0.788602,-0.010093,1,0
0,0,1,2.988386,-0.049888,4.357273,-0.346809,2,1
0,1,0,5.43069,8.604016,6.532028,0.864128,3,1
0,0,1,2.171435,2.846293,1.926265,1.243332,1,0
0,0,1,1.003688,0.852355,1.778953,-0.020392,0,0
1,0,0,0.227387,0.267162,-0.309428,0.291978,0,0
0,1,0,0.533123,0.033964,2.852106,-0.058628,1,0
1,0,0,0.123814,-0.230314,-0.199925,0.048719,0,0
1,0,0,0.899447,-0.20142,2.721781,0.166869,1,0
1,0,0,-0.089508,0.649738,1.042378,0.211559,0,0
0,0,1,-0.696613,0.370312,0.017966,0.105485,0,0
0,0,1,0.298503,-0.428732,0.318376,0.355449,0,0
0,1,0,1.820058,3.315274,4.869928,0.984442,2,1
0,0,1,-0.122456,-0.095145,-0.016358,0.299895,0,0
0,1,0,-0.787724,-0.354245,-0.113449,0.053884,0,0
1,0,0,0.087807,0.07954,0.270085,0.193174,0,0
1,0,0,-0.155515,0.527017,2.145549,0.605014,0,0
0,1,0,2.648557,3.811923,3.961458,0.586719,3,1
0,1,0,0.914541,0.353394,2.73653,-0.460661,1,0
0,1,0,-0.403073,0.131788,-0.071542,-0.103663,0,0
0,0,1,0.088507,0.540861,0.479545,-0.149978,0,0
1,0,0,1.935528,0.879497,1.621204,-0.565378,0,0
1,0,0,1.413764,1.592125,3.847223,0.287248,1,0
0,1,0,-0.091739,0.186196,0.252458,-0.157813,0,0
1,0,0,1.012732,-0.107349,-0.183622,0.167536,0,0
0,0,1,3.838399,3.632004,4.737263,3.104321,4,1
1,0,0,2.513327,0.632642,6.409837,0.558184,2,1
0,0,1,-0.158729,0.407771,-0.857909,-0.016497,0,0
0,0,1,0.173051,5.62757,1.562513,-4.747346,2,1
1,0,0,0.699811,-0.441042,0.036757,0.362696,0,0
0,0,1,0.194747,0.346844,0.417818,0.111126,0,0
0,0,1,0.791623,0.070268,0.1134,0.283582,0,0
0,1,0,2.911666,4.444035,3.68998,-2.384098,4,1
1,0,0,0.405876,1.002202,1.537571,-0.107383,0,0
0,1,0,-0.199736,0.234987,0.589483,-0.017302,0,0
0,0,1,0.194141,0.498102,0.826297,-0.23648,0,0
1,0,0,4.132969,5.049385,9.254121,-0.996896,3,1
0,1,0,1.153513,0.353184,1.956538,0.060467,0,0
0,0,1,2.181152,3.534889,1.696818,-3.663913,2,1
0,1,0,1.1236,0.936491,2.233616,0.011126,0,0
0,1,0,1.42561,3.086483,3.584234,0.579697,2,1
0,1,0,6.344163,4.660012,1.7264,-1.886941,3,1
1,0,0,2.062442,0.90723,0.988919,0.129191,0,0
1,0,0,0.674181,0.668668,-0.321383,-0.278738,0,0
1,0,0,1.150438,-0.033145,3.674463,0.655395,1,0
0,1,0,1.587148,0.551928,0.23814,0.220539,0,0
0,1,0,1.177963,-0.083061,2.110113,-0.197909,0,0
0,0,1,1.735169,1.552963,4.67072,-0.420255,1,0
1,0,0,-0.178721,0.32434,0.103881,-0.039566,0,0
0,1,0,1.58791,1.240554,1.961643,0.846038,0,0
0,1,0,0.285167,-0.298633,-0.165609,-0.284691,0,0
0,1,0,0.360681,0.534655,-0.641515,-0.00674,0,0
0,0,1,1.332351,-0.761498,-0.414386,-0.218412,0,0
1,0,0,4.440209,0.210369,3.4032,-0.203814,2,1
0,0,1,5.641863,0.395143,2.728904,-0.404608,2,1
1,0,0,4.734296,2.887835,3.173167,1.026763,3,1
0,0,1,2.780887,1.880505,5.329147,0.095704,2,1
0,0,1,4.266882,0.347362,3.432099,-0.239763,2,1
1,0,0,0.259045,0.992067,1.018148,-0.17083,0,0
0,1,0,-0.935985,0.268685,0.52959,-0.028461,0,0
1,0,0,0.606339,3.200342,1.901926,-3.52832,2,1
0,0,1,3.276126,1.809365,2.248451,0.961002,1,0
0,0,1,1.492836,1.275844,1.857134,-3.605508,1,1
1,0,0,-0.475951,0.106512,-0.485229,-0.152074,0,0
0,0,1,-0.061889,-0.221453,-0.357259,0.203668,0,0
0,0,1,6.316618,5.52581,6.052152,-3.384339,4,1
0,1,0,1.962988,2.385582,3.838576,0.623028,1,0
1,0,0,1.059713,2.140833,1.436505,1.169331,0,0
1,0,0,1.064319,0.287548,1.767839,-0.467103,0,0
1,0,0,2.098867,0.710591,1.319727,0.408639,0,0
1,0,0,3.23066,1.231835,2.505406,4.166356,3,1
0,0,1,3.663972,3.728006,4.013108,-1.081294,3,1
0,1,0,2.119012,2.594295,1.019099,1.876574,2,1
0,0,1,-0.1475,-0.417549,-0.731295,0.277086,0,0
0,1,0,1.071651,2.020272,6.444608,0.209346,1,0
0,1,0,2.966498,0.884499,5.956596,-0.119298,2,1
1,0,0,-0.043218,0.081119,0.793195,-0.067915,0,0
0,0,1,0.977229,0.761399,1.062408,-0.096294,0,0
1,0,0,1.1023,0.072697,2.23425,0.218774,0,0
0,1,0,1.101194,0.88182,2.256476,0.359618,0,0
1,0,0,-0.412994,0.320519,-0.385322,-0.305755,0,0
0,1,0,0.30462,0.03083,2.433444,-0.435059,0,0
1,0,0,2.19321,3.557932,0.933036,-2.749732,2,1
0,1,0,-0.518569,0.793139,0.057878,-0.003553,0,0
1,0,0,-0.63137,0.256008,-0.248583,0.11512,0,0
0,1,0,2.212977,0.454652,1.52742,-0.186328,0,0
1,0,0,0.779166,1.257748,3.076595,-0.027228,1,0
1,0,0,4.310235,2.408715,2.940868,-0.139432,2,1
0,0,1,0.750671,0.857273,0.30044,0.070188,0,0
1,0,0,1.37814,-0.241369,0.392719,-0.154876,0,0
0,0,1,-0.422265,0.000684,0.087739,-0.033792,0,0
0,0,1,2.99544,0.569858,1.257398,0.535509,1,0
1,0,0,7.195812,3.164763,4.484237,-1.509707,4,1
1,0,0,-0.034245,0.091095,-0.098944,-0.339647,0,0
0,0,1,1.174934,0.865226,1.217143,0.458901,0,0
0,1,0,1.674781,-0.04799,1.670927,0.286291,0,0
0,0,1,2.05914,3.727248,2.914397,-2.1569,3,1
0,1,0,1.169604,1.976471,2.182926,-1.452068,0,0
0,1,0,-0.135719,-0.054439,-0.370184,-0.150499,0,0
0,0,1,4.062122,0.748259,1.111017,-0.166238,1,0
1,0,0,-0.273211,0.766898,-0.106199,0.116952,0,0
1,0,0,0.681128,1.079989,1.075713,-0.425426,0,0
0,0,1,0.903498,2.479644,1.872501,-2.842352,1,1
0,0,1,-0.172429,0.368287,0.511041,0.339741,0,0
0,0,1,5.113314,3.874804,2.706444,-0.78975,3,1
1,0,0,0.005432,-0.095021,0.159375,0.125797,0,0
1,0,0,-0.250508,-0.371413,-0.035552,-0.091149,0,0
0,1,0,1.353452,0.783657,3.634618,-0.430306,1,0
0,1,0,0.030264,-0.033966,0.192356,0.185341,0,0
0,1,0,1.658493,1.189035,3.197358,1.515696,2,1
1,0,0,0.891398,0.022638,0.354028,0.27623,0,0
1,0,0,1.116827,3.52319,2.717169,-1.639109,3,1
0,1,0,0.467757,3.509489,1.547871,-3.158169,2,1
1,0,0,0.206013,0.237009,0.37582,-0.008474,0,0
1,0,0,1.733456,0.66171,0.7848,-0.064301,0,0
0,1,0,-0.012916,-0.165519,-0.04662,0.047727,0,0
0,0,1,0.35254,-0.394167,1.071022,-0.104554,0,0
0,0,1,0.280863,2.939199,0.336795,-2.079636,2,1
0,1,0,-0.126312,0.236648,-0.251141,0.71486,0,0
0,1,0,1.467306,-0.461573,0.257301,-0.34262,0,0
0,0,1,5.176945,0.33149,3.036632,0.258765,2,1
0,1,0,0.451689,0.594944,0.420897,0.057029,0,0
0,1,0,-0.751038,0.543767,0.723666,0.043744,0,0
0,1,0,-0.193992,0.18792,-0.267017,-0.282776,0,0
1,0,0,3.872191,0.575959,2.339383,-0.106195,1,0
0,0,1,2.194685,-0.211089,0.542287,0.313756,0,0
0,0,1,0.35406,1.101867,-0.219134,-0.023347,0,0
1,0,0,1.279064,0.716397,2.715137,0.611813,1,0
1,0,0,1.27023,0.337324,0.971385,-0.481363,0,0
0,0,1,0.743128,-0.169858,-0.083447,0.245314,0,0
0,1,0,0.304557,0.063917,-0.055351,-0.225281,0,0
1,0,0,1.126505,1.150428,-0.093063,0.312064,0,0
1,0,0,2.508461,0.504635,1.00129,-0.54811,1,0
0,0,1,5.710739,4.609065,4.179726,-1.679124,4,1
1,0,0,0.671069,1.294528,6.14017,0.443512,1,0
0,1,0,1.025281,0.288342,-0.742585,-0.25011,0,0
0,0,1,1.912465,2.553005,0.654322,-2.766784,2,1
0,0,1,7.36767,5.30211,2.076819,-1.825712,3,1
0,1,0,0.976225,0.222809,1.844223,0.131831,0,0
0,0,1,2.755448,2.294543,2.649768,0.777014,2,1
0,1,0,5.69087,0.005213,1.630388,-0.186044,1,0
1,0,0,1.999919,1.105862,2.348462,0.376952,0,0
0,0,1,1.137943,1.336886,4.437643,1.507493,2,1
1,0,0,4.006822,3.10565,0.728998,2.005793,3,1
0,0,1,-0.772387,0.388151,0.77891,0.011859,0,0
0,1,0,0.079368,0.044256,0.17665,0.087993,0,0
0,0,1,4.339851,2.38234,3.986179,0.791118,2,1
0,1,0,-0.343657,0.456706,-0.096654,0.345192,0,0
1,0,0,0.088538,0.105392,-0.03266,0.081318,0,0
0,0,1,2.048994,1.723001,0.73107,0.80816,0,0
0,0,1,4.93284,7.354736,6.208186,-1.274181,3,1
0,0,1,0.840609,0.072935,0.49293,-0.171905,0,0
0,0,1,4.111679,3.156933,0.819839,-2.076608,3,1
0,0,1,1.53068,1.165137,3.229777,0.163956,1,0
0,0,1,1.101233,0.224241,-0.364933,0.171384,0,0
1,0,0,1.320791,0.129834,-0.221046,-0.116222,0,0
0,1,0,-0.557818,-0.414109,-0.48193,0.478612,0,0
0,1,0,0.739979,0.295081,1.864278,0.287559,0,0
1,0,0,1.972399,2.655918,2.808809,0.683635,2,1
1,0,0,4.482672,5.017908,5.552075,-1.266774,3,1
0,0,1,4.770166,7.384781,6.293338,-1.590749,4,1
0,0,1,3.544226,3.093123,3.325342,0.740297,3,1
1,0,0,2.316021,0.849926,1.600279,-0.035933,0,0
0,1,0,-0.124297,0.345239,0.186252,-0.160368,0,0
1,0,0,0.254076,0.265848,-0.391779,-0.021244,0,0
0,0,1,2.294782,0.770901,2.556625,0.81357,1,0
0,0,1,1.63146,2.391386,4.330202,0.176526,1,0
1,0,0,-0.043019,0.428297,0.516368,0.07481,0,0
1,0,0,-0.007728,0.414705,-0.199688,0.085903,0,0
0,1,0,0.054227,1.121286,0.435525,0.220558,0,0
0,0,1,0.36637,0.95024,2.360939,0.465484,0,0
1,0,0,0.73328,0.798579,2.703063,0.289154,1,0
0,1,0,-0.263869,0.404091,0.438177,0.251926,0,0
1,0,0,4.639232,5.27095,3.330306,-0.591243,3,1
0,0,1,2.24466,1.940888,3.997567,0.816502,1,0
0,1,0,0.922136,-0.829743,-0.597065,-0.059337,0,0
1,0,0,5.767554,2.950072,4.705571,-1.446487,3,1
0,0,1,2.538919,2.433119,1.488679,0.728157,1,0
0,1,0,2.063037,0.142198,3.005275,0.028765,1,0
1,0,0,0.490698,0.8504,1.467605,0.324,0,0
0,0,1,4.579277,1.783979,1.758446,3.49631,2,1
0,0,1,0.58865,0.504932,2.287655,0.400533,0,0
1,0,0,0.089416,1.736523,8.318543,-0.035435,1,0
0,0,1,3.34757,1.839444,1.744689,2.67087,2,1
1,0,0,-0.057483,0.533652,-0.190031,-0.051535,0,0
0,0,1,1.077781,0.379737,2.135135,-0.239395,0,0
0,0,1,-0.274157,0.021541,0.083476,-0.031994,0,0
0,0,1,0.335051,0.326375,-0.07403,-0.380475,0,0
1,0,0,5.469574,3.029831,5.369697,-1.266353,3,1
1,0,0,0.540472,0.141536,-0.284299,-0.125858,0,0
1,0,0,3.766975,3.135241,3.998767,-0.666205,3,1
0,0,1,0.917198,1.346068,-0.272657,0.014994,0,0
0,1,0,0.739381,-0.807584,-0.066879,-0.007098,0,0
1,0,0,5.440081,7.217814,5.068281,-1.641797,4,1
1,0,0,2.709302,3.045824,2.067066,1.658727,3,1
0,1,0,5.481556,5.132948,3.478005,-2.618364,4,1
1,0,0,1.417054,2.129619,3.157926,-3.414578,2,1
0,1,0,0.106511,0.342343,0.139779,0.348639,0,0
0,0,1,0.758709,3.156541,1.685056,-3.081201,2,1
1,0,0,0.342245,-0.467508,0.015003,-0.043505,0,0
0,1,0,3.287191,2.712037,1.81431,0.38958,2,1
0,1,0,0.364043,0.86601,-0.729929,-0.009982,0,0
1,0,0,-0.741345,-0.151386,-0.393008,0.124811,0,0
0,1,0,2.591585,0.521863,2.884339,0.777323,2,1
1,0,0,0.44873,-0.13283,0.223528,-0.07015,0,0
1,0,0,4.87016,0.087279,2.696729,-0.338017,2,1
1,0,0,1.299964,2.72595,2.630948,-4.383662,3,1
0,0,1,-0.067651,0.099998,0.699179,0.237389,0,0
0,1,0,2.599602,0.438803,1.54318,0.508262,1,0
1,0,0,6.023234,0.619219,3.845829,-0.413621,2,1
0,1,0,1.008624,4.563736,1.162497,-1.494898,1,1
1,0,0,-0.138889,0.274232,-0.527805,0.331364,0,0
0,1,0,2.878711,-0.168078,2.897254,-0.437684,2,1
1,0,0,3.27202,3.124731,4.789974,2.085095,4,1
0,0,1,0.806377,0.257746,0.141833,-0.120441,0,0
0,1,0,3.662861,5.399293,7.00064,-1.666363,4,1
0,1,0,0.003772,0.459955,0.089293,0.206882,0,0
0,1,0,3.687382,0.676628,2.619624,-0.425406,2,1
0,1,0,0.539928,1.022466,-0.252328,-0.047048,0,0
0,0,1,-0.308938,-0.121629,0.122329,-0.132708,0,0
0,1,0,-0.56536,0.460438,-0.323627,0.018531,0,0
0,0,1,1.650138,0.027332,0.836642,0.316986,0,0
0,1,0,0.219069,0.206503,0.14608,-0.114719,0,0
0,1,0,0.829658,0.790878,2.656652,0.075162,1,0
0,1,0,0.17963,0.472555,-0.161557,0.316734,0,0
0,1,0,0.120796,0.015523,0.450783,-0.202279,0,0
1,0,0,2.482729,2.978928,2.903206,-0.648051,2,1
0,0,1,1.062118,1.316462,6.091443,-0.396932,1,0
0,1,0,2.06199,0.702105,7.840697,0.508497,1,0
0,0,1,3.898191,0.206792,3.41935,0.122151,2,1
1,0,0,0.435714,-0.09435,0.902548,-0.170441,0,0
1,0,0,0.334124,0.220006,0.445229,0.077477,0,0
0,1,0,3.144312,2.589847,2.241156,1.692006,3,1
0,0,1,-0.517133,0.099438,-0.190967,0.239845,0,0
1,0,0,7.273532,5.84991,7.183581,-2.84739,4,1
0,0,1,0.335597,-0.185031,-0.130664,0.137059,0,0
0,1,0,0.383922,0.028851,-0.520462,0.07554,0,0
0,0,1,2.947381,3.578467,2.42154,1.358711,2,1
1,0,0,3.437499,0.223211,2.043802,-0.013185,1,0
0,1,0,0.043136,-0.459779,0.503501,-0.193279,0,0
0,1,0,0.123941,0.504563,0.298548,0.16582,0,0
1,0,0,2.212268,2.50046,4.86701,-0.00294,2,1
0,1,0,0.580887,0.377141,-0.573291,-0.138625,0,0
0,0,1,0.992042,1.370697,1.727232,-0.190015,0,0
1,0,0,-0.265996,0.099225,0.195669,-0.146767,0,0
0,1,0,0.748607,-0.097672,0.005072,-0.269589,0,0
0,0,1,1.25055,1.765536,3.436834,0.087157,1,0
0,1,0,4.041219,1.160135,2.676894,-0.267965,2,1
1,0,0,-0.344305,0.190645,0.404948,0.158779,0,0
0,0,1,0.782578,0.526562,-0.37172,-0.252803,0,0
0,0,1,3.901411,0.138178,3.063712,-0.083454,2,1
0,0,1,4.548877,0.410657,3.767635,0.210183,2,1
1,0,0,2.07396,2.84988,2.452586,-1.991347,2,1
0,0,1,1.732739,2.372593,2.289575,-2.929194,1,1
0,0,1,0.690263,3.047109,1.664089,-3.364457,2,1
0,0,1,-0.789177,0.735062,0.148536,-0.046753,0,0
0,1,0,3.511471,5.165066,5.597244,-1.035737,3,1
0,0,1,3.014798,0.620905,1.422532,0.628035,1,0
1,0,0,3.607786,3.012453,0.544147,0.788617,2,1
0,0,1,0.56388,1.318816,2.983233,0.602414,1,0
1,0,0,1.821814,0.800616,1.231958,0.401672,0,0
0,1,0,2.070079,1.107526,2.109842,0.372894,0,0
0,0,1,0.067272,3.794961,2.769896,-4.889715,3,1
0,1,0,4.241927,5.437545,4.971179,-0.560659,3,1
0,1,0,0.644779,-0.588029,0.189798,0.059635,0,0
0,0,1,6.623288,5.183025,5.495822,-1.247468,3,1
0,0,1,3.955644,6.141728,6.326735,-0.694378,3,1
0,0,1,1.19703,0.478458,0.803061,0.370443,0,0
0,1,0,0.309927,0.353169,0.727882,-0.270515,0,0
0,1,0,2.956495,3.527192,2.06319,1.395312,2,1
0,0,1,2.94967,2.106953,1.037344,0.143367,1,0
0,0,1,4.153191,0.466383,0.484959,-0.285189,1,0
0,1,0,2.449897,2.239864,5.80097,0.798322,1,0
0,1,0,2.151594,2.591022,2.41128,0.851077,1,0
1,0,0,0.052587,0.119558,0.092555,-0.086925,0,0
0,0,1,3.777354,3.22176,2.780493,3.868459,4,1
0,1,0,0.723141,0.007914,0.085822,0.281204,0,0
1,0,0,1.829334,0.481425,1.978799,0.122182,0,0
0,0,1,1.048955,-0.28681,0.539824,0.119754,0,0
1,0,0,2.006886,3.303724,0.984612,1.755253,2,1
0,0,1,2.018448,0.579159,0.205953,0.292545,0,0
0,1,0,2.012501,1.008898,0.909147,0.393125,0,0
0,0,1,0.276322,-0.19155,-0.101191,0.308106,0,0
0,1,0,3.615681,0.341017,1.920648,0.197177,1,0
1,0,0,1.375207,0.743533,2.730385,0.663699,1,0
0,0,1,0.028873,-0.215514,0.152957,-0.05974,0,0
0,0,1,3.383647,0.169573,2.065587,-0.411481,1,0
1,0,0,2.383129,0.340631,1.71074,0.367031,0,0
1,0,0,-0.515718,-0.139493,-0.120611,-0.003098,0,0
0,0,1,1.299049,1.377694,1.465204,-0.43245,0,0
0,1,0,1.501122,2.153153,1.545698,-2.724404,1,1
0,1,0,4.607496,1.355384,2.25454,-0.230207,1,0
0,1,0,6.637713,0.29726,3.314576,-0.051459,2,1
1,0,0,0.680286,0.134218,0.204729,0.162258,0,0
1,0,0,-0.45775,-0.212047,0.0443,-0.240236,0,0
0,1,0,0.242211,0.11842,-0.449392,0.239578,0,0
0,1,0,0.049811,-0.535338,0.248156,-0.239643,0,0
1,0,0,0.813994,0.375429,-0.241818,-0.209091,0,0
0,0,1,2.348961,0.600777,3.287635,0.654569,1,0
0,0,1,-0.560291,-0.205206,-0.149177,-0.107135,0,0
1,0,0,2.863423,1.540967,3.678655,-0.049241,2,1
1,0,0,4.17903,4.627595,5.650003,0.518066,3,1
0,1,0,0.043085,0.592844,1.992126,0.445823,0,0
0,0,1,1.075117,0.634412,2.668691,0.425629,1,0
0,0,1,4.73282,3.927598,4.665306,3.565485,4,1
0,1,0,0.919499,0.203756,-0.073672,-0.108979,0,0
0,1,0,2.746821,3.252319,2.385161,1.487183,2,1
1,0,0,0.22604,0.362234,-0.444934,-0.269068,0,0
1,0,0,1.781097,2.614876,3.5533,0.020676,2,1
0,0,1,1.509892,1.948291,1.013896,-2.839121,1,1
0,1,0,0.049266,-0.301945,0.499423,-0.382147,0,0
0,0,1,1.544466,0.171654,1.300476,-0.096742,0,0
1,0,0,0.138232,0.440409,0.901498,0.152391,0,0
0,0,1,4.17679,5.537581,3.145044,-1.829032,4,1
1,0,0,1.629656,3.615633,1.634036,-3.713019,2,1
1,0,0,-0.95165,0.302266,0.124855,-0.03749,0,0
1,0,0,1.425073,0.053812,0.892898,-0.025009,0,0
0,1,0,7e-05,-0.143715,-0.265834,-0.545523,0,0
0,1,0,3.362289,3.276847,3.496956,0.690311,3,1
0,0,1,1.910268,2.452315,0.383318,-4.883568,1,1
1,0,0,5.006257,5.239409,4.229757,-1.982257,4,1
1,0,0,-0.063333,-0.090778,0.430718,-0.549165,0,0
0,0,1,0.025808,-0.632777,-0.084342,-0.196801,0,0
0,0,1,0.743436,0.186747,0.143253,0.186505,0,0
0,1,0,-0.493773,0.315566,-0.318324,-0.032989,0,0
0,0,1,1.553419,2.017446,2.510966,0.325284,1,0
0,0,1,0.995455,3.311439,2.360989,0.699686,1,0
0,0,1,6.107426,4.095598,7.054711,-1.804871,4,1
0,1,0,4.777141,1.731275,2.442899,4.293413,2,1
1,0,0,1.862468,4.147433,1.261345,-3.627202,2,1
0,1,0,1.611201,2.875636,1.471376,0.458518,1,0
1,0,0,5.279949,0.396626,1.327752,-0.02165,1,0
0,1,0,3.935084,0.039042,4.044047,-0.329407,2,1
1,0,0,2.249172,1.800395,6.551433,0.033488,1,0
0,0,1,4.741711,5.95767,7.73275,-0.278401,3,1
0,1,0,0.143252,-0.629326,-0.218813,0.017608,0,0
1,0,0,-0.062176,0.402681,0.493992,0.136148,0,0
1,0,0,3.982494,5.589825,7.129558,-0.896741,3,1
1,0,0,3.589251,2.402853,1.875278,0.363822,1,0
0,1,0,1.805942,3.534088,1.567237,-2.343057,2,1
0,0,1,-0.24241,0.174987,-0.872725,0.038855,0,0
0,0,1,1.333401,2.045901,2.854321,0.041671,1,0
0,0,1,1.996083,0.056718,1.033877,0.917928,0,0
0,1,0,1.351919,0.291483,1.872012,-0.15019,0,0
0,0,1,-0.071787,-0.103455,0.150625,-0.04257,0,0
0,1,0,1.311716,0.516578,3.210491,-0.198225,1,0
1,0,0,-0.054296,0.279384,0.189676,-0.21384,0,0
1,0,0,-0.184723,-0.325147,0.110818,0.094273,0,0
1,0,0,0.713439,3.974069,2.842621,-3.325479,3,1
0,1,0,2.245072,2.856177,0.119574,0.300167,1,0
1,0,0,0.957327,0.441454,1.195049,-0.000376,0,0
1,0,0,4.648104,2.885023,5.167723,-1.993849,4,1
0,0,1,0.176611,-0.509328,-0.353397,0.224419,0,0
0,0,1,4.253805,3.290338,4.07357,3.980187,4,1
1,0,0,1.757096,0.269098,0.208302,0.825365,0,0
0,0,1,6.025679,4.81401,2.858767,-0.33919,3,1
1,0,0,-0.376085,0.388625,-0.230696,0.220266,0,0
1,0,0,1.239915,1.229622,1.251859,0.562249,0,0
1,0,0,1.409066,0.785282,3.035077,0.916932,1,0
0,1,0,-0.207186,0.004751,-0.052365,0.006394,0,0
0,0,1,1.166101,-0.014166,2.346742,0.178716,0,0
1,0,0,3.368297,2.837484,3.473278,0.88712,3,1
0,0,1,-0.357241,-0.719258,-0.316596,0.280624,0,0
0,1,0,0.35678,0.415334,-0.080686,0.047484,0,0
0,1,0,3.159853,2.906501,3.853155,3.266816,4,1
0,0,1,3.576364,4.081212,3.093592,-2.474723,4,1
0,1,0,-0.049459,0.26799,0.432281,0.069523,0,0
1,0,0,4.766322,0.351456,1.367647,0.207586,1,0
0,0,1,3.600674,0.681298,2.695014,-0.798444,2,1
0,1,0,2.544648,0.766449,5.223367,0.650122,2,1
0,0,1,0.023702,-0.621763,0.250913,-0.118171,0,0
0,0,1,0.96895,1.314937,2.574466,0.422135,1,0
0,0,1,3.218718,2.125943,5.966762,-0.214372,2,1
1,0,0,-0.110569,0.31866,-0.007826,-0.203929,0,0
0,1,0,0.945958,-0.257798,0.253934,-0.189376,0,0
0,0,1,0.308071,0.368948,-0.401583,-0.263715,0,0
1,0,0,0.682271,0.639189,1.497764,0.821143,0,0
0,0,1,0.238198,0.063392,0.318828,0.404491,0,0
1,0,0,-0.114478,0.38576,-0.230589,-0.083472,0,0
0,0,1,5.593391,-0.16113,2.124291,-0.030429,1,0
0,1,0,0.979021,1.052274,5.700107,0.31767,1,0
0,1,0,-0.376677,-0.154221,0.465106,-0.11804,0,0
1,0,0,5.669937,1.877686,2.710482,2.663578,3,1
1,0,0,-0.233077,0.145878,1.208548,0.007255,0,0
0,1,0,0.895659,0.521551,0.417538,-0.038556,0,0
1,0,0,5.259434,3.896276,2.928701,-2.580653,4,1
1,0,0,2.097136,3.125737,1.555944,-1.078011,1,0
0,1,0,1.499942,-0.31798,-0.439803,0.119912,0,0
1,0,0,2.322568,1.70852,5.31223,0.243316,1,0
0,0,1,2.329233,1.164138,3.783234,0.637198,1,0
0,0,1,0.363193,0.610939,0.038169,0.00169,0,0
0,0,1,1.540021,1.825431,5.629069,-0.581573,1,0
1,0,0,3.391154,2.125903,2.156771,-1.332454,1,0
0,0,1,2.08037,1.958859,2.49829,-0.02822,0,0
0,1,0,0.923673,0.459909,1.464304,-0.063719,0,0
0,0,1,-0.495685,0.275182,0.234819,-0.186872,0,0
0,1,0,-0.900546,0.505844,-0.109776,0.065401,0,0
1,0,0,1.161325,0.460075,1.472931,-0.374412,0,0
0,0,1,5.612843,1.28704,2.423413,2.198465,2,1
0,0,1,5.242687,2.85225,5.167692,4.8392,4,1
0,1,0,-0.128526,-0.583179,0.285586,0.087321,0,0
0,1,0,0.905121,0.078855,0.166893,0.136595,0,0
0,1,0,-0.163174,0.414217,-0.060328,0.075328,0,0
1,0,0,0.318206,-0.41011,0.20815,0.034387,0,0
0,1,0,1.633516,4.27877,1.201556,-2.841248,2,1
0,1,0,2.004519,0.64075,2.097762,0.093603,0,0
0,1,0,3.183727,2.19162,2.758718,4.549908,3,1
0,0,1,0.187821,0.085516,0.361687,0.15414,0,0
0,0,1,3.146071,0.431568,2.237905,0.091235,1,0
1,0,0,3.879199,4.506145,7.387951,-3.63241,4,1
0,0,1,2.312351,3.397631,3.709986,3.299834,3,1
1,0,0,0.67795,0.163617,0.112932,0.062493,0,0
0,1,0,0.953864,2.092053,8.356414,0.310029,1,0
0,1,0,0.273512,-0.552791,0.174543,-0.137849,0,0
0,1,0,-0.074368,0.250263,0.17546,0.026861,0,0
0,1,0,-0.368003,0.519166,-0.503491,-0.271349,0,0
0,0,1,0.537524,-0.006958,0.026914,0.17744,0,0
0,0,1,-0.228076,0.612884,1.540488,-0.285356,0,0
0,0,1,0.232882,-0.047976,0.046044,-0.073023,0,0
1,0,0,1.797097,0.437723,2.20018,0.168201,0,0
0,1,0,1.070957,0.954837,0.393793,0.063685,0,0
1,0,0,2.831343,6.527356,6.772802,-0.611727,3,1
1,0,0,-0.00113,-0.090353,0.921205,0.120729,0,0
0,1,0,1.53835,0.815044,1.956382,-0.652978,0,0
1,0,0,0.674993,1.024372,2.646724,0.199938,1,0
0,1,0,-0.755822,-0.650745,0.406303,-0.152749,0,0
0,0,1,3.321553,2.805783,2.038151,1.495669,2,1
1,0,0,1.878874,0.798945,0.996856,0.219587,0,0
1,0,0,0.948505,-0.021614,0.858964,-0.017768,0,0
1,0,0,0.18966,0.656263,0.409031,-0.018283,0,0
0,1,0,1.957902,4.118929,1.32068,-0.19002,1,1
1,0,0,5.434292,3.885227,3.885503,3.506945,4,1
1,0,0,3.568509,2.177174,2.732843,0.741173,2,1
0,0,1,0.04092,0.235003,0.491786,0.164806,0,0
1,0,0,1.121717,0.822617,1.4037,-2.384731,1,0
0,0,1,2.686734,-0.14846,1.709537,-0.118912,1,0
1,0,0,2.126541,3.695513,6.262004,0.544399,2,1
1,0,0,1.035153,-0.05205,1.568945,0.032784,0,0
1,0,0,-0.268113,0.077676,-0.570432,0.119785,0,0
0,0,1,2.083539,1.107503,2.138887,-0.227301,0,0
0,0,1,0.190527,1.07359,0.972769,0.582248,0,0
0,0,1,0.447838,0.583702,0.078884,0.134088,0,0
0,1,0,3.370722,-0.061544,2.185234,-0.492818,1,0
0,0,1,0.643354,0.27477,1.244649,-0.221922,0,0
0,1,0,0.347413,-0.107747,0.553351,0.225653,0,0
0,1,0,3.597737,3.661891,4.472191,-3.266333,4,1
0,1,0,3.964996,1.613077,2.993151,2.186523,3,1
0,0,1,0.671207,0.360396,0.523505,-0.170203,0,0
1,0,0,5.758171,7.998278,7.089866,-1.229295,3,1
1,0,0,5.638023,0.023958,1.824487,-0.229722,1,0
0,1,0,2.725321,7.310791,4.707614,-0.400556,3,1
0,0,1,2.688085,2.550241,3.502188,1.295611,3,1
0,1,0,4.225431,2.236127,4.308659,0.818788,2,1
0,1,0,-0.641578,0.115493,0.221974,0.309415,0,0
1,0,0,3.00109,0.236462,1.065258,0.56006,1,0
0,1,0,2.294475,3.192606,3.267438,0.973489,2,1
1,0,0,0.676098,1.538506,1.75383,-0.227945,0,0
0,0,1,0.285284,-0.143992,-0.228191,0.177962,0,0
0,0,1,0.199457,0.265723,2.195,0.117907,0,0
1,0,0,0.810593,3.394445,0.833748,-1.027787,1,0
1,0,0,1.595716,1.272388,1.61874,0.259159,0,0
1,0,0,0.034028,0.806783,2.603391,0.413828,1,0
1,0,0,3.063434,0.212879,1.387048,-0.075836,1,0
0,1,0,-0.201524,0.205334,0.379267,0.270591,0,0
0,1,0,1.444839,2.737824,2.268129,-3.893362,2,1
0,0,1,0.616942,0.031283,-0.881581,-0.118088,0,0
1,0,0,0.051132,0.109197,1.951124,-0.22664,0,0
0,0,1,3.552572,4.967205,3.568015,3.660827,4,1
1,0,0,-0.666005,-0.232785,0.663527,-0.091488,0,0
0,0,1,-0.084165,0.299444,0.002843,0.387338,0,0
0,0,1,3.518922,2.478778,5.695863,-0.328242,2,1
0,0,1,2.807401,4.901886,3.705425,-2.546271,4,1
1,0,0,1.799656,0.966933,0.358413,-0.160051,0,0
0,0,1,0.931504,0.558748,0.197357,-0.022049,0,0
0,1,0,3.635037,0.375614,0.715081,-0.528523,1,0
1,0,0,0.602032,-0.219961,0.684879,0.010244,0,0
0,1,0,3.291902,2.599751,2.261249,2.325103,3,1
1,0,0,-0.294508,0.227252,0.303996,0.111462,0,0
0,0,1,1.597784,0.512292,1.78725,0.431446,0,0
0,1,0,0.877435,1.227143,1.709806,-0.876053,0,0
0,1,0,3.825464,3.253929,3.621459,0.152861,3,1
1,0,0,2.805655,0.473041,0.951981,-0.175694,1,0
0,1,0,2.546225,0.117362,1.292307,0.196444,1,0
1,0,0,2.307087,3.149848,4.926302,0.676703,2,1
0,0,1,3.907128,2.611397,3.594165,2.545115,4,1
0,0,1,0.643298,-0.119407,-0.193564,0.163271,0,0
0,0,1,0.691265,1.043342,2.40393,-0.020365,0,0
0,0,1,-0.385534,-0.54842,0.293602,0.524891,0,0
0,1,0,3.431483,0.285077,3.649056,-0.00087,2,1
0,0,1,4.708724,4.121193,3.946977,-0.399932,3,1
0,0,1,1.273825,0.317369,-0.065542,-0.069873,0,0
1,0,0,-0.086599,0.609754,0.043805,-0.023602,0,0
1,0,0,0.687885,1.486105,2.286642,0.451398,0,0
0,1,0,5.614399,4.984575,3.858836,-0.114484,3,1
1,0,0,-0.468025,0.31328,-0.753745,0.193681,0,0
0,0,1,0.150446,-0.670576,-0.283975,-0.188232,0,0
0,1,0,3.147765,1.232087,4.832062,0.764058,2,1
1,0,0,0.344836,0.458721,1.752235,0.539615,0,0
1,0,0,-0.051282,-0.130605,-0.012959,0.008826,0,0
1,0,0,1.244286,0.264659,1.704231,-0.326066,0,0
0,0,1,1.103235,0.763181,0.651274,0.244693,0,0
1,0,0,4.851437,7.914381,5.926194,-1.07951,3,1
0,0,1,3.947434,4.204255,5.972577,-1.020332,3,1
0,1,0,-0.910801,0.253651,0.030694,0.112223,0,0
0,1,0,5.599829,2.924624,4.172661,4.304762,4,1
1,0,0,0.13728,2.401544,3.690493,0.708067,1,0
0,1,0,0.000752,0.501204,0.193272,0.028956,0,0
1,0,0,0.868543,-0.97511,-0.40755,0.477338,0,0
0,0,1,0.09027,0.708884,0.118999,-0.007512,0,0
0,1,0,1.297562,-0.156536,1.25698,0.125472,0,0
1,0,0,5.406623,-0.186435,1.956475,-0.502879,1,0
0,1,0,0.756612,0.216247,0.278281,-0.084802,0,0
0,0,1,3.528842,1.020397,4.332754,1.912302,3,1
0,0,1,6.132808,0.457445,2.645847,-0.4002,2,1
1,0,0,0.061907,0.065347,0.150433,-0.390481,0,0
1,0,0,4.624125,4.410343,5.48765,-1.332055,3,1
1,0,0,0.657837,0.234744,1.935555,1.063006,0,0
0,1,0,1.038533,0.241203,-0.632093,0.091555,0,0
1,0,0,1.026855,1.964434,6.610719,0.940732,1,0
0,1,0,-0.061911,-0.062812,-0.443528,0.089138,0,0
1,0,0,2.654242,0.96286,5.685076,0.09663,2,1
0,0,1,3.363576,2.929858,3.007582,2.416405,4,1
0,0,1,3.775075,5.69178,2.876285,0.129255,3,1
0,0,1,6.553205,6.140321,3.473199,-1.684314,4,1
1,0,0,0.888361,-0.487333,0.282326,-0.118942,0,0
0,0,1,4.713988,4.741808,3.585695,-1.398273,3,1
0,0,1,1.018143,0.155029,0.460607,-0.151854,0,0
0,1,0,-0.645235,-0.179436,0.195102,-0.022252,0,0
0,1,0,-0.325561,-0.234345,-0.876182,-0.253962,0,0
0,1,0,2.932746,0.356777,0.471619,-0.305235,1,0
0,1,0,0.055075,0.736394,-0.064481,0.20294,0,0
0,1,0,0.703809,1.040819,0.900597,0.367469,0,0
0,1,0,0.770936,3.67532,3.278541,-1.818792,3,1
0,1,0,-0.327172,0.183967,0.286412,0.06266,0,0
0,0,1,5.789019,8.826939,4.927418,-1.727903,4,1
0,0,1,1.539692,0.308188,0.203622,-0.095399,0,0
1,0,0,1.904523,3.173108,2.095222,0.180535,1,0
1,0,0,2.058389,0.820205,1.342739,0.092907,0,0
1,0,0,5.447075,0.805471,4.714102,-0.137773,2,1
0,0,1,3.475076,3.533066,1.904,0.240879,2,1
0,1,0,0.551906,0.437356,1.878841,0.53892,0,0
1,0,0,0.324077,0.847118,2.866646,-0.049977,1,0
1,0,0,3.279841,2.588974,1.328499,-2.576773,3,1
1,0,0,-0.015536,0.037949,-0.60298,-0.092264,0,0
1,0,0,0.320328,0.240913,-0.108663,-0.069749,0,0
0,0,1,-0.675743,0.070367,0.538751,-0.229134,0,0
0,1,0,3.778191,3.006808,2.905856,3.480545,4,1
1,0,0,0.468488,-0.362851,0.278602,0.291722,0,0
1,0,0,-0.586595,-0.067825,-0.475277,-0.144703,0,0
0,1,0,0.182791,0.077234,0.537526,0.143871,0,0
0,1,0,2.865825,2.897748,3.6557,3.901249,4,1
0,1,0,0.911803,-0.348389,1.609728,-0.523377,0,0
0,0,1,5.233771,3.5375,5.853578,-1.979324,4,1
0,1,0,1.663147,3.970599,2.035319,-1.568879,2,1
0,1,0,0.534158,-0.020504,2.536242,-0.330219,1,0
0,1,0,0.084272,0.965085,0.370172,0.200933,0,0
0,1,0,3.19928,0.700348,2.093083,-0.247722,1,0
0,1,0,0.056843,-0.451449,-0.239627,0.238328,0,0
0,1,0,0.999906,2.028364,1.774719,1.400667,0,0
1,0,0,2.084336,0.421184,2.355588,0.204699,0,0
0,1,0,3.751119,2.683061,3.772411,3.624147,4,1
0,0,1,1.515007,0.318056,2.190455,0.497995,0,0
0,0,1,-0.281885,0.172927,0.374204,0.10929,0,0
0,1,0,-0.208931,0.155579,-0.421692,-0.037247,0,0
0,1,0,-0.625149,0.064129,-0.126836,-0.143149,0,0
0,1,0,5.300937,-0.029628,2.257192,-0.142398,1,0
0,1,0,2.439384,3.356673,4.830203,0.719121,2,1
1,0,0,2.098109,1.11465,3.536197,0.192138,1,0
0,0,1,3.587209,3.503097,3.719836,0.857103,3,1
0,1,0,0.606366,-0.240088,-0.008947,0.057146,0,0
0,1,0,3.798115,3.08906,0.386813,-0.812128,2,1
0,0,1,2.971105,5.047393,6.263569,-0.014624,3,1
0,1,0,2.798323,0.720836,1.222267,-0.100496,1,0
0,1,0,0.513107,2.748153,2.48098,-4.420972,2,1
1,0,0,0.095293,0.150472,-0.254747,-0.234808,0,0
0,1,0,0.247684,2.978486,1.634791,-2.84823,2,1
0,1,0,0.733306,0.360365,-0.252214,0.11078,0,0
0,1,0,0.187744,-0.684113,0.596476,-0.213485,0,0
0,0,1,6.817147,4.204482,4.74158,-0.948642,3,1
0,1,0,0.751659,0.049029,0.471771,-0.024845,0,0
1,0,0,-0.987033,0.084168,-0.163833,0.064443,0,0
0,1,0,-1.179505,-0.217279,0.25479,-0.26534,0,0
0,0,1,0.952982,0.522955,-0.790368,-0.108898,0,0
1,0,0,2.458051,1.460644,2.935971,1.908738,2,1
1,0,0,1.653466,2.217928,2.028717,-2.858299,1,1
0,0,1,3.810733,0.374161,2.828766,-0.325567,2,1
0,0,1,3.496149,2.432319,2.411949,0.008626,1,0
0,1,0,0.890211,-1.111775,-0.155618,0.194232,0,0
0,0,1,2.028436,0.513496,2.200391,0.400087,0,0
1,0,0,0.268503,4.062694,3.086883,0.21532,2,1
1,0,0,1.256773,0.382279,0.106374,0.510706,0,0
0,1,0,1.066816,-0.355072,0.395222,-0.16232,0,0
0,0,1,3.580937,3.807288,3.825292,2.556249,4,1
1,0,0,0.174919,0.597423,0.172163,0.133898,0,0
1,0,0,3.8684,4.074204,2.750621,0.773349,3,1
0,1,0,0.740299,-0.457801,0.163825,-0.255215,0,0
0,1,0,-0.231289,0.523463,-0.253669,0.055008,0,0
0,1,0,1.777781,0.661439,1.905787,0.371519,0,0
0,0,1,2.025,0.617096,4.280808,1.330543,1,0
0,0,1,0.985658,1.190627,1.533131,1.472268,0,0
1,0,0,3.658012,0.931386,1.708774,0.058583,1,0
0,1,0,2.485253,4.135788,2.576548,-0.184127,2,1
0,0,1,1.848027,4.753113,7.057681,-1.728874,3,1
0,0,1,5.337455,5.46421,5.998578,-2.499836,4,1
0,1,0,2.343774,1.914644,2.684355,1.539926,2,1
0,0,1,3.865563,2.697146,4.273784,3.53972,4,1
0,1,0,2.495252,2.357583,2.559778,2.514526,2,1
1,0,0,3.795083,4.970159,7.827461,-1.637322,4,1
1,0,0,0.278344,0.357968,0.377602,-0.056419,0,0
0,1,0,0.568486,-0.143145,1.518387,-0.432628,0,0
0,1,0,0.429186,-0.338926,0.163845,-0.081532,0,0
0,0,1,0.486823,0.957448,-0.12392,-0.080684,0,0
0,1,0,1.296394,0.554858,1.588929,0.59297,0,0
0,0,1,1.900019,0.2142,1.673848,0.422601,0,0
0,0,1,1.871184,-0.114146,1.009295,-0.054622,0,0
1,0,0,0.073612,0.459581,-0.288988,0.026904,0,0
1,0,0,-0.488773,0.382667,-0.358776,0.043832,0,0
0,1,0,3.58973,1.082394,2.716845,-0.04881,2,1
0,0,1,0.271277,-0.453818,0.398,-0.246233,0,0
0,1,0,5.660718,3.582894,4.187913,3.315935,4,1
1,0,0,-0.854812,-0.11444,0.204272,-0.186295,0,0
1,0,0,0.218496,0.038881,0.487058,-0.267739,0,0
0,0,1,0.066527,0.025195,-0.328898,0.175732,0,0
0,1,0,-0.189675,0.055662,1.747969,0.395453,0,0
0,1,0,0.616408,0.772025,0.273621,-0.067844,0,0
1,0,0,0.871631,-0.096914,-0.564619,0.143978,0,0
0,1,0,-0.036893,0.35248,0.293957,-0.064131,0,0
1,0,0,0.963512,0.65319,1.673547,0.53073,0,0
0,1,0,6.26838,4.834787,6.700989,-0.385481,3,1
1,0,0,-0.728886,-0.343954,0.503919,0.192259,0,0
1,0,0,1.823866,3.061189,3.552994,-0.226845,2,1
1,0,0,1.00378,1.304546,4.327928,-0.042313,1,0
0,0,1,-0.048505,0.632409,2.972305,0.297094,1,0
0,1,0,0.472456,0.421836,0.467739,-0.2136,0,0
1,0,0,0.253154,0.163668,-0.089817,-0.071622,0,0
1,0,0,2.882966,0.52398,3.011421,-0.201458,2,1
0,1,0,-0.257928,-0.19194,-0.327474,0.150956,0,0
0,0,1,4.513134,2.860696,3.329469,4.812396,4,1
0,0,1,5.409094,0.002543,1.613946,-0.394278,1,0
0,0,1,0.045598,-0.272136,0.475026,-0.176302,0,0
0,0,1,1.316976,0.85615,4.455649,0.989319,1,0
0,0,1,-0.560099,-0.060812,-0.068629,-0.287592,0,0
1,0,0,-0.495452,0.021907,-0.110023,0.01867,0,0
0,1,0,1.57308,0.803071,2.650922,0.221855,1,0
1,0,0,-0.110844,-0.259476,-0.057943,0.042531,0,0
1,0,0,1.410889,0.467927,1.00314,0.038213,0,0
0,1,0,2.46373,1.753748,3.692337,1.021231,1,0
1,0,0,0.743015,-0.751427,-0.918203,0.077896,0,0
0,1,0,1.753724,0.347118,1.433797,0.442833,0,0
1,0,0,2.351246,0.381201,1.087164,0.182001,0,0
1,0,0,0.07271,0.119924,0.234528,-0.217854,0,0
0,0,1,1.703224,3.660381,3.954499,0.746453,2,1
0,1,0,4.740712,3.20142,4.749432,-0.852343,3,1
0,1,0,2.177853,0.802279,4.861119,0.506186,1,0
0,1,0,2.35466,0.128853,0.506287,0.60638,0,0
0,0,1,-1.020355,-0.136062,-0.377549,-0.08047,0,0
0,1,0,-0.826146,-0.478493,0.851539,-0.259008,0,0
1,0,0,1.894256,0.522497,2.458671,0.319766,0,0
0,1,0,1.871113,0.898311,2.454544,-0.141297,0,0
0,1,0,0.873626,0.580838,0.467735,-0.100669,0,0
1,0,0,6.49155,6.720734,5.917928,-2.341414,4,1
1,0,0,0.680184,-0.529891,0.737748,0.257531,0,0
0,0,1,3.643535,3.875858,4.414063,-1.870407,4,1
0,0,1,1.258765,0.971194,2.055336,0.199906,0,0
0,0,1,0.437603,0.193676,0.517644,-0.031115,0,0
0,0,1,4.389039,1.988606,2.777956,0.088858,2,1
1,0,0,1.74601,3.733796,2.50134,0.379126,2,1
0,1,0,0.067882,-0.224696,-0.131198,-0.005841,0,0
0,1,0,4.505803,4.207112,2.133394,-1.739187,3,1
0,1,0,4.133867,3.217612,2.414863,0.853841,2,1
1,0,0,0.440627,2.577751,7.710563,0.739397,2,1
1,0,0,1.388152,0.505109,1.759164,0.89115,0,0
0,1,0,1.384645,-0.179704,0.9131,0.342375,0,0
1,0,0,0.88947,0.652551,1.767169,0.292701,0,0
0,1,0,-0.854054,-0.087179,0.16313,0.113898,0,0
1,0,0,0.462149,0.630692,0.003702,0.077226,0,0
1,0,0,2.972307,3.898512,3.208743,0.269656,3,1
0,1,0,6.148113,6.353041,6.971645,-2.479785,4,1
0,0,1,4.81156,5.007847,5.390128,-1.598754,4,1
0,0,1,-0.024492,-0.071754,0.267888,-0.335412,0,0
1,0,0,0.314711,-0.283691,-0.239834,-0.105897,0,0
0,1,0,2.39965,0.570967,2.354987,0.190024,0,0
0,1,0,3.01819,0.647662,1.70671,-0.007445,1,0
1,0,0,0.531412,0.362422,-0.189456,-0.201322,0,0
0,0,1,3.592417,2.573458,4.167829,2.950863,4,1
1,0,0,3.717374,0.945075,2.365032,1.249837,1,0
1,0,0,0.261348,0.111374,0.523854,0.424069,0,0
0,1,0,2.479043,3.192447,4.134026,-2.004022,3,1
0,0,1,4.510696,2.106033,2.582464,2.72599,3,1
1,0,0,0.453674,1.120968,2.319024,0.180062,0,0
1,0,0,5.726226,3.490375,6.101226,-1.896929,4,1
0,1,0,1.76945,0.333806,5.309145,-0.103866,1,0
1,0,0,1.091221,0.678499,2.64927,0.11854,1,0
0,1,0,0.409198,-0.662216,0.308914,-0.187967,0,0
1,0,0,2.990843,-0.085514,2.486299,-0.23097,1,0
1,0,0,0.192572,-0.382065,-0.004622,0.192577,0,0
1,0,0,0.060279,-0.030014,0.105412,0.205082,0,0
0,0,1,1.688708,1.047989,4.067156,1.276171,1,0
1,0,0,2.738156,4.359628,2.908386,1.25937,3,1
0,0,1,-0.290468,0.567829,0.094086,-0.086654,0,0
0,0,1,0.397331,-0.592659,0.245896,0.259964,0,0
0,0,1,0.310786,-0.765373,-0.153839,-0.100042,0,0
0,0,1,6.486119,3.93721,6.152541,-1.435716,3,1
1,0,0,-0.337515,-0.014643,0.523993,-0.221287,0,0
0,1,0,1.637977,4.916961,3.734282,-3.061874,3,1
0,0,1,5.540148,5.420965,5.608235,-1.923586,4,1
0,0,1,3.902785,0.642665,3.907079,-0.407624,2,1
0,0,1,2.544496,2.659091,2.588358,-2.765832,4,1
1,0,0,-0.271476,0.497023,-0.677262,0.066789,0,0
0,0,1,1.242173,0.180486,1.231615,0.539901,0,0
1,0,0,6.774698,0.127035,2.065384,-0.391804,1,0
0,0,1,0.268305,-0.755456,-0.119047,-0.144024,0,0
0,1,0,2.096639,0.15057,1.486196,-0.098374,0,0
1,0,0,5.123523,0.969906,3.388418,-0.138457,2,1
0,0,1,5.453435,3.243134,6.168641,-1.354423,3,1
1,0,0,2.815293,0.240077,5.583934,-0.300975,2,1
0,0,1,1.507878,-0.174475,1.474643,0.829047,0,0
0,1,0,0.186029,1.420259,2.163492,0.44791,0,0
1,0,0,0.225596,0.821249,0.533006,-0.473111,0,0
1,0,0,1.965839,0.934511,2.246296,0.095492,0,0
0,0,1,2.004613,2.773022,5.075543,0.158503,2,1
0,1,0,5.120974,1.020067,2.893831,-0.352235,2,1
0,0,1,-0.155102,-0.114543,0.288587,-0.099278,0,0
0,0,1,0.454598,-0.276109,-0.489089,-0.190072,0,0
0,1,0,4.137412,5.614833,6.226481,-0.465183,3,1
1,0,0,0.915767,-0.015491,1.184197,0.154558,0,0
1,0,0,4.598562,-0.44076,2.079451,-0.493539,1,0
1,0,0,4.134106,2.771667,2.030984,3.906097,3,1
1,0,0,0.932942,0.808289,2.086321,-0.034172,0,0
0,1,0,1.015938,0.596924,0.237617,-0.571287,0,0
1,0,0,4.215676,3.267974,6.454827,-2.478533,4,1
0,0,1,0.990593,1.005142,3.412566,-0.032191,1,0
0,0,1,1.694895,1.087312,1.937626,-0.18147,0,0
1,0,0,5.268347,0.343545,4.599587,-0.69364,2,1
0,1,0,-0.612919,-0.232319,0.002295,-0.028024,0,0
0,1,0,0.06413,0.284187,-0.512761,-0.126986,0,0
0,1,0,0.964033,1.199534,3.248495,0.7604,1,0
0,1,0,6.363691,7.162883,6.20437,-1.469956,3,1
0,1,0,2.870122,0.721827,1.645448,0.259704,1,0
1,0,0,0.051961,-0.270533,7.896267,0.092242,1,0
1,0,0,2.087929,3.554056,3.310866,0.429943,2,1
0,1,0,0.10674,0.69263,0.097509,-0.29163,0,0
1,0,0,5.082206,0.422585,3.294032,0.547319,2,1
0,0,1,5.196249,3.886445,2.482231,1.229773,2,1
0,1,0,3.854896,0.949488,1.526314,-0.157564,1,0
0,1,0,-0.222261,-0.009362,-0.294502,-0.135563,0,0
0,1,0,0.157647,-0.053957,-0.303427,-0.080011,0,0
0,0,1,1.398837,0.474868,0.795625,-0.188519,0,0
0,0,1,4.630501,3.677353,5.760111,-2.304385,4,1
0,0,1,1.518683,0.113329,1.820264,0.597868,0,0
0,0,1,5.457878,0.092561,2.979411,0.008335,2,1
1,0,0,0.345168,-0.147744,0.236355,-0.024405,0,0
0,0,1,4.758076,3.144299,5.026369,-1.120915,3,1
0,0,1,0.162915,0.180318,0.260838,0.05175,0,0
0,0,1,0.692624,-0.292181,0.195435,0.199556,0,0
0,0,1,4.210386,0.782899,3.062578,-0.201011,2,1
1,0,0,0.253417,0.280853,-0.907916,0.218268,0,0
0,1,0,0.809272,0.668164,3.485059,0.055633,1,0
0,1,0,4.023861,0.1895,3.885026,-0.047278,2,1
0,1,0,-0.849111,-0.119883,-0.580462,0.460158,0,0
1,0,0,0.078633,-0.352911,0.522095,0.128039,0,0
0,0,1,1.219931,0.162095,1.574947,0.036547,0,0
0,1,0,3.381142,0.997151,1.457299,-0.003953,1,0
0,0,1,4.261766,5.096678,5.541924,-1.115959,3,1
0,1,0,-0.573238,-0.460985,-0.140747,0.193953,0,0
1,0,0,5.221138,0.785673,4.577794,-0.031844,2,1
1,0,0,0.393421,-0.06749,-0.026137,0.167792,0,0
0,1,0,3.167215,0.578958,2.682328,-0.481692,2,1
0,0,1,0.147665,0.415246,-0.153426,0.229453,0,0
0,0,1,3.422893,0.236722,3.780208,3.100023,3,1
0,0,1,4.689461,-0.044342,3.033727,-0.309854,2,1
0,1,0,-0.156853,0.278493,0.100251,-0.198652,0,0
1,0,0,-0.29129,-0.562869,0.429502,-0.24756,0,0
0,1,0,3.125098,-0.42953,1.286706,-0.30237,1,0
1,0,0,0.166952,-0.216184,0.658769,-0.071412,0,0
0,0,1,5.1403,-0.187572,1.190405,0.250795,1,0
0,1,0,3.304341,4.305558,3.006822,-0.269903,3,1
0,1,0,0.08343,0.031365,-0.194499,-0.221925,0,0
0,0,1,2.33434,0.180948,2.493383,0.203302,0,0
0,0,1,1.99052,0.363753,3.762146,0.356599,1,0
0,0,1,5.628231,6.229111,4.543816,-2.02256,4,1
0,0,1,1.376949,3.451743,3.154796,-3.539454,3,1
1,0,0,5.638667,3.930952,4.094474,3.565636,4,1
0,0,1,3.195223,0.355069,2.012165,-0.413103,1,0
0,0,1,-0.668968,0.361457,0.12906,0.112411,0,0
1,0,0,5.935616,4.988035,4.836668,-1.061806,3,1
0,0,1,-0.388746,-0.114448,0.274462,0.19147,0,0
0,1,0,3.049726,2.274304,3.584168,-0.489416,2,1
1,0,0,0.904801,0.088243,0.919413,0.170364,0,0
0,1,0,1.823433,3.650237,1.683926,-4.175593,2,1
0,1,0,-0.016143,1.358761,0.617135,-0.10926,0,0
0,0,1,1.015679,0.592997,1.251723,0.408784,0,0
1,0,0,-0.079177,0.387945,0.404715,-0.178078,0,0
1,0,0,2.688624,0.211775,1.981366,-0.062806,1,0
0,0,1,-0.756255,0.13819,0.631467,0.307465,0,0
1,0,0,1.088824,3.485812,1.44385,-3.397413,2,1
0,1,0,1.377804,0.743574,3.060771,0.657942,1,0
0,0,1,3.769754,0.974101,4.158583,0.511719,2,1
0,0,1,-0.416812,-0.040035,-0.182768,0.060389,0,0
0,1,0,1.902654,1.548203,3.320477,-0.081312,1,0
0,1,0,-0.41653,0.582203,-0.198293,0.059448,0,0
1,0,0,0.644348,0.448837,2.577661,0.731507,1,0
0,0,1,2.903251,0.838575,4.741171,-0.051666,2,1
0,0,1,-0.043388,0.520851,0.132393,0.062583,0,0
0,1,0,2.756544,3.174162,2.795913,5.022037,4,1
1,0,0,1.058063,-0.397282,-0.387744,0.247027,0,0
0,0,1,1.141817,-0.597956,0.531826,-0.13276,0,0
0,0,1,2.206105,0.583726,4.303939,0.55814,1,0
0,1,0,4.712566,5.950329,8.650417,-1.856624,4,1
0,1,0,1.978851,4.602192,2.339298,-3.044791,2,1
0,0,1,1.565124,0.517412,1.876658,0.424738,0,0
0,0,1,2.168353,0.743967,0.320839,0.193145,0,0
0,0,1,3.300135,2.779014,4.263581,3.305475,4,1
0,0,1,-0.682908,-0.265547,0.234157,0.006007,0,0
1,0,0,1.373271,3.237858,0.817326,-1.941446,2,1
1,0,0,2.394356,5.102152,2.78919,0.514868,2,1
0,0,1,0.011544,0.732379,0.290375,-0.077463,0,0
0,1,0,0.598487,0.177171,0.698524,0.007625,0,0
0,1,0,1.855428,-0.154076,4.192184,0.63331,1,0
1,0,0,4.757004,6.42155,4.475874,-1.960146,4,1
0,1,0,3.282329,0.742218,3.029657,-0.182332,2,1
1,0,0,5.12947,6.611264,5.616625,-0.394522,3,1
1,0,0,0.968628,0.62688,1.708317,0.082396,0,0
0,1,0,0.258628,0.676326,0.248978,-0.060562,0,0
0,1,0,1.562037,2.505374,2.186416,-3.1642,2,1
1,0,0,2.57473,4.035475,2.750835,-2.341558,4,1
1,0,0,1.513777,-0.251583,-0.029525,-0.043896,0,0
0,0,1,4.139814,-0.332594,2.831585,0.167436,2,1
1,0,0,3.722097,1.919451,4.938297,1.986999,3,1
0,1,0,0.517828,0.28894,-0.520855,-0.065068,0,0
0,1,0,-0.498885,-0.175309,0.246954,-0.049824,0,0
0,0,1,0.051511,0.121864,-0.233172,-0.055477,0,0
0,1,0,1.642066,3.35723,2.539103,-2.221433,3,1
0,0,1,0.090638,0.093257,-0.18425,-0.02096,0,0
1,0,0,0.102984,1.434037,0.892427,0.158834,0,0
0,1,0,-0.499558,0.622088,-0.503584,0.001926,0,0
0,0,1,0.013904,-0.033073,0.522825,0.265659,0,0
1,0,0,3.214133,5.12252,5.381895,-0.145346,3,1
0,0,1,2.597305,1.771003,1.182736,0.1003,1,0
1,0,0,1.515918,1.302912,2.552167,0.667952,1,0
0,1,0,-0.99002,-0.069071,-0.024041,-0.360698,0,0
0,1,0,1.161106,1.248976,1.422629,0.353308,0,0
1,0,0,1.32553,1.079921,1.862721,0.302156,0,0
1,0,0,2.103643,1.772437,8.225656,1.0702,1,0
0,0,1,2.775441,2.613916,3.808676,0.78196,3,1
0,1,0,0.227326,0.402791,0.129748,0.222829,0,0
0,0,1,1.075819,0.509721,1.595536,0.31595,0,0
0,1,0,2.79228,0.210169,5.926333,-0.690663,2,1
1,0,0,0.33282,-0.267332,0.120095,-0.086749,0,0
1,0,0,1.375104,3.938094,2.174583,0.277106,1,0
0,0,1,0.108769,0.477348,0.110458,0.117736,0,0
0,1,0,0.395376,0.439972,2.104727,0.2792,0,0
0,0,1,1.59392,0.59033,2.166651,0.053976,0,0
0,0,1,5.489108,0.165639,2.875101,-0.145432,2,1
0,1,0,0.214182,1.32527,7.256057,-0.19237,1,0
1,0,0,1.744743,0.233005,0.838757,0.596433,0,0
0,0,1,4.737562,0.150357,3.345513,-0.440894,2,1
1,0,0,4.932267,3.24363,4.201935,-0.273916,3,1
0,1,0,4.347651,0.016634,2.272211,-0.225833,1,0
0,1,0,2.432652,0.296989,1.496616,-0.448094,0,0
1,0,0,1.872798,2.246997,3.995887,0.388282,1,0
1,0,0,0.181906,0.161801,-0.040188,0.119143,0,0
1,0,0,1.156721,3.813823,2.483356,0.905773,1,0
0,0,1,0.833429,3.556998,0.735639,-3.541513,2,1
0,0,1,5.297704,5.237376,6.305354,-1.031922,3,1
1,0,0,4.772894,3.091492,4.75673,-2.571029,4,1
0,1,0,3.133208,0.845437,4.122124,0.198581,2,1
1,0,0,-0.031563,-0.044921,-0.522324,0.100928,0,0
0,1,0,0.740877,-0.233988,2.712817,-0.051357,1,0
1,0,0,2.864432,0.136546,0.755977,0.151055,1,0
0,1,0,0.685882,0.28396,-0.263727,-0.407946,0,0
1,0,0,2.589938,1.724628,1.791068,0.81011,1,0
0,0,1,3.285994,0.691817,0.515863,0.36714,1,0
0,0,1,0.518307,0.645354,3.125162,0.248538,1,0
0,0,1,-0.485673,-0.076302,-0.416914,-0.094412,0,0
1,0,0,1.516932,1.432784,1.40722,0.628968,0,0
0,0,1,1.966921,0.391431,2.57551,-0.157905,1,0
0,0,1,-0.150471,-0.053013,-0.050574,-0.180035,0,0
0,1,0,1.022764,1.131833,2.08072,-2.696667,1,1
1,0,0,3.890155,3.472571,0.871994,3.765185,3,1
0,0,1,2.079463,2.076975,4.899384,0.482445,1,0
0,1,0,0.028622,0.527355,0.768128,0.059087,0,0
0,1,0,2.057094,4.088823,4.201573,3.451229,3,1
0,1,0,3.435012,1.786293,3.704584,2.946951,3,1
0,0,1,1.066878,1.073213,0.918168,-0.290438,0,0
1,0,0,-0.432059,0.059847,-0.419338,-0.175954,0,0
0,0,1,2.173031,0.004296,1.171178,-0.197436,0,0
1,0,0,1.717791,0.893989,0.198422,0.268014,0,0
1,0,0,0.704075,-0.104437,2.625566,-0.369471,1,0
1,0,0,3.428463,2.761972,2.837125,4.558573,4,1
0,0,1,0.899705,3.077444,2.121016,-2.459366,2,1
1,0,0,0.535341,-0.024513,0.078454,0.049669,0,0
0,1,0,0.85425,-0.241871,-0.156477,-0.208428,0,0
0,1,0,0.139383,0.484893,0.373456,-0.01497,0,0
1,0,0,0.128018,0.337969,-0.333835,0.129818,0,0
0,0,1,0.934941,0.261746,-0.001159,0.145472,0,0
0,0,1,3.15159,1.499167,3.444249,0.602601,2,1
1,0,0,-0.00087,-1.215926,0.336072,-0.189326,0,0
0,0,1,-0.792842,0.96026,-0.188323,-0.345437,0,0
0,1,0,2.294615,0.746395,7.09098,0.714044,1,0
1,0,0,1.808314,1.313203,0.045743,1.205295,0,0
0,1,0,0.814355,3.469091,2.741076,-2.990731,3,1
1,0,0,1.531739,1.25805,2.973455,0.570372,1,0
0,1,0,0.526227,1.497297,1.184332,0.837365,0,0
1,0,0,-0.937735,-0.090283,0.249734,0.090984,0,0
0,1,0,3.972008,5.504594,8.197522,-1.196968,3,1
1,0,0,-0.205728,0.114684,-0.856434,0.000361,0,0
0,0,1,4.144881,5.416448,5.661266,-1.873366,4,1
1,0,0,-0.109102,0.840796,-0.689837,0.126234,0,0
1,0,0,0.251061,0.499101,0.206029,0.200266,0,0
0,0,1,4.519054,3.357006,2.286966,-2.499023,3,1
0,1,0,-0.308843,-0.459171,0.115479,-0.180924,0,0
1,0,0,1.779555,2.788033,0.857007,0.702799,1,0
0,0,1,1.829234,1.374498,4.076029,0.85473,1,0
0,1,0,-0.423515,0.239247,0.463229,-0.096309,0,0
1,0,0,-0.494637,0.211587,-0.899856,-0.153074,0,0
0,1,0,0.82418,4.10761,0.750462,-1.762785,2,1
0,0,1,3.773141,0.232042,2.013071,-0.025784,1,0
0,0,1,-0.077064,0.248454,-0.40538,-0.190247,0,0
0,1,0,-0.229669,0.047727,-0.455962,-0.087939,0,0
1,0,0,1.189829,1.626799,1.611731,0.240727,0,0
0,1,0,0.037506,-0.737218,-0.314935,-0.223346,0,0
0,0,1,-0.229292,-0.819011,0.187553,-0.055635,0,0
1,0,0,0.549316,0.941087,1.199536,0.886231,0,0
1,0,0,2.648916,1.694948,3.807845,-0.165644,2,1
0,0,1,0.360435,0.819872,0.562052,0.04678,0,0
1,0,0,3.092195,2.802431,6.949365,-1.263248,3,1
0,0,1,0.185395,1.090239,0.794811,0.003822,0,0
0,0,1,4.460988,3.559158,3.731647,2.168774,4,1
1,0,0,3.362783,1.452699,2.407653,0.586342,1,0
1,0,0,4.520215,4.348442,5.920767,-1.915346,4,1
0,1,0,0.792453,0.325856,-0.151994,0.084298,0,0
1,0,0,-0.153267,0.951786,2.421981,0.482277,0,0
0,0,1,1.01525,0.256014,1.371145,0.169611,0,0
0,0,1,0.757928,0.159315,0.402222,-0.191053,0,0
1,0,0,1.027538,1.448801,4.568731,0.536017,1,0
1,0,0,-0.596552,-0.360176,-0.150242,0.102596,0,0
1,0,0,1.116596,-0.640768,-0.081855,0.15658,0,0
0,1,0,1.01653,3.721429,1.249348,-2.896547,2,1
0,0,1,0.179302,-0.081517,0.166483,0.196552,0,0
1,0,0,2.023805,1.661632,3.439303,0.960276,1,0
0,1,0,0.171188,0.422448,0.224217,-0.043369,0,0
0,1,0,0.664875,0.416915,0.749681,0.900648,0,0
0,0,1,4.627153,2.767866,4.583155,2.952953,4,1
0,1,0,0.142627,-0.255717,0.929926,0.150058,0,0
1,0,0,2.959248,2.795405,3.554854,0.675922,3,1
0,0,1,-0.201687,0.164308,-0.049117,-0.215288,0,0
0,1,0,3.874719,1.777376,2.158402,3.070211,2,1
0,0,1,-0.505491,0.025841,-0.067038,-0.051135,0,0
0,1,0,0.373952,0.526966,-0.323384,-0.398609,0,0
1,0,0,1.662344,0.944657,4.194506,1.356829,1,0
1,0,0,3.3746,0.249498,1.922782,0.1623,1,0
0,0,1,0.68924,-0.669017,0.736338,0.026094,0,0
0,1,0,-0.149337,0.169502,0.198541,-0.191712,0,0
0,1,0,2.847498,0.591867,1.186158,0.477634,1,0
0,1,0,0.277779,0.133933,-0.550944,0.197313,0,0
0,0,1,3.176827,0.788895,3.889452,-0.510238,2,1
0,0,1,0.888519,0.644977,2.441172,0.298102,0,0
1,0,0,0.407962,0.38831,0.121903,-0.04213,0,0
1,0,0,5.227441,0.541485,1.993554,-0.225311,1,0
0,0,1,-0.69255,0.467641,-0.157684,0.032863,0,0
0,1,0,0.669116,0.599914,1.169482,0.184009,0,0
1,0,0,3.969283,4.994004,3.486173,0.153191,3,1
0,1,0,4.967371,6.074041,5.303085,-1.205982,3,1
1,0,0,1.255444,-0.281063,0.374983,0.336417,0,0
0,1,0,4.800551,0.632872,4.617205,-0.818923,2,1
1,0,0,-0.544002,-0.334897,-0.354102,-0.328116,0,0
0,0,1,2.53791,2.06501,4.947835,0.38524,2,1
0,0,1,1.467718,5.119964,1.552784,0.422827,1,1
1,0,0,1.275887,-0.023776,1.999659,0.246644,0,0
0,1,0,4.685638,0.427021,1.957144,0.178837,1,0
0,1,0,4.368537,5.20407,4.137297,-1.750677,4,1
0,0,1,0.227734,0.128389,-0.199829,0.165652,0,0
1,0,0,1.875153,1.569598,4.325379,0.272029,1,0
1,0,0,0.121821,-0.004417,0.800587,-0.262291,0,0
0,0,1,4.494806,0.656645,1.624152,-0.280444,1,0
0,0,1,2.404257,2.4922,3.730316,4.193839,2,1
1,0,0,1.896236,2.302133,2.324855,2.346911,1,0
1,0,0,-0.076841,-0.029184,-0.217785,0.034444,0,0
0,1,0,1.529612,0.274775,1.36618,0.271472,0,0
0,1,0,4.135235,1.099637,4.532101,2.644206,3,1
0,0,1,2.820974,4.256533,2.342291,1.694995,3,1
0,0,1,-0.157011,0.008631,-0.105209,0.237222,0,0
1,0,0,-0.114888,0.137689,-0.011125,-0.161582,0,0
1,0,0,0.340813,-0.485341,-0.180802,0.419772,0,0
0,0,1,6.023261,6.020703,5.047663,-1.767092,4,1
0,0,1,0.68755,0.043051,0.123106,-0.193322,0,0
0,0,1,2.187145,3.285434,7.094026,-1.869972,3,1
0,1,0,0.357501,0.323975,0.343152,0.087502,0,0
0,0,1,0.950057,-0.167992,-0.43957,-0.33703,0,0
0,0,1,1.675082,0.692643,0.863936,-0.583849,0,0
0,0,1,1.970795,3.420012,3.914939,1.405163,2,1
0,0,1,0.785173,0.279464,-0.283103,-0.007041,0,0
1,0,0,0.612336,1.217888,5.263832,0.207478,1,0
0,1,0,3.59681,2.972905,1.173662,2.66302,3,1
0,1,0,1.451199,1.325308,3.839888,1.916173,2,1
0,0,1,4.550317,5.122065,2.40628,-1.938957,3,1
0,0,1,1.550372,1.785902,4.611962,-0.360353,1,0
0,1,0,1.113294,1.164782,4.487923,0.043517,1,0
0,0,1,0.21582,0.833214,0.672258,0.158848,0,0
1,0,0,0.356593,0.627131,-0.295631,0.178227,0,0
0,0,1,-0.31855,0.868709,0.661606,-0.090948,0,0
0,1,0,0.564939,0.081648,0.626343,-0.10326,0,0
1,0,0,2.950307,0.38069,3.999289,-0.226207,2,1
1,0,0,0.228244,-0.38927,0.767164,-0.072425,0,0
0,0,1,2.311681,0.813754,2.960508,0.98385,1,0
0,1,0,-0.313768,0.012022,0.03637,-0.005225,0,0
0,0,1,0.052628,1.111579,0.337109,0.235418,0,0
0,1,0,6.024489,3.968931,4.743091,-0.811994,3,1
1,0,0,5.907203,0.424772,4.199626,0.22623,2,1
1,0,0,1.035197,3.749188,1.623352,-2.312669,2,1
0,0,1,4.597969,0.513302,2.66109,0.161582,2,1
1,0,0,2.856444,0.215459,2.398088,-0.332798,1,0
1,0,0,1.088464,0.865303,-0.530274,-0.059154,0,0
0,0,1,-0.458031,0.496147,0.006104,-0.011551,0,0
0,0,1,0.355459,0.757008,0.94631,0.091203,0,0
1,0,0,-0.461948,0.225723,0.22137,-0.249016,0,0
0,1,0,0.606962,0.32153,1.634245,-0.39176,0,0
1,0,0,1.918501,0.160977,2.390147,0.106806,0,0
1,0,0,4.004418,-0.099037,1.340806,-0.218548,1,0
0,1,0,2.638479,2.010346,4.17233,-0.03829,2,1
1,0,0,3.270774,1.907654,3.006267,0.057938,2,1
0,1,0,1.754589,0.362993,0.804612,-0.090277,0,0
1,0,0,2.227066,4.02348,4.267939,2.08965,3,1
0,1,0,-0.156615,-0.303215,-0.572644,-0.030955,0,0
0,0,1,2.391195,1.843234,2.344275,0.458384,0,0
1,0,0,0.196428,0.232595,-0.615917,0.180392,0,0
0,0,1,0.636734,0.104274,0.235921,0.105705,0,0
1,0,0,1.062416,0.016382,0.250141,0.508259,0,0
0,1,0,4.728061,0.10442,2.643873,-0.599698,2,1
0,0,1,2.462713,0.544332,0.649327,0.268875,0,0
0,0,1,2.33306,0.742159,1.137192,0.62876,0,0
0,0,1,0.518068,0.834254,1.42048,1.046431,0,0
0,0,1,2.633777,2.351693,4.326034,1.0472,2,1
0,0,1,3.767087,3.409616,3.636644,-1.162891,3,1
0,1,0,2.397371,1.696302,3.288069,1.254081,1,0
0,0,1,1.533138,1.308146,3.751158,0.516187,1,0
1,0,0,-0.021112,0.381606,-0.178323,-0.33645,0,0
0,1,0,5.960629,4.695803,6.628789,-1.642242,4,1
1,0,0,4.872259,0.333742,4.503619,-0.770276,2,1
0,1,0,1.38283,0.48855,1.648986,0.127617,0,0
0,1,0,1.23112,-0.039288,2.136239,0.35425,0,0
0,1,0,5.758963,4.817692,5.288348,-1.63253,4,1
1,0,0,0.597395,0.452899,0.532004,0.139725,0,0
0,0,1,5.110538,3.824192,8.055531,-2.098113,4,1
1,0,0,2.289272,0.681169,2.780614,0.158128,1,0
0,0,1,0.868465,1.296991,0.673151,0.016607,0,0
1,0,0,1.432949,0.662655,1.279849,0.384374,0,0
0,1,0,-0.580595,0.171437,0.172569,-0.033528,0,0
0,1,0,3.835815,1.620815,2.118997,2.555022,2,1
0,0,1,1.637754,-0.002663,0.872867,-0.174462,0,0
0,1,0,1.262669,0.077414,0.581761,0.152131,0,0
0,1,0,0.131745,0.094798,0.749326,0.289144,0,0
1,0,0,0.434685,0.135587,0.884021,-0.288347,0,0
0,1,0,2.175211,1.000634,2.115494,0.107564,0,0
1,0,0,0.80152,-0.175187,0.208692,-0.323621,0,0
0,0,1,4.196023,4.889573,6.534516,-1.606976,4,1
0,0,1,0.950154,-0.148961,-0.150681,-0.011549,0,0
0,0,1,4.716556,-0.054394,2.910143,-0.15598,2,1
0,0,1,1.192927,0.546505,2.4993,0.53294,0,0
0,0,1,-0.12275,1.532586,2.81905,0.214958,1,0
0,1,0,0.342309,0.593766,0.293559,0.055592,0,0
0,1,0,1.791915,0.504728,1.595937,0.0393,0,0
0,0,1,1.311589,2.021845,6.437176,0.769971,1,0
1,0,0,5.522867,0.865506,2.177034,-0.138149,1,0
0,0,1,2.830619,1.647329,2.67917,0.908119,2,1
0,0,1,-0.646892,0.468219,0.633846,-0.145805,0,0
0,1,0,0.847098,0.26634,-0.285952,-0.156701,0,0
0,0,1,1.752544,1.064627,0.748283,-0.044532,0,0
0,0,1,0.003761,0.134247,2.18152,1.019916,0,0
1,0,0,4.780099,5.850325,4.107209,-0.801088,3,1
0,1,0,0.096919,-0.543782,0.008739,-0.123173,0,0
0,0,1,1.622067,0.646093,2.566515,0.203398,1,0
0,1,0,-0.541397,0.470306,0.392299,-0.055658,0,0
0,0,1,0.746192,2.782175,2.365042,-2.582761,2,1
1,0,0,0.111524,-0.153722,-0.123863,-0.264438,0,0
1,0,0,2.017773,0.53345,0.752803,-0.2863,0,0
1,0,0,4.439199,4.636776,3.126741,-1.513745,4,1
0,1,0,0.822534,-0.502395,-0.040299,-0.424786,0,0
0,0,1,2.095276,0.611578,0.521338,-0.272528,0,0
1,0,0,2.03385,0.195415,2.218177,0.257478,0,0
0,1,0,5.010815,0.106074,4.44279,0.525306,2,1
0,1,0,0.724219,-0.278773,0.399743,-0.216153,0,0
1,0,0,-0.286142,0.159549,0.452932,0.256331,0,0
0,1,0,1.461304,0.013845,1.662624,0.351405,0,0
0,0,1,3.698742,-0.00676,3.549589,1.498966,2,1
0,1,0,0.497237,2.783317,2.112865,-3.400614,2,1
1,0,0,2.112267,3.242501,2.720429,0.210216,2,1
1,0,0,0.65062,0.9911,5.569609,0.568397,1,0
0,1,0,1.667196,0.432206,1.535839,0.014695,0,0
0,1,0,1.054445,0.385931,2.355056,-0.134167,0,0
0,0,1,1.693334,1.616321,5.971613,0.562178,1,0
0,0,1,-0.728393,-0.624916,-0.103536,0.015872,0,0
1,0,0,0.271329,0.775258,2.495839,-0.133726,0,0
0,0,1,0.551254,0.434081,2.426096,-0.450836,0,0
0,1,0,3.263049,3.787382,1.517515,0.560309,2,1
0,0,1,0.981317,3.188968,1.274749,-3.882795,2,1
0,1,0,-0.464251,-0.07116,-0.723234,-0.09284,0,0
0,0,1,0.519732,-0.143599,-0.05922,-0.249634,0,0
1,0,0,3.495162,1.23342,2.578814,1.447281,2,1
0,0,1,-0.404535,-0.343103,-0.040956,-0.003575,0,0
1,0,0,1.36059,1.85773,3.158246,0.624976,1,0
1,0,0,-0.312126,-0.845054,0.156469,0.136217,0,0
1,0,0,0.591327,0.185966,1.443774,0.615852,0,0
0,1,0,2.227455,1.129585,0.841012,0.064833,0,0
0,1,0,0.053529,0.196488,0.406977,0.326474,0,0
0,1,0,3.202173,2.257778,3.248488,1.09314,2,1
1,0,0,0.661136,5.616595,2.348632,-1.560883,2,1
0,1,0,5.992847,6.62222,5.770233,-0.644173,3,1
0,0,1,0.897238,0.471091,1.446554,-0.223324,0,0
0,0,1,3.737844,1.612502,5.361584,2.358855,3,1
0,1,0,0.736488,1.821387,7.52895,0.040402,1,0
0,0,1,8.408212,7.102996,2.885288,-2.39204,4,1
0,1,0,2.509816,7.985189,5.518628,-0.842716,3,1
1,0,0,4.31101,2.386054,2.16998,3.489873,2,1
1,0,0,0.683735,0.131303,2.52199,0.665719,1,0
1,0,0,4.478536,6.033107,3.490082,-1.027079,3,1
0,0,1,5.179141,4.573733,3.847559,-0.155014,3,1
0,0,1,0.382646,0.010702,0.51767,0.269436,0,0
0,0,1,-0.376813,-0.666387,0.502737,0.212552,0,0
0,1,0,0.512384,0.025951,-0.229987,-0.033883,0,0
1,0,0,2.450014,0.780626,1.312255,0.157221,0,0
1,0,0,1.514894,1.44997,4.330216,0.336193,1,0
0,1,0,-0.019248,0.032765,0.065867,0.044845,0,0
0,0,1,1.080487,-0.437791,0.242728,-0.012291,0,0
1,0,0,0.601648,0.495955,2.396592,0.540976,0,0
1,0,0,0.23797,-0.004227,-0.659374,0.004636,0,0
1,0,0,1.867794,4.496482,2.27816,-2.932783,2,1
0,1,0,2.014695,2.514603,5.263718,0.953545,2,1
1,0,0,-0.060089,-0.056079,0.777156,-0.339961,0,0
0,1,0,5.500844,2.662607,3.102325,3.922372,4,1
0,1,0,3.810997,1.43219,2.379763,1.424203,1,0
1,0,0,-0.528585,-0.450089,0.017958,-0.069464,0,0
0,1,0,1.453061,1.01871,0.668796,-0.360999,0,0
0,1,0,1.609072,2.234477,4.648337,0.762544,1,0
0,0,1,1.180439,2.873791,5.049271,0.25134,2,1
0,0,1,0.343279,0.307278,-0.376203,-0.233956,0,0
1,0,0,-0.233685,0.192164,0.2511,-0.209545,0,0
1,0,0,1.851357,2.901035,3.357402,1.836445,3,1
0,1,0,2.629355,2.322887,5.084819,1.127385,2,1
0,0,1,1.770046,0.490793,1.779555,-0.417782,0,0
0,1,0,0.209685,-0.699551,0.088277,-0.16653,0,0
1,0,0,1.76604,0.096464,2.578088,0.620414,1,0
0,1,0,2.256218,3.343062,2.860524,-0.933672,2,1
1,0,0,4.235314,2.1365,2.626815,-3.459341,3,1
0,0,1,0.412141,0.208818,-0.119235,-0.133766,0,0
0,0,1,2.632374,3.156659,0.994814,-3.064252,3,1
1,0,0,-0.098958,-0.055825,0.183933,0.273342,0,0
0,1,0,1.490548,0.527235,1.227112,-0.447975,0,0
0,0,1,0.626394,-0.188613,0.24576,-0.071263,0,0
0,0,1,2.813325,3.290143,2.103519,2.318635,3,1
0,1,0,1.072345,-0.631619,0.873702,0.018692,0,0
1,0,0,-0.534551,-0.036729,0.211193,0.124499,0,0
0,1,0,1.521193,0.62932,2.996647,0.618621,1,0
1,0,0,0.088127,0.027862,0.354416,0.105662,0,0
1,0,0,1.50539,1.181196,1.269345,-0.005316,0,0
0,0,1,2.785315,0.534101,3.757893,-0.507823,2,1
0,1,0,3.262445,3.411553,1.526969,0.543278,2,1
0,0,1,1.156424,1.205827,1.42334,-0.291089,0,0
0,0,1,0.892566,0.276647,0.135715,-0.082936,0,0
1,0,0,-0.016204,-0.25061,0.182953,-0.044232,0,0
0,0,1,2.709989,1.167649,5.668098,0.22953,2,1
0,0,1,1.731087,0.107782,5.017695,1.270827,1,0
0,1,0,1.049283,0.129056,-0.026222,0.42431,0,0
1,0,0,0.808577,0.405144,0.377988,0.063363,0,0
0,0,1,1.113506,1.28913,2.299056,0.648133,0,0
1,0,0,4.09289,6.202985,3.07282,-1.17487,3,1
1,0,0,-0.453364,-0.065403,-0.296458,-0.207062,0,0
0,0,1,1.974189,3.795111,1.016697,-2.760119,2,1
0,1,0,0.990248,1.068321,2.295515,0.76905,0,0
0,1,0,0.38054,-0.533549,0.402026,-0.261803,0,0
0,1,0,0.805348,0.004604,-0.091168,-0.178298,0,0
0,1,0,-0.531508,0.246245,-0.066112,-0.165016,0,0
0,0,1,1.197715,1.094905,2.050961,0.021755,0,0
0,1,0,1.560441,0.349101,1.105889,-0.216064,0,0
1,0,0,0.890976,1.282478,3.346326,0.222341,1,0
0,0,1,3.89675,1.442493,2.545152,3.808033,3,1
0,0,1,-0.488398,0.080437,0.070463,0.39455,0,0
0,1,0,-0.300073,0.424593,-0.478184,0.492546,0,0
0,0,1,5.234884,4.277522,4.003484,-2.149686,4,1
1,0,0,-0.306056,0.154151,0.069627,0.278785,0,0
1,0,0,0.240451,-0.222903,0.062361,-0.205408,0,0
0,0,1,0.268615,0.295868,0.065731,0.251299,0,0
0,0,1,0.769317,0.437893,-0.346139,-0.074352,0,0
0,0,1,0.964697,1.854835,6.553562,1.013738,1,0
0,1,0,2.926102,1.737051,3.770833,2.294477,3,1
0,1,0,0.355196,0.067741,1.143978,0.386104,0,0
1,0,0,1.932755,4.116504,5.18106,-2.722168,3,1
0,1,0,0.418578,0.200807,-0.446387,-0.21338,0,0
1,0,0,0.943311,0.454896,0.24249,0.051646,0,0
1,0,0,0.69712,-0.316908,-0.672081,0.142102,0,0
0,0,1,0.163111,0.146615,-0.116509,0.117038,0,0
1,0,0,0.631741,0.330431,0.60964,0.450598,0,0
0,0,1,2.673897,4.549648,4.388809,1.014688,3,1
0,1,0,2.795465,1.83783,3.610626,3.155462,3,1
1,0,0,1.234524,0.646312,2.725876,-0.272584,1,0
0,1,0,5.313171,3.377603,5.400838,-1.111432,3,1
0,1,0,3.675258,1.918219,3.060503,0.422005,2,1
1,0,0,0.7141,0.175275,-0.057149,-0.181618,0,0
1,0,0,0.220145,0.123626,0.313689,-0.255152,0,0
0,0,1,2.537631,0.249991,1.241008,-0.60729,1,0
1,0,0,0.016304,0.226558,-0.490207,0.038469,0,0
1,0,0,3.066026,1.748325,5.942995,0.602933,2,1
0,1,0,1.31458,0.712649,3.863304,0.020835,1,0
1,0,0,2.135151,3.570824,4.052609,1.621728,3,1
0,0,1,2.148168,0.554886,1.379672,0.213573,0,0
0,0,1,1.90129,0.499749,3.178011,4.448641,2,1
0,1,0,0.817237,2.984462,2.110889,-2.683583,2,1
1,0,0,-0.029402,0.959825,1.613157,0.285891,0,0
1,0,0,4.091507,0.325215,3.689094,-0.439138,2,1
1,0,0,4.827223,5.730776,8.621326,-1.725254,4,1
0,1,0,5.171718,4.076702,2.502545,1.184223,3,1
0,0,1,1.366458,1.300399,0.704637,0.031674,0,0
0,1,0,1.299024,1.943688,7.020562,0.763009,1,0
0,1,0,-0.605317,-0.287206,0.323419,0.232685,0,0
0,0,1,-0.144949,-0.37582,-0.249775,-0.058751,0,0
0,0,1,2.145075,2.940187,4.34421,3.136839,3,1
0,0,1,0.842335,0.431674,0.815039,0.388453,0,0
1,0,0,0.901271,-0.013624,-2.1e-05,0.35098,0,0
1,0,0,-0.579424,-0.75176,-0.783763,0.492218,0,0
0,1,0,1.675686,0.442289,1.384002,0.292021,0,0
0,0,1,2.115475,0.768031,1.113977,0.799796,0,0
0,0,1,3.670537,1.360993,4.863808,0.680862,2,1
1,0,0,0.119519,4.591662,2.044745,-1.356662,1,1
0,0,1,2.008931,4.097939,3.578459,0.630739,2,1
0,0,1,5.632398,6.904258,8.216262,-2.28073,4,1
0,1,0,0.061463,-0.091125,0.187808,0.173702,0,0
0,1,0,2.607844,2.203231,9.642194,1.108438,2,1
0,0,1,5.021586,1.170652,2.594941,0.156701,2,1
0,1,0,0.740303,0.411408,1.756475,1.035033,0,0
0,1,0,3.199404,1.505869,3.942476,0.155857,2,1
1,0,0,-0.287612,0.192627,-0.042954,-0.05961,0,0
0,1,0,3.149335,3.089774,6.107238,-1.287122,3,1
1,0,0,0.245949,-0.659418,-0.422048,-0.201866,0,0
0,1,0,1.586502,-0.029183,0.650241,-0.486758,0,0
0,0,1,2.410865,0.258441,3.64846,-0.497031,1,0
0,1,0,-0.016357,-0.657833,0.112753,0.120613,0,0
0,0,1,4.183581,4.288273,5.718255,-0.79301,3,1
0,0,1,3.100073,1.523656,2.72706,1.064553,2,1
0,1,0,1.299356,3.91786,2.46096,1.125031,1,0
0,1,0,0.518775,1.349433,1.910693,0.432805,0,0
0,1,0,0.172199,0.886598,-0.40429,-0.261552,0,0
1,0,0,0.006956,0.542536,0.082516,0.211204,0,0
1,0,0,5.406299,0.017384,2.235596,-0.079814,1,0
0,0,1,3.466284,-0.004946,0.523098,-0.057323,1,0
0,0,1,5.191283,-0.251229,2.757618,-0.336149,2,1
0,0,1,2.816608,6.594345,6.124453,-1.006141,3,1
1,0,0,-0.217695,0.576953,1.602518,0.659095,0,0
1,0,0,3.975287,3.083915,6.628309,-1.963547,4,1
0,0,1,4.947903,1.452577,2.385567,-0.061823,1,0
1,0,0,1.791319,2.000203,0.843197,-2.827528,1,1
1,0,0,4.501091,2.790408,2.937066,3.856812,4,1
0,0,1,6.286957,6.216713,2.721566,-1.663458,4,1
1,0,0,5.491477,0.671218,1.794378,0.008802,1,0
0,1,0,2.725978,3.812255,1.846921,-2.410627,3,1
1,0,0,-0.069631,-0.556604,0.682933,0.540146,0,0
0,0,1,2.001387,3.734486,3.799464,0.510747,2,1
0,0,1,1.702001,-0.404356,2.598635,0.526358,1,0
0,1,0,2.266798,0.534143,2.536991,-0.289614,1,0
1,0,0,5.523647,2.409463,1.470348,1.162469,1,0
1,0,0,4.167191,1.035566,3.539278,2.953067,3,1
0,0,1,0.792424,-0.311743,-0.06631,0.247518,0,0
0,0,1,1.738509,0.857493,2.265704,-0.225687,0,0
0,1,0,1.42082,4.868044,2.27242,-3.147592,2,1
0,1,0,4.46824,2.559693,2.822968,2.869045,4,1
0,1,0,3.189674,1.256015,2.802206,-0.157321,2,1
0,0,1,0.535746,-0.112923,0.511614,0.122614,0,0
0,0,1,-0.142496,-0.150078,0.77427,-0.033025,0,0
0,1,0,1.166732,1.162193,0.735281,0.227533,0,0
0,1,0,0.329201,1.209467,1.675882,0.669081,0,0
1,0,0,-0.56864,-0.10439,0.356696,-0.016178,0,0
0,0,1,1.307457,-0.34422,0.560305,0.140446,0,0
0,1,0,0.373552,-0.354973,-0.16164,-0.015816,0,0
0,1,0,-1.015457,0.198195,-0.374405,-0.01662,0,0
0,1,0,0.460439,0.5072,-0.170359,-0.214133,0,0
1,0,0,7.31862,6.011489,4.451605,-1.764959,4,1
1,0,0,0.695299,3.822839,2.612244,-2.464353,3,1
0,1,0,3.058802,1.071549,2.650531,0.073965,2,1
0,0,1,5.423674,2.469459,5.579587,-3.319492,3,1
1,0,0,3.830751,0.099503,3.562223,0.178205,2,1
0,0,1,0.519802,0.056076,0.033617,-0.009452,0,0
1,0,0,3.795225,1.380531,3.053523,4.210359,3,1
0,1,0,0.497158,0.699103,0.591035,-0.223853,0,0
1,0,0,2.155912,-0.019813,2.567531,-0.109924,1,0
1,0,0,-0.681139,-0.171582,0.058528,0.078908,0,0
0,0,1,4.258715,0.197793,1.896448,-0.112573,1,0
1,0,0,2.772638,0.818964,1.314608,0.149258,1,0
0,1,0,1.626019,3.321851,2.334088,-3.076995,2,1
1,0,0,1.642307,0.018524,1.591844,-0.171686,0,0
0,0,1,0.785619,0.923752,2.449275,0.412034,0,0
0,0,1,2.309549,2.722094,2.665995,2.911823,3,1
1,0,0,-0.747387,-0.111301,0.158933,0.024826,0,0
0,0,1,1.972692,0.295022,1.148579,-0.101568,0,0
0,1,0,0.591797,1.738431,7.525248,0.352356,1,0
1,0,0,2.713897,-0.010429,3.544789,-0.403817,2,1
0,0,1,-0.119781,-0.119688,0.561074,0.373036,0,0
0,1,0,0.50152,-0.318478,0.733333,0.277936,0,0
1,0,0,-0.261353,-0.387515,-0.154704,0.131512,0,0
0,0,1,1.513058,3.795637,2.437476,-3.31635,2,1
0,0,1,-0.049072,0.635003,0.152888,-0.014959,0,0
0,1,0,3.256535,2.108889,1.992699,-3.906088,2,1
0,1,0,-0.351266,0.726331,-0.343376,-0.018511,0,0
0,1,0,1.832439,2.057522,3.738955,1.758525,2,1
1,0,0,0.554021,1.023443,0.925003,0.776494,0,0
0,1,0,2.43682,2.762396,3.79125,0.692831,2,1
0,1,0,5.234127,2.558562,4.46881,-0.479902,3,1
1,0,0,1.184608,-0.057805,-0.379548,0.125713,0,0
0,1,0,2.495282,1.350717,4.178129,4.578255,2,1
0,1,0,2.65888,2.864625,3.170862,0.029695,3,1
0,1,0,0.096154,0.517754,-0.028856,-0.058222,0,0
0,0,1,6.184282,4.318925,7.450641,-1.278604,3,1
1,0,0,3.816023,2.377683,2.22469,3.483818,2,1
1,0,0,2.014094,-0.447205,1.188559,-0.058701,0,0
0,0,1,1.640877,3.344294,3.40846,0.477566,2,1
0,1,0,4.631158,5.241625,2.29187,-3.537267,3,1
0,1,0,-0.019607,-0.07894,0.209414,0.333451,0,0
0,0,1,0.284434,0.459168,0.25773,0.120527,0,0
1,0,0,1.293252,3.402678,2.594381,-2.366785,3,1
0,0,1,4.578462,0.718746,1.843963,0.185842,1,0
0,1,0,-0.940225,-0.502199,0.418392,0.238025,0,0
0,1,0,0.857225,1.28741,2.284064,0.478229,0,0
0,1,0,4.976949,0.334701,2.925631,-0.322093,2,1
0,0,1,-0.509055,0.048635,-0.370263,0.176064,0,0
0,0,1,0.5276,-0.261859,0.393228,-0.299221,0,0
0,1,0,1.774991,2.191719,0.761894,-2.219158,1,0
0,0,1,6.035112,1.910778,3.232933,-1.373475,2,1
1,0,0,0.340744,-0.120675,-0.11899,-0.052567,0,0
0,0,1,0.31104,0.228726,0.784779,-0.126952,0,0
0,1,0,4.592147,7.316052,6.765579,-2.582642,4,1
1,0,0,0.391987,0.24784,0.067056,0.063689,0,0
1,0,0,-0.254293,0.506506,0.748081,0.430447,0,0
0,1,0,1.091417,0.109813,0.452417,-0.001771,0,0
1,0,0,1.137255,1.277526,1.714784,0.349687,0,0
0,0,1,0.568085,2.563222,4.903399,0.790328,2,1
0,1,0,1.822087,1.308572,2.029435,0.0089,0,0
0,1,0,4.35875,1.183236,3.845543,-0.375616,2,1
1,0,0,0.339066,0.120046,0.1547,0.306089,0,0
1,0,0,-0.740591,-0.178907,0.108229,0.21396,0,0
1,0,0,2.178396,3.375953,2.473391,-2.657385,2,1
0,0,1,1.300371,3.099478,0.966877,-3.000421,2,1
0,1,0,-0.724732,-0.596672,0.19462,0.078932,0,0
0,1,0,2.283687,1.032534,2.02993,0.601865,0,0
0,1,0,-0.120843,0.674315,1.920734,0.016877,0,0
0,1,0,-0.005576,0.008555,-0.260735,0.11199,0,0
0,1,0,0.524344,-0.123722,-0.669953,-0.214436,0,0
1,0,0,7.953981,6.720605,5.211924,-2.26076,4,1
0,0,1,2.493913,0.595643,1.534043,-0.048589,0,0
1,0,0,4.159047,2.318558,2.885426,1.363604,2,1
0,0,1,1.096197,1.087735,1.734523,0.372801,0,0
1,0,0,-0.652402,-0.230601,0.689543,0.228297,0,0
0,0,1,0.592993,-0.33997,-0.356856,0.116064,0,0
0,0,1,2.398362,1.304712,1.271347,0.109746,0,0
0,0,1,-0.536983,0.298409,-0.052868,-0.224391,0,0
0,0,1,-0.713929,-0.15103,0.025178,-0.275253,0,0
1,0,0,1.708635,2.783901,5.059624,-0.65403,2,1
0,1,0,1.508528,0.361429,2.053509,-0.050606,0,0
0,0,1,2.950683,2.784739,1.886443,0.716574,2,1
0,0,1,6.122476,7.113485,4.113267,-1.708106,4,1
0,0,1,1.076403,0.183143,0.018021,-0.201069,0,0
0,0,1,-0.21366,0.339333,-0.068473,0.573765,0,0
0,1,0,1.351284,3.250262,1.370166,-0.453278,1,0
0,1,0,0.113343,0.828694,0.145591,0.133267,0,0
0,1,0,4.917505,4.769094,5.481113,-1.560393,4,1
1,0,0,1.02663,0.048489,1.057868,0.655692,0,0
0,0,1,1.050273,1.137083,2.40895,0.588816,0,0
0,1,0,-0.223065,0.611912,0.329831,0.026964,0,0
0,0,1,2.780775,2.006136,5.489444,0.555378,2,1
0,1,0,0.586948,0.237055,-0.080017,-0.143346,0,0
1,0,0,0.533123,0.157703,0.502979,0.123532,0,0
0,0,1,4.576634,6.270824,2.706089,-1.783796,4,1
0,0,1,-0.104908,0.259121,1.002063,0.049335,0,0
0,1,0,-0.556429,0.024886,0.781634,0.132398,0,0
1,0,0,6.677161,7.02002,4.436801,0.029591,3,1
1,0,0,1.173888,-0.022583,-0.152847,-0.277868,0,0
0,0,1,3.361542,-0.100234,3.926099,1.171465,2,1
1,0,0,2.086484,0.644,1.670647,-0.115733,0,0
0,1,0,1.902872,0.165742,1.409542,-0.014168,0,0
0,0,1,6.277222,6.089457,5.411929,-1.467268,3,1
0,0,1,5.364094,3.978036,3.430264,-1.559692,4,1
0,0,1,4.814966,2.733791,1.865754,0.553885,2,1
1,0,0,0.314004,2.546728,2.773927,-4.057245,3,1
0,0,1,3.664087,1.250113,3.654687,3.508189,3,1
1,0,0,5.58624,0.57762,2.114972,-0.201938,1,0
1,0,0,0.046524,0.350582,-0.265172,-0.101315,0,0
0,1,0,2.702285,2.054322,3.555815,1.524294,3,1
0,0,1,0.200302,-0.053528,0.102653,0.259591,0,0
0,0,1,4.633424,0.386293,2.90327,-0.310737,2,1
0,0,1,1.008428,0.743747,0.134159,0.242271,0,0
1,0,0,5.3719,3.856584,5.246888,-2.253046,4,1
0,0,1,-0.682481,0.371914,0.447799,-0.117056,0,0
0,0,1,0.952887,0.216757,0.346498,-0.069295,0,0
1,0,0,0.420077,0.688009,0.681033,0.012687,0,0
1,0,0,-0.072203,0.081218,0.343134,0.003261,0,0
0,0,1,3.372216,1.856489,2.077757,-2.671466,2,1
0,1,0,6.086586,0.0134,2.195074,-0.11226,1,0
0,1,0,1.542615,0.803927,2.03586,0.282824,0,0
1,0,0,-0.266449,-0.240445,-0.011094,-0.027511,0,0
0,1,0,-0.953506,-0.364752,-0.167189,0.116798,0,0
1,0,0,0.592127,4.147631,3.811967,1.46225,2,1
1,0,0,0.690394,0.280532,0.807561,-0.205287,0,0
0,1,0,0.828078,0.859071,1.097709,0.410518,0,0
0,1,0,-0.088461,-0.605135,0.536691,-0.096261,0,0
0,1,0,5.434238,3.745706,4.203398,0.486845,3,1
0,1,0,0.06835,-0.112095,-0.371563,0.069695,0,0
0,0,1,0.731836,0.292757,2.285415,0.46326,0,0
1,0,0,0.330294,-0.349938,-0.115281,-0.024072,0,0
0,1,0,-0.734069,0.659157,-0.284655,-0.047646,0,0
1,0,0,2.717914,2.350093,3.087487,3.132055,3,1
0,0,1,0.15442,0.086977,0.163526,-0.293607,0,0
0,0,1,1.620588,5.323123,0.73765,0.505038,1,1
1,0,0,0.666423,1.685563,0.429529,-3.407464,1,1
0,0,1,0.339899,0.395981,-0.088553,0.240285,0,0
0,0,1,0.339224,0.620068,1.80197,0.029359,0,0
1,0,0,0.960768,0.877328,2.46491,-0.134314,0,0
0,0,1,4.41047,0.169457,4.512522,-0.497308,2,1
0,0,1,-0.45018,0.287285,1.15957,-0.254411,0,0
1,0,0,4.683629,0.434691,0.907495,-0.41759,1,0
1,0,0,-0.313783,0.433775,0.911916,-0.265704,0,0
0,1,0,0.747455,0.097443,0.465167,-0.225426,0,0
0,0,1,3.113823,3.300875,2.673495,3.998196,4,1
0,0,1,0.317359,2.115527,1.717967,0.511174,0,0
0,1,0,0.015212,-0.603938,0.074426,0.010774,0,0
0,1,0,0.537337,0.410452,0.148335,0.164062,0,0
0,0,1,1.914849,2.900269,2.150822,-2.093885,2,1
0,0,1,1.164588,-0.104396,-0.05371,-0.116917,0,0
1,0,0,2.086141,3.626357,1.986698,-3.770489,2,1
0,1,0,7.119921,3.881907,5.048468,-2.008598,4,1
0,0,1,0.663094,0.317848,-0.054091,0.148234,0,0
0,0,1,0.238531,0.927556,-0.013679,0.011735,0,0
0,0,1,-0.209151,2.726668,3.273791,-1.835651,3,1
1,0,0,4.830368,5.216612,6.197523,-1.308782,3,1
0,1,0,-0.033395,-0.146846,0.093821,0.104398,0,0
0,1,0,-0.295966,-1.064125,0.626396,0.226368,0,0
1,0,0,2.138784,1.497035,2.344772,-0.390012,0,0
0,0,1,5.690466,0.352302,2.866591,-0.539214,2,1
0,1,0,5.300586,3.874435,4.595016,-0.897424,3,1
0,1,0,0.342732,0.313075,-0.155712,0.291405,0,0
0,1,0,-0.229428,-0.637741,-0.179376,-0.06323,0,0
1,0,0,0.695879,1.417908,0.247567,0.225776,0,0
0,0,1,4.651228,4.284767,3.816561,-1.893183,4,1
0,1,0,4.267331,2.426167,2.942111,-1.546747,3,1
1,0,0,1.930569,0.943668,1.827098,0.051013,0,0
1,0,0,0.202701,-0.278058,-0.373601,0.107958,0,0
1,0,0,-0.204842,-0.365168,0.345206,-0.221722,0,0
1,0,0,0.201748,2.926066,1.614976,-4.969084,2,1
0,0,1,3.905563,0.478919,3.326282,-0.423491,2,1
1,0,0,0.386736,-0.097957,0.437203,-0.27884,0,0
1,0,0,3.176981,1.860208,3.432887,1.5468,3,1
1,0,0,-0.318789,0.762761,0.106968,0.023321,0,0
1,0,0,0.498736,-0.149292,-0.248738,0.17056,0,0
1,0,0,-0.124676,0.010991,-0.070318,0.29009,0,0
0,1,0,3.951945,0.072319,3.487247,-0.145793,2,1
0,1,0,-0.311097,0.190411,0.402617,-0.320631,0,0
1,0,0,-0.313813,-0.17579,0.568223,0.045662,0,0
0,1,0,-0.401225,-0.467681,0.454961,-0.106557,0,0
0,0,1,0.062163,-0.280769,0.764209,-0.267551,0,0
0,0,1,-0.970777,0.409607,-0.229831,-0.216216,0,0
0,1,0,3.260916,3.248599,2.746478,1.571979,4,1
0,1,0,0.457077,0.48556,1.309191,0.582558,0,0
0,1,0,0.555516,0.37954,-0.238783,0.24764,0,0
0,1,0,0.77029,0.477383,1.710825,-0.161118,0,0
0,1,0,0.311796,0.070662,-0.220481,0.126537,0,0
0,1,0,0.053589,-0.198465,-0.321374,0.105914,0,0
0,0,1,1.433627,1.858314,5.050256,0.438268,1,0
1,0,0,3.697885,2.863936,3.197586,3.457347,4,1
0,0,1,2.860187,1.469243,6.120313,1.378727,2,1
0,1,0,1.567842,0.657832,2.254058,0.511913,0,0
0,1,0,-0.075673,0.139819,0.056826,0.043173,0,0
0,0,1,1.094207,1.74272,4.227227,1.027903,1,0
0,0,1,4.691756,1.468088,3.219561,2.681273,3,1
1,0,0,0.397919,0.769491,0.52922,0.068338,0,0
0,0,1,3.864999,0.532144,1.598543,-0.128587,1,0
1,0,0,-0.562244,0.165346,-0.106935,0.017003,0,0
0,0,1,3.409287,5.9653,3.559965,-1.568928,4,1
1,0,0,4.337495,0.568644,3.967285,-0.015732,2,1
1,0,0,0.102407,0.043659,-0.161515,0.167965,0,0
1,0,0,2.650081,0.307029,2.985464,-0.01156,2,1
0,0,1,1.250008,1.862312,6.877947,0.264158,1,0
0,1,0,3.842562,0.337012,2.462793,-0.544931,1,0
0,1,0,-0.085456,0.703726,1.214564,0.223372,0,0
1,0,0,0.781752,0.472329,0.345024,0.278394,0,0
0,1,0,-0.18021,-0.333757,0.092649,-0.023566,0,0
0,0,1,1.528285,1.561902,2.876578,0.952041,1,0
1,0,0,2.967041,4.434153,4.708365,0.365223,3,1
1,0,0,0.189321,0.895159,2.350995,0.493802,0,0
0,1,0,4.03895,2.185546,4.159059,3.364541,3,1
0,0,1,6.13904,2.462861,4.855856,4.116313,3,1
0,0,1,5.182942,-0.131087,3.209438,-0.069539,2,1
0,0,1,0.694213,1.349812,2.619138,0.953255,1,0
0,0,1,0.842253,0.326992,-0.048646,-0.044531,0,0
0,1,0,-0.505539,0.143203,-0.523392,0.155866,0,0
1,0,0,2.500092,2.667424,3.857199,0.250835,3,1
0,1,0,2.241293,2.748548,3.416819,2.936827,3,1
0,1,0,1.932975,3.352757,3.666403,0.879756,2,1
0,1,0,1.974364,0.237617,1.246129,-0.265052,0,0
0,1,0,4.328729,0.580282,4.124589,-0.318646,2,1
1,0,0,-0.027632,-0.004563,0.108617,0.016908,0,0
1,0,0,3.147787,5.131982,3.65561,0.011478,3,1
0,0,1,-0.065132,0.381281,-0.222438,-0.074463,0,0
0,1,0,2.279157,2.901569,3.2305,3.535106,3,1
0,0,1,0.538361,-0.341534,0.270051,0.07412,0,0
1,0,0,-0.557361,0.18594,0.201213,0.007535,0,0
1,0,0,-0.250825,0.022744,-0.235071,0.036435,0,0
0,1,0,0.731613,0.570874,0.301366,0.236537,0,0
1,0,0,0.226683,-0.205361,-0.451446,-0.162682,0,0
0,1,0,0.441317,0.313688,0.461569,-0.052099,0,0
1,0,0,1.534327,0.513531,0.946916,0.159436,0,0
1,0,0,3.612124,3.598125,3.576209,-2.618247,4,1
1,0,0,-0.236929,0.502799,0.327626,-0.177417,0,0
0,0,1,4.925945,6.098967,4.096701,-0.71203,3,1
0,0,1,-0.010407,0.376545,0.104986,-0.013277,0,0
0,1,0,1.184583,0.308162,2.152365,0.130759,0,0
1,0,0,5.039256,4.425632,7.595758,-1.539991,4,1
1,0,0,0.88353,-0.187153,-0.307902,-0.164202,0,0
0,1,0,1.996497,3.381422,2.314205,0.91245,1,0
1,0,0,0.298866,0.751748,-0.146272,-0.306144,0,0
1,0,0,1.687979,-0.157753,2.248268,0.148121,0,0
1,0,0,0.331551,0.060439,0.189985,-0.199953,0,0
0,0,1,0.112382,0.400611,0.129517,-0.408675,0,0
1,0,0,0.589983,0.747803,1.56185,0.070089,0,0
0,0,1,2.710198,1.197077,5.016617,0.213832,2,1
0,0,1,3.353676,3.008258,3.031529,0.42608,3,1
0,0,1,3.225718,1.732908,3.146902,4.124806,3,1
1,0,0,-0.636071,-0.141923,0.450328,0.4332,0,0
0,0,1,1.585262,2.724873,1.746605,-3.362736,2,1
1,0,0,4.607045,0.931474,2.002832,-0.538339,1,0
0,1,0,4.783735,3.467012,7.475756,-1.29869,3,1
0,1,0,-0.597156,-0.414309,0.684291,0.210997,0,0
0,1,0,2.2853,-0.092786,1.096327,-0.44102,0,0
0,1,0,-0.838591,-0.012929,0.359745,-0.024109,0,0
1,0,0,4.346408,3.690987,2.368692,-0.779923,2,1
0,1,0,0.4094,0.615518,-0.050732,0.315192,0,0
0,1,0,0.361123,0.691253,-0.205455,-0.182466,0,0
0,1,0,-0.691794,0.22743,-0.057166,-0.119349,0,0
0,0,1,0.039778,1.025499,2.271642,0.229733,0,0
0,0,1,-0.276972,0.31827,1.154212,-0.472262,0,0
1,0,0,0.080609,0.556686,0.422765,-0.198321,0,0
1,0,0,2.132708,5.664051,6.316064,-0.607776,2,1
1,0,0,-0.288155,-0.089259,-0.315554,-0.458776,0,0
0,0,1,2.349928,3.298628,2.925027,0.359099,2,1
0,1,0,0.174842,-0.447519,0.2011,-0.143198,0,0
0,0,1,6.115396,-0.009249,3.656701,-0.244845,2,1
0,0,1,-0.292138,0.10295,0.254274,0.060394,0,0
1,0,0,1.633601,0.728847,0.942081,-0.174919,0,0
0,0,1,1.594602,2.63285,3.070778,-1.740233,3,1
0,0,1,0.789126,-0.215836,4.537908,-0.00018,1,0
0,1,0,2.245014,1.818551,6.127057,0.106951,1,0
1,0,0,0.190157,0.142285,0.322734,0.263663,0,0
0,0,1,5.689489,5.719113,3.412991,-2.385892,4,1
0,1,0,0.522959,2.959789,2.187654,-3.352972,2,1
0,1,0,2.021174,0.863149,4.451066,-0.080546,1,0
0,1,0,0.932856,0.791058,1.647733,-0.17451,0,0
0,1,0,2.524337,0.466422,1.233306,0.256835,1,0
0,0,1,4.396296,2.140556,5.055621,3.904908,3,1
0,0,1,1.287594,1.057447,1.115983,-0.115002,0,0
1,0,0,1.630483,-0.160374,3.011384,0.065625,1,0
1,0,0,1.519082,-0.007427,3.235701,0.224461,1,0
0,1,0,-0.619926,0.080754,-0.213592,-0.080224,0,0
0,0,1,2.604683,1.975801,2.380905,0.719683,1,0
0,0,1,1.441185,0.12955,-0.225936,0.453069,0,0
0,0,1,-0.578701,0.685813,0.571627,0.342772,0,0
1,0,0,0.572397,1.024221,2.482191,0.072726,0,0
1,0,0,-0.060354,0.676344,-0.272139,-0.383359,0,0
0,1,0,3.574228,0.454128,2.27505,-0.528269,1,0
0,1,0,2.098323,1.889577,3.800837,0.431568,1,0
0,0,1,-0.164995,0.0458,0.112428,0.37281,0,0
0,0,1,0.12237,0.635366,0.665644,-0.263794,0,0
0,1,0,2.568605,1.832056,5.763317,0.799049,2,1
0,1,0,0.172001,-1.104607,-0.311664,-0.072696,0,0
0,0,1,-0.406504,1.91178,4.854161,-0.430516,1,0
0,0,1,6.028259,3.558843,6.635819,-0.546207,3,1
1,0,0,1.704221,4.514235,-0.542706,-3.463224,2,1
0,1,0,0.557951,0.836751,0.459869,-0.02855,0,0
1,0,0,2.800744,0.683513,3.092806,-0.197209,2,1
1,0,0,1.751912,0.810443,0.705618,0.082962,0,0
0,0,1,3.532117,1.485039,2.857088,0.667352,2,1
0,1,0,-0.510015,0.790881,-0.627726,-0.084165,0,0
1,0,0,1.715598,0.792049,2.964986,-2.421973,2,1
1,0,0,3.587893,5.687195,2.883402,-0.999619,3,1
0,0,1,0.886081,3.321086,2.329057,-2.376757,2,1
1,0,0,3.198141,6.165597,5.971308,-1.601862,4,1
0,1,0,0.175532,0.428775,0.182675,0.184885,0,0
1,0,0,1.141302,0.737827,3.539935,0.090704,1,0
0,0,1,1.874318,0.55028,6.539179,0.155066,1,0
0,1,0,1.677351,1.904134,3.753335,0.135856,1,0
0,1,0,1.525302,0.295657,2.158401,-0.072095,0,0
0,0,1,6.367896,0.828696,1.978126,0.252875,1,0
1,0,0,2.674955,1.958216,4.256578,0.797637,2,1
1,0,0,1.021255,0.315822,0.809207,0.161134,0,0
0,1,0,0.860272,1.771511,2.364618,0.073496,0,0
0,0,1,1.071253,1.309689,3.697208,0.195875,1,0
1,0,0,2.612102,2.262867,2.768568,-3.319472,3,1
1,0,0,1.371404,0.899356,2.141992,0.842695,0,0
0,1,0,0.161472,0.124503,0.79429,0.064293,0,0
0,1,0,0.125907,0.278053,0.253146,-0.134426,0,0
1,0,0,0.012943,0.557611,0.311166,0.008018,0,0
1,0,0,5.664875,5.696314,5.306416,-0.669725,3,1
0,0,1,0.596526,0.301987,2.209122,0.118593,0,0
0,1,0,1.363923,-0.193816,0.845742,0.022442,0,0
0,1,0,0.286207,0.655901,0.419515,0.140373,0,0
0,0,1,4.613641,0.629544,1.093269,-0.257221,1,0
1,0,0,3.816564,4.787014,6.091016,-1.153925,3,1
0,0,1,0.532364,-0.099788,0.266066,0.083463,0,0
1,0,0,4.022467,0.307271,1.204168,-0.368088,1,0
0,1,0,1.484555,1.466218,1.97951,1.010478,0,0
1,0,0,0.462551,0.151695,0.495412,0.16934,0,0
0,1,0,-0.574944,0.130574,-0.165095,0.025426,0,0
0,0,1,2.190712,1.821272,3.480818,1.152632,1,0
0,1,0,4.786799,-0.271273,2.411139,0.00605,1,0
0,0,1,0.775992,2.779833,5.415621,0.684624,2,1
1,0,0,0.78142,3.508665,1.393115,-3.19385,2,1
0,0,1,-0.03355,-0.608108,0.392536,0.253262,0,0
0,0,1,0.404843,-0.675927,0.284006,0.233329,0,0
0,0,1,3.692124,0.780768,2.723552,-0.210887,2,1
0,0,1,1.929355,2.847685,0.811566,-3.256018,2,1
1,0,0,0.460381,-0.793816,-0.208946,0.159133,0,0
1,0,0,0.865871,1.988609,1.45544,-2.443034,1,0
0,1,0,2.938408,2.513831,2.246321,0.877075,2,1
0,1,0,0.12938,0.475491,0.287044,-0.200385,0,0
0,1,0,0.377241,0.195499,-0.011,0.022366,0,0
0,0,1,2.322411,0.114781,4.982731,1.543014,2,1
0,0,1,1.889101,1.002156,-0.006525,0.676276,0,0
1,0,0,2.663519,3.944426,2.79029,0.39945,3,1
0,1,0,2.276467,3.640454,4.433712,0.608754,2,1
1,0,0,-0.060141,-0.419152,0.797372,0.199735,0,0
0,1,0,0.151615,0.892407,0.253105,0.074601,0,0
0,0,1,3.014626,1.708649,4.843169,0.702004,2,1
0,0,1,1.809981,1.443156,6.319551,0.638371,1,0
0,1,0,0.984863,-0.011906,0.094634,0.159647,0,0
1,0,0,1.264062,0.32031,2.930212,0.351636,1,0
0,0,1,4.356038,2.629561,7.192694,-1.882115,4,1
1,0,0,0.018263,0.133774,0.141572,0.325546,0,0
0,1,0,0.933121,0.250287,2.781562,-0.089015,1,0
1,0,0,3.755528,5.708709,3.557373,0.146023,3,1
0,0,1,1.253444,2.235498,4.152775,-0.045408,1,0
0,0,1,3.070681,4.396789,2.698425,1.925451,4,1
0,1,0,2.426606,1.395476,2.824878,4.344277,2,1
1,0,0,0.725721,0.273672,0.192739,0.297782,0,0
1,0,0,-0.167253,-0.190244,0.011875,-0.117969,0,0
0,1,0,2.119626,1.117251,2.225186,1.154453,0,0
0,0,1,0.330656,0.008278,0.302819,0.18308,0,0
1,0,0,-0.325521,0.613088,-0.285667,-0.006993,0,0
0,0,1,2.245286,2.057502,4.290708,-0.199516,1,0
1,0,0,2.381203,0.695553,1.592978,0.111778,0,0
1,0,0,1.073969,4.517152,1.337509,-4.349015,2,1
1,0,0,3.566208,0.439929,3.739601,0.003221,2,1
0,1,0,1.703955,0.723594,1.642686,-0.157186,0,0
0,1,0,1.546056,2.148846,3.144975,2.037169,2,1
0,1,0,0.039224,-0.031217,0.233934,-0.087354,0,0
0,1,0,1.181507,0.843242,1.73013,-0.195226,0,0
0,0,1,5.780272,-0.024492,2.569811,0.097507,2,1
0,0,1,5.30467,0.613448,2.624637,0.003851,2,1
0,0,1,0.168747,0.131002,-0.186769,-0.019639,0,0
0,0,1,1.434742,0.527397,2.498071,0.206319,0,0
0,1,0,0.644321,0.807348,1.251581,-0.100581,0,0
0,1,0,0.797928,0.832558,2.06275,-0.129306,0,0
0,0,1,5.014371,4.386733,3.598422,-2.370757,4,1
1,0,0,0.013495,-0.144554,0.378255,0.050094,0,0
1,0,0,-0.074845,-0.261679,0.074821,0.066166,0,0
0,0,1,0.057502,-0.731367,-0.231721,-0.103428,0,0
0,0,1,2.064298,0.780682,2.757122,0.360739,1,0
1,0,0,0.520312,-0.729251,2.396323,0.324701,0,0
0,1,0,0.730792,-0.452969,-0.155276,-0.116064,0,0
0,0,1,0.313231,-0.28597,0.735704,-0.020552,0,0
0,0,1,0.870068,0.276158,2.162337,0.03215,0,0
0,0,1,0.473069,0.288174,0.183942,0.360934,0,0
1,0,0,1.74756,0.079189,1.829869,-0.13416,0,0
1,0,0,0.729264,0.587034,0.365656,0.050337,0,0
0,0,1,3.526852,1.431956,2.524104,3.315755,3,1
0,1,0,0.385323,0.183619,0.339201,0.068088,0,0
0,1,0,1.239157,-0.212916,0.027226,-0.102359,0,0
0,1,0,0.073256,-0.201527,0.297754,0.021664,0,0
0,0,1,2.148521,2.188492,1.519788,1.012618,0,0
0,1,0,0.230144,-0.406919,-0.171167,-0.256257,0,0
1,0,0,1.333287,1.916896,4.128055,0.337472,1,0
1,0,0,1.435914,1.817872,3.344281,0.737084,1,0
0,0,1,3.78166,3.686549,5.07078,-1.655465,4,1
0,1,0,0.670225,1.03432,2.314061,-0.409302,0,0
0,1,0,0.930825,-0.134714,0.330777,-0.323595,0,0
1,0,0,3.576167,2.63654,2.238732,0.975335,2,1
0,0,1,1.037843,0.787194,4.093599,0.465899,1,0
0,1,0,1.029542,3.507395,2.91401,-2.048752,3,1
1,0,0,0.37475,0.374379,0.70384,-0.010111,0,0
0,0,1,1.672213,0.617402,0.567626,0.339594,0,0
0,1,0,0.762387,-0.28269,0.250049,-0.255064,0,0
0,1,0,0.177974,-0.662963,-0.259952,-0.112659,0,0
0,1,0,-0.033107,-0.612102,0.100306,0.003858,0,0
1,0,0,3.764635,4.797485,3.72141,-0.835741,3,1
0,1,0,2.070017,1.644726,8.009357,0.407634,1,0
1,0,0,4.007467,1.119645,2.670345,-0.707475,2,1
0,1,0,1.004065,-0.38984,-0.420292,-0.213089,0,0
0,0,1,1.181478,0.466727,2.745063,-0.44139,1,0
1,0,0,1.87388,4.014736,2.377734,3.853394,2,1
0,0,1,5.070275,0.81182,2.575938,-0.440649,2,1
0,0,1,-0.078518,0.207842,-0.424193,0.49392,0,0
0,0,1,3.7185,0.828132,2.938936,0.089401,2,1
0,0,1,0.030189,0.291015,-0.546497,-0.002602,0,0
0,0,1,0.062739,-0.114891,-1.040356,0.106216,0,0
0,1,0,5.838306,4.72279,5.549856,-1.47463,3,1
0,0,1,-0.126958,0.690674,-0.188664,0.106599,0,0
1,0,0,4.427315,2.685744,2.958812,3.308221,4,1
1,0,0,1.970795,2.423626,2.51109,0.714799,1,0
0,1,0,3.24583,2.915003,3.883122,-0.587684,3,1
1,0,0,0.436505,-0.133888,0.379835,-0.002725,0,0
1,0,0,0.06224,-0.637682,-0.093665,-0.106142,0,0
0,1,0,5.701117,7.30798,4.549605,-0.434643,3,1
1,0,0,3.309613,4.744611,7.467361,-1.266195,3,1
0,0,1,0.672956,-0.257478,-0.136034,0.380219,0,0
1,0,0,2.331222,0.728822,1.064446,0.098428,0,0
0,0,1,1.618031,1.723675,3.536216,1.161915,1,0
0,1,0,0.088253,0.080365,0.073149,0.142862,0,0
0,0,1,2.866241,0.479303,0.53413,-0.175788,1,0
0,0,1,1.823655,3.68,2.404599,-3.122905,2,1
0,0,1,2.666212,2.435294,4.986793,0.894752,2,1
1,0,0,4.670466,3.47976,3.367422,1.732264,4,1
1,0,0,0.372522,-0.595058,-0.178324,-0.089357,0,0
1,0,0,1.050894,0.468237,2.21956,0.108718,0,0
0,1,0,0.999541,-0.807479,0.651391,-0.019647,0,0
0,0,1,1.301931,0.538159,0.559468,-0.277639,0,0
0,1,0,5.702951,4.098265,7.775139,-2.02504,4,1
1,0,0,2.997301,0.257425,3.579629,-0.481746,2,1
0,0,1,2.939194,0.092616,2.607418,-0.251459,2,1
1,0,0,3.309033,2.252095,3.004722,1.554223,3,1
1,0,0,-0.112956,0.57283,0.239267,-0.084685,0,0
0,1,0,1.018958,2.133834,5.765606,0.218434,1,0
1,0,0,1.894533,1.106671,2.809863,0.064402,1,0
0,0,1,1.482335,0.516152,1.909196,-0.130032,0,0
1,0,0,1.516759,0.214962,1.240147,0.240294,0,0
1,0,0,0.660506,-0.221491,-0.049261,0.073551,0,0
1,0,0,3.232424,3.35739,2.466859,2.975801,3,1
0,1,0,1.627883,0.735934,7.491148,0.441438,1,0
1,0,0,5.488188,8.065953,7.242979,-2.607501,4,1
0,1,0,3.648396,2.850386,1.33415,0.104303,2,1
1,0,0,3.476997,2.529731,4.185502,0.864636,3,1
0,1,0,2.169868,0.394031,1.124013,0.590501,0,0
0,0,1,2.007839,0.417124,0.366856,-0.035887,0,0
0,0,1,1.878761,0.430886,1.255566,0.003435,0,0
0,1,0,0.3524,-0.498762,0.081334,0.039659,0,0
1,0,0,2.865959,1.525696,1.488161,-0.186425,1,0
1,0,0,0.638402,-0.188138,-0.767163,-0.045059,0,0
1,0,0,2.499308,2.943842,3.792959,3.317077,3,1
0,0,1,2.178005,0.62532,1.498215,-0.478528,0,0
1,0,0,5.80219,0.544688,1.623271,-0.707152,1,0
1,0,0,1.434765,3.323909,5.148633,0.668684,2,1
1,0,0,-0.587334,-0.059503,-0.015185,-0.431198,0,0
0,0,1,0.253312,0.007808,0.456261,-0.112885,0,0
0,0,1,1.135848,5.148235,0.945611,-2.724945,2,1
1,0,0,-0.771224,-0.606302,0.174863,-0.048989,0,0
0,0,1,5.12779,3.297023,3.742813,-1.029928,3,1
1,0,0,-0.262124,-0.122318,1.025314,0.169583,0,0
0,1,0,1.375687,1.636841,7.094439,0.234987,1,0
1,0,0,1.687771,0.654554,5.974335,0.671757,1,0
0,1,0,3.880515,3.780684,4.925525,-2.317698,4,1
0,0,1,4.133757,-0.256279,1.366543,2.843827,2,1
0,1,0,3.345289,-0.036712,4.581782,-0.032683,2,1
0,0,1,4.192562,0.623247,1.375397,-0.348413,1,0
0,0,1,2.838582,0.766994,0.513462,0.085515,1,0
0,0,1,5.39374,6.669702,2.945942,-2.138833,4,1
0,1,0,0.150893,0.035362,0.419502,0.14441,0,0
0,1,0,1.325174,4.751228,2.472219,-1.612472,2,1
0,1,0,0.582726,0.182827,-0.076517,-0.279537,0,0
1,0,0,1.170178,0.569959,1.985258,-0.009871,0,0
0,0,1,0.248999,0.411547,-0.398331,-0.125681,0,0
1,0,0,4.689037,0.943068,2.101102,0.268417,1,0
0,1,0,2.219476,0.453519,0.72692,-0.13613,0,0
1,0,0,-0.798822,-0.326751,0.2279,0.160605,0,0
1,0,0,2.124769,2.800945,4.261179,1.471488,2,1
1,0,0,0.379852,0.479216,0.102919,0.04557,0,0
0,0,1,0.597785,0.750414,-0.241265,-0.45935,0,0
0,1,0,-0.181313,-0.257332,-0.400672,0.01966,0,0
1,0,0,5.593029,4.648635,6.672876,-2.272959,4,1
0,1,0,2.782496,0.089404,2.26236,0.763659,1,0
1,0,0,5.610347,4.533006,6.628037,-2.251974,4,1
0,1,0,1.693944,0.469834,1.644713,0.025438,0,0
0,0,1,3.51396,2.64596,0.565796,-0.051246,2,1
0,0,1,-0.34271,0.104238,0.170961,0.101015,0,0
0,0,1,2.707138,0.242115,0.769831,0.027463,1,0
0,0,1,0.194028,-0.287752,0.199262,0.195515,0,0
0,1,0,3.71746,1.748866,4.261667,1.214742,2,1
0,1,0,1.646771,0.483347,1.292179,-0.509185,0,0
1,0,0,0.275071,0.476294,-0.560096,0.10246,0,0
0,0,1,0.011487,0.330975,-0.356782,-0.25926,0,0
0,0,1,0.385872,-0.278865,-0.439078,-0.146519,0,0
0,1,0,0.140344,0.167262,-0.154397,0.337818,0,0
1,0,0,3.435045,3.99184,5.025009,-1.758945,4,1
1,0,0,0.463564,0.704387,2.427433,0.400685,0,0
1,0,0,3.720318,6.437893,4.780679,-2.845169,4,1
0,0,1,0.766935,0.30897,1.872264,0.043492,0,0
0,0,1,3.990552,4.610982,3.597641,-1.540778,4,1
0,0,1,2.011807,2.063906,0.860978,1.242385,0,0
1,0,0,2.942642,1.093503,3.167121,0.810642,2,1
0,0,1,0.605794,0.526162,1.619133,-0.215931,0,0
1,0,0,0.571311,0.361138,1.934054,0.465118,0,0
0,0,1,1.588831,0.821244,4.413069,0.464961,1,0
0,1,0,4.759815,0.946848,4.365958,-0.313484,2,1
1,0,0,0.66395,1.548029,1.556934,-0.416256,0,0
0,1,0,2.669761,0.022214,1.867654,0.717682,1,0
1,0,0,0.214748,-0.032584,0.483724,-0.188774,0,0
1,0,0,0.064825,-0.516844,-0.307368,0.067024,0,0
1,0,0,1.61634,0.647309,0.805591,-0.415321,0,0
0,1,0,0.962873,0.571752,1.985853,0.069404,0,0
0,1,0,0.272644,0.656266,-0.272229,0.20229,0,0
1,0,0,-0.130105,0.154101,0.205089,-0.048757,0,0
1,0,0,2.034093,0.242277,1.025737,0.365546,0,0
1,0,0,0.133965,-0.366833,0.664981,-0.281972,0,0
0,1,0,1.264573,0.665229,1.274408,0.296614,0,0
0,1,0,0.040587,0.352008,0.391473,-0.063516,0,0
0,0,1,0.440125,-0.672018,0.046517,0.210788,0,0
1,0,0,0.636975,-0.444075,0.931495,-0.335822,0,0
0,1,0,0.247798,-0.128078,0.219433,0.049818,0,0
0,1,0,3.085617,2.888545,3.580975,0.529058,3,1
0,1,0,1.005498,-0.642599,-0.041323,-0.436463,0,0
0,0,1,3.790456,2.171229,1.939876,3.394676,2,1
1,0,0,1.377506,1.869028,5.064474,0.672609,1,0
0,0,1,6.208063,0.915196,7.307636,-1.483475,2,1
1,0,0,3.569275,2.951069,3.406843,2.433734,4,1
0,1,0,-0.581782,0.128691,0.087302,-0.041955,0,0
1,0,0,0.415301,1.079414,2.779847,1.107677,1,0
0,1,0,0.55841,0.028194,-0.237294,0.184309,0,0
1,0,0,2.308423,0.887129,2.325515,0.355035,0,0
0,0,1,-0.175528,0.597081,-0.060558,-0.196522,0,0
1,0,0,4.947782,4.477281,3.300475,-1.061588,3,1
0,0,1,3.412269,4.96553,5.831433,-1.746097,4,1
0,1,0,5.301679,7.46198,6.617536,-0.949568,3,1
1,0,0,1.096161,1.668347,3.967166,0.92388,1,0
1,0,0,2.596157,2.531903,2.602028,1.186122,3,1
1,0,0,-0.992388,-0.317291,0.139739,0.117344,0,0
0,1,0,2.750719,0.401064,1.423961,-0.163353,1,0
1,0,0,5.557968,0.313777,1.551483,-0.548765,1,0
0,1,0,-0.32063,-0.079178,0.450079,0.162423,0,0
0,1,0,1.999228,3.80246,1.701495,-1.485274,1,0
0,1,0,3.694909,0.865907,2.339351,-1.493513,1,0
0,1,0,1.478718,1.161648,2.610532,0.563997,1,0
1,0,0,3.288299,3.363796,1.595283,0.764347,2,1
1,0,0,0.683724,0.456371,-0.139119,0.073481,0,0
0,0,1,0.284295,0.604332,0.228996,-0.15649,0,0
0,1,0,4.684753,0.008175,3.056643,-0.103551,2,1
1,0,0,1.356418,0.79365,7.102311,0.88681,1,0
1,0,0,-0.523455,0.214265,0.218946,0.216765,0,0
1,0,0,1.958066,1.817444,5.470582,0.052002,1,0
0,1,0,1.310521,3.207932,3.370663,0.154168,2,1
0,0,1,0.319999,-0.140588,-0.136404,-0.073325,0,0
1,0,0,4.535969,0.004158,1.943806,-0.07613,1,0
0,0,1,-0.316588,0.581477,0.007802,-0.226929,0,0
0,1,0,5.934925,2.361711,3.125092,2.883519,3,1
0,0,1,0.557007,-0.247121,0.661519,-0.286733,0,0
0,1,0,1.431527,1.930919,2.656879,0.361873,1,0
0,1,0,0.99714,0.454449,1.100161,0.501888,0,0
1,0,0,1.728384,3.455691,1.527303,-2.102054,2,1
0,1,0,-0.285314,-0.011817,-0.859599,-0.014181,0,0
0,0,1,5.037953,4.237292,7.160487,-0.694073,3,1
0,1,0,0.086704,-0.122513,-0.180372,-0.015759,0,0
0,1,0,0.6777,1.365851,2.469448,-0.639928,0,0
0,0,1,2.360158,-0.65383,4.576707,0.124295,1,0
0,0,1,3.755388,0.13328,3.434135,-0.401412,2,1
0,0,1,2.207272,0.857556,7.437421,0.55168,1,0
0,0,1,2.766836,2.471925,4.2165,1.032266,2,1
1,0,0,1.789372,2.443438,2.893972,0.093863,1,0
1,0,0,0.358373,-0.413291,1.712595,0.758353,0,0
0,1,0,2.578361,0.588004,1.968085,-0.828947,1,0
0,1,0,5.257209,2.675326,3.416978,2.194583,4,1
1,0,0,4.07294,-0.409681,3.285887,-0.098605,2,1
0,0,1,0.891282,1.721329,2.294779,-0.414577,0,0
0,0,1,0.93231,4.371869,1.484078,-3.793392,2,1
0,1,0,0.520749,0.032963,-0.007902,-0.113335,0,0
1,0,0,4.920929,0.501056,2.096735,0.142132,1,0
0,0,1,3.441692,0.122433,1.227863,0.15356,1,0
0,0,1,0.973544,0.06317,0.295016,0.006319,0,0
0,1,0,4.467857,5.145319,5.762458,-0.44044,3,1
0,1,0,0.740113,3.301807,0.74178,-3.659155,2,1
1,0,0,3.162199,0.75752,3.085214,-0.466981,2,1
0,0,1,0.578255,-0.197099,-0.85857,0.179183,0,0
1,0,0,2.571091,0.236026,2.298271,0.241832,1,0
0,1,0,0.942639,1.023735,-0.19394,0.252581,0,0
0,0,1,2.093404,1.114882,6.396675,-0.617936,1,0
1,0,0,3.987768,4.343547,3.669195,3.371499,4,1
0,1,0,1.489086,2.274263,3.69058,0.442085,1,0
1,0,0,0.44924,0.489946,1.871089,-0.142775,0,0
1,0,0,0.461169,0.293468,1.271645,0.56939,0,0
0,1,0,3.407509,6.803494,5.255055,-1.370066,3,1
1,0,0,1.373889,3.33499,2.161079,-3.670958,2,1
0,1,0,1.204992,3.160053,4.150299,-3.179382,3,1
1,0,0,0.833503,0.357539,1.711483,0.67259,0,0
0,0,1,0.529069,0.693144,1.390221,0.779387,0,0
1,0,0,0.356276,-0.436446,-0.039337,0.070744,0,0
1,0,0,-0.06744,0.117565,0.507814,0.5413,0,0
0,0,1,0.453293,0.386715,0.052368,-0.202791,0,0
0,1,0,2.104909,0.595916,1.099063,0.18973,0,0
1,0,0,0.315789,-0.466981,0.380022,-0.296799,0,0
1,0,0,1.216832,2.009887,2.840569,-2.398638,2,1
0,0,1,3.093006,-0.034131,3.500004,-0.296066,2,1
0,1,0,0.217041,-0.174074,0.336664,0.083818,0,0
0,0,1,3.088979,2.522127,3.052969,0.659809,3,1
0,1,0,1.669615,2.452403,6.369575,0.108994,1,0
1,0,0,0.662154,-0.093666,0.107083,-0.113043,0,0
0,0,1,2.342983,3.623124,4.802776,3.150821,3,1
0,0,1,-0.548056,0.466641,0.376485,-0.436861,0,0
1,0,0,2.699105,3.883483,2.757174,1.351201,3,1
0,1,0,0.128813,-0.366791,-0.759226,0.443049,0,0
0,1,0,4.842728,6.508429,4.540206,-2.46112,4,1
0,0,1,-0.183976,-0.152922,0.465777,-0.087486,0,0
1,0,0,1.896116,1.128158,2.023536,1.195855,0,0
1,0,0,-0.320742,-0.559583,-0.372185,0.217483,0,0
1,0,0,-0.391855,0.59312,-0.055103,-0.227584,0,0
0,0,1,3.375023,1.784289,0.765723,0.384555,1,0
0,1,0,5.683958,4.790193,4.605749,-1.742717,4,1
0,0,1,0.621042,0.942402,0.622318,0.202172,0,0
0,0,1,0.225915,-0.112302,-0.031333,-0.106218,0,0
1,0,0,3.920131,1.319493,1.377905,3.386546,2,1
0,0,1,-0.761673,0.463388,-0.27422,0.514044,0,0
0,1,0,-0.14327,-0.073603,0.195028,0.153801,0,0
0,0,1,1.019504,0.091411,2.103553,0.797936,0,0
0,0,1,4.891122,4.713147,5.93922,-1.684381,4,1
0,1,0,2.258235,2.829136,3.416438,1.073854,2,1
0,1,0,2.075888,3.832108,3.185713,0.28645,2,1
1,0,0,0.706031,1.011461,1.830821,0.729778,0,0
0,0,1,1.253985,2.815424,1.793079,-2.000682,2,1
0,0,1,0.988555,0.547725,0.366136,0.350593,0,0
0,0,1,-0.451432,-0.442195,0.513188,-0.013095,0,0
0,0,1,0.980324,1.089129,4.314204,0.885165,1,0
1,0,0,1.010132,0.652677,0.236675,0.098086,0,0
0,1,0,-0.227956,-0.107645,0.307551,-0.018606,0,0
0,1,0,2.151322,0.767775,1.915258,0.228734,0,0
0,0,1,2.762224,4.142408,3.316605,-0.033661,3,1
1,0,0,2.147358,0.816872,0.999463,0.223418,0,0
1,0,0,1.878888,1.701316,5.661281,1.049633,1,0
0,0,1,0.118449,0.214251,0.307149,-0.003644,0,0
1,0,0,3.839389,2.79164,3.65049,2.945518,4,1
1,0,0,-0.368996,0.021327,0.287726,-0.067578,0,0
0,0,1,2.339287,3.204721,2.023315,0.404921,1,0
0,1,0,-0.237346,-0.218158,0.076385,-0.169705,0,0
0,0,1,0.026021,-0.105698,-0.348282,-0.345821,0,0
1,0,0,4.772311,3.242382,3.973763,-1.05993,3,1
0,1,0,3.499862,1.618918,2.435187,0.986982,1,0
1,0,0,0.576424,0.638719,-0.487622,0.177858,0,0
1,0,0,0.618178,0.208683,0.185925,-0.133996,0,0
0,0,1,0.207331,0.263553,-1.160902,-0.126595,0,0
0,1,0,4.042838,0.568289,2.867174,-0.47754,2,1
0,0,1,3.144157,0.388537,2.692721,-0.110077,2,1
0,0,1,1.193898,0.758606,2.272992,0.462356,0,0
0,0,1,2.36678,4.400429,3.159843,1.183487,2,1
0,0,1,1.196878,0.460249,0.721586,0.175634,0,0
0,0,1,4.978453,4.415492,2.540902,3.046509,4,1
0,1,0,6.920464,-0.182101,3.725655,-0.345983,2,1
1,0,0,1.449538,0.60594,0.132873,-0.04474,0,0
0,0,1,3.121295,2.167734,2.846423,0.526648,2,1
1,0,0,3.78244,0.663131,0.282936,-0.014682,1,0
1,0,0,1.038054,0.364748,0.563088,0.186603,0,0
0,1,0,1.17913,1.115772,3.184724,-0.451467,1,0
1,0,0,3.186569,3.858918,2.943505,1.188412,3,1
1,0,0,5.499626,4.252689,4.105854,-0.623292,3,1
0,0,1,2.216036,0.082234,3.374959,-0.184913,1,0
1,0,0,0.050935,-0.478948,-0.278222,-0.318224,0,0
0,1,0,1.299385,0.751703,0.518709,-0.074568,0,0
0,0,1,0.882902,1.045771,2.84873,0.248445,1,0
0,1,0,1.870804,1.817425,5.452524,1.204053,1,0
0,0,1,1.725674,1.520869,3.71315,1.441066,1,0
0,0,1,4.503909,5.634183,3.737351,0.116404,3,1
0,1,0,1.409102,0.393154,0.662569,-0.319508,0,0
0,0,1,0.04361,0.329868,0.920281,-0.116379,0,0
0,0,1,4.854411,5.737736,7.636039,-0.754861,3,1
0,0,1,2.423636,1.460314,1.211647,0.215088,0,0
0,0,1,0.878807,3.750418,2.326337,1.092017,1,0
0,0,1,3.088442,0.661483,2.124025,0.183329,1,0
1,0,0,5.287803,4.327443,2.552789,-1.579729,4,1
0,1,0,-0.515786,0.813973,0.548308,-0.071892,0,0
0,1,0,3.428964,2.334865,5.180268,1.574042,3,1
0,1,0,3.692421,1.284797,3.5209,-0.510346,2,1
0,1,0,2.21365,0.595827,2.399319,-0.006832,0,0
1,0,0,2.712851,0.962092,3.605881,-0.325252,2,1
0,1,0,-0.533647,-0.424211,0.791947,0.038838,0,0
1,0,0,0.107201,0.873447,-0.45158,0.07449,0,0
0,1,0,1.990568,2.388056,2.817565,-3.470811,2,1
0,1,0,3.820653,0.876908,2.254543,0.134947,1,0
0,0,1,5.153303,0.016158,4.555266,-0.097985,2,1
1,0,0,-0.109116,-0.211185,-0.161811,0.204625,0,0
0,0,1,1.676373,0.036481,4.927089,-0.325778,1,0
0,0,1,-0.65095,-0.260804,-0.258839,-0.333771,0,0
0,0,1,0.417139,0.226406,-0.149332,0.086663,0,0
1,0,0,0.197485,0.729302,-0.177833,0.189125,0,0
0,1,0,-0.219564,0.294697,0.725399,0.038803,0,0
0,1,0,2.013793,0.689308,2.173351,-0.235917,0,0
0,0,1,2.069447,0.907911,0.374602,0.029809,0,0
0,1,0,5.575921,5.158051,2.319751,-0.020388,2,1
1,0,0,1.855879,-0.254745,1.321887,0.072196,0,0
0,0,1,-0.531545,0.873356,-0.281304,-0.023564,0,0
0,0,1,0.514203,0.009618,0.068574,0.10729,0,0
0,1,0,0.764486,-0.284282,0.014669,-0.046558,0,0
0,0,1,0.540541,0.262669,0.243574,-0.112442,0,0
0,0,1,4.830688,3.950266,4.05219,0.945002,3,1
1,0,0,0.335385,0.331364,2.278575,-0.23032,0,0
0,1,0,4.262101,6.690834,4.015522,-0.65582,3,1
0,1,0,6.086249,0.577618,4.211454,-0.736343,2,1
1,0,0,0.63203,0.135595,-0.756883,-0.168536,0,0
0,0,1,5.130495,0.818923,3.482869,0.041658,2,1
1,0,0,-0.025423,0.5337,0.35672,0.19791,0,0
0,0,1,1.039077,1.099512,0.353573,-0.03523,0,0
1,0,0,3.232027,2.731532,3.353602,-0.875221,3,1
1,0,0,0.864178,0.927844,2.389437,0.476429,0,0
0,0,1,3.523992,2.917542,4.014927,4.823023,4,1
1,0,0,-0.163071,0.645579,0.011369,-0.079592,0,0
0,0,1,0.656748,0.75336,1.589565,0.028608,0,0
1,0,0,0.344535,0.690656,-0.24989,-0.254532,0,0
0,0,1,1.140025,0.11964,0.345338,0.152829,0,0
0,1,0,0.417602,0.621574,0.103125,0.066534,0,0
0,0,1,0.171443,0.219436,0.53615,0.155714,0,0
0,1,0,0.282303,0.029817,0.252519,0.319483,0,0
1,0,0,4.484555,4.588367,5.17803,-0.825485,3,1
0,1,0,1.947747,1.692373,1.853491,-3.704681,1,1
0,0,1,2.553816,0.819984,1.148143,0.113071,1,0
1,0,0,2.552504,1.56969,2.305823,3.449562,2,1
0,0,1,-0.126715,-0.088505,0.260136,0.09058,0,0
0,1,0,1.195097,1.901443,8.918412,1.076496,1,0
0,0,1,4.698281,0.273774,2.780818,0.045118,2,1
1,0,0,1.445742,0.798941,3.272738,-3.092975,2,1
0,0,1,-0.832141,-0.311105,-0.036853,0.111226,0,0
0,0,1,3.994858,5.360202,5.605154,-1.734869,4,1
0,0,1,-0.056049,0.557008,-1.080933,0.184568,0,0
1,0,0,-0.269337,0.624816,-0.009358,-0.265101,0,0
0,0,1,2.35441,3.140858,2.93366,0.77449,2,1
0,0,1,1.767158,1.910638,4.707821,0.295133,1,0
0,1,0,3.621607,0.500659,3.390466,0.371451,2,1
0,0,1,2.264688,4.906941,5.684055,-2.420556,3,1
1,0,0,0.957241,-0.250644,0.134827,-0.379829,0,0
0,0,1,0.83377,-0.182671,0.374564,-0.154352,0,0
0,1,0,3.055171,1.284227,1.438543,0.036921,1,0
0,1,0,1.368724,0.925057,6.321863,0.14089,1,0
0,0,1,1.426345,0.952805,5.285844,1.414885,1,0
0,0,1,1.81889,3.356742,3.702626,0.691806,2,1
0,0,1,2.548841,1.128523,3.651726,0.275915,2,1
1,0,0,0.58366,0.324094,-0.139365,0.085429,0,0
1,0,0,1.386026,2.274263,1.33779,-1.464966,0,0
0,1,0,2.15288,0.613333,2.192351,0.029084,0,0
0,1,0,0.809391,1.046774,3.553518,-0.011379,1,0
1,0,0,-0.288615,-0.265697,-0.081058,-0.046085,0,0
1,0,0,-0.083264,0.464844,1.752128,0.070487,0,0
0,1,0,0.470555,0.493871,0.435176,0.217429,0,0
0,1,0,0.504573,0.81052,2.085768,-0.42008,0,0
0,1,0,4.878776,2.293779,1.709322,2.684187,2,1
0,1,0,1.027275,1.050186,2.473048,-0.460851,0,0
1,0,0,0.590366,-0.267645,-0.328086,0.47928,0,0
0,0,1,0.567591,1.053642,4.306903,0.797184,1,0
0,0,1,5.239525,3.955029,5.35535,-1.12902,3,1
1,0,0,0.492832,-0.366411,-0.411102,-0.033648,0,0
1,0,0,-0.3844,0.916112,0.22755,0.067922,0,0
1,0,0,3.571429,1.506467,1.812143,1.056214,1,0
0,1,0,1.062335,-1.098255,-0.033179,-0.069781,0,0
0,0,1,6.013235,4.264701,4.090819,0.11352,3,1
0,1,0,-0.533066,-0.057815,-0.16651,0.017176,0,0
0,0,1,2.17861,4.310504,3.410396,4.089176,3,1
0,0,1,4.628054,2.836631,3.762838,-1.552238,4,1
1,0,0,0.364326,-0.112573,-0.560445,-0.628237,0,0
0,1,0,-0.544347,-0.477857,0.215417,0.388164,0,0
1,0,0,1.578514,0.750673,1.062239,0.149904,0,0
1,0,0,2.220511,1.628164,5.143505,0.34533,1,0
0,0,1,1.081084,0.650025,-0.373176,0.059841,0,0
0,1,0,0.99035,0.13551,1.958413,0.253942,0,0
0,1,0,1.176283,0.39364,1.525693,0.520806,0,0
0,0,1,1.979997,0.346058,0.528031,-0.235879,0,0
0,1,0,0.722472,0.314539,3.107377,0.524087,1,0
1,0,0,0.885004,3.710784,2.650908,-3.413372,3,1
0,0,1,0.520423,0.37954,0.039406,0.133043,0,0
0,1,0,0.101419,-0.160634,0.394086,-0.04547,0,0
0,0,1,0.172748,-0.050127,-0.465073,0.069402,0,0
0,1,0,4.366313,0.105173,2.382701,-0.137795,1,0
0,1,0,3.275707,2.372774,4.94995,3.14988,3,1
0,0,1,-0.014944,0.854264,2.013441,-0.5874,0,0
1,0,0,2.576268,3.503567,1.768456,0.599461,2,1
0,0,1,-0.512709,0.41852,-0.222469,0.05433,0,0
0,1,0,6.121443,6.643163,4.506148,-0.123111,3,1
0,1,0,0.151376,-0.227136,0.316807,-0.155556,0,0
0,1,0,3.998384,2.198429,3.854436,3.356261,3,1
1,0,0,4.094019,0.046195,0.834959,-0.471325,1,0
0,1,0,3.400547,2.999384,4.118214,1.123805,3,1
0,0,1,4.433938,0.367973,3.92317,0.336695,2,1
0,0,1,-0.83997,-0.024256,0.061037,0.071641,0,0
0,1,0,3.805382,2.810458,0.640212,0.948076,2,1
0,1,0,3.648023,1.504422,3.125898,-0.277398,2,1
0,0,1,0.442454,-0.762305,-0.793574,-0.199609,0,0
0,0,1,-0.751729,0.018087,0.071264,-0.169969,0,0
0,0,1,0.877216,-0.074052,0.079012,-0.044128,0,0
0,0,1,0.332955,0.549355,1.825572,0.115827,0,0
0,0,1,1.190421,2.957603,2.082637,-3.546846,2,1
0,0,1,0.075748,0.374011,-0.36435,-0.123842,0,0
1,0,0,0.959937,1.231047,0.652812,0.232819,0,0
0,0,1,-0.627466,-0.094907,-0.316673,0.157667,0,0
1,0,0,2.181429,2.373721,2.215831,-1.943824,1,0
1,0,0,5.256871,3.96823,3.900162,2.924571,4,1
0,1,0,4.819169,8.26583,7.700889,-1.506776,4,1
0,1,0,0.281483,-0.358952,0.813987,-0.02459,0,0
0,0,1,-0.171632,0.170559,0.16192,0.098871,0,0
1,0,0,3.129103,2.853697,5.428589,-1.827113,4,1
1,0,0,1.261624,0.266782,3.67226,-0.394763,1,0
0,1,0,1.724295,0.81028,2.201893,0.586469,0,0
0,1,0,1.495958,0.194418,3.00832,-0.031837,1,0
0,1,0,3.434468,2.094598,4.743066,1.156927,2,1
1,0,0,2.855619,4.122377,3.314281,-1.360097,3,1
0,1,0,0.508627,0.278504,-0.138028,-0.35876,0,0
0,1,0,3.890216,2.028635,3.794458,2.562882,3,1
1,0,0,1.838605,3.200503,1.718923,-1.739038,2,1
0,0,1,0.182147,-0.153294,-0.052846,0.214271,0,0
0,1,0,3.450337,3.583476,3.684246,1.511258,4,1
1,0,0,4.541017,2.938025,4.092026,-1.865344,4,1
1,0,0,-0.122708,-0.238485,0.061081,-0.050898,0,0
1,0,0,1.82022,3.47321,3.497629,4.066607,3,1
0,1,0,0.524061,-0.02146,0.585419,-0.242659,0,0
0,1,0,1.126012,0.195552,1.491151,0.143733,0,0
0,0,1,0.107046,0.228637,0.039497,0.066467,0,0
0,1,0,1.832439,0.807581,4.900053,0.801683,1,0
0,1,0,0.33916,0.607147,-0.250761,-0.147014,0,0
0,0,1,1.301734,0.472693,2.407322,0.211331,0,0
0,0,1,3.151233,1.52633,2.921196,1.149687,2,1
0,1,0,0.304057,-0.182104,1.055506,0.14415,0,0
0,0,1,4.144979,6.44126,5.26783,-1.143266,3,1
1,0,0,-0.644594,0.048497,-0.206675,0.198258,0,0
0,0,1,1.23407,0.240199,1.566199,-0.203043,0,0
0,1,0,2.407179,2.258706,2.425794,4.229948,1,1
0,1,0,3.792867,0.893942,5.315768,0.807676,2,1
1,0,0,0.635855,-0.17281,0.98529,-0.210322,0,0
0,1,0,1.259852,2.10061,3.474993,0.538558,1,0
0,1,0,0.658023,0.399803,0.133167,0.028382,0,0
1,0,0,2.699262,0.490812,3.378173,-0.359647,2,1
0,0,1,0.430683,-0.219941,0.545748,0.270944,0,0
1,0,0,0.138198,-0.27317,0.09231,-0.054924,0,0
1,0,0,2.657443,0.377402,9.043494,0.594273,2,1
1,0,0,0.95675,1.250068,1.630488,0.717242,0,0
1,0,0,2.619023,0.331216,0.889033,0.404967,1,0
0,0,1,0.208952,0.025792,0.226832,-0.169928,0,0
0,0,1,0.223641,0.015873,-0.071403,0.135268,0,0
0,0,1,-0.078365,0.51888,-0.031283,0.060349,0,0
0,1,0,-1.022702,-0.412001,0.641983,0.046211,0,0
0,1,0,0.09056,0.047835,0.531951,0.202934,0,0
0,1,0,-0.577695,0.182223,0.419548,-0.264682,0,0
1,0,0,0.492528,0.548996,0.068256,-0.18408,0,0
0,0,1,2.68143,3.225932,5.070016,2.921566,4,1
0,0,1,0.951248,-0.268725,0.041608,0.098355,0,0
1,0,0,3.769342,1.770055,3.438795,0.179395,2,1
0,0,1,0.75046,0.36592,1.323364,0.346042,0,0
0,1,0,0.94751,2.075927,6.598492,0.368787,1,0
0,0,1,2.68798,0.931433,1.65842,0.194454,1,0
0,1,0,-0.474238,0.290996,0.270598,0.67255,0,0
0,1,0,2.836263,2.675845,4.197847,-0.798164,3,1
0,1,0,2.196594,2.305818,4.078057,0.732598,1,0
1,0,0,2.44749,4.01863,1.634279,0.644657,1,1
0,1,0,2.87194,-0.012228,0.956294,0.368197,1,0
0,0,1,4.631968,0.040307,2.213905,-0.277708,1,0
1,0,0,0.004756,2.259751,7.191507,1.131742,1,0
0,0,1,0.43902,0.191335,0.173207,-0.368095,0,0
0,1,0,3.316492,-0.011979,1.076745,0.21493,1,0
0,1,0,0.86475,0.227065,0.105754,-0.056769,0,0
0,1,0,2.352117,4.572044,2.828304,1.031082,2,1
0,0,1,1.03481,0.708923,1.77015,0.539414,0,0
1,0,0,0.213391,0.118027,0.753193,0.172977,0,0
0,1,0,-0.389551,0.222052,0.754877,-0.127718,0,0
0,0,1,0.884221,3.80653,1.993682,-3.169241,2,1
0,1,0,2.590434,4.252671,5.207959,0.040215,3,1
1,0,0,2.386884,0.843522,0.716604,0.843123,0,0
0,1,0,1.778855,0.59181,2.244951,0.720237,0,0
0,0,1,0.160081,0.810569,4.540863,-0.349826,1,0
0,1,0,0.607314,0.370011,1.691781,0.523143,0,0
0,1,0,4.869754,-0.388864,1.092336,-0.150857,1,0
1,0,0,0.371286,-0.045706,0.240373,-0.395236,0,0
0,1,0,3.483728,5.516553,3.208054,-2.345046,4,1
0,1,0,4.271973,4.317194,4.033103,2.23838,4,1
0,1,0,2.329886,2.663264,0.319283,-2.258465,2,1
0,1,0,3.431814,2.257281,3.041396,3.076974,3,1
0,1,0,3.233395,0.647758,1.744584,-0.105287,1,0
0,0,1,2.807353,2.862217,5.03449,0.118181,3,1
0,1,0,0.430034,0.981374,0.981336,1.253519,0,0
0,0,1,4.957549,-0.280823,1.435025,-0.489476,1,0
1,0,0,0.808727,-0.403611,0.387942,0.23717,0,0
0,1,0,2.281328,0.333205,1.745707,-0.285253,0,0
0,1,0,1.905419,2.531452,6.368839,0.299681,2,1
0,0,1,0.397492,0.004331,0.349346,0.422443,0,0
1,0,0,0.523261,0.390344,-0.503193,0.017847,0,0
0,1,0,-0.154737,-0.334209,-0.741402,-0.069868,0,0
0,0,1,3.880521,2.414717,4.0699,3.337965,3,1
0,1,0,5.223561,8.396597,6.021975,-1.279636,3,1
0,0,1,2.999973,3.136186,1.507962,-1.497097,2,1
0,0,1,1.639247,3.068422,3.547761,1.168075,2,1
1,0,0,0.093033,3.205243,2.617811,-2.697863,3,1
1,0,0,0.056757,0.753738,0.721234,-0.079154,0,0
1,0,0,4.871788,3.58507,6.216929,-1.175093,3,1
0,0,1,1.799795,2.136666,2.907669,0.685951,1,0
0,0,1,1.718884,3.609593,2.711223,1.253843,2,1
1,0,0,-0.373147,0.241131,-0.384909,0.186479,0,0
0,1,0,0.803465,-0.074529,0.258862,0.141221,0,0
1,0,0,-0.205865,-0.056783,0.599339,0.251732,0,0
0,0,1,-0.388622,-0.18798,-0.115904,0.237527,0,0
1,0,0,3.334136,1.682678,3.804853,1.156057,2,1
0,0,1,1.435774,2.839168,1.059929,0.574234,1,0
0,0,1,0.212406,-0.015178,0.897425,0.080797,0,0
1,0,0,2.252993,1.807301,4.040595,0.19023,1,0
0,1,0,4.546254,2.384999,2.216505,0.952279,1,0
0,1,0,0.387619,0.869219,0.870868,-0.084536,0,0
0,0,1,1.266529,1.756793,8.176803,-0.123909,1,0
0,1,0,0.753638,0.190641,1.710311,0.297727,0,0
0,0,1,4.529475,4.332247,2.789723,2.437959,4,1
1,0,0,1.673683,0.960536,2.506617,0.92922,1,0
0,0,1,-0.456613,0.37077,0.481495,0.195025,0,0
0,0,1,1.420746,1.105578,1.938583,0.345145,0,0
0,0,1,0.512374,0.614114,0.027865,0.078102,0,0
0,1,0,1.541658,0.861274,2.055117,0.33046,0,0
1,0,0,-0.005677,-0.113358,-0.053783,0.032394,0,0
1,0,0,3.654706,1.905207,1.114636,-0.019752,1,0
0,1,0,-0.189666,-0.284394,-0.212051,-0.297336,0,0
0,1,0,1.714757,2.206859,5.605145,0.707256,1,0
0,1,0,0.500809,1.480003,1.638729,0.022829,0,0
0,0,1,-0.098291,0.324551,-0.262519,-0.008016,0,0
0,0,1,0.047707,0.364755,0.324591,-0.383766,0,0
0,1,0,0.15801,-0.338161,0.30391,-0.187351,0,0
1,0,0,2.493948,0.827029,1.80267,0.473001,0,0
0,0,1,6.08378,5.937509,2.737277,-1.473798,3,1
1,0,0,1.074018,0.359697,0.248838,-0.156298,0,0
0,1,0,-0.525173,0.561755,-0.270526,-0.169557,0,0
0,0,1,0.497803,0.790695,1.963296,0.455026,0,0
1,0,0,0.999818,1.309876,1.24923,0.53711,0,0
0,0,1,0.642997,-0.178153,-0.454246,-0.168032,0,0
0,0,1,-0.01543,-0.240713,-0.079485,-0.199114,0,0
0,0,1,0.956673,1.239582,0.809656,-0.308982,0,0
0,0,1,3.100384,3.129475,2.647785,-3.131782,4,1
1,0,0,-0.149139,-0.659016,0.343028,-0.145769,0,0
1,0,0,0.09228,0.158417,-0.421839,0.062472,0,0
0,1,0,1.488987,1.361381,1.249308,0.714666,0,0
1,0,0,0.150942,0.025883,0.283344,0.164292,0,0
0,1,0,2.022842,0.115418,1.531347,0.068816,0,0
0,0,1,1.089111,-0.079154,0.363064,0.224966,0,0
1,0,0,1.124196,0.423683,4.53978,0.450058,1,0
0,0,1,0.654934,-0.175222,-0.026616,0.075911,0,0
0,0,1,1.99384,0.393997,2.108317,0.23031,0,0
0,1,0,0.249378,0.505239,3.234535,-0.018892,1,0
1,0,0,2.419609,1.85971,1.238386,0.917818,0,0
1,0,0,1.543114,0.656603,2.00071,0.559949,0,0
1,0,0,0.532979,-0.252097,0.534551,-0.079066,0,0
0,0,1,0.244652,-0.274037,-0.1015,0.034721,0,0
0,1,0,0.654411,0.521133,0.274603,-0.015009,0,0
0,1,0,5.127096,0.460643,2.907333,-0.490354,2,1
0,1,0,-0.436138,-0.466026,-0.077658,0.104292,0,0
0,1,0,4.062223,2.402286,2.801822,2.627309,3,1
0,0,1,3.781139,3.455603,3.28723,3.369565,4,1
1,0,0,2.282799,2.382998,4.490883,1.235396,1,0
0,0,1,0.538682,0.260437,1.339325,1.121562,0,0
1,0,0,3.320987,2.187254,1.803231,1.021607,1,0
0,1,0,2.158346,2.459927,3.823185,-0.281069,1,0
1,0,0,3.904481,3.913154,3.603758,0.805743,3,1
1,0,0,1.071768,0.46462,0.93233,0.218781,0,0
0,0,1,3.204861,3.042289,4.394759,1.573615,4,1
1,0,0,5.512453,5.105891,8.092711,-0.825656,3,1
0,0,1,3.964407,0.929215,2.675174,-0.055358,2,1
0,0,1,4.171898,0.193042,2.417077,0.053169,1,0
0,1,0,0.583999,0.227969,0.228945,0.114512,0,0
1,0,0,0.149621,-0.308371,0.252753,0.015451,0,0
1,0,0,6.235175,3.508365,2.829309,-1.231879,3,1
0,1,0,1.616869,0.114279,0.919429,-0.026976,0,0
0,1,0,2.477539,1.431452,4.427815,0.789411,1,0
1,0,0,1.227811,0.358635,3.17688,-0.351246,1,0
1,0,0,0.332615,0.821178,-0.448172,-0.060388,0,0
0,1,0,-0.223447,0.058679,0.031095,0.023257,0,0
0,1,0,-0.187697,-0.459706,-0.479896,0.200335,0,0
0,0,1,0.421447,-0.075378,0.388851,-0.040398,0,0
1,0,0,5.839808,3.164678,8.994062,-2.917834,4,1
0,0,1,1.847716,1.346336,1.50576,-2.697549,1,1
0,1,0,4.396727,-0.441496,1.818895,-0.073249,1,0
0,0,1,-0.028828,-1.198655,-0.141322,-0.085205,0,0
0,0,1,3.26091,1.615716,4.701721,-0.035089,2,1
0,1,0,0.850179,0.731607,0.35227,0.304063,0,0
0,1,0,-0.377745,0.864624,-0.2187,-0.029218,0,0
0,0,1,0.507213,0.331992,-0.794803,-0.138871,0,0
0,0,1,0.385844,-0.142042,-0.125318,-0.134563,0,0
0,0,1,0.269472,0.031977,0.273968,0.091762,0,0
0,1,0,1.357503,0.713836,0.574688,0.088118,0,0
0,0,1,0.91794,0.19624,0.894605,0.174151,0,0
1,0,0,3.311076,6.00444,3.503248,-1.851499,4,1
0,0,1,0.393833,0.104081,0.396098,0.129198,0,0
1,0,0,0.473701,0.391083,-0.159505,-0.140805,0,0
1,0,0,-0.493172,-0.310327,0.015186,0.361509,0,0
0,0,1,3.997067,2.178528,2.289801,3.602079,2,1
1,0,0,0.408217,0.081419,-0.374827,-0.190363,0,0
0,0,1,4.123198,2.471738,3.484799,-1.774562,3,1
0,1,0,4.854035,0.781708,2.209649,-0.269762,1,0
1,0,0,1.033735,3.950839,0.850031,-2.87375,2,1
1,0,0,2.161796,0.292289,1.222551,0.073549,0,0
0,0,1,1.780109,1.013717,6.449777,0.141304,1,0
1,0,0,0.978552,-0.211281,2.480956,0.06156,0,0
0,0,1,0.942812,-0.079734,1.006016,-0.048731,0,0
0,0,1,3.848078,0.263681,2.173635,0.072331,1,0
0,0,1,0.026865,0.042463,0.01678,0.089388,0,0
0,1,0,0.04737,-0.138571,0.020163,-0.079392,0,0
0,1,0,0.043654,0.135863,0.381375,0.207909,0,0
0,0,1,-0.677007,0.496466,-0.008181,-0.190541,0,0
1,0,0,0.403591,0.290266,-0.000985,-0.053408,0,0
0,1,0,0.37779,-0.169926,0.749391,0.241113,0,0
1,0,0,1.211538,0.438878,0.12811,0.037141,0,0
0,0,1,3.914827,4.896526,3.345941,-0.920152,3,1
1,0,0,5.572903,7.82451,4.459204,-1.714744,4,1
0,0,1,-0.562216,0.313676,0.263438,-0.184247,0,0
0,0,1,4.240963,2.625083,3.72256,-1.930692,4,1
0,1,0,0.13895,0.368216,0.34566,-0.2676,0,0
0,0,1,0.582945,0.458818,-0.102692,-0.251802,0,0
1,0,0,-0.500972,0.309323,-0.09565,-0.049032,0,0
0,0,1,3.022166,0.552182,2.0758,-0.262415,1,0
0,1,0,2.089705,3.421547,5.168348,0.398263,2,1
0,1,0,0.602788,0.083015,0.427836,-0.495501,0,0
0,0,1,0.794639,-0.418299,-0.4475,-0.101137,0,0
0,0,1,1.684626,2.474048,2.22529,-2.114265,1,0
1,0,0,0.750477,0.338495,1.127887,-0.332997,0,0
0,1,0,4.437769,7.566703,4.699816,-1.032198,3,1
0,0,1,0.88018,1.306015,1.414386,0.246473,0,0
0,1,0,-0.670419,0.278445,1.275167,0.04126,0,0
0,1,0,3.732487,1.153624,3.805456,-0.012829,2,1
0,1,0,0.079515,0.577012,0.551103,0.217059,0,0
1,0,0,5.032954,4.289603,5.403964,-1.862007,4,1
0,1,0,1.441682,0.255533,1.144081,-0.174819,0,0
1,0,0,-0.943248,0.012761,-0.353401,-0.393899,0,0
0,0,1,-0.248502,0.052616,-0.044112,0.027731,0,0
0,0,1,3.541205,2.921183,1.749018,2.176218,3,1
1,0,0,0.298109,0.69665,0.053949,0.145854,0,0
0,1,0,-0.509206,-0.235611,0.487936,0.029984,0,0
1,0,0,1.074353,0.849326,1.602023,-0.008765,0,0
0,0,1,3.596694,1.08662,2.707758,0.410242,2,1
0,0,1,4.455303,2.558609,5.072639,-2.041073,4,1
1,0,0,1.36209,1.028598,1.33646,-0.152526,0,0
1,0,0,5.137504,3.648361,4.446699,-2.872286,4,1
0,1,0,0.503515,0.406221,0.059614,-0.179955,0,0
0,0,1,3.539184,3.331197,2.898069,3.357613,4,1
1,0,0,5.956148,6.711115,6.942208,-1.680032,4,1
0,0,1,-0.070045,0.746503,-0.018008,0.166186,0,0
1,0,0,4.821082,6.191141,4.505499,-2.762931,4,1
1,0,0,-0.109493,3.791294,0.574687,-2.228885,2,1
0,0,1,-0.078421,0.186669,0.240669,-0.006186,0,0
1,0,0,0.447145,-0.15185,0.753452,0.256534,0,0
0,0,1,1.942926,3.463517,5.721018,0.677868,2,1
0,0,1,2.162276,4.47093,3.101789,2.977455,3,1
1,0,0,3.440815,2.179282,3.854503,4.670011,3,1
0,0,1,2.349048,0.177839,1.492638,0.21702,0,0
1,0,0,1.155206,1.073819,4.558675,0.450113,1,0
1,0,0,0.315343,0.607067,0.319656,-0.140388,0,0
0,1,0,0.524046,0.60676,-0.035966,0.085002,0,0
0,1,0,1.350893,-0.155731,0.176505,0.103287,0,0
0,0,1,1.321248,1.405048,2.815327,0.5675,1,0
1,0,0,2.207743,1.253321,5.201186,0.098187,1,0
1,0,0,2.0012,3.151781,3.19657,-1.824221,3,1
0,1,0,-0.141827,0.301231,-0.100743,-0.351171,0,0
0,1,0,-0.693817,0.125692,-0.172029,0.121249,0,0
1,0,0,0.509553,0.587687,0.504212,-0.286747,0,0
0,0,1,0.354799,0.96658,0.070212,0.167898,0,0
0,1,0,3.62352,0.042154,4.153543,-0.196893,2,1
0,1,0,0.508211,0.82113,0.609221,-0.161483,0,0
0,1,0,2.605085,2.421309,3.532294,0.760037,2,1
0,1,0,0.90737,1.008272,1.533321,0.671086,0,0
1,0,0,2.831983,2.904625,2.881929,0.670876,3,1
0,1,0,2.959347,1.473571,3.443753,3.2286,3,1
0,0,1,-0.28349,0.382727,0.583637,-0.198562,0,0
0,0,1,0.006633,-0.214781,-0.305594,0.200891,0,0
1,0,0,1.753991,4.809241,5.586904,-0.859878,2,1
0,0,1,0.986162,2.372003,3.635452,-0.046007,1,0
1,0,0,0.635696,-0.266695,-0.569919,-0.148918,0,0
0,0,1,1.406744,0.003505,-0.515518,-0.011476,0,0
1,0,0,0.388796,0.454702,-0.165035,-0.292654,0,0
1,0,0,6.221392,3.628052,4.366401,-2.409308,4,1
0,0,1,0.223693,0.626212,0.976207,0.344902,0,0
1,0,0,-0.096852,-0.192364,-0.222325,-0.074949,0,0
0,1,0,3.772389,3.593801,5.015327,1.918797,4,1
0,1,0,0.098553,0.173605,-0.271304,-0.121999,0,0
1,0,0,0.387547,-0.034563,1.094472,-0.095432,0,0
1,0,0,3.115396,2.983897,6.48592,0.836074,3,1
0,0,1,-0.259324,0.3822,0.304815,0.252581,0,0
0,0,1,0.21303,2.878256,3.127237,-3.306544,3,1
0,0,1,1.632344,2.855325,1.731169,-3.204773,2,1
0,0,1,4.959906,0.524565,2.386997,-0.697283,1,0
0,1,0,0.595664,-0.473365,0.311675,-0.172143,0,0
0,1,0,3.775522,1.048773,3.024453,1.391788,2,1
1,0,0,1.606453,0.732534,-0.063485,-0.01162,0,0
0,0,1,1.835631,3.12825,1.737021,-3.37762,2,1
0,1,0,0.578931,0.149166,0.032434,0.281991,0,0
1,0,0,1.555727,0.656081,0.963793,0.263978,0,0
0,0,1,-0.096747,-0.126979,0.432136,-0.010713,0,0
1,0,0,0.02679,-0.10359,0.230361,-0.015979,0,0
1,0,0,-0.201932,0.185125,0.505762,0.053913,0,0
1,0,0,0.037981,-0.203157,1.034855,0.237456,0,0
1,0,0,0.863047,2.323603,5.682191,0.550802,1,0
1,0,0,0.136518,0.185005,0.677154,-0.057458,0,0
0,1,0,1.891273,0.897197,2.656038,0.692192,1,0
0,1,0,1.093658,-0.161736,-0.307334,-0.258151,0,0
0,0,1,1.79883,1.179813,1.163682,0.464032,0,0
1,0,0,1.97177,2.685994,3.344715,0.379462,2,1
0,0,1,0.452838,0.067326,0.537159,-0.133552,0,0
0,0,1,-0.347062,-0.292352,-0.041016,0.235388,0,0
0,0,1,1.165746,0.733493,0.479275,0.202889,0,0
0,0,1,0.496361,-0.195623,-0.33336,-0.059253,0,0
1,0,0,4.936906,1.778877,2.029353,2.365033,2,1
1,0,0,-0.050587,0.493405,0.284205,0.073036,0,0
1,0,0,-0.266935,0.784321,2.816922,0.166084,1,0
0,0,1,2.240482,2.981972,3.178268,4.471418,3,1
0,0,1,0.65588,0.277789,2.106838,0.703886,0,0
0,0,1,6.231561,5.641464,4.512172,-1.257253,3,1
0,0,1,1.605982,4.184639,1.405967,-3.172901,2,1
1,0,0,-0.506365,-0.304356,0.320488,-0.261657,0,0
0,1,0,2.693934,3.346377,2.532169,1.868645,4,1
1,0,0,0.038685,0.861747,-0.169124,0.142346,0,0
0,1,0,0.366954,-0.30175,0.715622,0.031294,0,0
0,0,1,-0.102095,-0.085822,0.583137,0.27991,0,0
0,0,1,0.028151,0.807395,0.189533,-0.280933,0,0
1,0,0,-0.222753,-0.196919,-0.226004,-0.157241,0,0
0,0,1,5.056296,1.945839,3.435791,3.02917,3,1
1,0,0,7.96124,6.608119,4.215865,-0.530112,3,1
1,0,0,0.156622,0.672234,0.337557,-0.040128,0,0
0,0,1,0.436695,0.84814,0.421198,-0.029006,0,0
0,0,1,0.523595,-0.826233,0.642022,-0.14984,0,0
0,0,1,0.874873,0.190315,2.865344,-0.375142,1,0
0,1,0,1.707058,3.850523,1.594118,-3.731454,2,1
0,0,1,1.146499,1.566285,8.200467,1.4676,1,0
1,0,0,0.267866,0.495037,0.210687,0.122977,0,0
0,1,0,3.641844,1.713525,3.951955,3.35715,3,1
0,0,1,-0.117122,-0.390448,0.360119,-0.100456,0,0
0,0,1,1.767114,0.72614,6.713518,-0.266772,1,0
0,1,0,2.052288,4.067777,2.912994,0.429216,2,1
0,0,1,0.405607,-0.58741,1.065699,-0.127313,0,0
0,1,0,0.244393,0.450247,0.013023,-0.076525,0,0
0,0,1,7.104489,5.454162,5.70981,-2.759516,4,1
0,1,0,0.390243,0.227513,-0.202381,0.224443,0,0
1,0,0,0.068025,0.062308,-0.0353,0.043769,0,0
0,1,0,5.709851,8.412812,3.065384,-2.780631,4,1
1,0,0,0.645632,0.144406,0.903133,0.103744,0,0
1,0,0,0.239494,0.218494,0.340639,0.246607,0,0
0,0,1,-0.233697,0.372358,0.116605,0.002988,0,0
0,0,1,0.071654,0.430436,0.28678,0.281293,0,0
0,1,0,1.933902,0.668776,1.472467,-0.083107,0,0
0,0,1,0.275274,0.53487,0.142454,0.231035,0,0
1,0,0,2.054648,0.33111,1.196454,-0.065458,0,0
0,1,0,1.154612,3.687179,2.164673,-3.33316,2,1
1,0,0,0.738358,-0.347128,-0.563736,0.258774,0,0
1,0,0,-0.836709,0.403427,-0.026506,0.271789,0,0
0,0,1,-0.162866,0.426682,2.853777,1.489624,1,0
0,0,1,0.34909,0.672633,0.211921,0.075741,0,0
1,0,0,0.411546,0.369387,2.310619,0.464794,0,0
0,1,0,3.270678,1.345352,3.150403,0.131743,2,1
0,0,1,-0.325106,0.443679,-0.030561,0.249374,0,0
0,0,1,-1.144347,0.427981,0.031787,0.150986,0,0
1,0,0,2.11761,0.478146,1.264756,-0.154466,0,0
0,1,0,-0.074473,0.459331,-0.700263,-0.240324,0,0
1,0,0,1.333947,3.410587,2.748035,-3.08376,3,1
0,1,0,0.228674,0.304865,-0.453781,-0.295693,0,0
0,0,1,0.158245,0.052367,0.360954,-0.171359,0,0
1,0,0,3.279402,2.467663,4.444828,-0.162546,2,1
1,0,0,4.674459,4.69025,4.475532,0.048776,3,1
1,0,0,0.780455,3.490621,3.38644,-2.482303,3,1
1,0,0,-0.329305,-0.274988,0.16152,0.131005,0,0
1,0,0,7.957917,4.823946,5.50027,-1.198375,3,1
1,0,0,2.628343,2.62956,3.873379,1.813899,4,1
1,0,0,4.25051,0.723874,3.316687,-0.134328,2,1
0,0,1,0.064075,0.592008,0.231506,-0.004063,0,0
0,0,1,2.709507,0.089489,1.953469,-0.095841,1,0
0,1,0,3.38052,1.966686,2.076393,0.065218,1,0
1,0,0,5.443269,-0.300404,3.566182,-0.396482,2,1
1,0,0,3.086216,-0.132094,2.876179,-0.273012,2,1
0,0,1,6.007965,5.271692,4.30394,-0.716914,3,1
0,0,1,4.202756,3.399038,4.176553,3.678849,4,1
0,0,1,1.693411,2.575694,1.703603,-2.478131,2,1
0,0,1,4.846345,0.620805,2.092243,0.130262,1,0
1,0,0,3.762306,5.104475,4.179164,-2.061388,4,1
0,0,1,0.300953,-0.070033,0.346525,-0.031698,0,0
0,1,0,2.113886,1.491734,6.514009,1.112029,1,0
0,1,0,2.994801,2.586527,2.910641,0.997123,3,1
0,0,1,6.483448,5.089498,4.071885,-1.86737,4,1
1,0,0,-0.307594,0.250196,0.377683,0.16581,0,0
0,1,0,-0.425272,-0.288302,0.027058,-0.300403,0,0
0,1,0,0.095305,0.554541,0.51925,0.106663,0,0
0,1,0,2.211807,4.492865,1.71505,0.22956,1,1
1,0,0,0.929411,1.117388,2.171141,0.237494,0,0
1,0,0,1.121105,1.187106,3.557735,-0.123982,1,0
0,1,0,3.475321,2.832606,3.086708,3.080352,4,1
0,0,1,0.495833,0.424043,7.889547,0.688945,1,0
1,0,0,0.818605,1.148248,0.477645,0.033167,0,0
0,1,0,0.568933,0.340414,0.458283,-0.036423,0,0
1,0,0,-0.108988,-0.072765,0.465771,0.043943,0,0
0,1,0,3.451134,3.587475,1.458579,0.539811,2,1
0,1,0,5.170793,2.721013,4.978774,-1.662547,4,1
0,1,0,-0.433867,0.358546,-0.074315,-0.230908,0,0
0,0,1,3.00482,3.561816,1.127159,-3.00062,3,1
0,1,0,1.378606,0.915181,6.270883,0.71914,1,0
0,1,0,1.060294,2.540433,2.887728,0.568618,2,1
1,0,0,-0.180432,-0.131376,0.423463,0.046081,0,0
0,1,0,-0.044911,-0.054589,0.396479,0.024082,0,0
0,1,0,4.47331,3.776391,3.122446,2.316336,4,1
1,0,0,3.102304,2.682358,3.400573,1.373785,3,1
1,0,0,1.080933,4.543978,2.051689,-2.516775,2,1
0,1,0,0.8931,0.924854,1.882297,0.142494,0,0
1,0,0,0.934069,-0.122776,-0.037821,0.046646,0,0
0,0,1,5.64541,5.294693,3.406192,-1.067314,3,1
0,1,0,1.060308,0.834304,-0.18699,0.080454,0,0
1,0,0,2.588936,2.821107,2.88249,0.760565,3,1
1,0,0,0.759662,0.271922,1.646548,0.89841,0,0
0,0,1,3.918099,4.355589,3.757067,-0.197834,3,1
1,0,0,2.631095,3.290581,3.867513,-0.586722,3,1
0,1,0,1.181477,-0.186789,0.827988,-0.077319,0,0
1,0,0,2.086089,1.235784,4.279019,0.242415,1,0
1,0,0,3.705423,2.923939,4.608578,4.099124,4,1
0,0,1,1.048286,0.407704,1.125663,0.32116,0,0
0,1,0,3.302502,5.702045,4.707716,-0.867327,3,1
0,1,0,0.580652,0.091341,0.09677,-0.059085,0,0
0,1,0,0.682232,3.05105,1.880906,-2.988541,2,1
0,0,1,-0.785787,0.154375,-0.085717,-0.140323,0,0
0,0,1,0.351454,-0.372075,0.032719,0.351365,0,0
1,0,0,0.765453,-0.067991,0.013852,0.018957,0,0
1,0,0,0.183197,0.151636,0.53621,0.037212,0,0
0,0,1,-0.395037,0.949064,-0.245429,-0.036992,0,0
1,0,0,-0.546001,0.66796,-0.497356,-0.161928,0,0
0,1,0,0.626947,-0.147413,-0.053862,0.162531,0,0
1,0,0,-0.274028,-0.279423,0.46376,-0.045599,0,0
1,0,0,-0.487401,0.670186,0.322155,-0.177388,0,0
1,0,0,-0.382956,0.287095,0.385407,0.051226,0,0
0,1,0,0.430551,0.431577,0.542946,-0.058042,0,0
1,0,0,-0.120733,0.735992,4.852895,-0.196345,1,0
1,0,0,0.325069,-0.184943,-0.131168,0.008013,0,0
0,1,0,1.32004,0.763435,3.123593,0.231875,1,0
1,0,0,3.567978,0.01677,3.304383,-0.663479,2,1
1,0,0,4.517615,0.20245,2.930527,-0.205869,2,1
1,0,0,3.213444,0.826727,0.994161,0.156583,1,0
1,0,0,0.54481,0.912479,0.481284,-0.089799,0,0
0,0,1,0.703869,0.202453,-0.163809,-0.369037,0,0
0,0,1,3.390366,2.384353,4.531334,0.449771,2,1
1,0,0,0.682071,-0.29489,-1.183314,0.399966,0,0
0,0,1,0.044293,0.228267,-0.151546,0.026038,0,0
0,0,1,0.02011,1.365959,2.451705,-0.10724,0,0
1,0,0,3.451357,5.552568,5.459462,-1.723558,4,1
1,0,0,2.250703,1.46415,4.767171,1.704906,2,1
1,0,0,-0.071666,0.335289,0.10765,-0.040988,0,0
0,0,1,-0.465939,0.777728,0.007071,-0.277164,0,0
1,0,0,3.742704,1.054033,3.336778,-0.251912,2,1
0,1,0,0.340405,0.160176,0.396048,-0.252415,0,0
0,1,0,0.701784,-0.10554,0.152624,0.312949,0,0
0,0,1,-0.41388,0.171896,0.892433,0.01668,0,0
1,0,0,1.718385,2.660289,2.319282,1.348853,1,0
0,1,0,2.042606,1.864035,2.64694,-2.717963,2,1
0,0,1,1.833075,0.671336,2.022218,0.511156,0,0
1,0,0,0.925214,0.927851,0.053203,0.099904,0,0
0,0,1,0.646181,1.029395,3.394623,-0.546383,1,0
1,0,0,-0.769914,0.253331,0.282226,0.107505,0,0
0,0,1,-0.462109,0.083821,-0.380768,0.221459,0,0
1,0,0,0.094221,0.471852,0.595892,-0.005918,0,0
1,0,0,1.50653,0.884725,2.411294,0.322256,0,0
1,0,0,0.503809,1.497768,2.096268,0.520682,0,0
0,0,1,0.886691,0.296483,-0.224195,0.243909,0,0
1,0,0,6.18149,4.450156,4.070725,-1.924027,4,1
1,0,0,-0.703927,-0.157448,-0.390168,-0.022667,0,0
0,0,1,2.03184,0.616722,0.627269,0.168001,0,0
1,0,0,5.539072,4.264444,6.058526,-1.317076,3,1
0,0,1,5.902556,4.175516,6.774741,-0.021213,3,1
0,1,0,0.134932,-0.21066,-0.32014,-0.276446,0,0
1,0,0,-0.20557,2.28348,2.950735,-3.815507,2,1
0,0,1,0.695468,0.466445,0.346,-0.143885,0,0
0,0,1,-0.679416,-0.566024,-0.075051,0.003028,0,0
0,1,0,-0.102316,0.420498,-0.291979,0.002738,0,0
1,0,0,5.047769,3.389459,4.935136,-1.423641,3,1
0,1,0,0.085614,0.385722,0.251306,0.087802,0,0
1,0,0,-0.598485,0.632083,0.685135,-0.73933,0,0
0,1,0,2.192856,0.771937,1.115092,0.113019,0,0
0,0,1,5.647267,4.290144,3.366246,-1.734736,4,1
0,1,0,2.597833,0.284564,1.275763,-0.14332,1,0
1,0,0,-0.07605,1.090953,1.545284,-0.172959,0,0
0,1,0,0.197557,-0.226536,0.187237,-0.072549,0,0
0,0,1,0.449788,0.460666,-0.191324,0.072033,0,0
0,1,0,1.676468,0.154282,1.682817,-0.142632,0,0
0,0,1,0.151782,-0.165783,0.415434,-0.354064,0,0
0,0,1,4.846757,3.482075,3.569722,2.792965,4,1
0,1,0,0.916405,0.237408,0.783827,-0.135849,0,0
0,1,0,3.221455,4.462561,2.872734,-0.091191,3,1
0,1,0,4.367833,3.126888,4.408828,-1.263997,3,1
1,0,0,3.928957,4.919577,6.099208,-1.125574,3,1
1,0,0,0.176933,-0.091697,-0.006861,-0.265292,0,0
1,0,0,0.586336,4.875119,1.393964,-2.647794,2,1
0,0,1,2.06058,0.498396,2.953231,0.152957,1,0
0,0,1,-0.082614,-0.194985,0.889628,0.088818,0,0
0,0,1,1.108488,0.409876,1.883453,0.428474,0,0
0,0,1,3.755424,8.419357,3.524474,-1.489881,3,1
0,1,0,4.315347,4.125975,7.628493,-1.193344,3,1
0,0,1,3.138435,-0.138603,2.941989,-0.030483,2,1
0,1,0,2.721528,2.224742,2.537688,-0.562513,2,1
0,0,1,3.952119,6.630705,4.271689,-1.830023,4,1
1,0,0,0.685952,-0.359578,0.320952,0.084638,0,0
0,0,1,-0.8048,0.276597,0.091055,-0.04501,0,0
0,1,0,3.440332,0.755976,2.749645,-0.222135,2,1
0,1,0,0.064513,-0.861679,0.110346,-0.027523,0,0
1,0,0,0.73187,0.482521,0.299721,0.075316,0,0
0,1,0,0.621369,0.644625,1.214403,0.442929,0,0
0,0,1,0.723415,-0.399371,0.460706,0.286523,0,0
0,0,1,-0.495977,0.271472,-0.234658,-0.199268,0,0
0,0,1,4.498357,0.385568,2.264478,-0.230937,1,0
0,1,0,6.550166,7.755685,4.672205,-0.77298,3,1
0,1,0,3.696839,2.965649,4.814005,3.217196,4,1
0,0,1,-0.283954,-0.263231,-0.163811,-0.035893,0,0
0,0,1,1.698349,2.63169,0.424594,-3.276416,2,1
0,0,1,4.431859,2.587991,2.292852,3.698752,3,1
0,1,0,-0.21225,-0.114124,0.417497,-0.179119,0,0
0,0,1,1.211752,0.277057,0.868908,-0.062707,0,0
0,0,1,0.221775,0.192455,-0.025376,-0.104899,0,0
0,1,0,0.535639,0.549542,0.512509,-0.044219,0,0
1,0,0,-0.002064,0.339003,-0.33431,0.102459,0,0
0,0,1,-0.705176,-0.123103,-0.014825,0.029142,0,0
1,0,0,0.223545,2.638217,2.182039,1.473241,1,0
1,0,0,5.177849,0.451675,2.31589,-0.250589,1,0
1,0,0,-1.042484,0.122999,-0.342931,-0.129802,0,0
0,1,0,-0.486547,-0.56777,0.033534,0.066698,0,0
0,0,1,0.120364,0.273356,0.459073,0.028665,0,0
0,0,1,5.027703,4.176862,7.039414,-0.937724,3,1
0,0,1,2.291937,4.11012,0.266527,0.734079,1,1
1,0,0,1.159129,1.457906,2.078565,0.174357,0,0
0,1,0,0.512077,3.364585,2.332226,-2.50268,2,1
0,1,0,0.643274,0.611242,-0.637506,-0.393074,0,0
0,0,1,-0.746228,0.167561,0.455742,-0.029159,0,0
0,1,0,0.299526,-0.683993,-0.180701,-0.020026,0,0
1,0,0,0.671412,0.200848,-0.059283,-0.339919,0,0
0,1,0,4.188448,0.354806,2.421283,-0.103821,1,0
0,0,1,1.998119,2.174784,2.142708,0.557479,0,0
1,0,0,4.778124,2.624931,3.189553,4.328937,4,1
0,0,1,1.528657,0.564407,2.366797,0.208126,0,0
1,0,0,0.383915,1.473169,1.714041,0.036548,0,0
1,0,0,1.982093,3.297477,3.853624,0.590094,2,1
0,0,1,2.048879,1.996403,1.024306,-1.893251,1,0
0,0,1,0.513137,-0.003385,0.441216,-0.240599,0,0
1,0,0,-0.230613,0.222575,0.005326,-0.14697,0,0
0,1,0,1.34225,1.424196,1.56017,0.30523,0,0
0,0,1,-0.057378,0.03523,-0.026372,-0.045053,0,0
0,0,1,1.287353,0.688695,0.954474,-0.180362,0,0
0,1,0,2.062359,2.596836,3.096826,-0.139426,2,1
1,0,0,4.754227,0.722325,1.716726,0.022514,1,0
0,1,0,0.342276,-0.344204,0.337529,-0.037271,0,0
0,0,1,1.904189,2.220112,6.001194,0.794853,1,0
1,0,0,2.040814,3.19488,1.247934,-3.529664,2,1
0,0,1,2.776303,1.211426,4.537758,-0.144615,2,1
0,0,1,-1.133885,0.090087,0.118434,0.43368,0,0
0,0,1,-0.387318,0.499295,0.186122,-0.068519,0,0
0,0,1,1.563528,1.071214,2.363417,0.29703,0,0
0,1,0,0.290832,0.57204,0.465265,0.076569,0,0
0,1,0,-0.292026,0.505683,-0.324575,-0.307203,0,0
1,0,0,1.873351,0.535646,2.557802,1.188441,1,0
1,0,0,3.562217,0.095033,2.624061,-0.002494,2,1
0,0,1,1.430505,0.944643,7.597565,0.071652,1,0
0,1,0,5.356275,3.215523,4.100498,-1.419346,3,1
1,0,0,5.298322,1.293504,2.398687,-0.503065,1,0
1,0,0,0.437775,-0.394196,-0.24298,0.354996,0,0
1,0,0,4.528335,0.165042,2.804425,-0.428888,2,1
0,0,1,1.675771,1.443427,4.246566,0.656821,1,0
1,0,0,0.310516,0.338151,-0.217902,0.357071,0,0
1,0,0,3.330889,0.636398,4.829393,3.285602,3,1
1,0,0,2.820941,0.305918,1.955495,0.164461,1,0
1,0,0,1.661688,1.423372,1.006461,0.495543,0,0
0,1,0,0.25658,0.570676,0.472777,0.252655,0,0
0,0,1,0.591088,2.844585,3.238847,1.145784,2,1
1,0,0,0.815775,1.863616,2.241696,0.324006,0,0
1,0,0,-0.57996,1.019026,1.716814,1.00692,0,0
1,0,0,2.825373,-0.239283,7.178913,-0.111513,2,1
1,0,0,1.469969,1.104445,1.336597,0.526788,0,0
1,0,0,1.572627,1.694046,6.280841,1.183299,1,0
1,0,0,-0.010442,-0.436552,0.490563,-0.117382,0,0
0,0,1,0.389412,0.715873,1.472519,0.590384,0,0
0,0,1,0.659575,-0.168561,0.8854,0.025143,0,0
0,0,1,2.154148,1.023647,7.6289,0.61725,1,0
0,1,0,0.100524,-0.204567,-0.047765,0.127251,0,0
1,0,0,0.795949,0.8089,1.967455,0.294295,0,0
1,0,0,0.323875,-0.007655,-0.209404,-0.019243,0,0
1,0,0,0.307309,-0.67443,-0.338048,-0.011004,0,0
1,0,0,6.422815,5.515067,8.625551,-1.428738,3,1
1,0,0,-0.335299,-0.017162,0.541683,0.142711,0,0
1,0,0,0.487923,-0.684309,-0.104369,0.281962,0,0
0,1,0,0.438785,0.924797,1.282754,-0.067668,0,0
1,0,0,1.152418,0.234279,6.01531,-0.441409,1,0
1,0,0,2.966234,1.760424,2.363743,0.027428,1,0
0,1,0,0.589559,-0.108813,-0.141922,0.191181,0,0
0,0,1,-0.949697,0.223977,-0.026053,-0.056531,0,0
0,1,0,-0.250063,0.192635,2.612544,0.551054,1,0
1,0,0,4.085551,3.138201,3.636851,3.238688,4,1
0,1,0,-0.267275,-0.182963,-0.059206,-0.030786,0,0
0,0,1,0.021524,-0.408945,0.324219,0.021594,0,0
0,1,0,3.844412,4.636271,6.228813,-0.934425,3,1
0,1,0,2.466306,0.63282,2.173605,0.054396,0,0
0,1,0,-0.076156,0.087284,0.225265,-0.517712,0,0
1,0,0,6.348443,2.52664,4.424188,-1.455133,3,1
1,0,0,2.975619,2.989429,2.799894,0.406586,3,1
0,0,1,3.255744,3.932882,3.013608,3.523321,4,1
1,0,0,4.46848,5.144367,6.044258,-1.474418,3,1
1,0,0,-0.540245,-0.311378,-0.083987,0.080031,0,0
0,1,0,0.962061,2.051912,0.95022,-0.423252,0,0
0,1,0,7.114364,4.268733,7.689663,-1.473245,3,1
0,0,1,-0.073904,-0.827758,0.151075,0.118168,0,0
0,0,1,1.20523,0.049035,0.196931,-0.106921,0,0
0,1,0,1.474475,0.839221,5.506651,0.03241,1,0
0,0,1,0.14288,-0.198793,0.304348,-0.012574,0,0
1,0,0,2.847441,0.456087,1.521612,-0.090407,1,0
1,0,0,0.041964,0.177551,-0.248096,-0.541918,0,0
1,0,0,1.608855,3.659182,2.613787,1.565474,3,1
1,0,0,-0.147623,-0.09935,-0.514125,0.165321,0,0
0,1,0,5.491777,3.720671,4.445714,-1.320171,3,1
1,0,0,3.042658,-0.196169,7.504916,1.091375,2,1
0,1,0,-0.459675,-0.087122,0.647624,-0.032599,0,0
0,0,1,4.815341,2.053466,4.771278,-0.56602,2,1
0,0,1,0.731187,0.329568,-0.496369,-0.147469,0,0
1,0,0,-0.184765,-0.308359,0.12872,-0.124807,0,0
0,1,0,2.835923,0.731418,0.907364,-0.17381,1,0
1,0,0,2.860679,0.670459,0.496097,-0.144111,1,0
0,0,1,0.826521,0.759177,3.780617,0.050079,1,0
0,1,0,1.759195,3.470222,3.820438,1.587347,3,1
1,0,0,1.872175,0.842415,2.184996,0.199372,0,0
0,1,0,1.457484,0.723508,2.391201,0.470174,0,0
1,0,0,-0.158781,0.204,-0.078797,-0.179792,0,0
0,0,1,0.353957,1.206404,1.959335,0.639878,0,0
0,0,1,3.053601,0.964496,6.700543,0.879746,2,1
1,0,0,1.416879,1.979606,1.511052,0.646649,0,0
1,0,0,-0.09107,0.587287,-0.535336,-0.099368,0,0
1,0,0,0.126278,-0.101988,2.187897,0.334524,0,0
1,0,0,6.896888,4.623734,5.692958,-2.221483,4,1
0,1,0,5.620553,6.111257,5.628764,-1.445571,3,1
0,0,1,-0.05097,0.107515,0.078531,-0.118633,0,0
0,0,1,2.85249,2.441909,5.406938,0.585443,2,1
0,0,1,1.463068,2.091088,4.449891,1.69043,2,1
1,0,0,2.011629,4.632139,1.786086,-2.435242,2,1
1,0,0,0.036002,0.48402,-0.118085,-0.134745,0,0
0,0,1,5.002307,3.586808,4.66061,-0.631693,3,1
0,1,0,0.821907,0.677949,2.113412,-0.1936,0,0
0,1,0,1.042345,1.366622,1.358417,-2.416458,1,0
0,1,0,2.189178,4.515273,3.444263,1.676752,3,1
0,0,1,3.154432,0.648523,1.563408,0.376356,1,0
0,0,1,4.31361,0.065058,2.782354,0.150699,2,1
0,0,1,-0.221545,0.172426,0.048908,-0.146886,0,0
0,0,1,-0.802631,0.03733,0.131131,-0.303149,0,0
0,0,1,3.52922,2.786034,2.983441,0.493606,3,1
0,1,0,0.468485,0.567494,-0.580544,-0.45777,0,0
1,0,0,0.278753,0.788737,0.997932,-0.167272,0,0
0,1,0,1.689562,0.055855,1.565818,0.021117,0,0
0,1,0,-0.214933,0.105632,0.259008,0.211744,0,0
0,0,1,2.319125,4.685161,3.674373,0.554112,2,1
0,0,1,-0.021741,-0.546975,0.710888,-0.29004,0,0
1,0,0,0.418174,0.12859,0.456998,-0.245421,0,0
0,0,1,0.149365,1.036459,-0.598714,-0.250195,0,0
0,1,0,2.898131,2.235,3.630332,2.00669,3,1
1,0,0,-0.492977,0.266483,0.267583,0.218065,0,0
0,1,0,-0.150042,0.484631,-0.509934,0.057432,0,0
0,0,1,0.430217,0.880952,0.159654,0.458581,0,0
0,1,0,4.930291,7.492465,3.150331,-1.344375,3,1
0,1,0,0.817193,0.392883,2.801004,0.457325,1,0
0,0,1,4.649518,5.873589,6.039202,-1.194612,3,1
0,1,0,0.709615,-0.368331,0.425086,-0.09823,0,0
1,0,0,0.252171,0.063813,0.419801,-0.405385,0,0
0,0,1,0.951446,-0.468376,1.438977,0.617427,0,0
1,0,0,0.716802,0.327776,-0.387764,-0.075367,0,0
0,1,0,0.592888,0.819413,2.231387,0.702728,0,0
0,1,0,0.850523,0.389273,0.656609,0.177161,0,0
1,0,0,6.824836,3.710924,5.8366,-1.144196,3,1
0,1,0,0.36882,-0.111901,0.269373,0.086689,0,0
0,1,0,3.457117,-0.445105,2.99613,-0.267912,2,1
1,0,0,0.059421,0.736611,0.081035,0.074751,0,0
1,0,0,2.19427,0.309908,1.018665,0.180565,0,0
1,0,0,0.305735,0.613424,0.440431,-0.114089,0,0
0,0,1,6.590425,7.473204,2.579856,-0.38533,3,1
0,1,0,2.580849,0.62982,0.59091,-0.057886,1,0
1,0,0,4.925744,0.7342,4.07949,2.713721,3,1
0,0,1,6.433581,0.175702,2.788023,-0.435157,2,1
0,1,0,6.201615,4.792867,6.754276,-1.042162,3,1
1,0,0,2.288597,0.419628,0.945125,0.065535,0,0
0,1,0,0.09784,-0.035455,-0.081881,0.125688,0,0
0,1,0,2.964661,2.751669,1.779519,0.229578,2,1
0,0,1,4.223946,2.544212,2.430122,2.632138,3,1
0,0,1,-0.290786,0.137059,-0.101654,0.032692,0,0
0,0,1,0.236457,0.528994,-0.753863,-0.217204,0,0
0,1,0,3.203105,2.476979,2.088512,3.33005,2,1
1,0,0,0.166759,1.211507,-0.171256,0.120558,0,0
0,0,1,1.738314,1.85562,6.103431,0.697332,1,0
1,0,0,1.939141,3.309304,3.187456,2.6681,3,1
1,0,0,0.164612,0.144775,0.208784,-0.106131,0,0
0,1,0,0.668663,1.306594,2.284336,0.619861,0,0
0,0,1,0.756299,0.260782,0.190332,-0.223586,0,0
0,0,1,2.371385,0.760887,0.660761,0.102929,0,0
0,1,0,-0.0988,-0.075769,-0.142005,-0.074114,0,0
1,0,0,1.370232,4.203309,1.832273,-0.216785,1,1
0,1,0,2.697526,1.924242,0.066805,1.507502,2,1
0,0,1,-0.19022,0.107286,-0.254565,-0.246764,0,0
1,0,0,4.037598,5.383816,7.36511,-0.671553,3,1
0,1,0,4.952119,2.725879,2.952507,0.99041,3,1
0,0,1,1.263691,4.866861,2.63242,-3.889814,3,1
0,0,1,0.642475,0.425163,0.326106,-0.032625,0,0
1,0,0,-1.397701,0.123357,-0.255672,0.037078,0,0
0,1,0,1.54049,2.250366,1.233259,-1.800259,1,0
1,0,0,0.902839,2.747657,2.694131,-2.780991,3,1
1,0,0,2.919212,1.796006,2.808488,1.274141,2,1
1,0,0,-0.300597,-0.135189,-0.194662,-0.242205,0,0
0,0,1,0.005524,-0.399316,-0.097531,0.258378,0,0
0,1,0,-0.41984,0.170875,-0.450503,0.009803,0,0
0,0,1,3.396495,2.7667,2.65037,2.653279,4,1
0,1,0,1.302506,0.389569,1.471209,0.165224,0,0
1,0,0,0.266101,0.182346,0.237643,0.427888,0,0
0,1,0,-0.429584,-0.135213,-0.23736,0.076384,0,0
0,1,0,1.470563,3.125148,7.626485,0.667953,2,1
1,0,0,0.045528,0.282657,0.375454,-0.121614,0,0
0,0,1,-0.790951,-0.238353,-0.321023,0.017209,0,0
0,0,1,2.492081,2.00101,1.869293,0.124039,0,0
0,1,0,2.611622,-0.039238,3.906389,-0.593053,2,1
1,0,0,2.091468,0.3726,0.721825,-0.228471,0,0
1,0,0,1.755572,1.152623,0.670015,0.303582,0,0
1,0,0,-1.034451,-0.058298,-0.137418,-0.219027,0,0
1,0,0,3.27319,6.162243,7.352842,-1.215492,3,1
0,0,1,3.154004,0.091156,6.555331,-0.863673,2,1
0,0,1,2.596667,2.71332,3.310913,0.041018,3,1
0,1,0,-0.189126,0.361414,0.21512,0.010288,0,0
0,0,1,0.200606,0.622627,-0.092657,-0.188306,0,0
1,0,0,0.63759,0.507101,-0.169972,-0.303483,0,0
0,1,0,3.260953,1.991939,2.619564,3.825529,3,1
0,1,0,2.491136,2.770338,4.511616,1.694298,3,1
1,0,0,0.597887,-0.122866,0.548536,0.40922,0,0
1,0,0,1.240544,0.813518,2.460103,0.572082,0,0
0,1,0,4.413146,5.784231,4.087942,-0.533068,3,1
0,1,0,2.791208,8.049486,5.141477,0.335242,3,1
0,1,0,0.145904,0.440246,0.189396,0.047876,0,0
1,0,0,1.931675,-0.031644,0.625312,0.426226,0,0
0,0,1,5.52963,5.881136,4.267665,-1.649244,4,1
0,1,0,0.798365,0.280804,0.232373,0.007586,0,0
0,1,0,3.818751,2.809327,7.201743,-1.782938,4,1
0,0,1,0.008078,1.046643,-0.858626,0.172286,0,0
1,0,0,3.726296,2.173514,3.447992,-0.081039,2,1
0,0,1,0.869415,0.426261,0.541896,0.378107,0,0
0,0,1,2.058556,0.338086,1.813663,-0.122542,0,0
1,0,0,-0.486531,-0.000546,-0.293035,0.337282,0,0
0,1,0,1.493377,0.009076,2.505244,2.789341,2,1
0,0,1,1.355593,3.05359,4.467627,-0.478123,2,1
1,0,0,-0.296964,-0.192929,0.31543,0.037162,0,0
1,0,0,0.582209,1.004712,0.704114,0.214293,0,0
0,1,0,-0.132167,-0.873025,-0.358089,0.133049,0,0
0,1,0,5.311909,6.760316,9.229145,-1.676032,4,1
0,0,1,4.974991,5.865696,1.787213,-0.971844,2,1
0,0,1,4.156081,6.047339,6.864207,-1.576185,4,1
0,0,1,0.276309,0.298669,0.551841,-0.074246,0,0
0,0,1,0.050304,0.118107,0.116005,0.02231,0,0
0,0,1,5.862735,6.473171,2.472878,-1.844738,3,1
0,0,1,0.290639,0.3446,-0.150812,0.387346,0,0
0,0,1,-0.735035,0.446305,0.145147,0.089238,0,0
0,0,1,0.152739,-0.022392,0.638326,-0.145525,0,0
1,0,0,1.420055,0.03362,-0.205834,0.2018,0,0
0,1,0,1.113623,-0.037938,0.09968,0.038092,0,0
1,0,0,-0.447385,0.119971,-0.018787,-0.125256,0,0
1,0,0,2.901532,4.890258,5.374774,-1.233993,3,1
1,0,0,1.824783,2.393978,1.390709,-2.823176,1,1
0,0,1,3.908748,2.740274,4.910839,2.92465,4,1
0,1,0,1.367529,0.867823,3.473848,-0.14399,1,0
0,1,0,1.314696,3.481649,5.953545,1.324594,2,1
0,0,1,-0.626008,0.141937,-0.260905,-0.033374,0,0
1,0,0,-0.593901,0.301742,-0.902276,-0.043414,0,0
0,0,1,5.781593,5.931248,4.494842,-1.572847,4,1
0,0,1,1.64744,2.283635,4.275501,-0.142978,1,0
0,1,0,0.547632,0.777715,1.636113,-0.321766,0,0
0,0,1,-0.945831,-0.067158,0.184785,0.302146,0,0
0,0,1,1.68073,1.191575,1.475025,0.237193,0,0
1,0,0,1.791068,3.140088,1.66236,-1.867862,2,1
0,0,1,0.302981,-0.16931,0.396393,0.169913,0,0
0,0,1,1.303358,1.10815,3.495236,-0.23969,1,0
0,0,1,5.518608,3.650339,4.151661,2.603038,4,1
1,0,0,0.993656,0.496441,0.598944,0.133046,0,0
0,1,0,3.098363,2.01857,5.867253,1.346059,2,1
0,1,0,3.222337,0.425122,2.471834,-0.494158,1,0
1,0,0,4.952906,2.43489,4.445203,3.432373,3,1
1,0,0,0.082742,-0.599879,0.046068,-0.113813,0,0
0,1,0,2.165189,2.857207,5.660942,1.872955,3,1
0,0,1,0.962573,1.312837,1.235009,-0.023517,0,0
0,1,0,1.640628,0.553941,0.35114,-0.343653,0,0
0,0,1,0.413175,0.334991,0.094815,-0.192852,0,0
0,0,1,-0.329597,0.660034,0.829318,-0.272021,0,0
0,0,1,0.138424,0.534791,0.039462,0.192409,0,0
1,0,0,4.853129,0.805456,3.796504,-0.261851,2,1
0,1,0,-0.129159,-0.299382,1.238933,-0.143192,0,0
1,0,0,0.568263,-0.095948,-0.064165,-0.109091,0,0
0,1,0,-0.082616,0.174431,0.022317,-0.268524,0,0
0,0,1,5.377667,4.253967,5.063442,-2.34762,4,1
0,0,1,0.221149,0.210013,0.464437,0.437615,0,0
0,1,0,-0.08417,0.073775,-0.63518,-0.258462,0,0
0,0,1,0.844556,0.324635,0.14323,-0.010683,0,0
0,0,1,2.481373,2.626062,2.673926,0.779734,2,1
1,0,0,0.718115,-0.103665,-0.142433,0.063915,0,0
1,0,0,0.153307,0.261356,-0.073586,-0.108397,0,0
0,1,0,0.544035,-0.204543,1.580317,-0.276965,0,0
1,0,0,0.490729,-0.005135,0.132071,-0.080242,0,0
1,0,0,1.862659,1.113341,0.511348,-0.155345,0,0
0,1,0,-0.021114,0.787102,3.390111,0.588465,1,0
1,0,0,-0.74954,-0.178473,0.548763,0.071861,0,0
1,0,0,1.864802,4.780412,2.715934,3.470061,3,1
1,0,0,2.470995,1.850114,3.685534,1.16689,1,0
0,1,0,0.573004,1.032303,1.430074,1.065148,0,0
0,1,0,1.653391,0.814194,0.692464,-0.223503,0,0
1,0,0,1.982388,0.088714,0.726972,-0.424304,0,0
0,1,0,0.599666,0.433347,0.366616,0.106284,0,0
1,0,0,3.457954,2.14665,2.250878,-2.293649,2,1
0,0,1,1.537023,3.464322,2.566993,0.679456,2,1
1,0,0,4.360624,3.015109,6.271532,-0.299492,3,1
0,1,0,0.137565,-0.203995,0.184349,-0.222631,0,0
0,0,1,0.8624,0.114379,1.908142,0.614568,0,0
0,0,1,1.909661,2.822707,2.962628,-0.260004,2,1
0,0,1,0.427986,0.044694,2.046389,0.820345,0,0
0,0,1,-0.807072,0.674095,-0.26241,-0.034964,0,0
1,0,0,4.035762,4.743952,3.862632,-1.186614,3,1
0,0,1,2.659312,0.344841,1.46582,-0.151932,1,0
0,0,1,1.197051,0.05625,-0.705581,-0.172163,0,0
0,1,0,0.308997,-0.139891,-0.111397,0.234154,0,0
0,0,1,0.835926,-0.576989,-0.021398,-0.032438,0,0
0,1,0,0.68463,0.191821,-0.171488,0.229562,0,0
0,0,1,0.021899,-0.053889,0.133569,-0.286118,0,0
0,0,1,2.291797,3.474032,2.838073,-0.269575,2,1
1,0,0,1.010605,1.15068,1.674004,-0.032153,0,0
0,1,0,3.634306,1.98703,1.419233,4.736583,2,1
0,0,1,5.03467,0.387052,2.027689,-0.177884,1,0
1,0,0,5.138852,7.450956,2.666268,-1.167806,3,1
0,0,1,2.84324,2.673635,1.30588,1.160061,2,1
0,0,1,2.633054,2.419316,1.134689,1.579551,2,1
0,1,0,0.354334,2.122397,0.589708,-3.033977,1,1
1,0,0,1.001419,-0.345181,0.023438,-0.104523,0,0
0,1,0,-0.428746,0.407003,0.277926,-0.099591,0,0
0,0,1,3.135775,-0.641674,4.22135,-0.137666,2,1
0,0,1,4.052396,3.746171,1.615267,0.615405,2,1
0,1,0,0.038147,-0.307934,0.008663,-0.202302,0,0
0,0,1,1.949013,0.679085,1.358369,0.348637,0,0
0,0,1,0.58879,0.4096,-0.066349,-0.060889,0,0
0,1,0,-0.030164,0.101179,-0.063495,0.124648,0,0
0,0,1,0.907737,1.095147,2.86217,1.1786,1,0
0,1,0,1.559042,0.973752,0.565717,0.265713,0,0
0,0,1,6.414692,2.877516,5.158801,-3.362681,4,1
0,0,1,1.866463,1.203914,1.798444,-0.002172,0,0
0,1,0,2.340716,1.958781,4.720935,0.386214,1,0
0,1,0,4.971943,0.734125,2.13709,-0.733476,1,0
1,0,0,-0.049924,0.332753,-0.429767,-0.243132,0,0
0,0,1,4.138296,0.157794,3.831023,-0.034289,2,1
0,1,0,2.54583,0.318721,0.659375,0.142545,1,0
0,0,1,1.537678,0.080396,0.800599,-0.137023,0,0
1,0,0,0.959423,0.674331,1.831121,0.072236,0,0
1,0,0,2.503371,1.092597,3.256853,0.855403,2,1
0,0,1,2.034611,-0.119912,-0.016106,-0.616089,0,0
0,0,1,0.197944,0.005657,0.382858,-0.015276,0,0
1,0,0,2.169081,1.21701,3.855115,1.762412,2,1
1,0,0,-0.310691,0.317098,0.389082,0.134704,0,0
1,0,0,0.584614,0.265998,3.183503,-0.054775,1,0
0,1,0,4.577686,5.562503,1.041772,-1.410937,2,1
1,0,0,0.263202,0.185664,0.033326,-0.01851,0,0
1,0,0,0.944832,0.997075,1.128639,-0.003163,0,0
1,0,0,2.622027,1.19701,6.604567,0.372831,2,1
1,0,0,4.462249,0.299477,4.003577,0.184393,2,1
0,1,0,0.25515,-0.186097,-0.017473,-0.011054,0,0
1,0,0,0.979967,0.340529,1.21333,0.493049,0,0
0,0,1,4.132551,2.683608,2.151964,-1.171362,2,1
0,0,1,0.836535,0.026461,-0.153784,-0.315203,0,0
0,1,0,0.536087,0.612682,0.34423,-0.064681,0,0
0,0,1,1.152865,-0.231746,1.716943,-0.035428,0,0
0,0,1,1.286311,0.79079,6.56019,0.566932,1,0
0,0,1,0.341037,-0.303219,0.814248,-0.449277,0,0
0,1,0,3.579273,1.541653,3.449338,0.1699,2,1
1,0,0,2.466919,4.136442,2.027621,0.418739,1,1
0,1,0,-0.024039,-0.109802,-0.01425,-0.142395,0,0
0,0,1,2.309439,1.116113,3.848675,3.538459,2,1
0,0,1,2.142614,1.067317,0.474115,-0.12691,0,0
1,0,0,4.259065,3.726066,5.065231,-1.489733,3,1
0,1,0,0.955479,0.49304,2.123731,-0.277,0,0
1,0,0,2.426195,3.096335,1.915984,-3.624843,2,1
0,1,0,1.727722,0.793355,1.61912,0.086015,0,0
1,0,0,1.588419,0.466037,4.618849,0.134199,1,0
1,0,0,2.570275,0.763162,4.846123,0.748901,2,1
1,0,0,-0.282234,0.641824,0.695491,0.058694,0,0
0,0,1,-0.802685,-0.025381,0.073542,-0.118903,0,0
1,0,0,0.52933,-0.251554,0.150738,-0.277304,0,0
1,0,0,0.428302,0.209046,1.702161,0.983094,0,0
0,1,0,1.266158,-0.202983,2.035877,0.567089,0,0
0,0,1,5.044585,0.301375,2.424142,-0.485277,1,0
0,1,0,4.245957,0.728651,4.130787,2.832404,3,1
0,0,1,0.528718,0.43878,0.636472,0.036553,0,0
0,1,0,4.14695,5.542102,6.988742,-1.741013,4,1
1,0,0,1.476746,1.245338,4.528306,0.584349,1,0
0,0,1,-0.357208,-0.401648,0.190111,0.266078,0,0
0,0,1,1.148843,0.083169,0.301928,0.108288,0,0
1,0,0,0.589063,-0.43004,0.004874,-0.143403,0,0
1,0,0,3.026051,0.667849,3.663212,-0.699893,2,1
0,1,0,1.982521,3.927585,3.371737,-2.540661,3,1
1,0,0,2.745184,2.77127,0.929149,-2.964626,3,1
1,0,0,2.420939,4.309217,2.278093,-1.615237,2,1
1,0,0,0.371034,0.735673,-0.498797,0.252663,0,0
0,0,1,-0.418029,0.43974,-0.228164,-0.098444,0,0
1,0,0,3.428821,2.629516,2.477332,4.43516,3,1
1,0,0,3.393621,2.558042,2.310536,4.862311,3,1
0,1,0,0.30129,-0.427049,2.205754,0.626395,0,0
0,1,0,-0.561912,-0.524985,0.003792,-0.124328,0,0
0,0,1,4.06828,3.629238,3.020344,2.854765,4,1
0,0,1,1.073454,0.035923,0.435001,-0.225023,0,0
1,0,0,3.437621,4.306536,5.049374,-0.980726,3,1
0,0,1,1.081888,1.086128,3.352253,0.688851,1,0
0,1,0,3.75507,4.400573,3.076907,4.61856,4,1
1,0,0,0.269218,3.911324,2.007255,-2.968072,2,1
0,0,1,-0.051286,0.254444,-0.165863,-0.163122,0,0
0,1,0,3.043716,3.195802,3.011208,-0.091299,3,1
0,0,1,6.160694,3.350354,5.222514,-1.536185,4,1
0,1,0,5.450733,3.785927,3.843151,-1.147113,3,1
0,1,0,-1.058731,0.370457,-0.996001,0.111789,0,0
0,0,1,-0.167628,0.218881,0.596439,0.36753,0,0
1,0,0,-0.374132,0.148948,0.641175,-0.02023,0,0
1,0,0,-0.419472,0.528466,0.576802,0.386191,0,0
1,0,0,-0.379546,-0.029704,0.087709,0.143299,0,0
0,1,0,0.150918,0.05999,0.684388,-0.057491,0,0
1,0,0,2.477246,0.237835,1.82361,0.309302,0,0
0,0,1,6.656084,3.942289,7.085407,-0.320108,3,1
1,0,0,-0.530193,-0.29536,0.274883,0.063083,0,0
0,1,0,0.386168,0.378569,0.510484,0.206166,0,0
0,0,1,0.120898,0.266802,0.334851,0.015682,0,0
0,0,1,0.214019,-0.248992,0.068284,-0.022425,0,0
0,1,0,-0.185278,0.78239,0.314102,0.174791,0,0
0,1,0,1.196609,0.145553,0.689794,0.002379,0,0
0,0,1,0.446995,-0.272152,-0.540883,0.243885,0,0
0,1,0,0.6704,0.103245,0.223156,-0.225851,0,0
0,0,1,-0.209672,-0.025042,0.327353,-0.126888,0,0
0,1,0,2.559539,2.642897,2.600936,0.886297,3,1
1,0,0,4.061976,5.608321,5.819687,-1.225116,3,1
0,0,1,-0.521692,-0.219275,-0.54483,0.040751,0,0
1,0,0,1.818205,0.842853,1.571942,-0.40679,0,0
1,0,0,0.907855,1.127459,1.588079,0.756823,0,0
1,0,0,4.879312,6.081994,4.300819,-1.593102,4,1
0,0,1,-0.052057,-0.135936,0.053893,-0.123068,0,0
1,0,0,0.439731,-0.716763,0.473975,-0.207323,0,0
0,1,0,3.859117,2.507836,2.66607,0.464195,3,1
0,0,1,0.458969,-0.102857,-0.160194,-0.138476,0,0
0,1,0,1.729445,0.854381,1.886934,1.113793,0,0
1,0,0,3.80145,4.02271,1.540987,2.851563,3,1
0,1,0,5.522249,4.102033,5.549628,-0.477929,3,1
1,0,0,6.534733,4.506284,2.965242,-1.648377,4,1
0,0,1,0.582349,-0.445153,0.01717,-0.163238,0,0
1,0,0,1.819794,2.347473,1.655787,-3.489218,1,1
0,1,0,1.125632,0.267887,-0.611302,-0.268768,0,0
0,1,0,7.544775,3.351174,6.289802,-0.724831,3,1
0,0,1,-0.382085,0.488314,-0.537834,-0.098003,0,0
0,1,0,1.865485,0.813252,2.934835,0.297625,1,0
0,1,0,4.394986,3.00124,2.445441,3.965381,3,1
1,0,0,0.062695,3.095602,1.45144,-2.669659,2,1
0,1,0,1.283663,0.736687,0.388943,-0.193718,0,0
0,0,1,1.95159,0.217862,0.083767,0.366948,0,0
0,0,1,-0.733611,0.517957,-0.137145,0.352598,0,0
1,0,0,0.524355,0.702355,0.580605,0.076383,0,0
0,1,0,0.557032,0.806036,0.648897,0.268548,0,0
0,0,1,0.689568,1.826216,2.859558,-2.158048,2,1
1,0,0,0.364297,0.347044,0.766417,-0.532793,0,0
0,1,0,2.217747,0.64766,0.605625,0.173319,0,0
0,1,0,5.40499,1.145458,0.578337,-0.043922,1,0
1,0,0,-0.730811,0.456279,0.435136,-0.081742,0,0
1,0,0,2.275156,1.745225,3.855167,0.436833,1,0
1,0,0,5.698899,3.809944,4.643522,-0.617277,3,1
0,1,0,0.202479,0.265722,-0.176713,-0.029849,0,0
1,0,0,1.026853,-0.061516,2.999634,0.192691,1,0
1,0,0,0.48967,-0.129644,0.004596,-0.278713,0,0
0,0,1,6.201837,4.436342,3.174099,-2.596258,4,1
0,1,0,0.270664,0.708249,-0.245517,0.084033,0,0
0,0,1,5.930089,0.819122,2.677055,0.232409,2,1
0,0,1,0.131266,0.141959,0.281347,0.042315,0,0
0,0,1,3.189416,0.968495,2.9379,0.636029,2,1
1,0,0,2.548996,0.242018,1.139145,0.421552,1,0
1,0,0,-0.693755,-0.228217,0.259846,-0.069514,0,0
0,1,0,0.573299,-0.085384,0.263642,-0.115017,0,0
1,0,0,1.912201,3.569364,2.225091,0.773479,1,0
0,1,0,0.216666,-0.030779,0.261288,0.095685,0,0
1,0,0,3.390678,2.032905,2.449178,3.148841,2,1
1,0,0,1.20938,0.749615,2.016953,-0.009537,0,0
0,1,0,1.691497,0.344579,2.324602,0.178123,0,0
1,0,0,-0.103495,0.126662,-0.06175,0.09477,0,0
1,0,0,1.465036,1.0019,1.222669,-0.034339,0,0
0,0,1,-0.295723,-0.443438,0.489792,0.427421,0,0
0,0,1,-0.379362,-0.227082,0.756992,-0.109339,0,0
0,1,0,3.379366,2.137595,3.019262,2.076613,3,1
1,0,0,0.287147,-0.299324,0.136905,0.054114,0,0
0,0,1,3.754957,2.29068,1.872622,0.628597,1,0
0,0,1,1.707466,3.16319,2.609534,-3.691358,3,1
0,0,1,2.565484,0.411526,4.753748,-0.172204,2,1
0,1,0,0.280855,0.925482,2.544173,-0.296916,1,0
1,0,0,0.188997,-0.288973,0.954972,-0.098497,0,0
1,0,0,3.914078,0.473823,3.151818,-0.397133,2,1
0,0,1,1.008545,3.495337,1.780689,-0.54589,1,0
0,0,1,0.372881,0.010277,0.046804,0.234057,0,0
0,0,1,2.135226,3.85699,3.375269,-4.398322,3,1
0,0,1,3.645388,0.768682,6.31325,0.503157,2,1
0,0,1,0.419409,0.492751,3.088609,0.61431,1,0
0,0,1,0.728004,-0.105176,0.123505,-0.138695,0,0
0,1,0,1.588532,3.072263,1.947384,1.607973,2,1
0,0,1,0.195447,0.098946,0.598925,-0.305391,0,0
0,1,0,3.084115,4.765875,4.070652,0.987211,3,1
0,1,0,-1.098128,0.680595,-0.424445,-0.345134,0,0
1,0,0,0.900802,0.414044,-0.020858,-0.050604,0,0
0,0,1,-0.297255,0.051134,0.20701,0.058372,0,0
1,0,0,1.657189,0.967173,2.828352,-0.374892,1,0
1,0,0,-0.00883,-0.28726,-0.07575,-0.041338,0,0
0,0,1,0.197701,-0.114324,0.595408,0.055025,0,0
0,0,1,-0.1584,-0.164973,0.220428,-0.105482,0,0
0,0,1,4.632139,5.31743,3.515741,-0.038655,3,1
0,0,1,1.430105,0.50744,1.447653,0.586222,0,0
0,1,0,1.887624,3.464315,2.371841,-2.346423,2,1
1,0,0,1.696705,2.767442,1.978773,0.161238,1,0
1,0,0,0.486311,0.036607,0.498236,0.337218,0,0
1,0,0,0.914576,0.864674,1.153152,-0.318267,0,0
0,0,1,3.385108,0.782493,0.849977,0.147656,1,0
0,1,0,0.225625,0.29612,0.071147,0.111081,0,0
0,1,0,0.428162,-0.494384,0.386592,0.00884,0,0
0,0,1,2.81353,0.508578,1.171505,0.427827,1,0
0,0,1,0.942426,0.266299,-0.186328,-0.249034,0,0
0,0,1,0.656955,1.242026,1.695596,-1.841502,1,0
0,0,1,0.516291,0.632069,0.909982,-0.05546,0,0
0,1,0,5.370718,2.143791,3.655707,2.697434,3,1
0,0,1,3.13435,3.566708,3.000553,3.174916,4,1
0,0,1,3.266092,2.173209,2.41859,0.879152,1,0
0,0,1,0.912557,0.966757,4.3372,-0.015434,1,0
0,0,1,0.875098,4.010728,1.874831,0.763477,1,1
0,1,0,0.91368,0.232778,1.662683,0.218524,0,0
0,1,0,-0.773554,0.072072,-0.528224,-0.403863,0,0
0,0,1,3.019237,2.51778,5.125669,0.882498,3,1
0,0,1,0.749689,0.13038,0.719907,0.289319,0,0
0,0,1,4.060003,5.606501,4.416358,-1.615854,4,1
0,1,0,3.013841,-0.048001,2.404532,0.923614,1,0
0,1,0,2.490636,2.835431,3.768901,2.661956,3,1
1,0,0,0.391361,-0.162855,0.276062,-0.071287,0,0
0,1,0,-0.025253,0.009651,-0.126017,0.21725,0,0
1,0,0,3.100115,3.491635,0.75908,2.573395,3,1
0,0,1,-1.277683,-0.102172,-0.35177,0.186471,0,0
0,0,1,0.186769,-0.067753,-0.288151,0.125305,0,0
0,1,0,0.884064,2.048846,2.602689,1.133803,1,0
0,1,0,1.973548,0.233259,4.18967,1.911149,2,1
1,0,0,3.282574,2.659435,6.12119,0.847119,3,1
0,0,1,1.671874,0.669375,1.255816,0.020297,0,0
0,1,0,2.567182,0.450879,6.177066,0.72996,2,1
1,0,0,1.562385,3.417285,3.691816,-2.201312,3,1
0,0,1,0.030597,0.029431,1.114594,-0.103353,0,0
0,0,1,1.437857,1.647789,5.403184,0.354232,1,0
0,1,0,5.314007,1.128453,3.610098,-0.027455,2,1
1,0,0,0.793784,2.604683,6.989391,0.277199,2,1
0,1,0,2.20598,0.868622,1.266229,0.45242,0,0
1,0,0,0.558663,0.228252,0.652564,0.327527,0,0
1,0,0,-0.575767,-0.010811,0.118096,-0.132638,0,0
0,0,1,0.436824,-0.264586,0.189121,-0.166651,0,0
1,0,0,2.407149,1.885552,1.840795,0.262089,0,0
1,0,0,-0.210704,-0.098876,-0.15142,-0.128827,0,0
1,0,0,2.831894,2.216478,3.3377,-3.325133,3,1
1,0,0,1.587935,2.654283,2.067907,-3.601299,2,1
0,0,1,-0.014298,-0.140114,0.809857,-0.034327,0,0
0,1,0,2.027274,3.026068,1.692122,-2.456775,2,1
1,0,0,5.485965,8.800442,4.301906,-2.169893,4,1
1,0,0,3.158035,4.591496,3.514721,1.344777,3,1
1,0,0,0.017027,-0.454009,0.257653,0.29777,0,0
0,0,1,0.451743,-0.229658,-0.526263,-0.203348,0,0
0,0,1,0.224868,0.875717,0.014642,0.190869,0,0
0,0,1,-0.234556,-0.069864,-0.044665,0.049911,0,0
1,0,0,2.110975,2.158566,4.11055,0.13268,1,0
0,1,0,-0.040198,0.40211,-0.207904,0.063692,0,0
1,0,0,5.114933,0.444031,2.349685,-0.084846,1,0
0,1,0,4.564427,0.77442,2.376527,-0.388964,1,0
1,0,0,2.03926,5.31125,3.487582,-0.402854,2,1
0,0,1,1.805641,0.138227,0.663191,0.731143,0,0
0,1,0,0.502399,0.145757,0.322978,0.357969,0,0
1,0,0,-0.203406,2.837593,2.80601,-4.149599,3,1
0,1,0,7.013727,3.795018,2.368655,-2.754491,3,1
1,0,0,0.656054,-0.476097,0.613695,0.20519,0,0
0,0,1,4.15329,4.08968,5.82714,-2.226307,4,1
0,0,1,0.377763,0.25889,0.156331,0.233894,0,0
1,0,0,5.942448,5.811932,4.053224,-1.912406,4,1
1,0,0,3.817122,4.199065,2.612507,-0.529532,3,1
0,0,1,0.342394,0.877395,1.212531,0.377868,0,0
0,1,0,0.418756,0.566293,0.131188,-0.149914,0,0
0,0,1,1.783942,2.745672,3.24697,0.675729,2,1
1,0,0,1.068665,1.196408,1.556566,0.531997,0,0
0,0,1,1.021856,0.173905,-0.360383,0.034932,0,0
0,1,0,2.767888,3.979848,3.08074,0.020853,3,1
0,1,0,2.939333,4.79975,4.786982,-0.734663,3,1
1,0,0,-0.063377,-0.095216,-0.389601,-0.195818,0,0
0,1,0,3.562607,7.106309,4.830004,-0.83392,3,1
0,0,1,5.557307,3.066992,4.296368,-2.724947,4,1
0,1,0,-0.354046,0.460925,0.66037,0.231704,0,0
0,0,1,4.950055,1.620266,3.137268,-0.959848,2,1
1,0,0,0.057158,0.209137,0.632427,-0.039862,0,0
0,1,0,5.212077,7.458686,6.261786,-2.617346,4,1
1,0,0,0.044753,0.307105,-0.307077,-0.045741,0,0
0,1,0,1.500535,0.644167,1.574488,0.434326,0,0
1,0,0,1.192587,0.848311,1.325741,0.551427,0,0
1,0,0,2.839315,3.388493,2.834913,3.862102,4,1
0,1,0,0.212652,0.332182,-0.062803,0.048501,0,0
0,0,1,1.231549,0.139662,3.058897,-0.069675,1,0
0,1,0,1.447433,0.843256,-0.097015,-0.193914,0,0
0,0,1,1.830065,2.172725,2.352825,-0.430171,0,0
0,1,0,0.598514,-0.186341,0.310967,0.070668,0,0
0,0,1,5.021606,4.794471,3.998339,-1.077561,3,1
1,0,0,1.048938,3.1991,1.493719,-3.056244,2,1
0,1,0,2.889975,0.746116,2.961887,0.030198,2,1
0,0,1,0.061922,0.1353,0.324671,0.031377,0,0
0,0,1,1.774801,1.766756,2.589468,0.281678,1,0
1,0,0,0.233445,1.175516,-0.586839,-0.35869,0,0
0,0,1,0.178401,0.77839,-0.264872,0.212904,0,0
0,0,1,1.633799,0.160167,-0.081789,0.317328,0,0
0,1,0,2.05292,3.502678,3.341645,5.141694,3,1
0,0,1,4.785262,8.126543,6.628605,-2.605784,4,1
0,0,1,-0.773796,-0.258503,-0.536935,0.427742,0,0
0,1,0,0.067624,0.257286,0.058176,-0.180663,0,0
1,0,0,0.931771,0.293721,1.140696,0.652639,0,0
0,0,1,-0.073727,0.156338,-0.100295,-0.211123,0,0
0,0,1,1.18323,1.588761,2.452724,0.460749,0,0
1,0,0,5.193762,4.89898,5.257235,-1.423511,3,1
1,0,0,1.023683,-0.467482,-0.19296,0.058597,0,0
0,0,1,0.382924,-0.041045,-0.118459,0.069366,0,0
0,1,0,0.277735,-0.46011,0.195038,-0.281347,0,0
1,0,0,2.950196,1.53891,4.881099,0.516346,2,1
0,1,0,0.729615,0.936841,6.814911,0.678191,1,0
0,0,1,4.224916,2.738095,3.337894,0.5303,3,1
0,0,1,1.082755,3.398783,3.767209,0.742075,2,1
1,0,0,2.536036,1.559234,4.190251,0.018972,2,1
1,0,0,5.539175,6.967774,6.319515,-1.190676,3,1
0,1,0,1.16202,0.501745,0.001299,0.164836,0,0
1,0,0,1.79908,1.524443,2.912572,-0.05366,1,0
0,1,0,0.639997,0.654418,0.177294,-0.012963,0,0
0,1,0,-0.132489,-0.68156,0.155826,-0.174496,0,0
0,0,1,3.068562,1.836533,1.736467,-2.010431,2,1
1,0,0,0.111446,0.007422,-0.279613,-0.137449,0,0
1,0,0,3.396618,4.661372,2.381186,-0.521704,2,1
0,0,1,-0.086895,0.48239,-0.287057,-0.112346,0,0
0,1,0,1.0781,0.147701,2.717009,-0.486694,1,0
0,1,0,1.161015,0.967074,3.902849,1.157352,1,0
0,1,0,3.056545,4.133948,3.575253,-3.50476,4,1
0,1,0,-0.11307,0.042004,0.516398,0.17239,0,0
0,0,1,2.897134,1.096019,7.926152,-0.110566,2,1
0,1,0,0.184443,-0.640797,0.185454,-0.103406,0,0
0,1,0,-0.566105,0.838931,0.620442,0.131942,0,0
1,0,0,1.338403,1.079769,1.300758,0.478979,0,0
0,0,1,1.112396,0.813291,-0.11177,0.228508,0,0
1,0,0,0.081213,0.363402,0.056089,0.155304,0,0
0,1,0,2.261262,3.554095,6.75514,-1.526044,3,1
0,1,0,0.851629,0.476586,0.197867,0.07628,0,0
0,0,1,2.791379,2.833957,5.30957,0.007678,3,1
1,0,0,0.275406,-0.026805,0.314593,-0.209534,0,0
0,0,1,0.333435,0.239731,0.261867,-0.376388,0,0
0,0,1,0.233164,0.460914,0.097187,-0.020277,0,0
0,1,0,0.624018,0.337966,0.18116,0.331362,0,0
0,0,1,2.181964,2.931112,3.904602,2.636862,3,1
1,0,0,2.64807,4.684528,1.526505,-3.426911,3,1
1,0,0,4.975384,5.991172,4.804313,-0.642406,3,1
0,0,1,2.735435,-0.08003,1.736377,-0.477315,1,0
1,0,0,-0.332285,0.279698,0.081292,0.312971,0,0
0,0,1,0.079789,0.885321,-0.160425,-0.164572,0,0
0,0,1,3.167765,1.793378,3.123948,2.677473,3,1
0,0,1,0.246128,-0.216162,0.051003,-0.18915,0,0
0,1,0,0.237133,0.315556,0.136164,-0.038215,0,0
0,0,1,-0.434123,-0.564804,-0.083516,-0.277234,0,0
1,0,0,-0.128191,-0.107925,-0.323379,0.044841,0,0
0,1,0,0.793961,0.320704,-0.180427,-0.251056,0,0
1,0,0,0.25468,-0.147646,1.503935,0.454457,0,0
0,0,1,0.088334,0.163491,0.62338,-0.358087,0,0
1,0,0,2.883135,-0.140346,3.567652,-0.532415,2,1
1,0,0,4.090148,3.095925,2.789752,3.092814,4,1
0,1,0,3.47539,0.295401,2.854219,-0.205895,2,1
1,0,0,1.188501,0.580286,1.395039,0.075001,0,0
0,0,1,6.811248,5.564645,6.531705,-1.556035,4,1
1,0,0,3.581671,2.955785,2.266632,2.731246,3,1
0,0,1,0.092576,-0.595823,0.503788,-0.010544,0,0
0,0,1,0.89051,-0.160336,0.890023,-0.083203,0,0
1,0,0,2.22725,0.426029,3.364495,-0.714802,1,0
1,0,0,0.224831,-0.502241,-0.531495,0.292611,0,0
0,1,0,1.3807,0.712662,1.874611,0.172167,0,0
0,0,1,2.160768,1.162462,4.567916,0.638474,1,0
0,1,0,3.774597,1.760013,3.360207,2.413985,3,1
0,0,1,1.361734,0.076655,0.074478,-0.229011,0,0
1,0,0,0.454941,-0.3218,0.286866,0.209625,0,0
1,0,0,6.378308,3.39984,3.309633,-1.083652,3,1
0,0,1,1.088424,1.316694,1.03527,0.068396,0,0
0,0,1,0.65464,-0.098045,-0.016857,0.187533,0,0
0,0,1,-1.237393,0.811375,0.012982,-0.087388,0,0
0,1,0,0.464774,-0.692394,-0.233661,0.045675,0,0
0,1,0,0.875047,0.383209,1.156747,0.285348,0,0
1,0,0,3.59553,2.061834,1.949836,0.76605,1,0
1,0,0,1.520798,3.093673,1.85474,-2.686361,2,1
0,0,1,2.014005,0.72252,2.884098,-0.308684,1,0
0,1,0,1.514051,3.296677,1.070403,-3.713072,2,1
1,0,0,5.161227,0.18494,3.35697,-0.367169,2,1
0,0,1,1.362751,2.713316,1.358352,-2.965611,2,1
1,0,0,3.604573,1.159346,2.785916,0.238873,2,1
0,1,0,1.556037,-0.369247,6.089321,-0.031038,1,0
0,0,1,-0.666493,0.175455,-0.716278,0.426373,0,0
1,0,0,-0.35625,0.409253,0.218905,0.097894,0,0
1,0,0,0.138433,-0.044099,0.250802,0.351069,0,0
0,0,1,0.82057,0.90089,1.736806,0.008805,0,0
1,0,0,1.743235,0.494011,1.817108,0.243,0,0
0,0,1,0.408774,0.601299,0.183624,0.302147,0,0
0,1,0,0.733493,-0.10046,-0.254306,-0.034689,0,0
0,0,1,5.383488,6.228458,5.663103,-0.826865,3,1
0,1,0,1.260321,2.725783,2.616911,1.056984,2,1
1,0,0,1.752649,-0.176185,2.212754,0.628742,0,0
0,0,1,-0.132928,0.792344,2.116513,0.73692,0,0
0,0,1,3.632231,1.199416,4.502761,0.051405,2,1
0,1,0,1.855507,0.635241,0.974919,-0.450705,0,0
1,0,0,-0.105568,0.258648,-0.492632,-0.354364,0,0
1,0,0,-0.674609,-0.498894,-0.194475,-0.102261,0,0
0,1,0,0.648778,0.300185,2.710352,-0.174158,1,0
1,0,0,2.138754,2.801093,2.272182,1.24182,1,0
0,1,0,-0.204978,-0.699962,-0.125487,0.348766,0,0
0,1,0,0.084912,2.15374,5.320967,-0.264495,1,0
0,0,1,-0.105536,1.055632,-0.705067,0.013554,0,0
0,0,1,-0.651834,0.839337,-0.18701,0.126507,0,0
0,1,0,4.077981,1.080981,2.147415,-0.463564,1,0
0,0,1,0.61942,0.056022,-0.191425,0.079988,0,0
1,0,0,0.18538,-0.134956,0.265007,0.078367,0,0
0,0,1,2.590353,2.545271,2.680304,-2.975835,4,1
1,0,0,0.109889,-0.381171,-0.089639,-0.08274,0,0
0,0,1,0.344411,0.444489,-0.41189,-0.235724,0,0
1,0,0,-0.313709,0.333284,0.198232,0.0823,0,0
1,0,0,0.322247,0.415874,0.287156,-0.092845,0,0
1,0,0,0.651167,0.071724,0.509122,0.054204,0,0
0,1,0,2.130731,1.825226,3.835936,0.185679,1,0
0,0,1,2.289096,0.764809,0.941598,-0.135679,0,0
0,1,0,0.253565,0.195945,-0.272764,-0.024341,0,0
0,1,0,0.190228,-0.245649,-0.271714,-0.105614,0,0
0,0,1,2.556919,-0.01964,2.176077,-0.257308,1,0
0,0,1,5.520567,5.236771,2.679163,-2.544979,4,1
1,0,0,0.033615,1.120302,3.226953,-0.050479,1,0
0,0,1,2.866544,4.734314,4.014783,-2.882476,4,1
1,0,0,1.325663,0.464192,-0.366037,0.079429,0,0
0,0,1,4.078195,5.501162,7.361377,-1.923539,4,1
0,0,1,2.354064,1.701674,3.122787,-0.245091,1,0
0,1,0,3.237444,2.292208,5.215321,0.483821,2,1
1,0,0,5.759501,5.860429,4.675037,-1.377956,3,1
0,0,1,2.610756,3.26911,4.218465,0.622768,3,1
0,0,1,1.350807,3.326668,4.864118,0.410897,2,1
1,0,0,0.162801,-0.167223,0.990286,0.302186,0,0
1,0,0,0.124642,0.374252,-0.509681,-0.342825,0,0
1,0,0,2.919152,1.390166,2.385407,1.991618,2,1
1,0,0,-0.203896,0.084604,0.192682,0.599162,0,0
0,1,0,2.177747,1.244604,5.048565,1.464903,1,0
1,0,0,1.019843,0.937794,3.886397,0.276906,1,0
0,1,0,0.058465,0.146873,0.12366,-0.316399,0,0
1,0,0,5.396509,6.603484,4.832678,-2.250412,4,1
0,0,1,1.312519,0.943217,2.157923,-0.317858,0,0
1,0,0,4.425743,0.628913,3.5984,0.087965,2,1
0,0,1,2.220915,1.948297,4.604037,0.437095,1,0
0,0,1,2.481439,1.273727,8.267232,0.847064,1,0
0,1,0,0.783717,0.90694,1.449858,0.376813,0,0
0,0,1,1.319749,0.573601,0.795399,0.535591,0,0
0,1,0,-0.398954,0.154474,0.402203,-0.122955,0,0
0,0,1,-0.021724,0.340361,-0.004812,-0.042637,0,0
0,0,1,0.372066,0.344046,-0.157141,-0.062114,0,0
1,0,0,4.730629,0.410723,4.492523,0.176232,2,1
0,1,0,-0.629654,0.556262,-0.281144,0.1574,0,0
1,0,0,0.952258,-0.06082,0.928274,-0.152809,0,0
1,0,0,4.747258,3.580389,3.478398,-1.912386,4,1
1,0,0,0.074463,0.287729,0.817937,0.126202,0,0
1,0,0,0.205101,0.659944,-0.644172,0.162089,0,0
1,0,0,-0.617273,0.800101,0.105364,-0.054944,0,0
0,1,0,0.114822,0.232318,0.5463,-0.25061,0,0
0,1,0,-0.517568,0.353407,0.633166,0.030904,0,0
0,1,0,4.135036,3.28228,2.725432,2.910551,4,1
0,0,1,3.142514,5.14961,4.066362,-1.436121,3,1
1,0,0,0.591488,0.381445,1.123742,-0.22912,0,0
0,0,1,5.166538,0.484901,1.25161,-0.232523,1,0
0,1,0,0.533334,-0.520823,0.905081,-0.052138,0,0
0,1,0,0.74544,-0.021061,0.792115,0.298215,0,0
0,1,0,2.023314,1.737269,1.865242,0.876369,0,0
0,1,0,0.572854,0.661549,2.468754,-0.034709,0,0
0,1,0,2.372694,0.46007,1.773521,-0.31324,0,0
1,0,0,0.693896,0.70503,-0.280327,0.22227,0,0
0,0,1,-0.341226,-0.620232,0.187969,0.251553,0,0
0,0,1,-0.006512,0.029651,0.396001,-0.056751,0,0
1,0,0,0.598248,-0.026955,-0.504652,-0.109478,0,0
0,1,0,2.335227,2.396347,2.481309,-1.938235,1,0
0,1,0,7.219594,3.993218,5.688063,-2.485757,4,1
0,0,1,0.36442,0.799177,1.42128,0.055604,0,0
0,1,0,2.118853,0.140326,2.801249,-0.097621,1,0
0,1,0,-0.288388,0.167409,0.749783,0.062419,0,0
1,0,0,3.529006,0.75877,3.456999,2.775975,3,1
0,0,1,0.901822,0.899613,3.007781,0.38869,1,0
1,0,0,0.957981,0.363194,-0.018708,-0.289385,0,0
1,0,0,1.789335,2.454207,2.531239,2.210052,2,1
0,1,0,4.957853,2.807114,4.171111,1.961083,4,1
0,0,1,3.51427,1.885884,2.574358,1.678445,3,1
1,0,0,0.791979,1.928279,7.32955,-0.903049,1,0
0,0,1,-0.316102,0.45995,-0.241569,0.110732,0,0
1,0,0,-0.129712,0.796676,-0.143137,-0.337362,0,0
0,0,1,1.602969,0.677924,1.670591,-0.003663,0,0
0,1,0,3.433918,3.161517,6.703662,-0.450055,3,1
0,1,0,-0.286239,0.286268,0.49945,-0.096191,0,0
0,1,0,2.009186,1.03981,3.813559,0.454157,1,0
0,1,0,1.411241,0.376957,0.966172,-0.37599,0,0
1,0,0,2.914668,2.20101,2.904504,1.002647,2,1
0,1,0,0.827757,0.658456,0.722647,-0.173664,0,0
0,1,0,1.57847,0.89065,1.785569,-0.032763,0,0
0,0,1,-0.390854,-0.323941,0.129708,-0.009712,0,0
1,0,0,1.575012,2.450666,3.124685,0.816042,1,0
0,0,1,4.727391,4.820356,3.652926,-1.024322,3,1
0,0,1,1.760594,0.174408,0.849774,-0.019289,0,0
0,1,0,0.619979,0.86595,0.162529,-0.412882,0,0
1,0,0,-0.039818,0.49128,-0.236989,0.401757,0,0
0,1,0,4.275301,2.718286,2.243964,2.897159,3,1
0,1,0,2.098989,3.55389,2.244652,0.277393,1,0
0,1,0,2.649448,0.031357,1.754598,0.401857,1,0
1,0,0,1.658108,-0.137896,1.889782,0.630796,0,0
0,0,1,1.291618,0.430534,5.384865,0.421889,1,0
0,1,0,3.525975,2.607852,1.905172,0.264592,2,1
0,1,0,3.06542,2.784704,3.662016,-1.481446,3,1
0,0,1,-0.348413,0.003154,0.517924,0.096069,0,0
1,0,0,3.244046,3.088768,4.219684,-3.243393,4,1
0,0,1,0.739407,0.27255,0.476725,-0.271666,0,0
1,0,0,0.056749,0.422749,0.230165,-0.207695,0,0
0,1,0,2.183862,0.145576,0.199725,-0.086674,0,0
1,0,0,7.461713,2.633727,4.466361,-2.216029,4,1
0,0,1,-0.81234,0.116789,-0.094794,0.126551,0,0
0,1,0,2.340043,4.760708,4.943232,-0.109368,2,1
1,0,0,0.024789,0.330385,-0.451323,0.444369,0,0
0,1,0,2.123819,0.309087,0.421201,0.487664,0,0
1,0,0,0.494057,0.819447,0.885162,-0.309627,0,0
0,1,0,2.785006,0.200841,5.043177,0.454431,2,1
0,1,0,-0.122716,-0.36836,0.776775,0.247757,0,0
0,0,1,-0.353424,0.149994,0.304782,0.103419,0,0
0,1,0,0.326676,0.371267,7.25804,0.620131,1,0
0,1,0,0.243108,1.408895,1.745857,-0.089935,0,0
1,0,0,1.644626,1.012888,6.390818,0.952437,1,0
0,0,1,1.822617,0.03538,1.07708,-0.246347,0,0
0,1,0,1.620113,0.468697,0.946974,-0.339139,0,0
0,1,0,6.339745,4.019808,6.75957,0.250146,3,1
0,1,0,0.145415,0.22351,0.360657,-0.125444,0,0
0,1,0,5.128526,2.808436,4.189202,5.018441,4,1
1,0,0,4.306278,0.498108,1.827986,-0.196592,1,0
0,1,0,4.630568,0.643451,4.527892,-0.301867,2,1
0,0,1,0.237956,0.247311,0.494332,0.257058,0,0
0,1,0,-0.219386,-0.135559,-0.233441,-0.054525,0,0
0,1,0,-0.468471,-0.063203,-0.447307,0.329042,0,0
1,0,0,0.16737,-0.246893,0.176223,0.022408,0,0
0,1,0,4.646062,3.701443,3.181411,2.855738,4,1
0,0,1,0.132845,-0.237518,-0.132183,-0.013675,0,0
0,1,0,1.038765,0.449599,1.636696,-0.149902,0,0
1,0,0,0.517603,0.763952,-0.329494,-0.127008,0,0
0,1,0,5.011566,7.264951,3.840624,-1.554465,4,1
0,1,0,0.06773,-0.292274,0.173874,0.272863,0,0
1,0,0,0.167118,0.466706,0.859493,0.127554,0,0
1,0,0,1.939896,0.538296,1.306611,0.004399,0,0
0,0,1,1.341927,3.516598,1.931606,-4.501062,2,1
0,0,1,0.698557,1.7096,5.681471,0.890701,1,0
0,0,1,-0.47623,-0.29512,-0.03748,0.215386,0,0
0,0,1,-0.337318,0.182609,0.295767,0.235455,0,0
0,0,1,0.014757,0.138161,-0.152886,-0.118851,0,0
0,1,0,0.251162,-0.53561,-0.133725,0.356684,0,0
0,1,0,0.719774,1.72424,5.160608,-0.614014,1,0
0,0,1,6.873916,3.915601,3.993388,-0.948621,3,1
1,0,0,2.738724,1.235168,5.214135,0.037961,2,1
0,0,1,0.42218,-0.32446,0.312021,-0.239054,0,0
0,0,1,6.894271,3.307242,4.912272,-0.394341,3,1
1,0,0,1.653429,0.889811,1.613783,0.306338,0,0
0,0,1,0.481229,0.930734,2.316323,0.360485,0,0
0,0,1,6.932036,0.848572,1.353177,-0.541788,1,0
0,0,1,1.648544,2.173157,1.391847,-1.449723,0,0
1,0,0,0.012143,-0.232492,-0.025836,0.177656,0,0
0,1,0,-0.23214,-0.240084,0.210287,-0.133451,0,0
1,0,0,0.041123,0.595831,0.049634,0.413573,0,0
0,0,1,5.978385,3.266345,6.55659,-0.585657,3,1
0,0,1,3.697096,3.227091,4.81509,3.095095,4,1
0,1,0,1.815169,4.329775,2.078545,0.817176,1,1
0,0,1,3.332513,2.285305,1.182209,0.526338,1,0
0,1,0,2.350884,0.461485,2.266663,0.36541,0,0
0,1,0,-0.611557,1.27001,0.276051,0.156245,0,0
1,0,0,0.929331,0.042938,0.226379,-0.061534,0,0
0,1,0,-0.554145,-0.156039,0.236429,-0.193162,0,0
0,0,1,1.208813,4.230099,2.059087,-1.016985,1,1
1,0,0,1.714027,0.188075,2.766211,1.531732,2,1
0,1,0,3.847281,6.629114,6.863479,-1.185546,3,1
0,1,0,-0.040361,0.393025,0.544026,-0.072354,0,0
0,0,1,0.337269,0.380246,0.819892,-0.106688,0,0
0,1,0,-0.104918,-0.293138,-0.707823,-0.066689,0,0
0,0,1,4.29363,4.374041,5.26378,-0.72096,3,1
1,0,0,1.731336,1.413948,7.252097,0.395451,1,0
1,0,0,2.341178,0.138173,0.900754,-0.206835,0,0
0,1,0,3.908512,2.659463,2.759882,3.241123,4,1
0,1,0,4.921652,2.514817,3.301082,0.845358,3,1
0,0,1,2.281025,0.082155,0.98216,0.360082,0,0
0,1,0,3.866206,-0.316249,1.335553,0.695022,1,0
0,0,1,0.240954,0.678309,0.573994,-0.027975,0,0
0,0,1,0.392633,-0.36503,-0.010345,-0.115779,0,0
0,0,1,1.068766,0.459541,-0.090186,0.183486,0,0
0,0,1,1.290014,0.37092,0.968799,0.020801,0,0
0,1,0,0.149186,-0.488223,-0.310578,-0.064451,0,0
0,1,0,-0.073191,0.472721,0.223163,0.142551,0,0
0,0,1,3.065175,-0.256927,0.639053,0.019517,1,0
0,0,1,1.118405,1.568117,2.351538,-3.647056,1,1
1,0,0,0.374582,0.335643,0.121195,-0.213109,0,0
0,0,1,5.132293,5.163415,5.403089,-0.912673,3,1
0,1,0,0.389085,0.256011,0.012623,0.198115,0,0
1,0,0,4.904653,3.103895,6.526761,-1.454168,3,1
1,0,0,1.453817,3.765924,1.647682,-3.536893,2,1
0,1,0,0.95126,2.094516,1.479193,-3.053516,1,1
1,0,0,4.480006,5.008671,5.236053,-2.045663,4,1
1,0,0,5.978414,7.185374,5.117132,-0.983023,3,1
0,0,1,0.27485,0.52991,0.444716,-0.060412,0,0
0,1,0,0.269191,0.522787,-0.169718,-0.068161,0,0
0,0,1,0.299712,-0.568208,2.322988,-0.845257,0,0
0,0,1,0.95385,0.877564,2.704724,-0.394685,1,0
0,1,0,0.677148,-0.166314,0.269434,0.057525,0,0
0,1,0,0.831258,0.478472,1.424174,0.422847,0,0
1,0,0,3.339175,0.367276,1.736816,-0.316351,1,0
0,1,0,3.473756,1.587386,3.841294,0.704923,2,1
0,1,0,2.127443,1.720439,2.354482,-0.013252,0,0
1,0,0,3.134129,1.438911,2.476284,0.307474,1,0
1,0,0,1.020802,-0.005067,1.02804,0.03335,0,0
0,0,1,0.171517,0.808518,5.799097,0.495574,1,0
1,0,0,-0.483726,0.624282,0.544626,-0.132315,0,0
0,1,0,-0.143702,-0.128221,-0.347544,0.269963,0,0
1,0,0,-0.278899,0.427351,-0.081912,0.077611,0,0
0,1,0,0.087644,0.236459,0.429951,-0.162951,0,0
1,0,0,1.313154,1.345497,0.082725,0.840128,0,0
1,0,0,0.332971,0.132103,0.348758,-0.174825,0,0
1,0,0,-0.120593,-0.211733,0.738854,-0.153019,0,0
0,0,1,5.053262,0.476498,1.894135,0.356598,1,0
1,0,0,1.314683,0.394897,1.043126,-0.101645,0,0
0,1,0,0.287928,0.31786,-0.387229,-0.130324,0,0
0,1,0,1.37259,2.699637,2.441633,-3.089619,2,1
0,0,1,2.815562,-0.062099,3.993844,-0.550017,2,1
1,0,0,6.312015,5.400854,4.465522,-2.032925,4,1
0,1,0,1.577415,2.141936,3.648752,2.831821,2,1
0,0,1,0.877541,-0.241285,-0.024975,-0.474213,0,0
0,1,0,0.110454,-0.225151,-0.988921,-0.090268,0,0
1,0,0,0.936898,1.831207,5.227355,0.614358,1,0
1,0,0,4.247784,0.174569,3.103751,0.094716,2,1
0,0,1,0.783458,0.815818,0.353631,-0.136582,0,0
0,0,1,-0.433191,0.257779,-0.00676,0.287556,0,0
0,1,0,1.978612,2.157573,2.862955,0.423317,1,0
0,0,1,0.273517,0.845531,3.084386,0.189697,1,0
0,1,0,2.502339,1.997336,3.028069,1.201957,2,1
0,0,1,3.377773,0.995252,5.870806,0.599409,2,1
0,1,0,1.546369,2.272114,2.351169,1.049304,0,0
0,0,1,0.821087,0.280873,2.144077,0.001767,0,0
0,0,1,4.130698,-0.116883,3.449081,-0.173583,2,1
0,1,0,1.83706,0.386622,1.009847,0.453529,0,0
0,1,0,0.83268,0.159973,0.526373,0.138775,0,0
0,1,0,0.971136,0.046941,-0.002752,0.020466,0,0
1,0,0,1.36618,1.583362,3.081836,-1.902759,2,1
0,1,0,0.447006,0.293471,2.481913,0.094433,0,0
0,1,0,1.176116,3.211305,1.786306,1.257478,1,0
0,1,0,-0.117525,-0.420977,0.76763,-0.39496,0,0
0,0,1,0.745068,0.271888,0.497859,-0.046618,0,0
0,0,1,1.449267,3.609964,2.347274,0.764958,1,0
1,0,0,1.369793,1.017944,1.262579,-0.167809,0,0
1,0,0,0.984182,-0.482456,0.547488,-0.253654,0,0
0,1,0,0.54223,-0.731142,-0.007211,-0.02303,0,0
0,0,1,5.256,4.075134,6.582272,-1.20334,3,1
1,0,0,0.787825,-0.875653,1.845264,0.473974,0,0
0,0,1,1.81663,0.599749,2.828548,-0.10715,1,0
0,1,0,5.916301,0.448776,2.675465,-0.245586,2,1
0,0,1,0.23526,-0.164948,0.397496,0.097337,0,0
1,0,0,0.769094,1.098941,1.608927,0.832157,0,0
1,0,0,-0.174429,0.248154,0.063484,-0.068982,0,0
0,1,0,1.845138,1.626834,3.631177,0.422869,1,0
0,1,0,0.416765,1.421961,2.926552,-0.179389,1,0
0,1,0,4.05788,-0.439715,3.186663,0.223947,2,1
0,1,0,-0.782326,-0.356909,0.174861,-0.135255,0,0
0,0,1,-0.290584,-0.485699,0.683209,0.103032,0,0
0,0,1,6.067105,3.516881,7.811471,-1.696954,4,1
0,0,1,-0.418977,-0.643414,-0.060437,-0.357635,0,0
1,0,0,5.261411,2.185912,4.867721,-3.152549,3,1
1,0,0,-0.934234,0.239061,0.481129,-0.084569,0,0
1,0,0,2.780877,0.749035,4.277554,0.886314,2,1
0,1,0,5.441735,7.825327,6.602151,-0.803611,3,1
0,1,0,0.593429,0.076667,0.29814,0.042691,0,0
0,1,0,1.713549,-0.036039,1.306726,0.415446,0,0
0,1,0,0.048269,0.225058,-0.114572,-0.301709,0,0
0,0,1,3.726295,0.185063,3.907252,1.067808,2,1
1,0,0,1.004812,2.150611,1.647096,-2.673892,1,1
0,1,0,6.104448,6.638786,5.03508,-1.125486,3,1
1,0,0,0.903889,-0.85584,0.286156,-0.131739,0,0
0,1,0,0.402809,-0.684629,0.087683,0.037043,0,0
1,0,0,1.175283,0.615256,-0.546119,-0.001477,0,0
1,0,0,2.762655,2.719654,3.48396,0.325385,3,1
0,1,0,3.189657,2.846738,2.274151,-0.184078,2,1
0,0,1,0.043606,0.140035,0.125434,0.233226,0,0
0,0,1,2.974824,2.204068,3.451984,1.690434,3,1
0,1,0,0.76747,3.815429,1.988082,-3.180399,2,1
0,0,1,-0.486262,-0.513992,0.327867,-0.138349,0,0
0,0,1,0.261796,-0.056729,-0.01581,0.121138,0,0
1,0,0,5.005615,4.785049,4.012189,-2.281035,4,1
1,0,0,0.927521,-0.164513,0.462088,-0.082417,0,0
0,0,1,0.445661,0.473064,-0.742359,-0.339585,0,0
0,1,0,-0.098272,0.379393,-0.274332,0.245291,0,0
0,1,0,0.915821,1.200739,2.535731,0.23366,1,0
0,1,0,0.86097,-0.367678,-0.064609,-0.341255,0,0
0,1,0,1.227722,0.194821,1.105428,0.781915,0,0
0,0,1,2.164414,3.275852,2.827544,-0.162368,2,1
0,1,0,1.88957,1.418728,1.329258,0.838508,0,0
1,0,0,-0.9715,0.1008,0.393314,0.287045,0,0
1,0,0,1.752042,0.599498,5.743892,-0.068477,1,0
1,0,0,-0.186872,0.363358,0.335869,-0.293937,0,0
1,0,0,2.791166,0.823675,1.262412,-0.237761,1,0
0,0,1,0.643671,0.525872,0.043777,-0.45607,0,0
1,0,0,2.083352,0.25686,1.67411,-0.384869,0,0
0,0,1,0.219956,-0.702054,-0.064756,0.295344,0,0
0,1,0,4.693065,2.146093,3.21515,3.986259,3,1
0,1,0,3.557837,6.194645,5.564612,-1.076238,3,1
1,0,0,3.358209,5.565262,3.848769,-2.999726,4,1
0,1,0,0.092504,-0.771708,-0.146201,-0.34714,0,0
1,0,0,-0.078634,0.090122,0.214332,0.726643,0,0
1,0,0,0.292116,0.70307,-0.086113,0.216171,0,0
0,1,0,2.767898,1.632824,4.860207,0.402971,2,1
0,0,1,-0.056838,0.261673,0.709608,-0.683919,0,0
0,1,0,-0.231836,0.130125,-0.217013,0.068856,0,0
1,0,0,-0.214011,-0.351965,1.659185,0.606258,0,0
1,0,0,-0.999846,0.971264,0.452511,-0.173518,0,0
1,0,0,1.816208,0.773007,0.909201,0.052109,0,0
0,1,0,2.102461,2.362667,5.248686,0.728019,1,0
1,0,0,6.294829,4.431035,4.189169,-1.893517,4,1
0,0,1,2.976035,2.325129,7.585774,0.708421,2,1
0,0,1,4.75447,-0.026154,2.181402,-0.505371,1,0
0,1,0,1.336245,1.962997,7.704594,0.356172,1,0
0,1,0,1.847068,0.317225,1.514294,0.615373,0,0
0,0,1,3.55415,1.147465,3.919093,-0.274574,2,1
0,0,1,1.640866,1.320226,6.397167,0.147218,1,0
0,0,1,1.615672,3.095702,4.158771,-3.347829,3,1
0,1,0,4.087711,3.557238,7.529005,-2.384707,4,1
1,0,0,3.236815,0.129246,3.642995,0.235741,2,1
1,0,0,0.63546,-0.094035,0.627411,0.537103,0,0
0,1,0,-1.505201,0.318428,-0.153098,0.039652,0,0
0,1,0,2.332403,3.699748,2.814814,3.732434,3,1
1,0,0,-0.177507,0.319057,0.226175,0.083766,0,0
0,1,0,-0.589067,-0.129262,0.351501,0.348623,0,0
0,0,1,1.223799,0.140496,2.212341,0.418024,0,0
0,0,1,1.810697,0.600952,0.468505,0.138525,0,0
1,0,0,0.922061,1.198449,1.600198,-0.315795,0,0
0,0,1,-0.306891,-0.021648,-0.197258,0.187208,0,0
1,0,0,0.101603,2.184949,1.884789,-3.896681,1,1
0,0,1,1.65607,0.492005,0.62402,-0.124735,0,0
0,1,0,3.556806,2.533177,0.877071,0.750824,2,1
0,0,1,1.179111,2.483709,3.267259,-1.739616,2,1
0,1,0,-0.026144,0.619944,2.557733,0.390654,1,0
1,0,0,0.879319,0.250714,0.313965,0.161606,0,0
1,0,0,8.911968,4.595022,7.362498,-2.515814,4,1
0,0,1,0.824333,-0.599622,-0.263209,0.146285,0,0
0,1,0,2.733146,2.416573,2.685687,0.752419,2,1
0,0,1,0.416206,0.48384,1.201578,-0.448889,0,0
1,0,0,1.963043,4.04857,0.735026,-2.165634,2,1
0,1,0,4.186981,0.642994,4.013417,-0.085121,2,1
1,0,0,1.459203,0.643947,2.954748,0.59947,1,0
0,0,1,3.052684,3.555096,4.330296,0.73775,3,1
1,0,0,0.30424,0.04448,0.406601,-0.081823,0,0
1,0,0,2.969378,0.923993,0.596142,0.393931,1,0
0,1,0,0.153334,-0.079682,0.733321,0.020751,0,0
0,1,0,0.249155,0.373457,3.013958,0.26398,1,0
1,0,0,2.188205,3.610526,1.730512,-2.460602,2,1
1,0,0,1.341515,0.578599,2.209563,-0.160308,0,0
1,0,0,0.721775,0.858078,1.830472,0.313618,0,0
0,0,1,0.271279,-0.404519,-0.447437,0.160062,0,0
0,1,0,0.861462,0.663983,-0.376173,-0.016541,0,0
1,0,0,0.249425,-0.059005,0.01561,0.020775,0,0
1,0,0,6.204329,6.443923,4.524142,0.10284,3,1
0,0,1,1.780302,0.614024,1.372388,0.033846,0,0
0,1,0,0.287499,0.951917,2.148208,0.364435,0,0
0,0,1,2.39284,2.710175,1.916017,-0.051604,1,0
1,0,0,0.909041,-0.176934,0.737176,-0.008514,0,0
0,1,0,0.495594,1.587591,7.131286,1.52837,2,1
1,0,0,1.445767,0.241567,1.394485,0.391832,0,0
0,1,0,0.122707,0.35721,1.557999,-0.088271,0,0
0,0,1,1.193073,4.234208,3.07746,-3.189384,3,1
0,1,0,1.400172,0.612421,3.445065,0.240451,1,0
0,1,0,-0.005322,0.195148,0.0931,-0.00833,0,0
1,0,0,3.111915,0.367512,2.577076,0.010506,2,1
0,1,0,1.153075,0.151052,2.069052,0.072502,0,0
1,0,0,2.496912,1.175462,4.196791,1.240484,1,0
0,0,1,0.997727,0.434306,1.031126,0.466341,0,0
0,1,0,-0.13638,0.359733,-0.447448,0.056079,0,0
0,1,0,0.335169,0.673057,0.508592,-0.099068,0,0
0,0,1,1.242625,0.068673,0.022853,-0.384815,0,0
0,0,1,0.063066,0.675937,1.460535,-0.384195,0,0
0,1,0,1.977687,0.558514,0.525265,0.28519,0,0
0,1,0,1.41266,-0.254129,0.104049,0.074666,0,0
0,1,0,0.8337,0.925068,3.032735,-0.076857,1,0
0,1,0,0.18363,0.674096,-0.000459,0.103515,0,0
0,0,1,4.344052,2.830246,2.788767,2.466958,4,1
1,0,0,-0.479124,-0.539801,-0.16971,0.352226,0,0
0,1,0,1.888794,1.335303,0.273308,-0.258408,0,0
0,0,1,2.967871,5.197745,4.03275,1.24081,3,1
0,0,1,4.12403,-0.069093,3.493226,-0.181337,2,1
1,0,0,-0.310731,0.742146,-0.164559,0.301682,0,0
0,0,1,1.047368,2.832266,1.108699,-1.903066,2,1
1,0,0,1.315245,0.414503,0.956615,0.304344,0,0
1,0,0,0.125204,-0.037846,0.917868,0.12986,0,0
0,1,0,5.521118,5.030809,5.022709,-2.667648,4,1
1,0,0,1.869521,0.423844,1.082745,0.540539,0,0
0,1,0,6.13248,4.352162,4.670801,-1.528982,4,1
0,0,1,-0.559792,-0.706876,-0.144604,0.015979,0,0
1,0,0,1.289658,1.79542,2.678333,-0.141252,1,0
1,0,0,0.695787,2.723252,2.704867,-1.950505,3,1
0,1,0,1.451111,4.009267,1.585525,-3.202724,2,1
1,0,0,1.653175,0.560979,2.970833,0.421943,1,0
1,0,0,-0.266426,-0.124264,-0.076161,-0.131544,0,0
0,1,0,4.229483,2.237742,3.084728,4.545227,3,1
0,0,1,0.53455,-0.470832,-0.166593,-0.044209,0,0
1,0,0,2.99904,0.421993,1.559428,-0.064521,1,0
0,1,0,-0.542213,0.225102,0.0596,-0.062448,0,0
1,0,0,-0.302572,0.201461,0.146986,0.004396,0,0
1,0,0,5.239137,2.441721,5.631772,2.79345,3,1
1,0,0,-0.112907,1.026929,1.89152,-0.130334,0,0
1,0,0,0.72574,-0.01406,0.650698,1.037316,0,0
0,0,1,-0.247233,0.124732,0.70527,0.285256,0,0
0,1,0,0.13974,-0.21441,0.263628,-0.042286,0,0
0,0,1,0.685519,0.412557,2.242869,0.046012,0,0
0,0,1,-0.092639,0.025246,-0.097018,-0.030377,0,0
0,0,1,0.575104,-0.658479,0.937576,0.028824,0,0
1,0,0,5.841432,4.471837,3.858856,-0.35751,3,1
1,0,0,4.279109,2.52551,3.971962,2.875009,4,1
1,0,0,0.563119,-0.219113,0.016867,0.051643,0,0
0,1,0,-0.218795,0.065832,0.353204,-0.008409,0,0
1,0,0,2.529953,1.215236,2.703482,1.283102,2,1
0,1,0,0.289312,-0.215037,1.069141,0.038397,0,0
0,0,1,-0.715855,0.160727,0.598007,0.01303,0,0
0,1,0,2.218736,3.271944,4.755141,-1.852614,3,1
0,0,1,-0.336937,-0.422444,-0.174095,0.010426,0,0
0,1,0,0.890053,4.066568,2.457339,-2.114437,2,1
1,0,0,1.087019,0.5174,0.574939,-0.125132,0,0
0,1,0,0.576207,0.323652,-0.154724,0.012654,0,0
0,1,0,0.493768,0.867401,1.041589,-0.363327,0,0
0,1,0,3.79941,6.174034,3.118997,-2.254278,4,1
0,1,0,-0.056632,-0.137037,-0.04748,0.143671,0,0
0,0,1,0.254562,0.441956,-0.410434,0.374919,0,0
1,0,0,3.250716,0.10529,2.682667,-0.141875,2,1
1,0,0,0.271573,0.190441,0.908129,-0.16358,0,0
0,1,0,1.046174,-0.35795,1.92919,0.378066,0,0
1,0,0,-0.464137,0.069899,-0.514335,-0.291947,0,0
1,0,0,-0.622718,0.54069,1.590387,-0.059798,0,0
0,0,1,-0.418116,-0.420582,0.192493,-0.068192,0,0
0,1,0,5.356722,5.615888,7.03231,-1.693475,4,1
1,0,0,-0.618969,-0.504653,0.166085,-0.038833,0,0
0,0,1,3.369637,-0.13112,2.614223,0.087334,2,1
0,1,0,-0.087329,0.243136,2.102197,0.706392,0,0
1,0,0,3.683464,5.515826,8.171634,-2.09521,4,1
0,1,0,3.877744,3.293523,2.232671,1.958738,3,1
0,0,1,0.501611,0.186135,0.756748,-0.337818,0,0
1,0,0,0.793107,1.18493,1.736723,0.935265,0,0
0,1,0,-0.502951,0.468203,0.800572,-0.100193,0,0
0,1,0,2.832254,4.367195,4.209596,-0.512654,3,1
0,1,0,2.356581,0.399306,1.170857,0.663497,0,0
0,1,0,5.055973,3.185595,4.802376,-0.912385,3,1
1,0,0,2.116393,4.380348,4.717793,-0.491723,2,1
0,1,0,5.621806,5.568419,2.266896,-2.219966,3,1
1,0,0,-0.393353,0.431745,-0.241393,-0.015015,0,0
1,0,0,0.781949,3.967489,1.459653,0.212556,1,0
1,0,0,0.473445,2.072717,2.248989,-3.300571,1,1
0,1,0,1.179861,0.001753,3.326373,0.740388,1,0
0,0,1,-0.30215,-0.246302,0.112607,0.195983,0,0
0,1,0,2.230443,1.898264,3.169871,0.643137,1,0
0,0,1,1.387853,1.069654,2.667982,0.063482,1,0
0,0,1,2.311417,-0.157933,0.242845,0.018625,0,0
1,0,0,1.537643,1.474782,5.945377,0.186331,1,0
1,0,0,0.049522,2.037648,5.554672,1.073786,1,0
1,0,0,3.538496,0.700393,3.161704,2.005619,3,1
1,0,0,-0.335924,0.44219,0.63112,0.073966,0,0
1,0,0,-0.221858,-0.111064,0.244784,0.221081,0,0
1,0,0,0.299309,-0.722747,-0.381046,-0.124523,0,0
0,0,1,0.69185,0.752794,-0.05772,-0.073582,0,0
0,1,0,-0.422904,0.277923,-0.305224,-0.102944,0,0
0,1,0,-0.129597,-0.330004,0.635994,0.232629,0,0
0,0,1,0.387936,0.253881,0.049299,-0.155698,0,0
0,1,0,0.616096,2.247481,7.738524,-0.060483,1,0
0,1,0,1.48117,1.329624,4.809771,0.789203,1,0
1,0,0,1.811933,0.302107,2.110073,0.253756,0,0
0,0,1,1.038507,0.574503,6.105496,0.785749,1,0
0,1,0,2.505033,1.430725,4.783071,0.411685,2,1
0,1,0,6.695418,3.088712,4.599063,-0.737126,3,1
0,0,1,1.947,-0.278217,6.153373,0.678453,1,0
0,1,0,5.171815,4.698998,6.769032,-0.626596,3,1
0,1,0,-0.295891,-0.380061,-0.136654,0.202273,0,0
0,1,0,-0.369316,0.018899,0.314528,0.062513,0,0
1,0,0,2.684459,2.006125,4.335811,0.972369,2,1
1,0,0,0.040945,0.030162,-0.472581,0.168065,0,0
0,0,1,0.258236,0.42071,-0.075945,-0.274422,0,0
0,1,0,1.656394,6.623658,4.521683,-0.605917,2,1
0,0,1,1.064529,1.640414,2.80254,-0.019765,1,0
1,0,0,5.195167,7.815341,5.190621,-0.719247,3,1
1,0,0,0.113123,-0.655291,0.443397,0.147805,0,0
1,0,0,0.71676,1.479318,2.593113,0.378754,1,0
0,1,0,0.38412,-0.268671,-0.065846,-0.146639,0,0
1,0,0,-0.155864,-0.126888,0.102276,0.181668,0,0
1,0,0,1.38927,1.233052,6.017881,-0.13685,1,0
0,0,1,0.515513,0.344741,-0.012051,0.157627,0,0
0,1,0,3.314342,3.43297,1.854672,0.323291,2,1
0,1,0,0.807119,0.413551,0.296167,-0.619814,0,0
0,1,0,3.885687,6.430639,7.550273,-1.501679,4,1
0,0,1,1.027207,1.774136,7.488409,0.09716,1,0
1,0,0,1.544218,4.298537,6.065789,-0.31352,2,1
0,0,1,1.236982,-0.201199,-0.05385,-0.191486,0,0
0,1,0,0.318618,-0.072061,0.039419,-0.042208,0,0
0,1,0,-0.511791,0.657852,-0.062757,-0.125813,0,0
0,0,1,2.785059,0.691864,0.657764,-0.01034,1,0
0,0,1,1.071096,0.345607,2.246801,0.58675,0,0
1,0,0,0.120821,1.076017,1.343758,-0.055721,0,0
0,0,1,3.869106,5.319901,5.484475,-0.794671,3,1
0,1,0,2.793337,1.014862,0.637892,-0.002138,1,0
0,0,1,5.491512,0.072298,2.42881,0.003844,1,0
0,1,0,0.199727,-0.392793,-0.237904,-0.406527,0,0
0,0,1,-0.349225,-0.533279,0.773864,-0.01967,0,0
0,0,1,-0.482836,0.03699,0.729964,0.276393,0,0
0,0,1,0.558043,0.357542,0.113665,0.235018,0,0
1,0,0,4.394929,0.261873,2.061522,-0.373482,1,0
1,0,0,1.063646,0.85018,-0.055876,0.17768,0,0
0,1,0,2.693502,0.176235,1.036783,0.031868,1,0
0,0,1,0.051173,0.475732,0.281784,0.083723,0,0
0,1,0,-0.439948,0.316727,-0.930248,0.157636,0,0
1,0,0,5.640379,5.183973,5.714985,-0.442965,3,1
1,0,0,-0.105192,-0.269114,-0.480508,0.009585,0,0
0,0,1,4.754687,3.257554,5.403786,-2.644815,4,1
1,0,0,-0.144517,-0.049519,0.239893,0.254231,0,0
1,0,0,0.223883,0.116672,0.595968,-0.165005,0,0
1,0,0,0.649877,-0.653718,0.336308,-0.245022,0,0
0,1,0,0.02241,0.875702,0.337911,-0.278303,0,0
0,1,0,-0.352926,-0.996968,0.176102,-0.175036,0,0
1,0,0,-0.207147,0.421156,-0.036389,-0.041544,0,0
0,1,0,-0.033294,-0.144317,0.104956,0.416525,0,0
0,1,0,1.584597,0.547986,0.845232,0.193396,0,0
0,1,0,1.194436,-0.472364,0.418415,-0.049835,0,0
1,0,0,1.53715,0.674281,1.937972,0.456273,0,0
0,0,1,0.177581,-0.717601,0.239187,-0.270449,0,0
0,0,1,1.720019,0.128392,3.610528,0.548028,1,0
1,0,0,-0.452864,-0.284698,0.118838,0.176294,0,0
0,1,0,1.082193,0.773675,0.650584,-2.977021,1,1
0,0,1,0.376174,-0.340417,0.239525,-0.085673,0,0
0,1,0,0.192906,-0.066019,-0.396526,-0.103546,0,0
0,0,1,0.528473,-0.372939,-0.51538,0.243226,0,0
0,1,0,1.78467,-0.111265,2.244537,-0.264016,0,0
1,0,0,3.248091,0.606813,1.634316,0.1479,1,0
0,0,1,0.809087,-1.227427,-0.277226,0.08003,0,0
0,1,0,2.931219,2.637697,3.500799,2.277144,4,1
0,1,0,0.723237,0.555178,1.484751,-0.202288,0,0
0,0,1,0.147645,-0.795947,0.235801,-0.139824,0,0
1,0,0,0.212568,0.374751,0.230695,0.276681,0,0
0,0,1,-0.283405,0.283839,0.202196,0.008046,0,0
0,0,1,0.045525,0.635088,-0.396836,0.105309,0,0
0,0,1,-0.475752,-0.518357,0.720413,-0.220263,0,0
0,1,0,2.002626,0.693926,1.25236,-0.095754,0,0
0,1,0,4.622112,3.670642,5.453141,-2.114021,4,1
0,0,1,2.386776,2.193864,5.59622,1.807811,2,1
0,1,0,3.278357,0.23252,3.581459,0.146284,2,1
0,1,0,1.312932,0.653263,3.789186,1.279359,1,0
0,0,1,1.066746,0.563151,3.446599,0.360918,1,0
0,0,1,2.374945,-0.120329,1.660985,0.129932,0,0
0,1,0,-0.127459,0.800825,0.348966,-0.038652,0,0
0,0,1,-0.315587,-0.254508,-0.183639,0.039317,0,0
0,0,1,2.594848,-0.159317,1.274871,0.418044,1,0
0,1,0,2.284393,0.470888,0.928495,0.127273,0,0
1,0,0,-0.014083,0.347163,0.401215,-0.046487,0,0
0,1,0,0.171882,0.135963,0.205765,-0.24257,0,0
0,0,1,0.424836,-0.071764,0.523027,0.091848,0,0
1,0,0,3.371737,0.491203,2.769335,0.040488,2,1
0,0,1,4.592869,5.884683,3.664718,-1.762336,4,1
1,0,0,1.12851,1.702919,1.211305,-0.252932,0,0
0,1,0,0.437638,0.317155,0.245641,0.057137,0,0
1,0,0,2.304222,0.453171,3.318146,1.114818,1,0
1,0,0,-0.077441,0.234115,0.241326,-0.079732,0,0
0,0,1,1.937774,0.478377,1.365057,-0.203763,0,0
1,0,0,4.605201,0.739665,2.042063,-0.029719,1,0
0,0,1,1.303396,3.350198,2.702911,0.468027,2,1
0,1,0,2.356543,3.436176,2.259718,1.200635,1,0
0,1,0,0.132066,-0.458983,-0.02701,0.179997,0,0
1,0,0,0.087071,0.789761,-0.029159,-0.359301,0,0
0,0,1,2.707589,1.010443,3.543307,-0.309573,2,1
1,0,0,4.01996,0.356475,0.813896,-0.104847,1,0
0,1,0,5.77438,4.283769,4.829662,-1.795379,4,1
0,1,0,2.52431,0.096351,0.667164,-0.597962,1,0
1,0,0,1.91969,0.663978,3.5231,0.410109,1,0
1,0,0,2.626334,4.362073,2.053967,0.520616,2,1
1,0,0,3.494309,2.884771,4.956504,0.542277,3,1
0,0,1,2.558609,0.088674,7.123141,0.744645,2,1
1,0,0,3.518874,0.240245,3.885637,-0.24171,2,1
0,0,1,0.57813,-0.427525,-0.286664,-0.360056,0,0
1,0,0,4.21277,3.530579,4.629207,0.127876,3,1
1,0,0,0.467597,-0.346518,-0.11363,-0.180967,0,0
0,0,1,5.418942,6.389457,6.464174,-0.561122,3,1
1,0,0,0.966672,-0.057413,0.864817,-0.017807,0,0
0,1,0,1.137697,1.727181,5.895618,0.661919,1,0
0,0,1,1.912795,0.883925,3.689282,-0.55189,1,0
0,1,0,1.18864,0.738251,1.126255,1.069404,0,0
0,0,1,-0.079716,-0.782474,0.372074,0.139135,0,0
0,1,0,0.893665,-0.33669,-0.761616,0.311395,0,0
1,0,0,-0.313653,-0.087098,-0.703789,-0.007797,0,0
0,1,0,8.093681,7.062691,5.036176,-1.068474,3,1
1,0,0,2.790322,-0.077786,4.834749,0.442274,2,1
1,0,0,2.96102,2.730938,2.187057,1.351632,2,1
0,1,0,2.918478,0.790877,3.30588,0.151151,2,1
1,0,0,0.303422,-0.160211,-0.062385,0.385175,0,0
0,1,0,2.180735,1.028613,1.763269,0.288096,0,0
0,1,0,1.139321,-0.147978,1.312199,0.386223,0,0
1,0,0,0.708519,0.547224,-0.13271,0.054269,0,0
0,1,0,1.499529,0.105523,0.493893,-0.223559,0,0
0,0,1,-0.312754,0.325153,-0.062003,0.306591,0,0
1,0,0,0.215345,0.060448,0.399803,-0.128934,0,0
0,1,0,0.308796,0.057196,-0.199343,0.172127,0,0
0,1,0,0.372159,0.53527,0.225357,-0.175955,0,0
1,0,0,6.427557,3.178884,5.498997,-1.028631,3,1
0,0,1,0.687453,2.044574,1.599995,-1.535394,1,0
1,0,0,2.321423,1.290925,1.675714,0.679271,0,0
0,0,1,0.752434,0.784634,0.517173,-0.537653,0,0
0,0,1,1.787961,2.715663,3.685465,0.192368,2,1
0,0,1,3.976873,2.11319,3.205222,2.856021,3,1
0,1,0,-0.089162,1.101396,0.000479,0.148039,0,0
0,1,0,3.170361,1.616591,1.505712,1.603064,2,1
0,0,1,4.192136,0.722393,3.208432,0.533291,2,1
0,0,1,2.124973,1.314266,4.774655,0.435731,1,0
1,0,0,-0.288317,-0.037759,0.100958,-0.058447,0,0
0,1,0,0.578806,0.621692,0.17508,0.120888,0,0
1,0,0,1.153544,0.922321,1.160024,0.121216,0,0
0,1,0,-0.047315,0.138213,-0.17145,0.1002,0,0
1,0,0,0.332805,0.064708,0.150213,0.056353,0,0
0,1,0,5.931561,3.082304,5.336788,-1.87406,4,1
0,1,0,-0.049043,0.740789,0.678777,0.076649,0,0
0,0,1,2.496028,1.490694,1.946966,0.106215,0,0
0,1,0,-0.243559,0.086187,0.357433,0.155891,0,0
0,1,0,5.626676,5.56438,2.274222,-2.016431,3,1
0,0,1,0.539283,0.064075,0.554742,-0.241403,0,0
0,1,0,4.825469,3.400318,6.318485,2.878849,4,1
0,1,0,0.235598,0.824236,-0.040189,0.216907,0,0
0,0,1,3.271296,4.817496,1.223587,-3.70599,3,1
0,0,1,4.305661,2.537032,4.662308,2.61109,4,1
0,1,0,6.343594,4.005318,4.121298,-0.977687,3,1
1,0,0,2.630726,1.246986,0.761429,0.812966,1,0
0,0,1,-0.090336,0.524305,-0.348981,-0.04263,0,0
0,0,1,1.045572,0.159631,0.51459,0.344679,0,0
1,0,0,1.300853,4.457792,2.275986,-1.712224,2,1
1,0,0,0.193302,0.1802,-0.656817,-0.363503,0,0
0,1,0,1.255327,1.530824,0.583451,-4.338876,1,1
0,0,1,3.661536,4.748247,3.380505,0.393193,3,1
0,0,1,1.681151,0.312457,1.030324,0.471203,0,0
0,0,1,-0.013293,0.605171,-0.498505,0.269001,0,0
0,1,0,3.398241,0.641372,1.432033,-0.509943,1,0
0,1,0,0.137657,-0.110678,-0.755391,0.005681,0,0
0,1,0,0.9678,0.597427,1.182929,1.057891,0,0
1,0,0,1.521164,2.839752,-0.76618,-0.131228,1,0
1,0,0,0.954613,-0.0692,1.775182,-0.33375,0,0
0,1,0,4.047525,2.833166,3.03138,-2.376148,4,1
0,1,0,3.993862,3.005606,4.29142,3.255249,4,1
0,0,1,0.81577,1.693139,-0.068533,0.206798,0,0
0,1,0,7.658459,8.092916,6.828509,-1.461473,3,1
0,0,1,5.2883,3.319145,2.453527,4.767646,3,1
1,0,0,-0.900123,0.215215,-0.688061,0.113792,0,0
0,1,0,0.644746,0.895987,2.19489,0.045197,0,0
1,0,0,1.935096,1.13126,4.711935,-0.167252,1,0
0,0,1,3.243488,2.783673,3.720077,1.047918,3,1
0,0,1,3.075528,-0.10982,1.414324,-0.022604,1,0
1,0,0,0.304034,0.203228,-0.266932,0.122413,0,0
1,0,0,0.918873,1.147418,0.911123,0.575066,0,0
0,0,1,-0.480065,1.704868,1.999254,0.670718,0,0
1,0,0,-0.5148,0.389457,0.254694,0.112804,0,0
0,1,0,-0.994904,0.754994,-0.431688,0.317147,0,0
0,1,0,5.210917,5.214916,2.134723,-2.482041,3,1
1,0,0,0.521675,0.538584,3.06494,0.199744,1,0
0,1,0,1.953657,2.568289,3.782061,0.905012,2,1
0,1,0,1.489715,1.695867,6.153968,-0.49797,1,0
1,0,0,3.231908,3.807459,4.130995,2.935144,4,1
0,0,1,-0.565815,0.285771,0.529828,-0.037628,0,0
0,1,0,-0.152935,0.595906,0.640574,0.121071,0,0
0,0,1,0.811092,0.553645,1.677403,0.09896,0,0
0,1,0,4.194779,3.257109,2.324898,1.115983,2,1
0,1,0,4.233654,-0.278932,2.102334,-0.710637,1,0
1,0,0,3.797369,2.68567,5.681263,2.359793,4,1
0,1,0,0.191746,-0.176473,0.668249,0.077221,0,0
1,0,0,3.059566,0.378197,1.67217,0.173598,1,0
0,0,1,0.375215,0.643013,0.833195,0.143831,0,0
0,0,1,1.431032,0.849982,6.575418,1.23684,1,0
0,0,1,-0.467702,0.381461,-0.325611,-0.057785,0,0
0,0,1,-0.730542,0.028326,-0.431247,-0.352221,0,0
1,0,0,7.097065,6.096862,6.247631,-1.816573,4,1
1,0,0,4.14733,6.311972,4.587741,-1.270777,3,1
1,0,0,2.088825,3.127219,2.075437,0.642006,1,0
0,0,1,0.19316,0.614343,-0.023269,0.119086,0,0
1,0,0,2.603349,2.678653,4.016046,0.187063,3,1
0,0,1,5.294771,0.401482,3.13166,-0.161464,2,1
0,0,1,0.113021,-0.244413,-0.043047,0.17781,0,0
0,1,0,-0.153538,-0.04558,0.454244,-0.043622,0,0
0,0,1,5.068533,0.883448,2.051413,-0.222302,1,0
1,0,0,0.431564,0.289462,0.237904,-0.114339,0,0
0,0,1,0.558936,0.524558,1.171851,0.082344,0,0
0,0,1,-0.000635,0.299799,0.724777,0.022267,0,0
1,0,0,1.596317,0.843194,0.241781,-0.437889,0,0
0,1,0,0.745553,0.212148,2.285076,0.329606,0,0
1,0,0,3.639828,3.603876,1.802566,0.416286,2,1
0,1,0,4.741977,8.488488,7.329174,-2.667495,4,1
0,0,1,5.067443,3.013328,8.320965,-0.655014,3,1
0,1,0,4.107228,5.9012,5.605249,-1.83432,4,1
0,0,1,-0.060542,-0.432475,-0.190996,0.392347,0,0
1,0,0,4.29964,0.531096,3.743607,0.180407,2,1
1,0,0,1.080436,1.117331,1.292878,0.180672,0,0
1,0,0,6.737781,6.128686,3.368577,-2.672773,4,1
1,0,0,-0.428591,0.261597,-0.52177,-0.5529,0,0
1,0,0,2.282106,3.168436,2.513584,-1.813657,3,1
1,0,0,-0.308156,0.223221,0.210277,0.109977,0,0
0,0,1,3.458974,0.789208,3.78593,-0.50899,2,1
0,0,1,0.358775,0.325984,-0.017721,0.057661,0,0
0,1,0,1.227922,2.687029,1.121077,-4.083634,2,1
1,0,0,-0.035876,0.860396,1.731717,0.364726,0,0
1,0,0,1.33192,0.529072,1.408535,-0.110212,0,0
0,1,0,0.367155,-0.515625,0.515104,0.554842,0,0
0,0,1,1.116932,1.170153,4.64806,0.556197,1,0
0,0,1,-0.417729,0.59625,0.038257,0.360289,0,0
1,0,0,2.305444,3.537618,1.839971,-0.168098,1,0
0,0,1,-0.241448,-0.446654,-0.189337,0.162603,0,0
0,1,0,0.205778,0.043688,-0.385226,0.033902,0,0
0,1,0,0.188918,0.229515,0.177082,0.101191,0,0
0,0,1,0.392078,-0.109032,1.105713,-0.474803,0,0
0,0,1,0.432094,0.573049,2.724946,-0.163339,1,0
0,1,0,2.101972,0.931022,0.673823,-3.352613,1,1
0,1,0,0.416387,0.363811,0.403684,-0.000129,0,0
0,0,1,1.024272,0.074657,-0.307822,-0.2236,0,0
0,1,0,0.333404,0.182564,0.420946,-0.043677,0,0
0,0,1,0.764993,0.53212,6.509342,1.041367,1,0
1,0,0,3.310641,2.262693,2.862162,0.219161,2,1
0,1,0,1.393872,2.401649,1.667475,-3.698248,1,1
0,0,1,2.670963,2.56325,5.302471,-1.024156,3,1
0,1,0,2.270347,1.256624,6.644313,-0.227653,1,0
1,0,0,3.261851,2.809843,2.216534,3.553363,3,1
0,1,0,2.952227,3.229654,2.931096,0.473397,3,1
0,1,0,4.193009,0.466882,0.757809,0.212974,1,0
1,0,0,-0.512917,0.179416,0.241753,0.177739,0,0
0,0,1,3.959609,2.798302,3.081156,3.480461,4,1
1,0,0,2.707025,3.384545,2.329315,1.044421,2,1
1,0,0,1.616787,5.261546,1.302111,-2.563103,2,1
1,0,0,2.635621,2.179877,2.832141,3.569754,3,1
0,1,0,4.521076,-0.026563,3.530169,-0.20851,2,1
0,0,1,-0.31152,0.402207,-0.263167,0.153779,0,0
1,0,0,0.134138,-0.159678,0.241329,0.205451,0,0
1,0,0,-0.053675,0.707158,0.502628,-0.447308,0,0
0,1,0,-0.393033,0.065284,0.602532,0.048838,0,0
1,0,0,6.903534,4.723554,7.182743,-2.121642,4,1
0,0,1,4.290475,2.66889,3.507217,3.014833,4,1
0,1,0,2.330602,0.969773,3.363415,0.502587,1,0
0,1,0,1.084498,1.058794,3.845148,-0.720507,1,0
0,0,1,2.842123,2.021248,4.919676,-0.197824,2,1
0,1,0,0.649511,0.541852,1.032075,-0.518837,0,0
1,0,0,4.864169,0.317627,2.18634,0.508937,1,0
0,0,1,0.600041,0.222951,-0.040808,0.065043,0,0
0,1,0,-0.877452,0.277742,0.193418,-0.061823,0,0
1,0,0,0.389748,0.14961,0.287606,0.085611,0,0
0,0,1,1.120766,0.523279,1.131421,-0.029315,0,0
0,1,0,0.2233,-0.069979,-0.363398,-0.100472,0,0
1,0,0,1.286076,0.767223,-0.010118,0.06781,0,0
0,0,1,4.066374,2.752498,3.354495,0.602358,3,1
0,0,1,1.040774,0.760007,0.96749,-0.121473,0,0
0,1,0,4.109043,6.732377,4.965497,-3.769566,4,1
1,0,0,3.58273,3.496352,3.955309,2.981555,4,1
0,0,1,1.574983,-0.064763,1.128475,0.757184,0,0
1,0,0,0.656062,0.359816,0.520454,-0.273361,0,0
1,0,0,0.702242,-0.130692,0.456716,0.1542,0,0
0,0,1,0.052176,0.573197,-0.189377,0.001213,0,0
0,1,0,0.678505,0.950309,0.516536,-0.047622,0,0
0,1,0,2.624797,-0.057305,0.907016,-0.010794,1,0
0,0,1,3.121293,0.636925,1.753351,0.356854,1,0
0,1,0,2.281298,0.97244,4.161068,0.825535,1,0
0,0,1,1.245054,0.712551,0.986465,-0.203873,0,0
0,0,1,0.669869,-0.110025,-0.08332,-0.032089,0,0
0,0,1,0.650904,0.295334,0.178743,0.467304,0,0
0,1,0,4.67464,5.659307,5.060317,-0.813105,3,1
0,0,1,-0.122917,-0.078699,-0.054019,-0.273226,0,0
0,0,1,0.939142,0.9804,2.011708,0.01599,0,0
0,1,0,2.688799,-0.128834,6.864712,0.712627,2,1
1,0,0,6.051161,5.235678,8.678563,-1.032836,3,1
1,0,0,2.47471,2.237764,4.203218,3.43206,2,1
0,0,1,2.008306,0.929107,6.752833,0.568259,1,0
0,1,0,2.047467,1.368085,7.559164,0.584272,1,0
1,0,0,-0.115192,-0.225801,1.15747,-0.0488,0,0
0,0,1,0.579744,-0.0428,0.087774,0.232339,0,0
0,0,1,4.206796,4.678396,6.11452,-1.147201,3,1
0,1,0,2.372122,1.783811,1.574623,0.466001,0,0
1,0,0,-0.501439,1.141903,1.611185,0.064051,0,0
0,0,1,1.920524,2.616667,1.87299,-2.63466,2,1
0,0,1,1.704039,4.441189,1.849275,-4.128071,2,1
1,0,0,3.443868,0.298259,4.138505,-0.254332,2,1
0,0,1,0.347426,1.080108,1.703361,0.56411,0,0
0,0,1,0.964917,0.16589,1.876625,0.006305,0,0
0,1,0,-0.548837,0.574825,0.405333,0.070023,0,0
0,0,1,3.254131,3.639385,1.837891,0.701013,2,1
0,1,0,1.150203,2.972168,1.323525,-3.773301,2,1
1,0,0,-0.255329,0.034977,-0.688332,0.122436,0,0
0,1,0,2.055035,2.373383,1.118611,-3.171031,1,1
0,1,0,2.034518,-0.102062,6.292146,-0.29018,1,0
0,1,0,1.981404,2.017844,3.926417,4.198896,2,1
0,1,0,3.884529,5.09546,3.279508,-1.838549,4,1
0,1,0,1.337487,3.227257,1.561919,-3.093576,2,1
0,1,0,3.28343,3.756398,5.158865,1.356479,3,1
1,0,0,0.311788,0.124837,-0.172403,-0.137717,0,0
1,0,0,2.670961,1.198108,1.815423,-3.513125,2,1
1,0,0,0.044543,1.039188,0.335382,0.062984,0,0
0,0,1,-0.144015,0.284031,-0.052464,0.083003,0,0
1,0,0,0.20985,-0.401741,0.253426,0.091402,0,0
0,0,1,0.27711,0.629802,0.197916,0.185098,0,0
0,1,0,0.164717,1.036261,0.140495,0.30835,0,0
1,0,0,1.250887,2.234524,2.521551,0.922759,1,0
0,1,0,1.182089,1.00079,6.121174,0.077824,1,0
0,0,1,2.571964,2.660704,3.348025,3.897047,4,1
1,0,0,0.175306,-0.127606,-0.568311,0.161944,0,0
1,0,0,5.331679,2.530203,3.997446,-0.691262,3,1
1,0,0,1.056756,1.137021,2.437052,0.303221,0,0
0,0,1,1.22826,0.674929,1.157517,-0.285462,0,0
1,0,0,1.586645,1.124088,3.211464,-5.091924,2,1
0,0,1,0.085322,0.665773,0.060184,-0.144749,0,0
0,0,1,2.245614,0.168013,7.304767,0.945521,1,0
0,0,1,4.404598,3.183998,3.870749,-0.119188,3,1
0,1,0,1.941201,0.736903,2.01196,0.537971,0,0
1,0,0,0.057342,-0.487151,-0.352175,0.328796,0,0
0,0,1,2.272984,2.747502,1.836393,-2.719129,2,1
1,0,0,-0.052563,0.574116,0.670091,0.361768,0,0
0,1,0,1.429499,0.39664,2.315829,0.051993,0,0
0,1,0,0.0437,-0.072543,-0.18813,0.067326,0,0
0,0,1,0.641728,-0.395915,0.451568,-0.11912,0,0
0,1,0,-0.544109,0.562431,0.331411,-0.184312,0,0
0,1,0,5.870045,-0.002899,-0.535959,0.027797,1,0
0,0,1,0.461226,0.57503,0.470246,-0.483371,0,0
1,0,0,0.218121,-0.012987,0.484121,0.30083,0,0
1,0,0,0.309996,-0.263443,0.70776,0.044824,0,0
1,0,0,3.652768,2.554057,2.422309,0.048386,2,1
1,0,0,1.207499,1.087188,1.685579,0.294443,0,0
0,1,0,3.628407,5.483631,5.217812,-1.202443,3,1
0,0,1,3.657821,4.994897,5.010042,-2.010947,4,1
1,0,0,-0.169221,1.039645,0.356769,-0.049692,0,0
0,0,1,0.590398,0.395355,0.19163,0.050004,0,0
0,0,1,0.045488,0.399023,0.56925,-0.001673,0,0
0,0,1,1.199036,0.387162,-0.009124,0.080207,0,0
0,1,0,4.224202,3.77984,2.89852,0.629983,3,1
0,0,1,-0.05733,0.215709,0.455353,-0.182357,0,0
0,1,0,-0.955932,2.66731,2.321504,-3.452723,2,1
0,0,1,4.023146,6.03064,3.171683,-2.189243,4,1
0,1,0,0.784977,0.58195,2.395222,-0.480889,0,0
0,1,0,-0.909526,-0.1708,-0.419824,-0.451122,0,0
0,0,1,-0.409657,-0.263488,0.519302,-0.011602,0,0
0,1,0,5.238338,0.66839,3.024396,-0.710225,2,1
0,1,0,-1.109492,0.076593,-0.0483,-0.045825,0,0
0,0,1,1.78079,3.769074,2.139973,-3.293157,2,1
0,0,1,1.617885,2.538844,5.227211,0.494749,2,1
0,1,0,-0.203435,0.329262,0.349781,-0.465895,0,0
0,1,0,1.614802,0.965643,1.91759,-0.264555,0,0
0,0,1,1.363579,0.600804,1.888031,-0.32334,0,0
0,1,0,-0.013626,-0.201803,-0.27344,-0.045007,0,0
1,0,0,2.759361,2.918794,4.337396,2.801084,4,1
0,1,0,1.775815,0.656637,0.067795,0.235,0,0
1,0,0,2.514011,1.003577,1.49788,-0.024055,1,0
0,1,0,3.886227,4.755844,5.418355,-2.372167,4,1
0,1,0,3.862523,5.441202,4.948139,-2.086176,4,1
0,0,1,-0.155143,-0.255218,0.813171,-0.241047,0,0
1,0,0,3.041702,3.747866,4.229232,-2.704103,4,1
0,0,1,0.636839,-0.697438,-0.601211,-0.209143,0,0
1,0,0,1.045425,0.382959,1.800667,0.262399,0,0
0,0,1,3.6715,3.752834,3.674541,0.665679,3,1
1,0,0,0.214851,-0.124531,0.320861,-0.197422,0,0
1,0,0,1.7736,4.617952,1.071609,-4.249091,2,1
1,0,0,2.060465,0.882303,1.804561,-0.044732,0,0
0,1,0,0.46252,0.574103,0.239381,-0.427812,0,0
1,0,0,0.319304,-0.157866,0.093943,0.013412,0,0
0,1,0,0.456874,0.44524,-0.327441,0.086492,0,0
0,0,1,1.202624,0.570645,3.944157,0.625555,1,0
0,0,1,2.025684,1.93989,4.741133,0.497498,1,0
0,0,1,2.382074,0.690961,1.508618,0.019066,0,0
1,0,0,0.859213,-0.26456,0.78287,-0.064762,0,0
0,1,0,4.092424,1.588473,4.881187,3.587652,3,1
0,0,1,-0.633089,-0.333021,0.271156,-0.044614,0,0
0,0,1,1.514253,0.297234,4.825067,0.004738,1,0
0,1,0,4.201026,3.962184,3.292632,-1.210467,3,1
0,1,0,0.263268,0.078228,1.510279,0.650269,0,0
1,0,0,2.585774,0.248431,0.57824,-0.50752,1,0
0,0,1,0.199709,1.348191,5.344153,0.162872,1,0
0,1,0,0.5076,0.460555,1.741375,-0.137139,0,0
1,0,0,1.40422,0.986744,1.246561,0.922115,0,0
0,1,0,1.507534,0.90458,-0.301241,-0.037975,0,0
1,0,0,0.24176,0.391855,0.313232,-0.344159,0,0
0,0,1,0.345992,0.341203,0.191804,-0.313858,0,0
0,0,1,5.343808,6.023701,4.79534,-0.857841,3,1
0,0,1,2.680057,0.660227,4.091821,-0.828484,2,1
0,1,0,0.703464,0.245896,0.391489,0.015172,0,0
0,0,1,1.380736,0.448215,0.377939,0.332878,0,0
1,0,0,-0.275287,2.508612,3.531203,1.691831,3,1
0,0,1,4.598507,0.01616,3.693693,-0.38836,2,1
0,1,0,3.947159,5.365276,4.026243,-2.200525,4,1
0,1,0,1.810197,0.254088,1.561802,0.142994,0,0
0,1,0,1.376313,4.704469,2.657244,-2.716117,3,1
0,1,0,3.452749,1.672154,3.663394,4.144504,3,1
0,0,1,0.966424,0.203102,1.457391,-0.102833,0,0
0,1,0,4.605056,0.168245,2.854914,-0.563989,2,1
1,0,0,0.729973,0.630308,-0.157424,-0.106754,0,0
0,1,0,-0.102258,0.068221,0.411675,0.327358,0,0
0,1,0,-0.316322,0.574689,0.245785,-0.008665,0,0
0,0,1,0.015686,0.780543,-1.292057,0.128428,0,0
0,0,1,0.85276,2.764454,1.148686,-2.682582,2,1
1,0,0,2.241987,1.250807,2.067807,0.417697,0,0
1,0,0,1.9617,0.316505,2.152552,0.111688,0,0
1,0,0,1.675952,1.496957,7.70166,-0.241504,1,0
0,1,0,0.375503,-0.009735,0.103985,-0.182691,0,0
0,0,1,-0.302266,0.271161,-0.324445,0.026991,0,0
0,0,1,1.346239,0.379368,1.654047,-0.302555,0,0
1,0,0,2.843304,4.408302,2.736759,-0.33835,3,1
0,1,0,-0.300047,-0.257608,-0.384923,0.030346,0,0
0,0,1,0.200736,0.618632,2.428265,-0.710962,0,0
1,0,0,2.176271,0.973541,7.63914,0.425799,1,0
0,1,0,2.922186,-0.0111,3.846909,-0.257021,2,1
0,1,0,-1.053808,-0.398953,-0.291813,0.410577,0,0
0,1,0,0.517182,0.138311,-1.070384,0.386544,0,0
1,0,0,3.503439,4.297267,3.999474,-0.942897,3,1
1,0,0,5.066484,0.978376,2.204481,-0.267371,1,0
1,0,0,1.607113,2.307478,1.958815,1.273924,0,0
1,0,0,0.069734,-0.380095,0.593321,-0.033881,0,0
0,0,1,0.911517,0.504285,2.931987,-0.036151,1,0
1,0,0,2.02663,2.033293,1.276421,-2.606502,1,1
0,1,0,0.954117,-0.075485,-0.036214,0.043734,0,0
0,1,0,2.778677,0.839334,3.248378,-0.239225,2,1
0,1,0,-0.081172,0.266182,0.530695,-0.211329,0,0
0,1,0,-0.152893,0.150783,0.220352,-0.238481,0,0
0,0,1,2.465047,0.765628,1.488242,-0.199354,0,0
0,1,0,-0.114099,-0.478661,-0.040237,0.090136,0,0
0,1,0,0.137289,0.142615,-0.262682,0.010733,0,0
0,1,0,0.310953,0.097918,0.287697,0.26524,0,0
0,1,0,6.429454,5.147589,5.02657,-1.047507,3,1
0,1,0,5.946405,4.992592,4.735589,-1.645155,4,1
0,1,0,5.2086,1.790144,2.609079,2.264926,3,1
0,0,1,-0.147406,0.328833,0.236923,0.12227,0,0
0,1,0,4.255713,0.479402,2.157459,0.417475,1,0
1,0,0,-0.366633,0.043745,0.543944,-0.028268,0,0
0,1,0,5.419833,6.548349,5.563566,-1.792574,4,1
0,0,1,0.606999,0.393937,0.897741,0.283428,0,0
0,0,1,1.556885,3.911299,1.95891,-2.353888,2,1
1,0,0,0.833658,-0.720259,-0.192257,-0.073269,0,0
1,0,0,-0.618883,-0.124533,-0.356422,0.049432,0,0
1,0,0,4.377513,2.498949,4.324529,3.120762,3,1
1,0,0,1.569978,1.023042,1.671448,0.609654,0,0
0,0,1,4.556888,4.375784,4.999826,-2.581126,4,1
0,1,0,0.129359,-0.043226,0.298396,0.100657,0,0
0,0,1,1.598362,0.224434,0.817379,0.486534,0,0
0,1,0,-0.158432,0.363607,-0.250133,-0.051875,0,0
0,0,1,0.049631,0.045402,-0.642921,0.161749,0,0
0,1,0,1.65248,0.886775,3.147334,0.285729,1,0
1,0,0,1.375552,0.080467,3.16569,0.767066,1,0
1,0,0,0.060525,0.25414,-0.056378,-0.12469,0,0
0,1,0,1.148774,0.778109,4.37907,1.069938,1,0
0,1,0,3.613773,0.367857,4.549596,0.311725,2,1
1,0,0,2.615352,0.204071,6.741987,0.896302,2,1
0,0,1,0.818549,0.490737,0.146385,-0.291893,0,0
1,0,0,-0.172093,0.611177,1.947172,-0.118697,0,0
0,1,0,0.007304,0.363677,0.426317,0.247874,0,0
0,0,1,2.342831,0.474147,1.794591,0.56701,0,0
0,0,1,0.675067,-0.146385,1.635768,-0.068511,0,0
0,1,0,1.742058,0.929031,5.495477,0.274717,1,0
1,0,0,2.440545,4.937564,2.891925,-2.38519,3,1
0,1,0,0.763822,-1.204401,0.955241,-0.300256,0,0
0,1,0,-0.442063,0.093927,-0.344346,0.138053,0,0
0,1,0,0.352976,-0.372749,-0.286069,-0.236843,0,0
0,0,1,2.441916,1.851337,4.145796,0.39162,1,0
0,0,1,3.502546,1.023577,6.958058,0.31601,2,1
0,0,1,5.093509,4.96782,6.100407,-1.64186,4,1
0,0,1,1.833527,3.184149,3.427321,0.442028,2,1
0,0,1,5.836685,4.277868,4.885376,-0.017359,3,1
0,0,1,-0.610282,0.52001,-0.312258,0.028471,0,0
0,0,1,0.769708,1.769189,0.813913,-0.292127,0,0
1,0,0,1.122445,-0.260679,0.181211,-0.097721,0,0
0,1,0,0.315623,0.034471,0.54294,-0.131498,0,0
1,0,0,1.981102,0.172353,1.705917,-0.166936,0,0
0,1,0,0.680751,-0.306065,-0.307589,0.057488,0,0
0,0,1,2.149796,0.631212,2.661064,0.450313,1,0
0,0,1,2.361166,-0.186601,7.548769,0.250617,1,0
0,1,0,3.027113,3.425548,0.248313,1.766441,3,1
1,0,0,0.47155,-0.497778,0.247899,0.072791,0,0
1,0,0,0.761656,0.157231,2.520174,0.859416,1,0
0,0,1,3.603432,2.221014,3.029643,3.441182,3,1
0,0,1,0.434058,-0.135641,-0.777074,-0.033697,0,0
1,0,0,-1.109521,-0.063534,0.414189,0.244624,0,0
1,0,0,2.460758,1.445114,5.100353,0.467644,1,0
0,0,1,1.02092,1.784315,0.819418,1.32157,0,0
1,0,0,0.115634,-0.103365,0.003157,-0.211787,0,0
0,1,0,0.899024,-0.111664,2.12572,0.370797,0,0
0,1,0,0.749608,0.509877,1.851805,-0.110877,0,0
0,1,0,0.997258,0.586589,1.493589,0.482999,0,0
1,0,0,-0.453788,0.767611,0.359615,-0.033388,0,0
1,0,0,1.6312,0.413398,1.494359,-0.255208,0,0
1,0,0,1.641955,1.430084,4.21762,1.174179,1,0
0,1,0,1.117693,1.296247,0.911784,0.516046,0,0
0,0,1,0.467149,-0.458602,0.507553,0.422971,0,0
1,0,0,0.79901,2.709653,1.482211,-3.507536,2,1
0,0,1,0.813457,0.007529,0.39402,0.000268,0,0
0,0,1,-0.035862,-0.179849,-0.469752,0.022558,0,0
0,0,1,0.348654,-0.696139,0.334489,-0.132497,0,0
1,0,0,5.625774,4.92874,4.835568,-1.407816,3,1
0,1,0,-0.568893,0.228731,-0.049682,-0.308854,0,0
1,0,0,0.189258,1.416052,0.501068,-0.478548,0,0
1,0,0,0.504618,-0.458815,0.265335,-0.002841,0,0
1,0,0,0.636458,0.156099,-0.016687,0.134613,0,0
1,0,0,0.176181,0.085755,0.363481,-0.047943,0,0
0,0,1,-0.472052,-0.025652,-0.318473,-0.245003,0,0
1,0,0,4.789826,4.28002,6.044296,-1.094496,3,1
1,0,0,3.41528,4.640749,1.933875,1.524991,3,1
0,0,1,3.865539,2.666058,3.303965,0.770331,3,1
0,0,1,1.112458,2.595513,4.451075,0.679175,2,1
0,0,1,1.745155,4.263014,2.155882,0.409969,1,1
1,0,0,-0.695538,0.064838,-0.225291,0.352338,0,0
0,1,0,1.290206,0.47119,0.807888,0.183541,0,0
1,0,0,0.686882,0.550997,1.56891,-0.023362,0,0
0,0,1,2.285574,2.910236,3.280967,2.676627,3,1
0,0,1,3.242484,3.98851,4.706545,-0.824272,3,1
0,1,0,0.5914,0.562148,0.353682,0.054577,0,0
0,0,1,0.451103,0.38245,-0.13467,-0.107169,0,0
0,0,1,0.756324,0.795014,6.41235,0.124216,1,0
1,0,0,2.63909,3.165704,3.58112,0.853956,3,1
0,1,0,-0.163697,0.021455,0.326516,0.25864,0,0
1,0,0,1.180532,0.327597,1.344944,-0.289077,0,0
0,1,0,-0.153736,0.607722,0.483256,-0.041952,0,0
0,0,1,0.917023,1.112564,3.018886,0.671481,1,0
0,0,1,1.739913,1.944086,1.759641,0.773365,0,0
1,0,0,0.741211,0.978701,-0.062581,0.01065,0,0
0,1,0,-1.190621,0.360547,0.153766,-0.050006,0,0
0,1,0,-0.572617,-0.244304,-0.40825,-0.203387,0,0
1,0,0,0.06808,0.778422,0.40184,-0.023809,0,0
0,1,0,-0.698296,-0.229867,-0.419316,-0.163787,0,0
0,0,1,-0.455735,-0.123448,0.005449,0.359403,0,0
0,1,0,2.161667,1.050767,3.077301,1.064286,1,0
0,0,1,1.033083,0.520602,1.046468,0.411951,0,0
0,1,0,-0.520923,0.408777,0.773157,-0.081498,0,0
1,0,0,1.671509,0.587109,2.331074,0.410597,0,0
1,0,0,5.121918,7.023736,6.015909,-0.889509,3,1
0,0,1,0.524241,0.781419,-0.475854,0.328216,0,0
1,0,0,0.74695,0.434723,1.14986,-0.131701,0,0
0,1,0,-0.204092,-0.564152,-0.305256,0.112225,0,0
0,0,1,2.083062,2.847695,3.320298,1.105834,2,1
0,0,1,-0.343963,0.865516,-0.030949,-0.154308,0,0
0,0,1,-1.282724,0.277208,0.66109,0.037111,0,0
0,0,1,2.594327,3.449067,1.560202,2.79973,3,1
0,0,1,0.337978,-0.254489,2.344955,-0.05202,0,0
0,0,1,7.064836,6.516239,8.362684,-2.056891,4,1
1,0,0,2.19603,4.044373,1.382429,-0.541258,1,1
0,0,1,1.408678,0.845324,2.10713,0.486224,0,0
0,1,0,2.214741,0.360918,3.909475,-0.310679,1,0
0,0,1,2.773098,3.704355,2.090075,-3.770213,3,1
0,0,1,0.001893,-0.802105,0.014056,0.43984,0,0
1,0,0,3.841756,0.524343,2.045351,0.200252,1,0
0,1,0,3.452934,-0.275551,1.626528,0.170753,1,0
0,1,0,-0.314294,0.624687,3.642268,0.152512,1,0
0,1,0,4.522169,0.504346,1.103647,-0.063592,1,0
0,1,0,5.014084,4.887399,3.322973,-1.400744,3,1
1,0,0,1.542442,2.097367,1.876831,-3.296262,1,1
0,1,0,3.272849,0.518137,3.079769,-0.00401,2,1
1,0,0,2.80116,2.220335,3.285663,0.428918,2,1
0,1,0,0.320662,0.023505,0.014104,-0.119826,0,0
0,0,1,5.351878,0.338789,3.125825,-0.092418,2,1
1,0,0,5.303275,5.952346,2.643843,-1.191216,3,1
0,0,1,0.983203,-0.148224,1.099284,0.168328,0,0
1,0,0,-0.160429,0.009886,0.287675,0.145447,0,0
1,0,0,3.554449,0.986939,2.48256,1.306778,1,0
0,0,1,0.00694,0.569475,-0.14253,0.061998,0,0
0,0,1,0.088853,0.15325,0.038807,0.054249,0,0
1,0,0,0.464411,0.605704,-0.348825,0.150196,0,0
0,1,0,-0.200859,-0.087882,0.432164,0.320112,0,0
0,1,0,2.222388,1.794657,5.888638,0.823162,1,0
1,0,0,2.519119,2.541089,2.478504,0.40206,2,1
0,1,0,0.502244,0.925891,-0.082453,0.169333,0,0
0,0,1,5.463223,4.136845,5.382342,-2.43325,4,1
1,0,0,1.364712,4.686724,1.530614,-2.844634,2,1
0,0,1,-0.089244,-0.595204,0.282268,0.117299,0,0
1,0,0,1.234781,0.627032,1.944005,0.228492,0,0
0,1,0,0.703047,1.279851,1.138723,0.668415,0,0
0,0,1,5.937086,9.03152,5.900456,-1.943584,4,1
0,0,1,-0.2264,0.396779,-0.060022,0.041062,0,0
0,0,1,4.277477,4.575794,4.242361,-2.52556,4,1
1,0,0,0.248203,-0.236089,-0.153653,-0.138456,0,0
0,1,0,0.896029,0.198,0.705565,-0.071608,0,0
1,0,0,1.788992,3.069443,3.196684,0.871738,2,1
0,1,0,0.641073,0.234028,0.165565,0.063496,0,0
1,0,0,1.211212,0.466229,0.675358,0.339585,0,0
0,0,1,5.436748,2.923727,2.662489,2.280456,4,1
1,0,0,1.370075,0.915449,1.887134,0.107705,0,0
0,1,0,4.992936,4.705763,5.380148,-0.226867,3,1
0,1,0,0.369265,0.936391,2.331007,-0.027525,0,0
1,0,0,0.510653,2.128015,2.930804,0.291913,1,0
0,0,1,0.247861,0.444181,3.976042,-0.173711,1,0
0,0,1,-0.570263,0.13692,0.832775,0.127418,0,0
0,0,1,1.803122,4.906558,3.578387,-3.279288,3,1
0,0,1,2.79618,0.525486,4.647486,0.604651,2,1
0,0,1,2.709708,3.393703,3.018756,-1.713291,4,1
0,0,1,2.092702,5.550641,2.52368,0.953609,2,1
0,1,0,-0.454045,1.667171,7.823962,0.414699,1,0
1,0,0,-0.42059,-0.308845,0.020372,0.135044,0,0
0,1,0,1.424603,0.263757,2.255761,1.113502,0,0
0,1,0,0.611378,-0.094664,1.858059,0.213609,0,0
0,0,1,2.687147,1.310667,5.957737,0.242329,2,1
1,0,0,1.607563,2.35196,4.795566,0.838742,1,0
0,1,0,1.13621,0.686578,1.868148,0.506017,0,0
1,0,0,5.32555,0.200825,0.230716,-0.683505,1,0
0,0,1,3.691835,2.440772,4.930697,2.811229,3,1
0,1,0,0.431519,-0.381987,0.312765,0.242182,0,0
1,0,0,6.322539,6.737552,5.310032,-2.168057,4,1
0,1,0,1.66382,0.382277,1.86213,-0.278969,0,0
0,1,0,-0.073176,-0.796909,0.107197,-0.303131,0,0
1,0,0,3.997719,0.253785,3.309785,-0.15134,2,1
1,0,0,0.792483,0.746722,2.942237,0.62696,1,0
0,0,1,0.058861,0.318153,0.654997,-0.051826,0,0
1,0,0,4.263721,1.590166,4.662339,2.730615,3,1
1,0,0,-0.163128,0.468608,-0.314412,-0.09629,0,0
1,0,0,-0.00097,0.36045,0.282442,-0.405851,0,0
0,1,0,-0.076726,0.802592,-0.000206,0.15188,0,0
0,0,1,0.80872,0.419026,-0.031995,-0.063523,0,0
0,0,1,4.18193,2.785993,3.345308,0.978987,3,1
0,0,1,4.943847,7.37441,5.779801,-1.832666,4,1
0,1,0,2.307893,0.020509,0.45698,0.083001,0,0
0,0,1,0.938727,0.100941,0.183828,-0.059946,0,0
0,1,0,4.348081,4.52905,4.709804,-2.306987,4,1
0,1,0,2.600023,0.832511,2.850528,0.143175,2,1
0,1,0,0.73583,0.99435,2.959187,0.15394,1,0
0,1,0,2.269153,-0.841153,2.761078,0.6864,1,0
1,0,0,-0.717977,-0.095576,0.661352,0.172782,0,0
1,0,0,0.581685,0.224813,0.826692,0.129488,0,0
0,1,0,0.357345,0.141974,0.806647,0.08829,0,0
0,1,0,-0.383008,-0.059921,-0.375908,0.004234,0,0
0,1,0,0.225031,-0.396342,-0.325814,0.251236,0,0
1,0,0,0.402483,-0.23796,0.572588,-0.044683,0,0
0,1,0,3.22626,1.019761,4.011829,0.451768,2,1
0,0,1,3.161494,3.502611,4.525032,3.531756,4,1
0,0,1,1.499959,0.609946,1.575748,0.021303,0,0
1,0,0,3.062336,2.880547,3.293247,0.002328,3,1
0,1,0,0.723396,0.176051,0.024377,-0.155396,0,0
0,1,0,2.445802,2.859631,3.31746,3.551289,3,1
0,0,1,2.622661,0.984341,0.874684,0.569009,1,0
0,1,0,4.697125,0.100683,2.419601,-0.080736,1,0
0,0,1,1.259234,-0.078317,1.162148,0.32801,0,0
0,0,1,0.305383,1.12887,0.451597,-0.293546,0,0
0,0,1,-0.528185,0.958644,-0.504091,-0.036248,0,0
0,1,0,3.995967,1.88221,1.334186,0.588102,1,0
0,1,0,4.502231,1.535348,3.475458,2.825199,3,1
0,0,1,0.617583,-0.037195,-0.426323,0.409733,0,0
1,0,0,0.499879,0.297205,0.430323,-0.209871,0,0
1,0,0,1.031446,1.01116,1.630113,-0.431191,0,0
1,0,0,-0.289963,-0.623706,-0.317138,-0.205911,0,0
1,0,0,0.700712,-0.531711,2.202554,-0.017926,0,0
0,1,0,2.304735,1.327472,4.55649,0.494754,1,0
0,1,0,5.539918,4.913597,5.01798,0.32814,3,1
0,0,1,1.624408,1.338264,1.371716,0.791977,0,0
0,0,1,0.47965,-0.522909,-0.719717,-0.092086,0,0
0,0,1,-0.166547,0.505299,0.181049,0.014448,0,0
0,0,1,0.748043,-0.190641,-0.130781,-0.077871,0,0
0,1,0,-0.025769,0.354568,0.164663,-0.240819,0,0
1,0,0,3.017759,3.731955,6.691913,0.488417,3,1
0,0,1,2.106839,-0.124082,0.942291,0.670292,0,0
1,0,0,0.08517,0.206692,-0.566237,0.053302,0,0
0,1,0,2.650772,0.787094,2.322979,0.599162,1,0
1,0,0,2.370422,0.537088,4.784496,1.892117,2,1
1,0,0,4.137837,-0.287709,2.855002,-0.027707,2,1
0,0,1,0.23793,0.23601,0.545324,-0.066418,0,0
0,1,0,1.98894,0.911238,2.971607,3.683075,2,1
1,0,0,4.604371,2.367409,3.486158,0.826805,2,1
0,1,0,2.248808,1.53025,6.764869,0.375496,1,0
0,1,0,4.416114,0.282846,2.94957,-0.059464,2,1
0,0,1,3.323413,3.29035,0.813756,0.762103,2,1
0,1,0,2.972843,0.791971,1.474653,-0.390559,1,0
0,1,0,3.406773,2.641846,3.151649,3.730074,4,1
0,0,1,4.8061,0.783901,0.881459,-0.35833,1,0
1,0,0,2.341477,1.071677,3.79212,-0.043298,1,0
1,0,0,0.510207,0.345618,0.49234,-0.138736,0,0
0,1,0,2.922554,-0.029662,2.385328,-0.203101,1,0
0,1,0,0.966967,3.176623,4.399138,0.743373,2,1
1,0,0,0.727858,1.734726,4.534284,0.01237,1,0
0,0,1,-0.646687,0.024833,-0.375543,0.27877,0,0
0,1,0,1.039824,0.040522,0.151447,0.037282,0,0
0,0,1,0.883961,0.354286,-0.09214,-0.087177,0,0
0,1,0,2.929088,0.783712,1.59106,0.390848,1,0
0,0,1,-0.624306,0.190876,-0.165703,0.051616,0,0
0,0,1,4.885666,0.55936,3.005233,0.036295,2,1
0,1,0,0.372388,0.544915,0.423187,0.202565,0,0
1,0,0,3.81181,2.400595,3.657542,3.851363,3,1
0,1,0,-0.337959,-0.118796,0.069579,0.164706,0,0
0,0,1,6.137021,0.349967,3.389664,0.060738,2,1
0,1,0,0.487336,-0.484967,0.426598,0.304171,0,0
0,0,1,2.942809,1.072359,3.999772,0.866464,2,1
1,0,0,1.201978,0.744571,1.274625,0.309087,0,0
1,0,0,0.982431,4.721845,0.756824,-2.698337,2,1
0,1,0,4.568809,4.985082,8.094533,-1.473657,3,1
0,0,1,2.519188,3.170939,2.504985,4.249324,4,1
0,0,1,-0.207041,1.07105,-0.603661,-0.315146,0,0
0,0,1,5.376149,7.061528,3.235318,-1.820756,4,1
1,0,0,-0.080817,0.089866,0.317145,0.115264,0,0
1,0,0,0.445351,0.318278,0.482557,-0.201852,0,0
1,0,0,0.617724,-0.104777,-0.439572,-0.026389,0,0
0,1,0,-0.521994,0.078815,0.459695,-0.244964,0,0
1,0,0,0.046267,0.291821,0.536907,-0.297125,0,0
0,1,0,1.859121,1.011633,1.014168,-0.389523,0,0
0,1,0,1.22393,0.710441,2.100705,0.044679,0,0
0,1,0,0.25565,0.665239,0.700557,0.421864,0,0
0,0,1,1.984207,0.542724,4.782333,0.12375,1,0
1,0,0,3.76992,3.260777,4.33325,-0.548876,3,1
1,0,0,0.438854,-0.317349,-0.058795,0.109207,0,0
0,0,1,2.354242,3.254347,2.002819,-3.173508,2,1
0,1,0,-0.595702,-0.379611,0.629157,0.32702,0,0
1,0,0,2.834609,0.56034,1.880289,0.464294,1,0
0,1,0,0.723779,0.252889,-0.059114,0.16149,0,0
0,1,0,0.094126,0.685446,-0.096792,-0.221146,0,0
0,0,1,3.154953,3.372002,5.492259,-2.288905,4,1
0,0,1,3.364687,0.199142,4.316376,-0.646227,2,1
0,0,1,2.702662,3.307598,4.084387,3.159901,4,1
0,1,0,0.229927,-0.594405,0.154222,-0.032578,0,0
0,1,0,4.164985,1.299187,4.906901,3.504036,3,1
1,0,0,-0.057197,-0.492747,0.413262,0.24507,0,0
0,0,1,-0.672896,-0.112527,-0.163918,-0.152078,0,0
0,1,0,0.071761,0.602218,-0.289284,0.219596,0,0
0,1,0,1.964384,2.059142,1.787339,1.322987,0,0
0,0,1,4.989009,5.544717,2.131177,-3.039747,3,1
0,1,0,1.871566,0.545223,5.266498,1.084438,1,0
1,0,0,0.348212,0.177098,-0.607999,0.148538,0,0
0,1,0,2.249756,0.160858,1.536464,0.465066,0,0
0,1,0,3.627849,0.553074,2.367971,0.509947,1,0
0,1,0,0.979176,2.886928,2.022914,-4.010232,2,1
0,1,0,0.433426,0.395915,-0.16717,-0.080547,0,0
0,0,1,0.321587,0.271431,1.193874,0.088513,0,0
0,1,0,1.20626,0.710269,1.010995,0.156788,0,0
0,1,0,0.377504,1.018336,4.798158,1.06432,1,0
0,1,0,1.220791,0.343369,-0.536002,-0.108629,0,0
0,0,1,-0.070908,0.982731,0.718693,-0.234742,0,0
0,1,0,1.144455,0.420857,0.086347,0.047158,0,0
0,1,0,-0.144635,0.365373,-0.28303,-0.104111,0,0
0,0,1,4.258081,0.666751,2.894399,-0.773613,2,1
0,1,0,0.196477,1.143239,0.925123,0.09233,0,0
0,1,0,-0.100414,0.284401,0.369518,-0.244838,0,0
0,1,0,0.182312,2.518202,1.736715,0.667943,1,0
1,0,0,4.043476,1.042406,2.756822,0.139419,2,1
1,0,0,3.448598,2.781285,5.952869,0.731611,3,1
1,0,0,0.763163,0.40731,1.770177,-0.079205,0,0
0,0,1,0.109387,0.166547,0.204532,0.261279,0,0
0,1,0,0.288047,-0.283725,1.096265,-0.12283,0,0
0,0,1,5.88306,5.857513,5.436765,-2.643549,4,1
1,0,0,-0.595326,0.228291,-0.278165,0.222341,0,0
0,1,0,3.395016,0.769342,1.070335,-0.527104,1,0
0,1,0,1.806278,2.098204,2.125454,1.093265,0,0
0,1,0,5.26869,0.350794,1.470224,-0.143408,1,0
1,0,0,2.476749,2.552851,3.871439,3.334596,3,1
1,0,0,2.833269,0.388787,4.441146,0.233926,2,1
1,0,0,1.264913,0.075707,0.569193,0.370859,0,0
0,1,0,-0.156042,0.104264,0.387376,0.156874,0,0
0,1,0,0.203437,0.233213,0.818736,-0.485384,0,0
0,1,0,0.36127,0.03711,0.380648,-0.280029,0,0
1,0,0,1.504775,0.543657,1.852863,-0.18667,0,0
0,1,0,2.455019,0.759497,1.800853,0.035308,0,0
0,1,0,5.001475,7.639056,6.094177,-2.442953,4,1
0,0,1,-0.349712,0.209607,0.419183,0.053908,0,0
0,1,0,2.044493,1.06373,4.779743,0.801122,1,0
1,0,0,0.353426,0.397357,0.101336,0.165017,0,0
0,0,1,1.885069,2.275185,2.919489,-2.959729,2,1
1,0,0,-0.722606,0.361442,0.471159,-0.268057,0,0
0,1,0,7.232193,6.774426,5.780769,-1.838618,4,1
0,1,0,3.623177,0.027938,2.740695,-0.176345,2,1
0,0,1,3.847513,4.718521,5.472373,3.461625,4,1
1,0,0,3.371562,0.319473,2.539807,-0.557994,2,1
0,0,1,-0.498399,0.330577,0.272469,0.139864,0,0
1,0,0,3.012167,-0.162539,1.948314,-0.608635,1,0
0,0,1,1.382224,0.120967,0.763644,-0.217373,0,0
1,0,0,0.374272,0.804724,0.963965,0.316504,0,0
0,0,1,-0.112343,-0.472224,-0.582563,-0.055884,0,0
1,0,0,-0.654111,-0.169127,-0.117855,0.024904,0,0
0,1,0,0.641137,0.01458,0.059845,0.076061,0,0
0,1,0,3.968198,3.266756,4.868807,-2.505004,4,1
1,0,0,0.092029,-0.399758,-0.38114,0.231757,0,0
0,1,0,3.629065,1.402106,3.726424,3.847112,3,1
1,0,0,0.211378,-0.111251,-0.697358,0.172389,0,0
1,0,0,4.600578,5.615883,7.173779,-0.527284,3,1
0,1,0,0.781853,-0.373919,0.073142,-0.209392,0,0
1,0,0,1.157145,0.506062,1.698672,0.16446,0,0
0,0,1,2.939331,2.359527,3.344509,2.55204,3,1
0,1,0,2.643788,2.497265,2.338567,4.656078,2,1
0,1,0,0.048595,0.03095,-0.055882,-0.059734,0,0
1,0,0,3.267091,0.839235,4.557531,-0.059728,2,1
0,1,0,5.697953,5.469299,7.002197,-1.421944,3,1
0,0,1,0.534597,2.324377,1.907031,-3.965379,1,1
1,0,0,0.103983,0.539145,-0.02954,-0.113703,0,0
1,0,0,0.155347,0.961961,2.412777,1.070572,0,0
0,1,0,0.548641,0.168399,0.022268,0.177542,0,0
1,0,0,1.273942,1.462954,1.351327,1.350191,0,0
0,0,1,1.393011,0.635807,2.975615,0.355504,1,0
0,1,0,0.563727,0.408201,0.111882,0.010487,0,0
1,0,0,0.655788,-0.107193,0.641274,-0.165737,0,0
0,0,1,5.131513,3.463634,2.487585,-0.260978,2,1
1,0,0,0.36549,-0.127091,-0.327146,0.086347,0,0
1,0,0,-0.563065,0.323293,0.133947,0.020252,0,0
0,0,1,0.306234,-0.058045,0.501644,-0.29208,0,0
1,0,0,0.474899,0.148327,0.613992,-0.2324,0,0
1,0,0,2.300574,0.090031,0.628636,0.011002,0,0
1,0,0,0.97923,0.229497,-0.302636,0.087678,0,0
0,0,1,0.412251,-0.188298,-0.199448,-0.088411,0,0
1,0,0,5.940832,0.720244,1.61082,-0.959346,1,0
0,1,0,1.44126,-0.156475,-0.007137,0.476104,0,0
1,0,0,3.895875,5.581184,5.079004,-1.78409,4,1
1,0,0,-0.258873,0.284614,0.10332,0.070516,0,0
0,1,0,1.825996,3.856769,0.807794,-2.639335,2,1
0,0,1,4.025427,0.641346,2.673088,-0.04023,2,1
0,0,1,4.564939,4.66229,5.297196,-1.649249,4,1
0,0,1,1.667235,2.219767,6.935527,0.287446,1,0
0,1,0,3.066948,3.881359,3.076322,3.873299,4,1
1,0,0,-0.97338,-0.59202,0.252772,-0.029015,0,0
1,0,0,3.803898,-0.295051,3.170703,0.07141,2,1
0,0,1,4.958254,4.550072,4.01532,-1.684114,4,1
0,1,0,-0.529426,0.246798,0.387831,-0.193188,0,0
0,1,0,1.030996,0.500666,3.021388,-0.44788,1,0
0,1,0,0.347859,0.827938,0.815557,-0.035279,0,0
0,1,0,0.038719,0.242346,0.808099,0.179234,0,0
0,1,0,0.725926,-0.516776,0.370354,0.057021,0,0
0,1,0,2.102521,4.384493,2.998356,-2.079234,3,1
0,0,1,6.046897,0.391135,2.043154,-0.358575,1,0
1,0,0,2.593239,2.295341,2.32018,1.102894,1,0
0,0,1,0.965456,0.004638,0.268634,-0.581629,0,0
0,0,1,4.413897,2.694953,2.136334,2.803311,3,1
0,1,0,3.821276,2.023838,2.013898,0.817567,1,0
0,0,1,0.940877,0.545735,0.325887,-0.129165,0,0
0,0,1,-0.055398,0.662494,0.458173,0.028433,0,0
1,0,0,7.400613,3.508649,6.026816,-0.373432,3,1
0,0,1,2.451847,1.412164,1.114923,0.308999,0,0
0,0,1,1.032658,0.3231,-0.014102,-0.044093,0,0
0,0,1,-0.535317,0.243813,0.535494,-0.418791,0,0
1,0,0,0.087217,-1.00313,-0.222983,0.179499,0,0
1,0,0,2.584631,-0.048302,1.437344,0.394739,1,0
0,0,1,3.687051,-0.205157,0.993593,0.138493,1,0
1,0,0,1.222342,0.089948,-0.177704,-0.099988,0,0
0,0,1,2.70966,1.635243,4.202489,0.168859,2,1
1,0,0,1.80709,1.273915,6.903005,-0.293314,1,0
1,0,0,6.658086,5.146514,3.340814,-1.382849,3,1
0,0,1,0.9074,0.966981,2.625308,-0.04279,1,0
1,0,0,1.216735,0.3184,-0.712017,-0.085357,0,0
1,0,0,1.322484,2.466488,3.567065,-3.702175,2,1
1,0,0,3.592504,2.817878,5.781808,-2.427045,4,1
0,0,1,1.523083,0.74414,1.22807,0.438109,0,0
0,1,0,3.138379,6.122192,6.735019,-1.736632,4,1
1,0,0,0.568314,0.041997,0.972364,-0.298582,0,0
0,0,1,0.047988,0.642054,1.639656,-0.204524,0,0
0,1,0,1.812882,0.143731,2.159775,-0.728534,0,0
0,0,1,1.759436,4.18704,2.797644,-3.773382,3,1
1,0,0,0.384747,0.29622,0.678862,0.131369,0,0
0,0,1,0.976388,0.242569,1.653975,0.196246,0,0
0,0,1,0.571544,0.696123,0.035593,0.094825,0,0
0,0,1,-0.340438,-0.856323,0.349047,0.267161,0,0
0,1,0,1.285991,0.610323,5.657659,-0.085535,1,0
0,0,1,0.19164,-0.218506,0.361926,0.224371,0,0
0,0,1,2.071384,2.25849,4.158545,0.136885,1,0
0,0,1,-0.524078,0.464668,0.323407,-0.25264,0,0
0,1,0,3.284116,0.70545,1.590425,-0.410037,1,0
1,0,0,1.564162,1.135155,2.948008,0.076328,1,0
0,0,1,4.712184,0.418028,2.517144,-0.490022,2,1
0,1,0,3.547021,3.58146,4.608786,-1.80194,4,1
0,1,0,1.055669,0.024647,-0.078581,0.51125,0,0
0,1,0,0.151834,0.43382,-0.544377,0.383163,0,0
1,0,0,3.987996,2.486674,3.711592,1.340809,2,1
0,1,0,2.347006,3.506406,2.421726,0.088077,1,0
1,0,0,3.925685,2.323616,3.130896,4.425635,3,1
0,1,0,1.780083,3.685131,2.376512,-3.9084,2,1
0,1,0,-0.31732,-0.404084,0.390572,0.061326,0,0
0,0,1,3.723766,3.258935,2.807594,-0.164642,3,1
0,1,0,4.073846,0.810028,2.024134,0.064454,1,0
1,0,0,1.048375,5.112073,2.56737,-2.339978,3,1
0,1,0,0.425664,1.557103,4.20329,0.92377,1,0
0,1,0,-0.288034,0.294033,0.439078,-0.111847,0,0
1,0,0,2.10293,2.725206,0.592983,-3.467883,2,1
1,0,0,-0.573628,-0.443113,0.554777,-0.049375,0,0
0,0,1,6.088227,6.607423,6.75705,-0.602978,3,1
1,0,0,1.320046,0.104405,0.623089,0.269889,0,0
0,0,1,0.500677,0.547467,-0.398744,0.065565,0,0
1,0,0,1.145083,0.94692,1.746054,-0.1924,0,0
0,0,1,2.377302,4.160729,2.93117,-0.422504,2,1
0,0,1,4.029216,1.9097,4.576405,0.338233,2,1
0,1,0,4.368329,4.125453,5.875605,-0.016637,3,1
1,0,0,2.642324,5.238946,4.614592,-4.555675,4,1
0,1,0,0.346376,0.246739,0.711128,-0.077769,0,0
0,0,1,5.35521,5.276555,7.295249,-0.767236,3,1
0,1,0,0.172257,0.161935,0.455046,0.214955,0,0
1,0,0,0.994604,0.906393,2.067641,-0.006844,0,0
0,1,0,1.031947,0.183411,0.309084,0.025213,0,0
1,0,0,1.279486,-0.060197,1.859248,0.400411,0,0
1,0,0,5.735889,4.058141,5.3192,-2.273947,4,1
0,1,0,0.681493,0.90393,1.001588,0.256316,0,0
0,1,0,2.452017,0.678331,7.790506,-0.040456,1,0
0,0,1,0.487426,0.053853,1.031893,0.13224,0,0
0,1,0,3.333023,2.383285,3.538359,0.882426,2,1
1,0,0,3.400287,0.437761,3.287623,0.212394,2,1
0,0,1,0.22232,-0.082532,-0.311392,0.121226,0,0
0,0,1,-0.512888,-0.29547,-0.118745,0.326043,0,0
0,1,0,0.747907,0.076213,2.236943,-0.097393,0,0
0,1,0,0.963575,1.015453,1.938013,0.08321,0,0
1,0,0,1.378083,-0.161138,-0.208131,0.030028,0,0
1,0,0,5.285215,7.481332,5.589631,-1.286217,3,1
1,0,0,1.480046,1.119164,7.138383,-0.101754,1,0
0,1,0,2.209349,2.533719,2.996176,1.11041,2,1
0,1,0,5.14296,3.921721,5.296453,-1.127517,3,1
1,0,0,1.671601,0.112319,1.378362,0.028053,0,0
0,0,1,-0.294811,0.565242,0.396621,-0.497424,0,0
1,0,0,1.010616,0.590983,4.685678,0.719178,1,0
0,0,1,5.087243,5.049831,5.14354,-2.049421,4,1
1,0,0,-0.184511,0.144875,0.676311,0.178591,0,0
1,0,0,2.219084,1.077332,3.200651,-0.677307,1,0
0,0,1,2.995569,0.508295,3.472106,-0.044153,2,1
1,0,0,-0.918064,0.516154,0.633326,-0.181757,0,0
1,0,0,0.699713,1.321964,-0.022112,-0.055579,0,0
1,0,0,-0.321293,0.093234,-0.434161,-0.048873,0,0
0,0,1,0.761905,1.033649,2.204243,0.086699,0,0
0,1,0,3.901926,3.545867,3.756952,1.155984,3,1
0,1,0,4.793057,1.382521,3.370677,-0.346902,2,1
1,0,0,4.661067,2.712833,4.131363,3.861275,4,1
1,0,0,-0.149857,-0.522859,0.28672,0.172151,0,0
0,0,1,1.320078,0.080627,1.471922,0.537354,0,0
0,1,0,3.756459,3.706241,4.517014,2.851171,4,1
0,1,0,1.101421,2.308518,1.555466,-3.817728,1,1
1,0,0,2.802197,2.719638,1.634822,-0.364199,2,1
0,0,1,3.188802,3.133431,4.505699,1.281462,3,1
0,0,1,3.293877,0.699308,2.158629,0.204754,1,0
0,1,0,-0.059481,-0.279384,-0.518551,-0.00417,0,0
0,1,0,0.067577,0.386383,-0.796108,-0.370178,0,0
0,0,1,-0.499429,-0.158796,-0.048398,-0.059621,0,0
0,0,1,1.691182,1.725341,4.831201,1.154405,1,0
0,0,1,0.202279,-0.235404,0.882396,-0.128502,0,0
0,0,1,-0.085601,-0.019008,-0.41756,-0.352038,0,0
0,0,1,0.619458,0.531476,2.381366,0.572235,0,0
0,1,0,0.214099,0.480966,1.840942,0.03811,0,0
0,0,1,6.412651,6.53512,7.044656,-2.705332,4,1
0,1,0,0.505254,0.661417,0.004021,-0.021869,0,0
0,0,1,6.584684,6.133013,6.942864,-0.910714,3,1
1,0,0,0.524373,0.249336,-0.48709,-0.037142,0,0
0,0,1,-0.264804,0.164591,-0.028209,0.355234,0,0
0,1,0,-0.165729,0.380771,-0.112762,0.185382,0,0
1,0,0,5.69673,4.889316,3.645569,-0.863274,3,1
1,0,0,0.150519,0.286141,0.294508,-0.212717,0,0
0,0,1,0.547532,0.861995,1.86135,0.173227,0,0
1,0,0,-0.763402,-0.232675,0.173608,-0.183873,0,0
0,1,0,2.249373,0.796551,1.404355,0.959686,0,0
0,0,1,0.021735,0.673521,0.569934,-0.091636,0,0
0,0,1,0.128829,-0.154659,0.364567,0.324194,0,0
1,0,0,2.072956,0.205059,1.404709,-0.29461,0,0
1,0,0,1.531609,1.060909,0.490992,-0.025239,0,0
0,0,1,1.291003,0.547842,3.641349,0.046889,1,0
0,1,0,0.032655,1.879538,1.581718,-3.280413,1,1
0,1,0,3.15256,2.019686,2.815371,1.141042,2,1
0,0,1,-0.469398,0.551782,-0.169057,0.083363,0,0
1,0,0,1.309919,-0.033579,3.879418,-0.008847,1,0
0,0,1,-0.029505,0.429929,0.440853,0.045849,0,0
0,1,0,0.286689,0.192235,-0.15977,0.256125,0,0
0,1,0,0.77825,-0.549261,-0.172613,0.102387,0,0
0,0,1,1.185086,0.417728,2.436045,0.12479,0,0
1,0,0,-0.152039,0.371783,1.131089,-0.163586,0,0
1,0,0,0.837943,-0.312911,-0.06827,0.204821,0,0
0,0,1,-0.965808,0.050373,-0.041325,-0.087773,0,0
1,0,0,-0.553911,-0.132148,0.366373,-0.492678,0,0
0,0,1,3.20668,2.8338,3.370836,4.274695,4,1
0,1,0,-0.038798,-0.430261,0.224802,-0.090058,0,0
0,0,1,2.006346,0.393854,0.771586,0.63144,0,0
0,0,1,2.709406,1.988194,4.414363,-0.017405,2,1
0,0,1,0.310431,-0.407698,0.392999,0.159588,0,0
0,1,0,4.181171,2.478534,2.696817,0.583057,2,1
0,1,0,0.605725,0.767165,2.712239,0.717386,1,0
0,0,1,1.391954,1.322805,2.509372,0.848931,1,0
1,0,0,2.676457,1.913097,2.35418,-0.994999,1,0
1,0,0,4.402441,2.546137,1.196074,0.608142,2,1
1,0,0,0.087325,0.679552,0.466702,-0.170982,0,0
0,0,1,2.838499,5.225279,6.004727,-1.075224,3,1
0,0,1,4.279148,3.597434,2.035786,2.861786,3,1
1,0,0,0.432745,1.028543,1.768902,0.555872,0,0
0,1,0,-0.195799,0.439634,1.350116,0.200411,0,0
1,0,0,1.468969,0.488204,2.840775,0.735678,1,0
0,0,1,0.513231,0.356158,0.841068,0.298234,0,0
0,1,0,1.305382,1.285019,1.331329,0.523812,0,0
0,1,0,3.93038,5.423817,6.004502,-0.752661,3,1
0,1,0,1.520093,0.199777,1.773706,0.165167,0,0
0,0,1,0.519088,0.508541,-0.031858,0.021681,0,0
1,0,0,0.392476,-0.157985,0.352577,0.009755,0,0
0,0,1,5.058668,0.129972,1.506519,-0.185453,1,0
1,0,0,-0.744599,0.903526,0.341121,-0.129088,0,0
1,0,0,4.187237,0.705386,3.646767,0.221405,2,1
1,0,0,1.366345,-0.049423,0.525692,0.399948,0,0
0,0,1,2.222537,0.345379,1.017045,0.055166,0,0
1,0,0,-0.412112,-0.759329,-0.156299,-0.072025,0,0
0,0,1,0.17331,-0.002748,2.469309,1.060282,0,0
1,0,0,0.518473,0.73378,0.062899,0.020394,0,0
0,1,0,1.200088,2.372208,1.680953,-2.269156,1,0
0,0,1,3.653079,4.330347,2.798634,0.781875,3,1
0,1,0,0.316024,4.029385,2.095976,-1.202427,1,1
0,0,1,4.099927,2.823087,5.495925,-2.77965,4,1
0,1,0,-0.473344,0.553428,-0.10606,0.135604,0,0
0,0,1,0.410558,-0.087031,0.127082,-0.310568,0,0
0,1,0,1.450605,2.163936,3.318741,0.99202,1,0
1,0,0,2.638569,2.864211,1.480786,0.342212,2,1
0,1,0,1.163085,-0.003177,0.731432,0.460579,0,0
1,0,0,-0.36556,0.362449,0.28765,0.185091,0,0
0,0,1,2.977852,5.500807,2.886243,-1.623664,4,1
1,0,0,3.974993,0.118907,4.219045,-0.14556,2,1
0,1,0,-0.540917,0.004635,0.164375,-0.136666,0,0
0,1,0,-0.087074,0.360674,-0.647256,-0.588259,0,0
0,0,1,6.131442,1.315136,0.553299,-0.23152,1,0
1,0,0,0.974404,1.211375,1.003598,-0.107139,0,0
1,0,0,0.546433,0.689232,0.754287,0.079793,0,0
0,1,0,0.422571,0.932227,-0.741743,0.019704,0,0
1,0,0,1.406572,-0.461925,-0.140567,0.255041,0,0
0,0,1,2.605448,2.525953,2.902075,3.553489,4,1
0,1,0,1.145031,0.708752,1.5428,0.310314,0,0
1,0,0,5.13121,5.06026,5.976144,-1.690006,4,1
0,1,0,4.428157,4.089734,2.925569,-1.177384,3,1
0,0,1,1.707542,0.377907,7.439546,1.062382,1,0
0,1,0,0.589672,-0.118892,2.24915,0.098665,0,0
1,0,0,0.700793,-0.398662,0.380385,-0.0549,0,0
1,0,0,4.773111,-0.088447,3.929771,-0.036264,2,1
0,1,0,1.516856,0.546593,-0.099604,0.108807,0,0
1,0,0,0.76281,1.694572,2.350961,0.160091,0,0
1,0,0,2.840486,0.84211,1.870479,0.377766,1,0
0,1,0,2.588943,1.285136,3.397386,0.57376,2,1
1,0,0,1.701685,1.021429,4.680202,-0.152431,1,0
0,0,1,3.506464,3.651103,3.018541,4.114372,4,1
0,1,0,0.185133,0.074345,0.090853,-0.278148,0,0
0,1,0,1.376168,-0.146841,-0.03659,-0.133563,0,0
0,0,1,0.184543,0.004272,1.872527,-0.009834,0,0
1,0,0,1.794634,4.08241,1.03909,0.839687,1,1
1,0,0,-0.4331,0.370174,0.075267,0.103973,0,0
0,1,0,4.181798,8.827956,5.458862,-1.474735,3,1
1,0,0,-0.279704,-0.016045,0.772588,-0.059924,0,0
1,0,0,0.564206,0.630918,2.039606,0.103458,0,0
0,0,1,1.212445,1.968271,2.379676,-3.175329,1,1
1,0,0,-0.012556,0.988152,2.368268,-0.097284,0,0
1,0,0,1.770023,1.279688,4.831727,-0.021965,1,0
0,0,1,0.170107,0.476686,-0.165326,-0.291115,0,0
0,1,0,0.616133,0.844289,0.322475,0.047914,0,0
1,0,0,2.836968,0.45948,4.090735,0.211,2,1
0,0,1,2.375243,3.383673,2.776783,-2.566419,3,1
0,1,0,1.690575,1.082777,1.010725,0.270148,0,0
0,0,1,0.733378,0.640946,0.207733,-0.106014,0,0
0,1,0,2.850448,1.133804,2.126138,-0.154487,1,0
0,0,1,1.712269,1.901032,1.896019,0.199021,0,0
1,0,0,6.547737,0.645715,3.140255,-0.103295,2,1
0,1,0,0.862057,1.188205,-0.43938,0.218325,0,0
0,1,0,-0.406204,-0.914174,-0.035573,-0.328028,0,0
0,0,1,1.600468,1.042862,5.299663,1.179827,1,0
1,0,0,-0.865715,-0.216075,0.275722,0.073599,0,0
0,0,1,2.116438,2.731247,2.957035,2.916923,3,1
1,0,0,4.182472,6.216115,3.7139,-0.76401,3,1
1,0,0,-0.427119,-0.074108,-0.127866,0.156547,0,0
1,0,0,3.32325,0.922745,3.465576,-0.451453,2,1
0,1,0,3.792546,5.557072,6.304565,-1.54195,4,1
0,0,1,5.185511,5.324451,6.232468,-2.228014,4,1
1,0,0,-0.193877,1.099187,0.254613,-0.036577,0,0
0,0,1,-0.130447,-0.198977,0.306968,0.250452,0,0
1,0,0,1.889308,0.215086,6.698445,-0.38557,1,0
0,0,1,-0.015636,-0.19046,0.105078,-0.259791,0,0
0,1,0,3.282504,3.296635,2.160877,-0.182891,2,1
0,1,0,3.173508,0.167291,3.264912,0.150709,2,1
0,0,1,5.665149,3.056186,2.573279,-0.778682,3,1
1,0,0,0.878325,-0.32854,-0.335707,0.376542,0,0
0,0,1,0.601353,0.797045,0.596913,-0.089418,0,0
0,0,1,0.300261,-0.381974,-0.268828,-0.123324,0,0
0,1,0,0.459859,-0.22858,1.362303,-0.138824,0,0
0,0,1,2.867299,1.406079,5.31806,-0.35101,2,1
0,1,0,0.355807,0.462014,-0.009126,0.028895,0,0
1,0,0,2.877897,3.232326,2.626401,1.377353,3,1
1,0,0,0.258505,3.947872,1.017341,-3.009803,2,1
1,0,0,0.573115,0.215593,0.650406,-0.025914,0,0
0,0,1,3.851752,1.434006,2.244199,3.238824,2,1
0,0,1,1.984293,0.570727,0.659209,0.407844,0,0
0,1,0,0.964399,-0.329669,-0.189313,0.117139,0,0
0,0,1,3.901487,0.003612,3.186258,0.254811,2,1
1,0,0,-0.863183,0.230429,0.611363,-0.196383,0,0
1,0,0,0.239483,-0.590371,0.277198,-0.079952,0,0
1,0,0,-0.368079,1.001421,0.153401,-0.060293,0,0
0,0,1,4.742688,4.073468,6.821797,-2.044597,4,1
0,0,1,0.191726,3.121626,2.717766,0.034031,2,1
1,0,0,0.24326,3.512574,2.133412,-3.338763,2,1
0,1,0,0.639491,-0.476952,0.623066,0.504763,0,0
0,1,0,0.956037,0.837558,1.08268,0.611367,0,0
0,0,1,2.556802,3.216948,3.997463,1.076902,3,1
0,0,1,1.799543,4.55938,1.755928,-3.696202,2,1
1,0,0,-0.245089,-0.667611,0.068321,0.097986,0,0
1,0,0,2.3173,3.223718,4.611874,3.506422,3,1
0,1,0,0.109824,0.177395,-0.213493,-0.043572,0,0
0,0,1,2.312708,2.881407,0.893553,-2.626268,2,1
0,1,0,0.386062,1.170432,2.614641,0.237648,1,0
1,0,0,1.963414,0.66647,4.067683,1.463453,1,0
0,1,0,2.332838,3.788085,2.523178,-2.903993,3,1
0,1,0,0.311007,0.549745,-0.035207,-0.23292,0,0
0,0,1,3.007107,5.024536,2.934384,-2.858689,4,1
0,0,1,1.025041,0.59005,2.121753,0.730301,0,0
0,0,1,0.396531,0.706017,3.239185,-0.258198,1,0
1,0,0,2.605946,2.804609,0.757306,-2.384203,3,1
0,1,0,3.832624,0.654405,2.574676,0.007968,2,1
1,0,0,0.036685,0.737985,-0.604153,-0.353097,0,0
0,1,0,0.132815,0.421954,-0.205812,0.216649,0,0
0,0,1,5.647447,6.45779,3.367148,-1.767835,4,1
0,0,1,-0.559815,-0.13996,-0.342025,-0.341636,0,0
0,1,0,3.657955,3.201242,3.339286,0.633617,3,1
0,0,1,2.525007,0.923051,3.527042,0.806928,2,1
1,0,0,1.989796,0.224946,1.311114,-2.339332,1,0
1,0,0,1.667284,0.130234,2.746505,4.184477,2,1
1,0,0,4.046118,8.55537,4.069408,-2.412782,4,1
1,0,0,1.403372,3.038068,2.678425,-3.871365,3,1
0,0,1,2.969748,0.109934,0.825646,-0.402782,1,0
0,0,1,0.991466,5.856201,1.079601,-1.753514,2,1
0,1,0,-0.053443,1.113449,4.314742,0.282284,1,0
0,1,0,1.372706,-0.015517,2.246305,0.019396,0,0
0,1,0,4.091954,2.349811,3.637309,-2.619994,3,1
0,1,0,-0.278786,-0.16016,0.219533,-0.142742,0,0
0,1,0,0.04698,0.444342,1.026032,0.139644,0,0
0,0,1,5.5068,4.472985,3.817013,-1.392592,3,1
0,1,0,1.801359,0.937823,1.402316,-0.092281,0,0
1,0,0,4.330893,5.438723,4.228627,-0.532975,3,1
0,1,0,0.728749,-0.654791,0.542949,0.031551,0,0
0,1,0,5.035333,6.674409,3.423367,-1.482018,3,1
0,0,1,2.169499,1.417548,5.230801,-0.110756,1,0
0,0,1,1.671218,3.196437,2.223174,0.18373,1,0
0,1,0,0.609044,0.756486,4.224824,0.898938,1,0
1,0,0,2.717778,1.867176,1.905962,0.626182,1,0
1,0,0,0.932342,-0.078062,0.666233,-0.254019,0,0
0,1,0,0.559298,-0.537836,0.390208,0.357993,0,0
0,0,1,-0.507031,0.168315,-0.396507,-0.5716,0,0
1,0,0,0.056617,-0.14002,-0.296336,0.17457,0,0
1,0,0,2.310144,1.587051,2.861459,0.281349,1,0
0,0,1,1.518995,0.173887,0.570952,0.022196,0,0
0,0,1,3.886384,2.885457,2.279947,-1.109071,2,1
0,1,0,0.518278,0.013425,0.421021,0.027073,0,0
0,0,1,4.281956,0.45615,3.436106,-0.073605,2,1
0,0,1,4.622311,2.788232,5.957999,-1.607258,4,1
0,1,0,-0.239632,0.273702,-0.27953,-0.045058,0,0
0,0,1,3.063922,1.71073,1.856658,0.572817,1,0
0,1,0,7.109623,3.860888,6.527995,-0.697927,3,1
0,1,0,3.948689,3.888093,5.754542,-0.980676,3,1
0,0,1,0.935021,1.073322,1.800487,0.54566,0,0
0,0,1,5.103436,0.056522,5.060596,-0.127729,2,1
0,1,0,1.090752,0.913913,1.623445,-0.135734,0,0
1,0,0,1.255483,3.366411,1.197741,-1.974686,2,1
1,0,0,-0.713696,0.025773,0.081885,0.037604,0,0
0,1,0,5.76856,8.512313,6.10244,-2.363402,4,1
0,0,1,5.609458,5.046853,3.151254,-2.130926,4,1
0,0,1,1.065518,0.562109,0.836893,-0.022714,0,0
1,0,0,-0.507733,0.799163,0.663761,-0.020995,0,0
1,0,0,4.747048,0.059673,3.427485,-0.399517,2,1
0,1,0,5.946054,0.360731,1.564852,-0.230245,1,0
0,1,0,3.294641,0.71989,4.458172,0.287305,2,1
1,0,0,1.121078,1.325599,6.876985,0.136316,1,0
1,0,0,2.184703,0.057216,1.370201,0.512741,0,0
1,0,0,0.947467,0.599528,0.706565,0.188134,0,0
0,0,1,1.256461,2.462209,2.530882,-2.963961,2,1
0,1,0,0.645215,0.018444,-0.652572,0.489977,0,0
0,0,1,2.817015,0.701188,1.822422,0.488398,1,0
0,0,1,0.576942,0.620005,2.686883,0.791559,1,0
0,1,0,-0.193939,-0.244901,0.001142,0.160489,0,0
1,0,0,2.502906,1.841059,1.640812,-2.796796,2,1
1,0,0,0.309107,-0.406958,-0.179429,-0.133656,0,0
1,0,0,3.317948,4.059235,2.561919,0.53684,3,1
1,0,0,-0.535045,-0.440255,0.177493,0.459001,0,0
0,1,0,3.125332,1.443778,5.220476,0.663723,2,1
0,1,0,-0.952324,0.185984,-0.100857,-0.002174,0,0
0,0,1,0.439338,-0.144425,0.098644,0.024141,0,0
1,0,0,2.093205,1.899558,4.365565,3.174884,2,1
0,0,1,1.139241,-0.071952,1.894741,0.480877,0,0
1,0,0,0.2833,0.555109,0.497072,0.143283,0,0
0,0,1,0.491417,-0.220174,0.004032,-0.201854,0,0
0,0,1,0.907093,0.585193,3.138814,0.239433,1,0
1,0,0,0.500505,0.5528,0.316708,-0.096675,0,0
1,0,0,0.645325,-0.602088,-0.497583,0.045649,0,0
0,1,0,2.763447,2.384475,4.460508,-1.854855,3,1
1,0,0,0.38066,0.220202,0.094023,-0.32684,0,0
0,0,1,2.160537,2.192458,3.600627,0.962596,1,0
0,1,0,-0.279699,0.444731,0.490633,0.028862,0,0
1,0,0,2.079322,1.960239,1.629853,-3.046125,1,1
0,1,0,2.190542,2.503262,1.700716,0.650128,1,0
0,0,1,4.67189,4.215614,4.251672,-0.828984,3,1
0,1,0,-0.558212,0.416508,-0.205361,0.232951,0,0
0,1,0,0.307254,0.331888,0.105555,-0.21567,0,0
1,0,0,3.552581,2.696132,2.002461,1.643209,3,1
1,0,0,1.312348,1.997733,2.102756,0.128429,0,0
1,0,0,4.07827,3.771603,2.034353,2.314241,3,1
0,1,0,1.926365,0.265674,0.971695,0.268781,0,0
0,0,1,3.961787,1.677782,6.193337,1.652748,3,1
0,0,1,0.718336,0.012944,-0.283405,0.125579,0,0
1,0,0,5.378267,2.79793,8.662488,-0.113905,3,1
0,0,1,2.79486,1.101043,7.601043,-0.205221,2,1
1,0,0,1.624357,2.836183,1.256833,-3.580071,2,1
1,0,0,-0.419287,-0.380582,0.278959,-0.234763,0,0
1,0,0,0.23021,1.020607,0.531787,-0.220755,0,0
1,0,0,4.037147,0.035691,1.157621,-0.090658,1,0
0,0,1,4.326315,3.19941,5.178058,-2.181305,4,1
0,0,1,4.410529,4.307695,4.75844,-1.984839,4,1
0,1,0,0.27185,0.095636,0.995075,-0.231687,0,0
0,0,1,0.288831,-0.24421,0.621087,0.00852,0,0
0,0,1,4.080348,4.904402,5.843651,-1.420946,3,1
0,0,1,0.813571,0.261952,-0.045844,0.0496,0,0
1,0,0,2.200863,0.305872,1.281006,0.784472,0,0
0,0,1,4.068014,-0.135154,2.398965,-0.315398,1,0
1,0,0,3.13065,2.898861,2.6267,1.239501,3,1
1,0,0,-0.199785,-0.588747,0.175773,-0.391463,0,0
1,0,0,1.057232,1.263317,4.388177,1.514642,2,1
0,0,1,-0.213892,-0.225027,0.254197,0.026818,0,0
0,1,0,2.621011,1.360831,4.9605,0.699402,2,1
1,0,0,3.060464,3.244806,2.399721,0.544485,2,1
0,0,1,-0.258417,-0.111807,0.431038,0.104815,0,0
0,0,1,2.057493,3.138505,1.736555,-1.673605,2,1
0,1,0,2.556127,2.780873,1.705128,0.52598,2,1
0,1,0,1.217815,2.277746,1.592736,-3.495378,1,1
0,1,0,5.4119,6.144362,5.710091,-1.025961,3,1
1,0,0,4.226841,1.445497,1.42086,-0.144482,1,0
0,0,1,3.182348,0.624541,1.438671,0.056251,1,0
1,0,0,2.319905,1.215064,6.202897,0.888424,1,0
1,0,0,-0.083385,-0.789939,0.485479,0.073881,0,0
0,1,0,3.939526,-0.120132,1.611584,-0.175023,1,0
0,1,0,-0.466973,0.355866,-0.262843,0.310935,0,0
0,0,1,0.32035,0.085615,0.162294,-0.08223,0,0
0,1,0,0.158454,-0.115278,-0.663489,0.00787,0,0
0,1,0,1.153375,0.488526,1.837872,0.163273,0,0
0,0,1,-0.253727,0.012979,0.095184,-0.002408,0,0
1,0,0,1.874801,1.068526,2.427171,-0.620644,0,0
0,1,0,3.948825,6.027971,4.357649,-0.854698,3,1
1,0,0,0.554708,0.435667,0.221025,-0.034732,0,0
0,1,0,1.633237,1.2164,2.906729,0.708521,1,0
1,0,0,1.791543,0.68828,3.576322,0.793221,1,0
0,1,0,0.290088,0.635199,-0.333854,-0.392179,0,0
0,0,1,4.024087,2.511664,2.172176,0.335622,2,1
0,1,0,-0.225801,-0.573349,0.604498,0.459493,0,0
0,0,1,-0.229626,-0.399048,-0.074525,-0.000993,0,0
1,0,0,1.624632,1.19213,1.719158,0.809248,0,0
0,0,1,-0.312009,0.175662,0.125103,0.021789,0,0
0,1,0,1.713949,2.22814,2.854539,0.039408,1,0
1,0,0,-0.00321,0.356844,-0.223961,-0.03041,0,0
0,1,0,1.891778,0.575769,1.065161,0.189664,0,0
0,0,1,2.880117,4.346773,5.701316,-0.452374,3,1
1,0,0,5.465264,2.855233,1.88849,2.776629,3,1
1,0,0,1.575594,0.940769,1.994938,0.173718,0,0
1,0,0,0.63047,0.416018,-0.467588,0.278355,0,0
0,0,1,1.744865,0.810813,0.52597,0.133779,0,0
0,1,0,1.352686,5.533346,2.517401,-3.472355,3,1
1,0,0,2.033078,1.572734,5.045402,0.595105,1,0
0,1,0,1.668561,1.431938,2.187103,-1.623802,1,0
0,1,0,2.066984,0.133395,2.620473,0.712469,1,0
0,1,0,2.372415,1.100991,4.356582,-0.263667,1,0
0,1,0,1.509608,1.347347,1.314135,0.919463,0,0
0,0,1,2.4336,3.164278,5.156782,1.354687,2,1
1,0,0,0.13199,0.270331,-0.152916,0.006904,0,0
0,1,0,2.322433,3.756804,2.198025,0.085685,1,0
0,0,1,5.962884,7.772093,4.540772,-2.903964,4,1
0,1,0,0.816309,-0.339937,1.635428,0.783286,0,0
1,0,0,7.037344,3.301003,5.579466,-1.876182,4,1
0,1,0,-0.587174,0.622954,0.174999,0.057031,0,0
1,0,0,0.018461,-0.100563,-0.69956,0.088849,0,0
0,0,1,0.197756,0.063309,0.537897,0.01198,0,0
1,0,0,0.468897,0.01977,0.244705,0.173333,0,0
0,0,1,0.634023,-0.091591,0.226309,-0.302867,0,0
1,0,0,0.468671,0.082789,-0.050631,0.219574,0,0
1,0,0,-0.261612,0.423616,-0.10762,-0.02517,0,0
0,1,0,-0.129085,-0.428719,0.147013,-0.027492,0,0
1,0,0,-0.377757,-0.022079,-0.282034,-0.249015,0,0
1,0,0,0.057493,-0.236805,0.529908,-0.12169,0,0
0,1,0,2.162124,1.04187,0.162581,-0.512564,0,0
0,1,0,3.454791,3.563398,3.807573,0.169502,3,1
0,1,0,0.63657,0.322307,0.173608,-0.244396,0,0
0,1,0,1.658241,1.600774,0.636348,-0.173753,0,0
0,1,0,0.72309,0.340126,0.274686,0.139309,0,0
1,0,0,5.315355,6.221777,5.011844,-1.682409,4,1
1,0,0,-0.129826,-0.404661,0.635481,0.097644,0,0
0,1,0,1.584624,0.339566,1.304862,0.203164,0,0
0,1,0,2.450936,2.966047,3.600851,0.387834,2,1
0,0,1,-0.325951,0.105605,-0.497526,0.293031,0,0
1,0,0,0.559735,1.817768,1.817052,-1.620395,1,0
1,0,0,4.252244,0.299881,3.689297,0.008285,2,1
1,0,0,4.299554,4.280215,4.165834,-1.563163,4,1
0,1,0,5.918452,0.096669,1.506781,-0.700306,1,0
1,0,0,1.690966,5.105954,0.771075,-1.557468,2,1
0,0,1,2.517924,0.808972,5.718351,0.212495,2,1
0,1,0,1.644297,3.240009,0.650633,-1.599423,2,1
0,1,0,1.244102,0.20148,-0.176189,-0.052323,0,0
0,1,0,0.815429,0.437119,0.061496,-0.024637,0,0
0,0,1,2.630035,3.197855,2.323991,1.163748,2,1
1,0,0,2.999236,2.135421,4.046006,0.882068,2,1
0,1,0,1.995244,1.128246,2.136777,0.732119,0,0
0,0,1,3.895143,5.999665,4.819546,-1.623342,4,1
1,0,0,4.379297,6.558248,3.469014,-1.793382,4,1
0,1,0,4.010838,-0.324009,4.290545,-0.277685,2,1
1,0,0,0.212521,0.007608,0.139094,0.066725,0,0
0,0,1,0.604721,0.831092,1.26347,-0.077593,0,0
0,1,0,-0.213761,0.408579,-0.126544,0.096241,0,0
0,0,1,0.194085,1.053163,0.215472,-0.112637,0,0
0,1,0,2.353911,4.124949,1.399351,1.493506,1,1
0,0,1,-0.301464,-0.137548,0.530787,0.131116,0,0
1,0,0,6.539464,2.620373,4.578737,1.753152,4,1
0,1,0,-0.529671,0.531217,0.472057,-0.074925,0,0
0,0,1,0.935629,0.233658,5.65902,0.638008,1,0
0,0,1,0.526571,0.728354,0.133764,0.011252,0,0
1,0,0,1.333529,0.279458,2.625692,-0.080373,1,0
0,0,1,1.928048,2.945945,0.724145,-0.236263,1,0
0,1,0,0.593663,-0.016141,0.023022,-0.081138,0,0
1,0,0,0.831383,0.363175,0.735119,0.597272,0,0
0,1,0,5.855082,1.140192,2.193019,3.32883,2,1
0,0,1,4.214471,0.041025,2.376973,-0.229839,1,0
0,0,1,3.944671,5.086615,4.786497,-2.179673,4,1
0,1,0,0.747847,0.392497,-0.695015,0.060248,0,0
1,0,0,1.172862,4.877913,2.565066,-3.346899,3,1
1,0,0,1.527539,0.516843,-0.185247,0.042697,0,0
1,0,0,-0.403705,0.695699,1.398209,-0.176031,0,0
0,0,1,1.152194,1.421504,3.987419,0.360084,1,0
0,1,0,0.09751,0.317697,0.663993,0.35982,0,0
0,1,0,2.771037,-0.715246,1.079098,-0.530277,1,0
0,0,1,-0.437903,-0.2845,-0.101141,-0.129838,0,0
0,1,0,2.138499,1.499558,3.268994,0.633042,1,0
1,0,0,-0.069857,-0.136869,0.380679,0.037756,0,0
0,0,1,0.173034,0.119369,0.218172,-0.083001,0,0
1,0,0,1.278152,0.733694,2.695014,-3.296081,2,1
1,0,0,-0.585026,-0.305526,0.397325,0.107081,0,0
0,1,0,-0.608236,0.153834,0.6594,0.414677,0,0
1,0,0,3.452941,2.023212,2.649467,-0.118007,2,1
0,1,0,6.128902,5.914037,3.722446,-1.737537,4,1
0,1,0,0.993021,0.041692,1.721368,-0.09973,0,0
0,1,0,2.661773,0.735181,4.242815,0.306732,2,1
1,0,0,2.121641,2.065517,3.568884,0.66481,1,0
1,0,0,1.392656,4.388911,2.702712,-3.029263,3,1
1,0,0,0.426379,0.46043,0.380406,-0.197036,0,0
1,0,0,0.996814,0.544405,1.463625,0.030759,0,0
0,1,0,2.288448,0.061273,0.580918,-0.233479,0,0
0,1,0,0.392458,-0.114688,0.383666,0.194566,0,0
0,1,0,3.289491,1.197603,2.158014,3.935562,2,1
1,0,0,2.963581,2.873092,0.778416,1.252722,2,1
0,0,1,0.560094,0.177152,-0.700466,0.283305,0,0
0,0,1,4.299142,0.366014,3.43775,-0.141892,2,1
1,0,0,2.654479,4.136056,1.341692,0.030744,2,1
0,1,0,1.848658,1.579636,4.636925,1.015712,1,0
0,0,1,1.059598,-0.337771,-0.070593,-0.045632,0,0
0,0,1,1.049338,0.898255,1.528946,0.359586,0,0
0,0,1,0.650688,0.247123,-0.497954,-0.017771,0,0
1,0,0,1.15859,-0.315396,0.506489,-0.054384,0,0
0,1,0,0.661623,0.291249,1.533332,0.29717,0,0
0,0,1,4.864547,5.626879,5.992844,-1.784023,4,1
1,0,0,-0.102278,-0.144143,-0.074623,-0.130894,0,0
0,1,0,0.851047,0.665136,-0.034258,-0.326751,0,0
1,0,0,0.178771,-0.134595,0.064839,-0.293932,0,0
0,0,1,2.895532,-0.1898,4.054537,-0.167203,2,1
0,0,1,2.07903,1.515539,2.418393,0.572161,0,0
1,0,0,1.934808,0.025069,-0.014352,-0.089531,0,0
0,0,1,0.061732,0.593152,0.140465,0.145235,0,0
0,1,0,2.753191,4.254317,3.418229,0.315042,3,1
0,1,0,1.994959,3.483311,3.368083,2.825839,3,1
1,0,0,1.32746,1.152366,2.85604,-0.33887,1,0
0,1,0,1.688698,1.126578,1.460614,1.079647,0,0
1,0,0,7.291772,3.28083,5.324301,-2.409293,4,1
1,0,0,3.009599,1.251522,4.072123,4.001464,3,1
0,0,1,5.336922,5.067738,5.099735,-0.01627,3,1
0,1,0,1.383785,1.260094,3.40022,0.457926,1,0
0,1,0,0.060561,0.590658,2.268326,0.418846,0,0
1,0,0,-0.475578,0.996375,-0.222087,0.184463,0,0
0,0,1,4.380758,0.461198,3.126193,-0.574017,2,1
1,0,0,-0.22843,-0.387528,-0.16522,0.209023,0,0
0,1,0,5.286517,3.665321,4.921208,-0.352807,3,1
0,0,1,2.188755,0.038405,0.645013,0.247564,0,0
1,0,0,1.634749,1.069944,1.071033,0.422755,0,0
1,0,0,0.407933,0.098595,0.206647,-0.235195,0,0
0,0,1,0.106342,-0.221834,-0.289001,-0.317969,0,0
0,0,1,-0.218425,0.862959,0.428138,-0.005935,0,0
1,0,0,2.084069,0.380472,1.999529,-0.223045,0,0
0,1,0,0.363002,0.017082,0.036543,0.166772,0,0
1,0,0,2.812706,2.906325,2.63903,4.629785,4,1
0,1,0,2.693923,3.675931,3.809991,-1.519952,4,1
0,0,1,2.110306,0.041531,1.516286,-0.060127,0,0
0,1,0,1.455708,1.010898,1.164475,0.273481,0,0
0,1,0,2.49271,1.747915,8.602404,0.2268,1,0
0,0,1,0.343544,0.461709,-0.557549,0.041035,0,0
1,0,0,-0.332306,0.79903,0.325047,-0.070389,0,0
0,0,1,1.190967,0.500158,0.910359,0.040901,0,0
1,0,0,3.385253,3.178723,2.292266,0.331116,2,1
0,1,0,1.306655,3.315131,1.985941,-0.051812,1,0
1,0,0,1.903922,1.917909,2.872715,-0.008162,1,0
0,1,0,1.041474,-0.204431,-0.131042,-0.078854,0,0
0,0,1,2.809322,2.658018,2.53899,1.206577,3,1
1,0,0,2.437966,3.647941,1.235424,-2.507428,2,1
0,0,1,3.366495,3.885718,4.399199,2.720904,4,1
1,0,0,1.46318,0.703438,0.028151,0.153274,0,0
0,0,1,3.889607,0.21499,3.527423,-0.070337,2,1
0,0,1,6.576741,6.149364,5.08488,-1.33906,3,1
1,0,0,1.516675,0.133596,2.278415,0.217783,0,0
0,0,1,0.385595,-0.092885,-0.116831,0.13225,0,0
1,0,0,0.603061,4.653112,1.882483,-2.465216,2,1
1,0,0,2.066153,5.003239,0.998894,-3.606486,2,1
1,0,0,0.590111,1.158349,2.16801,0.306241,0,0
1,0,0,5.408651,0.447847,3.021791,-0.134867,2,1
1,0,0,4.51366,0.978233,2.801074,-0.936735,2,1
1,0,0,1.039216,2.116226,3.242428,-0.69914,1,0
1,0,0,2.394233,0.684329,5.286403,-0.079361,1,0
1,0,0,1.033731,0.695043,1.705306,0.628856,0,0
0,0,1,4.415322,-0.153466,3.526171,0.411052,2,1
0,0,1,-0.093773,0.392607,0.533219,0.049879,0,0
0,1,0,1.311998,0.72619,4.58992,0.382241,1,0
0,0,1,3.182821,0.03824,2.237229,-0.383536,1,0
0,1,0,1.515154,2.875335,2.69873,-0.50823,2,1
0,1,0,4.848711,0.614802,1.869788,0.143331,1,0
0,0,1,-1.233568,0.292667,-0.513087,0.005114,0,0
1,0,0,2.361027,2.426894,0.745542,2.068085,1,0
0,1,0,1.436528,0.109461,0.450642,-0.199823,0,0
0,0,1,3.043445,2.899505,3.508467,2.284549,4,1
0,1,0,-0.335258,0.462159,-0.104022,0.094697,0,0
1,0,0,1.028833,0.542844,0.382232,0.660605,0,0
1,0,0,4.105074,2.61125,2.237377,3.003856,3,1
0,0,1,0.112877,-0.241385,0.215538,0.179173,0,0
0,1,0,3.873546,2.905665,3.673762,-0.812206,3,1
1,0,0,6.17008,6.110936,4.784205,-0.608089,3,1
0,1,0,2.208196,3.083765,5.333183,0.915685,2,1
0,0,1,4.074997,3.106127,4.906314,0.807899,3,1
0,0,1,2.876482,3.063573,2.8937,1.563634,4,1
1,0,0,4.59781,0.220508,4.003672,0.208806,2,1
0,1,0,0.834245,4.610925,1.740795,-3.023739,2,1
0,1,0,3.456452,3.542734,2.542733,0.805131,3,1
1,0,0,0.277174,-0.036714,-0.056817,-0.10355,0,0
0,0,1,2.838706,2.364907,3.381059,1.118674,2,1
1,0,0,0.172986,0.031559,-0.087603,0.200147,0,0
0,1,0,0.117447,-0.654667,0.336836,-0.315783,0,0
0,0,1,3.402767,1.872849,8.487884,1.397515,2,1
0,1,0,0.190529,-0.117375,0.586917,0.126649,0,0
0,1,0,2.04592,0.120045,1.491929,0.976662,0,0
1,0,0,-0.358817,0.175974,-0.059004,-0.11523,0,0
1,0,0,6.679998,3.669747,3.354491,-0.689026,3,1
1,0,0,-0.290527,0.412541,-0.221095,0.210174,0,0
0,1,0,-0.197318,-0.174761,0.034988,0.175738,0,0
1,0,0,0.97774,1.233595,3.001071,0.492305,1,0
0,1,0,3.172994,5.671662,1.895298,-3.240953,3,1
0,0,1,0.079604,-0.615167,-0.269564,-0.194966,0,0
0,1,0,-0.264579,-0.553877,0.148223,0.005052,0,0
0,1,0,5.400277,6.358418,6.806919,-0.698802,3,1
0,1,0,0.711405,0.043878,-0.332369,0.27589,0,0
0,0,1,0.790827,1.065867,0.399694,0.313615,0,0
0,0,1,5.862232,5.108007,6.915116,-2.22311,4,1
1,0,0,0.635321,0.789138,3.392347,0.573492,1,0
0,0,1,0.773345,5.831311,0.973318,-2.52922,2,1
0,0,1,3.083716,1.864932,3.443716,0.069948,2,1
1,0,0,0.077635,-0.513294,-0.362548,-0.278809,0,0
1,0,0,2.332345,2.891646,1.750744,-2.605334,2,1
0,1,0,5.178152,0.979231,3.387007,-0.592649,2,1
0,0,1,1.133462,2.889335,3.752241,0.439385,2,1
0,1,0,0.830473,-0.306114,1.043048,0.374398,0,0
0,1,0,0.466996,-0.162038,0.060268,0.272715,0,0
0,1,0,1.667485,0.419568,1.041144,0.337791,0,0
1,0,0,4.226001,4.659038,3.298753,-0.217142,3,1
1,0,0,5.1205,0.469839,3.913638,-0.416142,2,1
1,0,0,-0.707729,0.801615,-0.369787,-0.300541,0,0
0,1,0,2.714337,3.876305,3.478742,-1.135159,3,1
0,0,1,0.593032,0.325848,0.412089,0.019109,0,0
0,0,1,1.412,0.110668,1.192885,0.065834,0,0
0,0,1,1.615814,3.139602,1.141046,-3.152941,2,1
1,0,0,3.785352,2.516504,2.047417,3.627459,3,1
1,0,0,4.600462,2.081665,4.652315,-0.247614,2,1
0,1,0,0.917956,0.13094,-0.076714,-0.151272,0,0
1,0,0,-0.002948,1.01358,0.193846,-0.129269,0,0
1,0,0,2.373,2.056845,4.157013,0.15394,1,0
0,1,0,2.888157,0.322707,2.703464,0.041949,2,1
1,0,0,1.805769,-0.074209,3.793667,0.317449,1,0
0,1,0,1.06428,0.536772,0.139722,0.324369,0,0
0,1,0,0.18197,-0.172252,-0.548269,-0.073326,0,0
0,0,1,-0.493155,0.415695,-0.127418,-0.044842,0,0
1,0,0,4.762161,3.030561,4.496159,-1.150474,3,1
0,1,0,0.024281,-0.048413,0.573585,0.20469,0,0
1,0,0,1.84907,1.91431,1.130364,-0.573802,0,0
1,0,0,2.622991,3.242519,2.040855,-3.360456,3,1
0,1,0,2.203307,0.590018,2.048403,-0.181826,0,0
1,0,0,-0.108032,-0.598868,0.13568,-0.531408,0,0
0,1,0,4.564927,7.064786,5.210714,-2.311474,4,1
0,1,0,-0.153519,-0.093763,0.057866,-0.080994,0,0
0,0,1,3.113959,2.987554,2.677353,3.077028,4,1
0,0,1,-0.516975,0.097455,0.30121,0.01061,0,0
0,0,1,-0.927882,0.262841,-0.395374,0.059695,0,0
0,0,1,1.586918,0.896907,6.274483,0.350439,1,0
1,0,0,4.353724,6.931657,4.48367,-0.650566,3,1
0,0,1,2.173584,1.629858,4.978975,0.760078,1,0
1,0,0,-0.648192,0.049411,-0.427041,-0.184611,0,0
1,0,0,0.435543,0.011932,-0.117002,0.138084,0,0
0,1,0,0.430337,0.429887,0.626313,0.079985,0,0
0,1,0,1.217852,0.813992,1.277142,-0.545878,0,0
0,1,0,0.735829,0.593979,-0.238773,0.142757,0,0
1,0,0,0.38134,-0.231854,0.175453,-0.023307,0,0
1,0,0,0.162046,0.181403,0.068385,0.186784,0,0
0,1,0,2.302126,4.53587,4.497056,0.529277,2,1
1,0,0,2.152935,-0.532991,2.848416,-0.01263,1,0
0,0,1,-0.751215,0.463432,0.089453,0.284843,0,0
1,0,0,3.007876,1.001742,4.610088,0.054574,2,1
0,0,1,2.066785,0.798216,1.100195,0.038319,0,0
0,0,1,0.911259,0.19948,0.734345,0.213322,0,0
0,1,0,-0.423637,0.444432,0.459641,-0.173965,0,0
0,0,1,-0.478969,0.285444,0.190333,0.024872,0,0
1,0,0,0.693256,2.128168,6.384824,0.190537,1,0
1,0,0,-1.022102,0.460168,0.199051,-0.093436,0,0
0,1,0,-0.035374,-0.493618,-0.079754,0.148587,0,0
0,1,0,5.617819,5.507775,4.01762,-1.257771,3,1
1,0,0,0.961786,0.213667,2.366168,0.157463,0,0
0,1,0,4.231139,1.438146,5.400018,0.673812,2,1
0,1,0,6.997377,6.937687,5.282562,-2.401535,4,1
0,1,0,0.963897,0.637629,2.296305,0.381965,0,0
0,1,0,5.6003,2.249791,3.596816,3.760555,3,1
0,0,1,4.895279,0.643819,2.736696,0.29578,2,1
0,0,1,-0.569834,0.993466,0.393259,-0.124425,0,0
1,0,0,5.281608,7.436948,7.085698,-0.929611,3,1
1,0,0,1.779326,0.670146,1.575809,-0.043995,0,0
1,0,0,0.651096,1.577856,3.775072,0.352709,1,0
0,0,1,2.246682,3.202426,3.6095,1.851894,3,1
1,0,0,-0.754419,-0.066199,0.032167,0.064587,0,0
0,0,1,4.540859,2.688382,2.597154,3.384482,4,1
1,0,0,-0.669399,0.483135,0.368633,-0.080549,0,0
0,1,0,2.328493,0.54129,1.727697,0.261612,0,0
1,0,0,3.131394,4.432492,1.519375,0.155931,2,1
0,0,1,6.233648,6.352794,6.255073,-2.009529,4,1
0,0,1,3.139973,1.965264,2.567182,-1.520142,3,1
0,1,0,4.374043,1.620126,4.011932,3.686158,3,1
1,0,0,5.072501,7.091348,7.034556,-0.458228,3,1
1,0,0,0.38916,0.099795,0.405026,0.207234,0,0
0,1,0,-0.269364,-0.016942,-0.114552,0.092224,0,0
0,0,1,1.47587,0.539601,5.324284,0.722592,1,0
0,0,1,1.856165,2.701379,2.392323,0.539309,1,0
0,0,1,2.182291,0.333561,0.656546,-0.247197,0,0
0,0,1,3.563738,1.953704,4.158605,0.391186,2,1
0,0,1,0.852489,3.557433,2.92436,-2.982896,3,1
0,1,0,2.064619,2.068051,7.207522,-0.016165,1,0
1,0,0,5.492649,0.690082,2.543557,-0.100983,2,1
0,0,1,-0.801455,0.21628,-0.206359,-0.033923,0,0
1,0,0,1.571691,0.406695,0.982192,-0.192743,0,0
0,1,0,-0.200307,-0.055999,-0.390241,0.140452,0,0
1,0,0,0.388209,0.06732,0.731402,-0.076734,0,0
0,0,1,-0.967767,-0.044899,0.087136,-0.091922,0,0
1,0,0,0.865069,-0.006645,0.059661,0.117804,0,0
1,0,0,1.269053,1.519304,6.563788,-0.105185,1,0
0,0,1,4.04849,6.121855,6.835078,-0.168168,3,1
0,0,1,-0.007692,-0.435722,0.280242,-0.119011,0,0
0,1,0,-0.235867,-0.315864,0.184433,-0.015679,0,0
1,0,0,0.171071,0.477741,0.811326,0.349432,0,0
0,0,1,1.062156,3.921389,0.970758,-2.986794,2,1
0,1,0,0.505646,-0.137351,-0.147605,-0.130736,0,0
1,0,0,0.742842,2.143249,2.392091,-2.314714,1,0
1,0,0,5.607601,0.952162,2.821635,-0.142557,2,1
0,1,0,2.407156,1.898954,4.932118,0.678261,1,0
1,0,0,3.278574,3.393306,5.076961,2.283876,4,1
0,1,0,3.272427,3.408231,4.104879,-1.346531,3,1
1,0,0,2.581172,0.592597,2.681766,-0.313518,2,1
1,0,0,-0.094763,-0.227932,0.302142,0.109865,0,0
0,0,1,0.092133,0.32132,0.376569,1.385941,0,0
0,1,0,0.463518,-0.262401,0.409214,-0.213798,0,0
1,0,0,3.126213,1.088575,8.377425,-0.710531,2,1
0,1,0,-0.912668,0.412518,0.102291,0.119684,0,0
0,0,1,4.351993,0.455982,3.919311,-0.231158,2,1
0,1,0,0.918374,0.384541,0.626769,-0.211087,0,0
0,0,1,3.431599,6.628153,6.648713,-2.469972,4,1
1,0,0,1.556285,-0.301778,1.67746,-0.09927,0,0
1,0,0,2.057634,0.631762,1.266523,-0.210366,0,0
0,1,0,0.074831,0.24658,0.147419,-0.366097,0,0
0,0,1,0.93376,1.055953,4.942744,1.04333,1,0
0,1,0,0.361464,0.310354,0.39608,-0.307297,0,0
0,0,1,1.139255,0.573293,2.362654,0.181286,0,0
0,1,0,5.994078,3.272038,3.751991,-2.690549,4,1
0,1,0,-0.135457,-0.203737,0.418647,-0.412352,0,0
1,0,0,0.839435,0.055045,0.70273,-0.090649,0,0
0,0,1,3.128555,-0.446021,1.419189,0.149672,1,0
1,0,0,0.277577,-0.123128,0.101158,-0.218778,0,0
0,1,0,5.840982,0.090509,3.069685,0.413031,2,1
0,0,1,1.259505,0.866248,1.663032,0.201842,0,0
1,0,0,5.949727,0.21094,2.141208,-0.443759,1,0
1,0,0,1.509345,0.18108,3.187772,-0.529225,1,0
0,1,0,0.552034,2.381195,1.39972,-2.837467,1,1
1,0,0,0.014059,0.262939,0.383634,0.160506,0,0
0,1,0,-0.306204,0.029749,-0.324877,-0.042745,0,0
0,0,1,1.961687,0.881822,2.237226,0.399999,0,0
1,0,0,2.080921,2.03515,5.906975,0.755468,1,0
1,0,0,0.090457,-0.139531,0.276285,-0.022671,0,0
0,1,0,0.452417,1.050939,1.408339,0.59025,0,0
1,0,0,1.963278,-0.306554,1.642592,0.532271,0,0
1,0,0,2.571964,4.732075,6.173509,-1.576119,4,1
1,0,0,2.332765,0.401645,0.694911,0.660462,0,0
1,0,0,-0.454569,0.443104,0.04753,0.3211,0,0
0,1,0,3.625199,0.165307,2.598917,-0.219625,2,1
1,0,0,6.113374,5.358771,3.483798,0.01842,3,1
0,0,1,0.141661,-0.145253,-0.210352,-0.193308,0,0
0,1,0,1.479419,0.506329,1.854486,-0.258703,0,0
0,0,1,1.93071,1.215769,5.283072,3.559982,2,1
0,1,0,3.587396,4.702846,6.60327,-0.880882,3,1
0,0,1,5.069474,0.046321,2.350196,-0.431202,1,0
0,0,1,2.042693,0.634537,1.737245,0.124519,0,0
0,1,0,1.962539,1.603452,6.515796,0.116744,1,0
0,0,1,1.196167,0.936639,1.793277,0.313042,0,0
0,0,1,-0.536797,0.534399,-0.077089,0.175411,0,0
0,1,0,-0.510217,-0.119241,-0.023539,0.345721,0,0
0,1,0,3.022637,1.345394,3.107346,-0.683015,2,1
0,1,0,0.030719,0.612227,-0.162139,-0.207644,0,0
0,1,0,1.047176,-0.483314,0.66256,0.007285,0,0
1,0,0,1.347326,3.639988,1.925825,-2.858514,2,1
0,0,1,4.827776,6.41072,6.928697,-1.654691,4,1
0,1,0,0.595118,0.671245,-0.292925,0.253275,0,0
0,0,1,2.57202,-0.306034,0.41231,0.101292,1,0
0,0,1,0.801478,0.577463,0.511111,0.119999,0,0
0,0,1,3.821608,0.976609,4.11897,-0.186142,2,1
0,0,1,0.432746,0.007701,-0.084097,0.132162,0,0
0,0,1,1.520555,0.787541,2.026077,0.516705,0,0
0,0,1,3.157013,5.144864,3.872587,-2.645403,4,1
0,1,0,6.21944,1.504737,3.876202,-1.688613,3,1
0,0,1,-0.678432,0.273806,0.207995,-0.124194,0,0
0,0,1,0.53998,-0.02483,0.443788,-0.031386,0,0
0,1,0,-0.37771,0.067024,0.203162,0.012953,0,0
1,0,0,5.153729,1.236129,2.862091,-0.008794,2,1
0,0,1,1.569211,-0.115083,7.955095,0.323042,1,0
1,0,0,0.713675,-0.366211,0.463145,-0.080914,0,0
1,0,0,1.853315,2.14213,6.296256,1.205731,1,0
1,0,0,-0.15804,0.097136,0.464761,-0.02022,0,0
0,0,1,4.775606,0.422328,2.716632,-0.296755,2,1
0,1,0,0.092513,0.31634,0.385745,-0.031567,0,0
1,0,0,2.257237,2.848171,2.242247,0.343928,1,0
1,0,0,4.635652,7.185956,4.729015,-1.952972,4,1
0,1,0,6.266972,0.709588,1.694551,-0.638397,1,0
0,0,1,0.209602,0.273575,0.105703,0.180182,0,0
0,0,1,2.474496,4.01771,2.955264,1.175746,2,1
0,1,0,2.312426,0.381466,0.954505,0.645392,0,0
1,0,0,1.854861,0.246586,1.942431,0.229088,0,0
0,1,0,2.563331,0.538533,1.048775,-0.247094,1,0
1,0,0,0.348717,0.46801,-0.488014,-0.068827,0,0
0,1,0,1.336807,0.318309,1.535931,0.442521,0,0
0,1,0,1.983101,0.287247,1.31224,0.243064,0,0
0,1,0,1.332086,0.237758,5.463775,0.070158,1,0
1,0,0,3.432508,0.268803,4.31536,0.707318,2,1
1,0,0,0.356846,-0.365711,-0.240975,-0.34227,0,0
1,0,0,3.052462,0.599739,1.093313,0.285257,1,0
0,0,1,2.65542,-0.201214,2.232872,0.646861,1,0
0,0,1,0.423048,-0.237433,0.403525,0.108271,0,0
0,1,0,-0.168356,0.439927,0.803413,-0.18535,0,0
1,0,0,3.990021,5.188262,4.758105,-2.031531,4,1
0,1,0,0.554728,0.79684,-0.127836,-0.10648,0,0
1,0,0,2.015651,1.030997,1.459984,-0.354246,0,0
1,0,0,0.987543,0.718449,1.830566,-0.458723,0,0
1,0,0,0.033382,0.283425,0.074166,-0.094929,0,0
0,1,0,0.723162,0.437935,-0.169426,0.458245,0,0
0,1,0,2.345213,0.821847,1.273678,-0.278116,0,0
0,0,1,0.08498,0.4071,0.198536,-0.035342,0,0
0,1,0,1.741251,1.471943,1.723736,0.707859,0,0
0,1,0,-0.875641,-0.069006,0.624402,0.095471,0,0
0,0,1,3.766038,2.114273,1.830395,4.404767,2,1
0,1,0,0.326104,-0.101696,-0.192146,-0.043957,0,0
0,1,0,2.906651,0.722203,2.394004,-0.242963,1,0
0,1,0,0.197349,0.014442,-0.271696,-0.00768,0,0
1,0,0,-0.376486,0.331133,-0.386732,-0.084665,0,0
0,1,0,0.555503,-0.501645,0.101264,0.25575,0,0
1,0,0,3.119764,4.705844,3.734926,0.55362,3,1
0,0,1,0.346968,0.070598,0.287976,0.063263,0,0
0,0,1,2.093344,3.54338,2.665272,0.771021,2,1
0,0,1,4.209795,4.696083,4.519728,0.348346,3,1
1,0,0,0.13002,0.545771,-0.655711,0.109925,0,0
0,0,1,-0.183749,0.489727,-0.113248,-0.381825,0,0
1,0,0,1.190404,1.070979,5.132312,0.315417,1,0
0,0,1,-0.640001,0.103878,-0.028764,-0.021575,0,0
0,0,1,3.016598,2.640103,3.355516,2.156512,4,1
1,0,0,1.493591,0.244406,1.27517,0.688155,0,0
1,0,0,0.298306,0.34559,0.383906,0.16714,0,0
1,0,0,1.748607,2.741802,1.455148,0.521758,1,0
0,0,1,1.593783,1.964766,3.702632,-0.117892,1,0
0,1,0,0.572997,0.31346,0.293206,0.160159,0,0
0,0,1,-0.452049,0.157949,-0.66129,-0.076542,0,0
1,0,0,1.160716,3.922993,1.923635,-2.37193,2,1
0,1,0,3.881351,0.378865,2.890112,-0.071221,2,1
1,0,0,-0.381143,0.439916,0.207146,-0.317978,0,0
0,1,0,-0.094813,0.211936,0.11184,-0.304774,0,0
0,1,0,0.512851,-0.282753,0.616594,0.145227,0,0
0,0,1,0.619409,-0.107054,0.367684,-0.053763,0,0
1,0,0,3.041598,1.025263,1.27632,-0.095384,1,0
0,0,1,0.184261,0.842878,0.229161,-0.09142,0,0
0,0,1,-1.013569,0.165121,0.433114,0.382942,0,0
0,1,0,3.678732,3.121229,1.302007,-0.706888,2,1
1,0,0,3.065436,5.111751,2.792274,3.07,4,1
1,0,0,0.867096,0.748016,1.118145,-0.013383,0,0
0,1,0,2.026738,0.327753,-0.033192,0.49868,0,0
0,1,0,1.827079,-0.086883,5.788482,0.201659,1,0
0,0,1,2.198289,1.72446,6.27407,0.934588,1,0
0,1,0,2.446998,1.983179,2.951607,0.310138,1,0
1,0,0,0.402892,-0.3185,0.359631,-0.256548,0,0
1,0,0,0.922666,0.570742,0.11701,-0.238661,0,0
1,0,0,1.423536,0.196289,0.38287,-0.166827,0,0
1,0,0,1.393183,-0.21496,1.386767,0.316199,0,0
0,0,1,2.11966,1.413917,1.7459,3.206065,1,1
0,1,0,1.94708,2.934748,2.580258,-2.853971,3,1
0,0,1,0.664007,0.724825,2.603583,-0.356921,1,0
0,0,1,-0.721262,0.524717,0.15203,0.355077,0,0
1,0,0,1.639677,1.243852,2.716838,0.569693,1,0
0,0,1,4.978721,3.819744,4.70248,-2.445024,4,1
0,1,0,1.3533,0.834011,1.712845,-3.722683,1,1
0,1,0,0.401488,0.396902,0.164188,-0.279706,0,0
0,1,0,4.874958,3.521819,5.936662,-0.907709,3,1
0,1,0,3.036258,1.512227,7.125995,0.117467,2,1
1,0,0,1.93891,1.446086,7.660135,0.630333,1,0
0,1,0,0.570713,0.088307,-0.540378,-0.340316,0,0
0,0,1,-0.717369,-0.177744,1.073146,0.060467,0,0
1,0,0,1.237298,-0.39973,1.84915,-0.150625,0,0
1,0,0,-0.03419,-0.6153,-0.120545,-0.078867,0,0
1,0,0,2.390703,3.667098,1.042107,-2.793072,2,1
1,0,0,0.605561,-0.121672,-0.378329,0.18819,0,0
0,0,1,-0.649673,0.217482,0.034521,0.060764,0,0
1,0,0,0.523475,0.467924,0.247544,-0.155149,0,0
0,1,0,4.418877,4.44722,6.035377,-2.764815,4,1
0,1,0,1.303571,3.579233,0.74778,-2.446103,2,1
0,0,1,3.592562,4.788883,4.851642,-1.182331,3,1
1,0,0,1.300545,1.067432,2.400697,-0.197271,0,0
0,1,0,1.062606,0.397268,2.22768,0.851087,0,0
0,1,0,5.15649,0.682122,2.47814,-0.038282,1,0
0,0,1,-0.1674,0.192677,0.122701,-0.100013,0,0
1,0,0,4.902694,6.854104,4.062822,-0.444371,3,1
1,0,0,2.401948,2.29399,2.978115,0.604852,1,0
1,0,0,3.816938,4.164394,4.640073,-1.215789,3,1
0,0,1,3.526554,0.75559,3.250048,0.034571,2,1
0,0,1,0.964906,0.023609,1.580571,0.606617,0,0
0,0,1,1.408786,3.981917,2.033053,1.312967,1,0
1,0,0,4.730276,2.848661,2.955073,2.962963,4,1
1,0,0,-0.449615,0.032276,-0.171636,0.034791,0,0
1,0,0,1.243855,1.481024,1.922646,0.554041,0,0
0,1,0,-0.160539,-0.34923,-0.331385,-0.038888,0,0
0,1,0,1.172867,0.007554,0.172426,0.136357,0,0
0,0,1,3.863572,3.363062,2.978448,3.695007,4,1
0,0,1,3.305858,0.212383,4.863216,3.189327,3,1
1,0,0,4.457261,6.910724,7.41593,-2.727753,4,1
0,0,1,-0.458212,-0.134782,-0.412915,0.006076,0,0
0,1,0,2.026935,0.148014,0.575429,-0.391679,0,0
1,0,0,-0.570478,-0.018895,0.002741,-0.244681,0,0
0,0,1,0.184843,-0.168459,0.127004,0.031321,0,0
0,0,1,1.164185,3.450602,1.936346,0.807603,1,0
0,0,1,-0.060835,0.499993,-0.17265,0.241261,0,0
0,0,1,1.34932,1.814082,2.890229,1.521481,2,1
0,1,0,0.011505,0.689334,1.389379,0.201449,0,0
1,0,0,-0.548264,-0.190497,0.935664,-0.076763,0,0
0,0,1,0.788944,1.121051,1.745256,0.422173,0,0
1,0,0,1.023516,-0.062961,-0.684282,-0.194727,0,0
1,0,0,1.40202,0.919706,2.383048,0.12777,0,0
1,0,0,0.358643,-0.320852,0.419295,-0.133521,0,0
1,0,0,4.243599,5.969834,6.671853,-0.86429,3,1
1,0,0,0.110807,0.060305,0.220328,-0.085587,0,0
0,1,0,0.300879,0.624858,0.909004,-0.140111,0,0
1,0,0,-0.450226,0.033548,-0.013003,0.013642,0,0
0,1,0,-0.084992,-0.322758,-0.145478,0.043257,0,0
0,1,0,0.307615,0.354039,-0.111091,-0.21619,0,0
1,0,0,3.610439,3.829063,5.859216,-2.042194,4,1
1,0,0,0.518779,-0.133257,-0.368939,-0.091505,0,0
0,1,0,0.739425,-0.085541,-0.152111,0.063691,0,0
1,0,0,3.690478,-0.490378,2.566254,0.438318,2,1
0,0,1,-0.396629,0.277389,0.560651,-0.116128,0,0
1,0,0,0.669991,0.725159,1.957174,-0.102756,0,0
0,0,1,-0.122085,0.102399,-0.010671,0.000113,0,0
0,0,1,-0.585817,0.996545,0.041361,-0.268121,0,0
0,1,0,0.059524,-0.236366,0.373964,0.056181,0,0
0,0,1,0.60969,2.242889,4.089633,0.418013,1,0
0,0,1,0.311529,0.440319,-0.242585,0.096641,0,0
1,0,0,1.696616,-0.043573,0.944977,0.385747,0,0
1,0,0,2.500468,2.137755,4.806563,-0.420249,2,1
0,0,1,4.190054,4.261295,4.386482,-0.560505,3,1
0,1,0,0.351613,0.087432,0.496442,0.180918,0,0
1,0,0,0.125365,0.097703,-0.287692,0.175574,0,0
0,1,0,0.05889,0.310878,-0.358609,-0.222859,0,0
1,0,0,1.565107,0.558834,0.439393,0.180983,0,0
0,0,1,-0.128053,1.910314,4.82467,-0.092629,1,0
0,0,1,-0.168406,0.110106,0.127656,-0.126913,0,0
1,0,0,0.424594,-0.260786,0.42994,0.057492,0,0
1,0,0,0.474475,0.244599,0.314816,-0.345746,0,0
0,0,1,2.471341,0.581406,0.731796,0.113095,0,0
0,0,1,0.347582,-0.15589,0.038877,0.391058,0,0
1,0,0,2.161246,2.529095,2.906405,-2.204215,3,1
0,1,0,0.75335,0.195616,0.087436,-0.176957,0,0
0,0,1,1.316785,0.379686,0.108018,-0.300087,0,0
0,1,0,1.708601,2.557721,4.495546,0.837431,2,1
1,0,0,2.724673,3.288312,2.922691,2.502043,4,1
0,1,0,0.215023,1.541343,2.406748,-2.630735,1,1
0,0,1,1.362522,0.050009,2.108183,-0.191466,0,0
1,0,0,1.098451,0.509727,2.144907,0.256709,0,0
0,0,1,3.954822,3.417979,3.761501,2.946538,4,1
0,1,0,0.377819,0.045991,0.797238,-0.060313,0,0
1,0,0,2.441174,1.603213,2.72054,4.211044,2,1
0,1,0,3.401801,1.07462,5.959452,2.778399,3,1
1,0,0,0.115476,0.837092,1.503039,-0.227221,0,0
0,1,0,1.810755,0.260201,0.705063,0.414623,0,0
1,0,0,5.532319,5.382443,6.844034,-0.705893,3,1
0,0,1,2.59479,0.536504,1.020605,0.464955,1,0
0,1,0,-0.205165,0.299804,-0.327817,-0.171017,0,0
0,0,1,-0.200357,0.201791,-0.010268,-0.168634,0,0
0,1,0,0.684318,0.363628,-0.410105,0.203191,0,0
1,0,0,0.107887,0.489322,-0.218283,0.238653,0,0
1,0,0,-0.198098,0.102589,0.117887,-0.113694,0,0
0,1,0,0.372029,3.206173,0.722607,-2.756388,2,1
0,1,0,0.177312,-0.828843,5.303114,0.465303,1,0
0,0,1,0.433479,0.600267,1.616393,0.503392,0,0
1,0,0,0.07256,0.745636,4.773237,0.83172,1,0
1,0,0,1.637817,0.720063,2.56445,0.178468,1,0
0,0,1,1.619552,3.639201,2.862438,0.800388,2,1
0,1,0,0.549921,-0.086861,0.279174,0.174639,0,0
0,1,0,3.417242,0.491704,2.187534,-0.349903,1,0
1,0,0,2.028838,2.235158,2.483789,0.310388,0,0
1,0,0,3.954671,6.268624,3.080373,-1.925349,4,1
0,1,0,2.109242,0.254992,0.607553,0.018152,0,0
0,0,1,5.740643,6.033525,6.31133,-2.593538,4,1
0,0,1,5.412687,1.271465,4.732063,-1.901939,3,1
0,0,1,-0.07543,0.182919,0.470181,-0.277904,0,0
1,0,0,-0.911465,-0.47478,-0.30485,-0.231997,0,0
1,0,0,6.404902,4.489679,6.294843,-1.385317,3,1
0,0,1,4.274191,3.5304,4.359284,-1.638245,4,1
0,1,0,6.991064,4.742538,4.09293,-1.023374,3,1
0,0,1,2.736281,0.398799,3.034344,-0.580721,2,1
1,0,0,1.775832,0.751591,0.341563,0.372213,0,0
1,0,0,0.826884,0.098411,-0.160263,-0.108927,0,0
0,0,1,1.371481,3.810031,2.660024,0.647129,2,1
0,0,1,2.007856,2.873509,3.177375,2.912012,3,1
1,0,0,1.784034,1.340106,2.794964,0.259632,1,0
0,1,0,-0.46431,0.719197,0.12037,0.158301,0,0
0,1,0,1.576221,2.338264,4.533804,-0.021842,1,0
0,1,0,3.767402,5.21364,4.375351,-1.083324,3,1
1,0,0,1.167782,0.462939,1.191391,-0.355422,0,0
0,1,0,5.395419,2.23475,3.244644,3.146737,3,1
1,0,0,2.194224,0.059509,1.919211,0.155349,0,0
0,1,0,5.547944,6.356861,4.525092,-1.203807,3,1
0,0,1,4.67453,0.408615,1.331818,0.092333,1,0
0,1,0,3.45595,1.279075,3.806885,0.011973,2,1
1,0,0,3.675086,1.027564,1.506687,3.769013,2,1
0,0,1,3.62413,4.452911,5.669297,-1.401527,3,1
0,1,0,-0.395289,-0.243294,-0.095313,0.144034,0,0
0,0,1,-0.090471,0.110859,-0.369122,0.07405,0,0
0,0,1,4.246522,1.403096,1.852482,-0.051529,1,0
0,0,1,-0.555469,-0.072957,-0.165886,-0.200088,0,0
0,0,1,-1.236448,-0.286297,0.325575,-0.303398,0,0
1,0,0,1.601053,0.442037,1.934338,0.47663,0,0
0,1,0,1.546684,0.232472,1.488128,-0.385792,0,0
0,1,0,1.114583,1.287305,3.546219,0.817645,1,0
0,1,0,2.016557,0.941501,2.412027,-0.051229,0,0
0,1,0,2.273915,1.259233,5.150265,0.236867,1,0
0,1,0,-0.531739,0.01422,0.223103,-0.308126,0,0
0,1,0,0.646644,0.255482,0.258517,0.076245,0,0
0,1,0,2.978556,0.034989,1.39367,-0.370386,1,0
0,0,1,2.050526,0.538875,2.369769,0.202523,0,0
1,0,0,0.347233,0.29156,0.14636,-0.109703,0,0
0,0,1,6.237931,-0.005224,1.138269,0.158952,1,0
0,1,0,2.462403,3.389333,3.756465,1.071817,2,1
1,0,0,3.778762,3.167041,4.965471,-0.783376,3,1
1,0,0,5.135344,0.653049,3.618403,-0.402983,2,1
0,0,1,0.206832,-0.3558,0.201327,-0.032903,0,0
0,0,1,4.144573,7.403455,4.962885,-1.701581,4,1
0,1,0,5.733418,7.292567,5.268273,-1.717972,4,1
1,0,0,3.560874,4.133744,3.393391,0.256713,3,1
0,0,1,5.148857,2.83946,5.749339,-2.112911,4,1
1,0,0,2.047715,0.338257,0.941048,-0.242237,0,0
1,0,0,-0.258508,0.151742,0.236604,-0.124797,0,0
1,0,0,-0.670931,0.378497,-0.893038,-0.534505,0,0
1,0,0,3.125141,3.126408,3.868617,3.946317,4,1
0,0,1,-0.305054,-0.363075,-0.59136,0.061643,0,0
0,0,1,4.189272,4.524057,4.130978,3.854486,4,1
1,0,0,5.062633,4.272346,2.709357,3.258927,4,1
0,1,0,1.860146,0.735673,1.34773,-0.554765,0,0
0,0,1,4.190802,4.80526,3.694764,-3.414806,4,1
0,1,0,0.466789,0.424572,0.521342,0.041745,0,0
1,0,0,-0.029155,0.019242,0.673041,-0.435909,0,0
1,0,0,3.415504,4.747253,3.443602,-2.306328,4,1
0,0,1,1.058349,0.479238,0.080487,0.062651,0,0
0,1,0,0.727338,-0.181886,2.039002,-0.097047,0,0
0,0,1,3.286788,5.065202,3.383937,-2.336962,4,1
1,0,0,2.800831,2.010765,3.82985,0.697203,2,1
0,0,1,0.504895,0.911907,0.712629,0.037151,0,0
0,0,1,1.99357,1.148792,1.697958,1.844708,1,0
0,0,1,3.419276,5.130819,3.084091,-0.250795,3,1
0,0,1,3.302688,2.751762,5.905954,-1.335935,3,1
0,0,1,-0.020495,-0.37215,0.480897,0.12334,0,0
1,0,0,3.717001,3.65289,2.970535,1.665251,4,1
1,0,0,2.924986,1.755287,2.346158,3.492718,2,1
0,1,0,-0.445779,0.286211,0.502902,0.028375,0,0
0,0,1,4.431368,1.075085,0.618344,-0.440578,1,0
0,0,1,2.00294,-0.234247,1.543634,0.709412,0,0
0,0,1,0.408614,2.980582,2.359628,-2.326555,2,1
1,0,0,1.63561,2.994169,4.349434,-0.368639,2,1
0,0,1,0.885554,0.382198,0.048433,0.335141,0,0
1,0,0,5.705751,0.090531,3.8005,0.307356,2,1
0,1,0,-0.428123,0.27486,-0.084457,0.087348,0,0
0,1,0,2.279095,1.126532,1.770743,0.095884,0,0
0,0,1,0.841189,0.113094,0.141745,-0.015835,0,0
1,0,0,0.452852,1.943551,1.220616,0.076765,0,0
1,0,0,3.472047,0.650614,3.271464,0.32434,2,1
0,0,1,-0.130393,0.950506,0.483415,0.022925,0,0
0,0,1,2.540674,0.490178,1.361635,0.352984,1,0
0,1,0,1.97561,4.380501,3.589287,3.558181,3,1
0,0,1,5.278393,3.114332,3.161873,4.778858,4,1
1,0,0,1.435664,-0.222818,0.153557,0.000998,0,0
0,1,0,0.268706,0.066509,-0.106443,0.256665,0,0
0,0,1,0.302525,-0.45363,0.225372,-0.328802,0,0
0,0,1,-0.081742,-0.721138,0.101033,0.024278,0,0
0,0,1,-0.343115,-0.506136,0.01685,-0.27523,0,0
0,1,0,1.289662,4.432855,2.975525,-2.64573,3,1
0,1,0,0.373777,0.377394,-0.494302,0.163446,0,0
0,0,1,0.448091,-0.069463,0.353807,-0.260421,0,0
1,0,0,-0.091404,-0.467967,0.623363,0.069625,0,0
1,0,0,2.495219,1.273553,6.185464,0.848287,1,0
1,0,0,1.989607,0.613945,1.65571,-3.353237,1,1
0,1,0,0.255027,0.010944,0.001485,0.114146,0,0
1,0,0,0.375889,-0.157219,0.334763,-0.06399,0,0
1,0,0,-0.172219,0.830082,0.272933,-0.273519,0,0
0,1,0,3.257856,5.050346,3.625687,-0.845785,3,1
1,0,0,2.202735,1.63134,7.428791,0.38634,1,0
0,1,0,6.575853,8.918521,4.515604,-1.86722,4,1
0,1,0,-0.059754,0.069738,0.907448,0.125689,0,0
0,1,0,0.062199,0.842851,0.246911,-0.277063,0,0
1,0,0,1.276749,-0.352278,-0.22853,0.481105,0,0
0,0,1,1.457794,1.053356,3.513675,0.469214,1,0
0,0,1,5.741759,4.698655,2.943115,-2.176475,4,1
0,1,0,-0.176754,0.23483,-0.223894,0.124337,0,0
0,1,0,1.097191,3.416875,3.428554,0.419721,2,1
1,0,0,-0.325115,0.263881,0.032355,-0.271229,0,0
1,0,0,0.406578,0.291887,0.618618,-0.018122,0,0
1,0,0,2.600606,0.187522,1.378186,-0.132719,1,0
0,0,1,1.264049,0.688207,0.180502,0.025352,0,0
0,0,1,2.52998,0.583108,3.827051,-0.462824,2,1
0,1,0,4.361395,4.185393,3.078579,1.722715,4,1
0,1,0,1.648473,1.529315,4.044317,1.325372,1,0
0,1,0,0.450136,0.082048,0.1229,0.030142,0,0
1,0,0,-0.229033,0.341647,0.409185,-0.016973,0,0
1,0,0,5.26477,4.672146,4.314218,-0.800484,3,1
0,0,1,1.295985,0.728427,1.079725,-0.105907,0,0
0,1,0,1.119172,0.552715,0.966428,0.059835,0,0
1,0,0,1.139328,0.599124,1.83679,-0.352625,0,0
0,1,0,2.745912,4.986248,2.001885,0.741527,2,1
1,0,0,4.077115,2.510334,4.522288,3.7401,4,1
1,0,0,1.964631,0.812609,1.079092,0.550261,0,0
0,1,0,0.332689,0.414786,0.182893,-0.258074,0,0
0,1,0,2.5168,1.851558,1.371167,0.91638,1,0
0,0,1,3.752949,0.415876,3.140625,0.106367,2,1
0,1,0,0.399942,0.225024,7.282429,-0.442532,1,0
0,0,1,4.237765,5.69626,2.774904,-0.979525,3,1
1,0,0,0.148536,0.033527,0.066944,-0.013284,0,0
0,1,0,5.562235,2.67494,4.929997,-1.109262,3,1
1,0,0,-0.212934,0.400837,-0.515877,0.003852,0,0
1,0,0,4.631521,1.941844,2.677959,3.740212,3,1
0,1,0,0.681318,0.142209,-0.183366,0.265223,0,0
0,0,1,1.889072,0.350304,2.386162,0.078396,0,0
1,0,0,0.583284,5.324217,2.467564,-2.464604,2,1
0,0,1,0.686343,0.194945,0.363466,0.267708,0,0
1,0,0,-0.816507,-0.56711,-0.347484,-0.044453,0,0
0,0,1,1.544121,0.708489,1.868686,-0.010712,0,0
0,1,0,4.64836,7.155481,3.585737,-2.953803,4,1
1,0,0,2.858563,1.776755,2.941556,4.32843,3,1
0,1,0,0.556893,0.171678,0.692243,0.29279,0,0
0,1,0,3.156939,3.868076,3.262392,2.741268,4,1
1,0,0,-0.766111,0.128778,0.276288,0.023542,0,0
1,0,0,3.704239,6.999846,6.725003,0.128042,3,1
1,0,0,4.474309,5.111997,4.850193,-0.106742,3,1
1,0,0,2.708227,2.328736,-1.084676,1.487282,1,0
0,1,0,3.378814,4.197299,1.702744,-1.771443,3,1
1,0,0,3.751121,3.770885,3.493532,1.45163,3,1
0,0,1,2.21788,-0.012803,0.861783,0.087202,0,0
0,1,0,0.861188,1.119335,0.82234,-0.009793,0,0
0,1,0,0.72546,1.122968,0.619473,0.113004,0,0
0,1,0,5.11948,1.281966,1.933063,4.693917,2,1
0,0,1,1.309753,1.124214,5.237792,0.651253,1,0
0,1,0,-0.360905,-0.210957,0.429008,-0.126509,0,0
0,0,1,0.257336,-0.62746,-0.185139,-0.24322,0,0
1,0,0,6.17444,3.013365,1.334446,3.481094,3,1
0,0,1,2.948805,4.539255,2.373606,4.477794,3,1
1,0,0,-0.43606,0.224559,0.660943,-0.169403,0,0
0,0,1,0.120085,-0.021226,-0.008215,0.255274,0,0
0,0,1,0.527847,-0.271377,0.517008,-0.434649,0,0
1,0,0,1.824519,1.686023,6.240491,0.521522,1,0
0,0,1,5.654157,0.989582,1.049535,-0.362087,1,0
1,0,0,0.13615,0.428389,0.254672,0.103004,0,0
0,0,1,5.070688,5.542346,5.50339,-0.440603,3,1
1,0,0,0.378436,0.101304,0.198886,-0.133038,0,0
1,0,0,-0.553032,0.775635,-0.095269,-0.24944,0,0
0,0,1,2.557722,1.157984,4.678239,0.513699,2,1
0,1,0,2.023191,0.729764,2.668516,-0.031944,1,0
0,0,1,-0.212818,-0.039715,-0.416212,-0.049616,0,0
1,0,0,2.623581,-0.465494,3.144053,1.523464,3,1
0,0,1,2.76296,1.736334,3.277836,3.96608,3,1
0,1,0,-0.271525,0.748066,0.081307,-0.547343,0,0
0,1,0,2.263142,1.091983,7.465399,0.763901,1,0
0,1,0,0.552429,0.461073,0.570955,0.260176,0,0
1,0,0,2.504406,2.394862,6.670789,-1.275885,2,1
0,0,1,-0.268254,0.109298,-0.144224,0.012866,0,0
1,0,0,3.903919,3.121195,3.836763,3.354224,4,1
1,0,0,1.062527,-0.233871,4.830438,0.115274,1,0
0,1,0,-0.614935,0.536274,-0.040703,0.183745,0,0
0,1,0,-0.707377,0.031326,0.059539,-0.42411,0,0
0,1,0,-0.529786,-0.054956,0.49787,0.385541,0,0
1,0,0,1.307021,0.690209,1.55254,-0.165121,0,0
1,0,0,1.214237,0.50978,4.808212,0.678081,1,0
0,0,1,1.16518,0.79258,2.365005,1.201664,0,0
1,0,0,-0.481041,0.159257,-0.083323,0.034722,0,0
0,1,0,-0.295145,0.302941,-0.170485,-0.235046,0,0
0,0,1,0.522531,0.473687,-0.271379,-0.309715,0,0
0,0,1,-0.491236,0.439368,0.653437,0.216697,0,0
0,0,1,3.83988,2.969933,2.595022,3.17993,4,1
0,1,0,1.168926,2.811009,4.168147,0.338492,2,1
0,1,0,2.173688,1.125959,2.358177,-0.258065,0,0
1,0,0,2.482701,0.437579,4.642937,-0.300694,1,0
0,1,0,0.053314,0.016608,-0.469345,0.265204,0,0
0,1,0,4.664432,3.432751,5.595098,-1.678221,4,1
0,0,1,2.08686,0.697065,1.21203,0.296072,0,0
0,1,0,-0.134253,-0.042487,-0.318451,-0.112697,0,0
1,0,0,0.096608,0.091257,0.348646,0.233964,0,0
1,0,0,0.931165,1.796745,2.378802,0.342065,0,0
0,0,1,0.658061,0.11667,0.510643,-0.14992,0,0
0,1,0,-0.133741,-1.222489,-0.654358,0.046736,0,0
1,0,0,0.643511,0.516382,1.384806,0.341824,0,0
0,0,1,2.925445,4.036503,4.094908,3.974261,4,1
0,0,1,0.545397,0.373816,-0.22093,-0.179966,0,0
1,0,0,1.033648,0.383329,1.162121,-0.105829,0,0
0,1,0,0.527409,0.586814,-0.284864,0.294797,0,0
0,1,0,1.97571,1.864983,4.601699,-0.021413,1,0
1,0,0,5.299754,6.418804,8.425365,-1.022624,3,1
1,0,0,4.056364,6.690485,4.41343,-1.530537,4,1
1,0,0,1.227095,3.131021,2.736278,-3.142777,3,1
0,0,1,5.22325,4.199174,3.044246,-1.402304,3,1
0,1,0,-0.087011,0.04267,-0.486329,-0.118839,0,0
0,0,1,0.869162,3.528118,-0.427045,-2.405151,2,1
0,0,1,2.42856,3.676864,3.797674,0.68048,2,1
0,1,0,0.808629,0.698579,0.372991,0.254002,0,0
0,0,1,1.391047,2.178296,7.661207,0.766477,1,0
1,0,0,6.007402,5.88759,7.136023,-1.848065,4,1
0,1,0,0.298217,0.034587,-0.04178,-0.016798,0,0
0,0,1,0.580683,0.096327,0.642288,-0.154869,0,0
1,0,0,1.07574,3.909395,1.568586,-2.678577,2,1
1,0,0,0.027931,-0.250373,0.62897,0.262219,0,0
1,0,0,1.081624,0.026825,1.56339,0.359719,0,0
0,1,0,-0.358605,0.247874,-0.16396,0.126975,0,0
0,1,0,1.134256,1.712915,5.416235,0.011244,1,0
0,0,1,5.334258,0.663429,2.393211,-0.743113,1,0
1,0,0,0.595328,-0.109839,-0.478647,0.374313,0,0
0,0,1,2.88825,1.860126,8.414498,0.100837,2,1
0,1,0,-0.453929,-0.17117,0.199251,0.051891,0,0
1,0,0,0.750961,0.769651,2.02364,0.611324,0,0
1,0,0,3.498414,2.361534,2.957018,1.559883,3,1
1,0,0,0.416444,-0.119302,1.05675,0.122854,0,0
0,1,0,4.193817,0.029907,1.546095,-0.280835,1,0
1,0,0,2.162036,0.111449,1.246691,0.859623,0,0
1,0,0,1.304147,0.414918,1.093334,0.557162,0,0
0,0,1,-0.121993,0.48479,-0.031059,0.119702,0,0
1,0,0,3.125936,1.692981,1.490914,-2.499111,2,1
0,1,0,5.476478,2.879657,6.593115,-1.720016,4,1
0,0,1,0.330573,0.180584,-0.175193,-0.029905,0,0
0,1,0,0.270381,-0.029458,0.551261,-0.018014,0,0
0,0,1,1.966812,3.233266,2.944804,0.49678,2,1
0,0,1,0.789841,1.417653,2.045813,0.449741,0,0
1,0,0,-0.534478,0.236056,0.368067,0.263407,0,0
0,1,0,3.84144,0.297682,3.647677,-0.273364,2,1
0,1,0,0.975302,2.712556,1.083217,-0.44396,1,0
0,0,1,2.625295,0.136887,2.420708,-0.122614,1,0
0,0,1,0.303239,0.573671,1.763514,-0.233115,0,0
0,0,1,0.082003,0.94406,3.100699,-0.636972,1,0
0,1,0,4.685664,6.028723,5.252627,-1.857904,4,1
0,0,1,3.014079,4.252224,1.615013,1.293621,2,1
1,0,0,-0.557108,0.160793,0.177408,-0.129321,0,0
0,1,0,1.223235,0.184783,2.537331,0.489649,1,0
0,1,0,0.482449,0.155784,0.440695,0.208272,0,0
0,1,0,2.191678,0.438738,1.01951,0.002821,0,0
0,1,0,1.928097,-0.158936,0.877979,0.041608,0,0
0,0,1,-1.098615,-0.142239,-0.631249,-0.330366,0,0
0,0,1,-0.364111,0.389456,-0.487316,0.228988,0,0
0,0,1,0.694701,0.031912,0.413056,0.212268,0,0
0,0,1,1.561808,0.112345,0.381596,0.256688,0,0
0,0,1,4.601401,0.954053,2.248906,0.09702,1,0
0,1,0,2.136686,-0.155663,1.479425,0.112302,0,0
1,0,0,3.787796,0.812735,2.687373,1.959255,3,1
1,0,0,2.735064,1.555722,1.49567,-0.410708,1,0
0,1,0,2.51149,3.064104,2.598236,0.342383,3,1
0,0,1,0.066641,-0.573501,-0.319707,0.016275,0,0
0,1,0,1.388157,0.522237,0.985084,-0.078317,0,0
0,0,1,1.280557,-0.027298,1.672539,0.431153,0,0
0,1,0,0.899895,0.548752,0.456424,0.053867,0,0
1,0,0,2.321645,1.858794,5.505839,0.808816,1,0
1,0,0,3.129502,4.143325,2.993032,0.929103,3,1
0,0,1,1.924072,1.614399,3.065605,0.710052,1,0
0,1,0,3.362767,0.748042,2.211624,-0.39916,1,0
1,0,0,2.412694,0.133798,2.198064,-0.311929,0,0
0,1,0,0.032639,-0.133393,0.607735,-0.15555,0,0
0,1,0,5.891752,3.560858,3.097398,-2.081379,4,1
0,0,1,2.246767,0.445725,2.561502,0.372295,1,0
0,0,1,0.542131,0.370758,1.490136,0.767557,0,0
1,0,0,3.450668,4.31706,5.587999,-1.240843,3,1
0,0,1,0.346952,-0.525672,0.451693,-0.084284,0,0
0,1,0,4.435431,3.53027,2.936071,2.095832,4,1
0,0,1,4.986188,3.851912,3.776864,-1.405747,3,1
0,0,1,4.672147,0.427317,3.319779,3.099363,3,1
0,1,0,0.007091,-0.115764,0.625022,-0.002868,0,0
0,0,1,4.667718,5.515669,2.931885,-1.526064,4,1
1,0,0,1.740733,0.955985,2.434841,-0.030511,0,0
1,0,0,0.030691,0.286763,0.338168,-0.158068,0,0
1,0,0,2.53504,4.784174,3.889635,-3.113588,4,1
1,0,0,-0.404837,-0.231204,0.709568,-0.083636,0,0
0,1,0,4.529953,0.512691,3.011825,-0.493043,2,1
0,1,0,2.249682,2.6172,1.627386,0.396942,1,0
0,1,0,0.361695,0.933205,-0.350513,-0.040017,0,0
0,1,0,0.647725,2.859382,3.483753,0.976707,2,1
0,0,1,5.156436,0.665918,3.720241,-0.136099,2,1
0,1,0,-0.877861,-0.113735,0.132163,-0.191422,0,0
0,0,1,4.812337,1.614761,3.16438,2.328305,3,1
0,0,1,1.222285,1.540052,5.209671,0.601246,1,0
0,1,0,-0.338351,0.210895,-0.465628,-0.007526,0,0
0,0,1,4.553338,1.573026,3.199259,4.44076,3,1
0,0,1,3.854731,1.333958,2.454623,-0.282142,1,0
1,0,0,0.226449,0.852597,2.085053,-0.168542,0,0
0,0,1,1.272351,0.371736,1.430775,0.128528,0,0
0,0,1,1.701296,1.104105,2.152138,-0.564581,0,0
1,0,0,3.593531,3.453149,3.914426,1.87427,4,1
1,0,0,-0.07856,-0.213145,-0.161978,-0.051312,0,0
0,1,0,0.017394,0.374639,0.040312,-0.36419,0,0
0,1,0,0.642021,0.228059,3.672102,0.064061,1,0
0,0,1,1.110428,0.009451,-0.517135,-0.027623,0,0
0,0,1,0.456498,-0.053315,-0.082945,-0.113273,0,0
0,1,0,1.837445,0.483169,0.404716,-0.359297,0,0
0,1,0,1.178992,3.240677,2.484684,-2.707182,2,1
0,1,0,1.019959,1.06178,2.189481,-0.322234,0,0
1,0,0,3.316667,1.650754,1.938272,0.045723,1,0
0,0,1,1.734165,3.373707,3.696381,1.297013,2,1
1,0,0,2.422895,0.988168,0.564107,-0.337858,0,0
0,0,1,-0.16752,-0.900935,0.103103,0.128825,0,0
0,1,0,-0.655486,0.330969,0.132301,0.307171,0,0
0,1,0,1.098419,2.613157,2.13681,0.487788,1,0
1,0,0,2.645017,8.461212,7.378427,-1.583085,4,1
1,0,0,3.257964,3.225837,2.817248,3.501838,4,1
0,1,0,1.701664,1.171768,2.260659,0.229164,0,0
0,1,0,0.836281,0.093671,0.037487,0.279929,0,0
0,0,1,-0.523417,0.566699,0.284167,0.117849,0,0
0,1,0,0.36614,-0.350597,-0.257098,0.150848,0,0
1,0,0,-0.704631,0.205456,0.051886,-0.063085,0,0
1,0,0,4.265941,6.709046,5.52292,-1.448068,3,1
0,0,1,1.22802,-0.132837,1.883359,0.100512,0,0
0,0,1,0.70289,0.199982,0.871149,0.211737,0,0
0,1,0,0.072795,0.357684,0.617961,-0.0147,0,0
0,0,1,7.788569,8.071728,4.508149,-2.298205,4,1
1,0,0,2.036523,0.804854,1.876486,-0.153524,0,0
0,1,0,2.425632,1.44029,4.122074,0.408281,1,0
1,0,0,5.867541,7.337013,5.008143,-1.788698,4,1
0,0,1,2.321482,1.653094,5.395396,0.160881,1,0
1,0,0,2.196653,4.820774,1.365933,-1.864757,2,1
0,1,0,2.928402,0.025355,1.323844,0.14865,1,0
0,1,0,1.128809,-0.199237,0.384491,-0.197525,0,0
0,0,1,2.955562,3.243941,4.439292,-0.115992,3,1
0,0,1,0.430555,0.351576,0.188181,0.041832,0,0
0,1,0,0.093966,-0.858771,0.041816,-0.002626,0,0
0,1,0,0.782741,0.138927,2.211806,0.560209,0,0
0,1,0,4.77668,3.514382,4.829627,-3.294627,4,1
1,0,0,-0.236577,0.189295,0.188515,0.032354,0,0
1,0,0,0.64388,-0.325306,0.30753,-0.122928,0,0
1,0,0,1.305243,0.664147,1.134686,0.615335,0,0
0,1,0,-0.254858,-0.352322,0.438029,0.317081,0,0
0,0,1,0.540748,0.157902,1.852089,0.135268,0,0
0,1,0,-0.542849,0.105043,0.127505,-0.169297,0,0
1,0,0,1.364953,-0.294558,1.222342,0.107395,0,0
1,0,0,-0.036935,-0.427875,0.811403,0.049002,0,0
0,1,0,-0.705503,-0.392703,-0.300485,-0.016324,0,0
1,0,0,2.108211,1.559737,4.411902,0.924316,1,0
0,1,0,3.917914,-0.257001,6.131177,1.660906,3,1
0,1,0,0.410225,-0.657255,0.660661,-0.163783,0,0
0,0,1,-0.131712,0.3674,-0.320213,0.086479,0,0
0,0,1,3.017877,2.021718,1.696404,1.281745,1,0
0,1,0,2.760065,0.556458,1.806702,0.423151,1,0
0,1,0,1.034246,0.572283,1.077454,0.377051,0,0
1,0,0,3.420222,4.308187,1.67366,-3.399692,3,1
0,0,1,0.082321,-0.222055,0.609539,0.14529,0,0
0,1,0,-0.183775,1.135689,1.661571,0.353242,0,0
0,0,1,0.016712,1.476243,1.47842,1.103275,0,0
1,0,0,-0.167817,0.052276,0.083568,-0.391464,0,0
1,0,0,1.14376,0.703108,1.646183,0.371346,0,0
0,1,0,3.598296,1.907113,3.273949,2.977936,3,1
1,0,0,0.802469,0.291679,0.207857,-0.078177,0,0
1,0,0,0.412477,-0.369936,-0.960616,-0.13609,0,0
1,0,0,6.625155,0.202915,3.8274,-0.0988,2,1
1,0,0,0.504063,0.779248,-0.369488,-0.164298,0,0
0,0,1,0.660242,0.620117,2.385469,0.371828,0,0
0,1,0,0.197042,-0.705139,0.501513,-0.016051,0,0
1,0,0,1.659768,1.406316,5.019777,0.310697,1,0
0,1,0,5.465544,6.42703,6.814622,-0.700239,3,1
1,0,0,0.035876,0.71633,0.851374,0.211129,0,0
1,0,0,7.751763,6.852537,3.645726,-2.074276,4,1
1,0,0,1.668678,1.036978,3.104044,-0.270022,1,0
1,0,0,3.16891,2.552558,3.634596,-0.010744,3,1
0,0,1,-0.56173,0.568242,0.443254,-0.121788,0,0
0,1,0,4.998887,3.395766,4.0821,3.957987,4,1
0,1,0,0.36159,-0.012414,-0.81063,-0.210628,0,0
0,1,0,3.202361,0.13065,3.617623,-0.207253,2,1
0,0,1,-0.420107,0.323648,0.543679,0.372959,0,0
1,0,0,0.302319,-0.360476,0.094658,-0.220054,0,0
0,1,0,2.937742,2.674275,1.772278,4.739538,3,1
0,1,0,2.3714,1.863848,1.777716,-0.075936,0,0
1,0,0,0.314804,2.028893,0.993685,-1.785356,1,0
0,0,1,3.81478,2.511154,3.640677,2.632131,4,1
0,1,0,0.515191,-0.51965,-0.87208,0.130973,0,0
1,0,0,2.876845,2.854969,5.211571,0.483745,3,1
1,0,0,-0.770405,-0.201503,-0.069235,-0.225545,0,0
1,0,0,4.419177,4.557607,3.428803,-0.734762,3,1
0,1,0,0.901297,0.74227,2.272509,1.028094,0,0
0,1,0,0.119678,0.088976,0.084214,-0.454455,0,0
0,0,1,4.984296,7.167974,7.387319,-2.945249,4,1
0,1,0,1.052604,0.667292,1.057514,0.090125,0,0
1,0,0,1.310168,0.321077,0.491283,-0.243858,0,0
0,0,1,4.432086,4.576198,5.55431,-2.526435,4,1
1,0,0,2.446964,2.090895,4.497989,2.937179,2,1
0,1,0,6.51882,1.997479,3.678625,-0.771449,2,1
0,1,0,0.351921,0.262864,-0.079245,-0.273747,0,0
0,0,1,4.838388,4.366877,4.393122,-1.195454,3,1
1,0,0,0.821331,0.647337,5.202636,0.187529,1,0
1,0,0,0.435185,-0.198833,0.228897,-0.186021,0,0
0,0,1,0.11507,-0.478267,-0.364072,-0.079666,0,0
1,0,0,3.831493,1.678899,0.527946,3.363509,2,1
0,0,1,1.329297,0.432756,1.876141,0.238018,0,0
0,0,1,-0.588104,-0.170755,0.098971,-0.237497,0,0
0,0,1,-0.075814,0.25954,0.436305,-0.146147,0,0
0,1,0,0.529462,0.11766,-0.239645,-0.13858,0,0
0,1,0,4.931472,1.042207,1.236268,0.122843,1,0
1,0,0,0.970261,1.353038,1.515948,0.325842,0,0
0,0,1,-0.289049,-0.41789,0.000138,0.392013,0,0
1,0,0,4.112619,6.093348,7.878518,-1.986933,4,1
1,0,0,1.525472,3.359546,0.842877,-3.305204,2,1
0,1,0,0.68243,-0.189076,-0.15413,0.206717,0,0
1,0,0,4.020885,2.833338,3.276518,1.887281,4,1
0,0,1,0.988241,-0.744931,-0.080844,0.108463,0,0
0,0,1,1.165969,0.079257,2.416139,0.828145,0,0
1,0,0,0.190499,0.073499,0.246906,0.386429,0,0
0,1,0,-1.438192,0.302648,0.534804,-0.061333,0,0
0,0,1,1.740645,1.948908,1.669752,-2.679659,1,1
1,0,0,4.082722,1.443264,3.387698,2.791032,3,1
0,1,0,0.287646,-0.044656,0.246453,-0.158073,0,0
0,1,0,2.324288,1.272047,1.271747,-2.123759,1,0
0,0,1,3.787199,5.486355,5.482901,-1.603527,4,1
1,0,0,0.031557,-0.095837,-0.097368,-0.248667,0,0
0,0,1,0.614658,0.539159,2.727769,1.002308,1,0
1,0,0,2.240235,2.084851,3.168888,-0.519594,1,0
1,0,0,5.768513,5.2685,4.179034,-2.206186,4,1
0,0,1,0.156262,0.080969,1.582078,0.127923,0,0
0,1,0,0.38992,0.576976,0.320772,0.544155,0,0
0,1,0,5.23772,2.639575,3.397283,2.715801,4,1
0,1,0,4.418822,2.25953,1.966619,3.029795,2,1
0,1,0,0.862878,2.907437,0.882992,-2.878182,2,1
0,1,0,0.276774,-0.168565,-0.052589,-0.061105,0,0
0,0,1,1.710946,0.073814,0.096207,0.152574,0,0
1,0,0,2.343854,2.506717,3.208581,0.372488,2,1
0,0,1,0.270672,0.293591,0.216684,-0.061053,0,0
0,1,0,1.067143,1.004481,1.775328,0.186818,0,0
0,1,0,0.622334,-0.271196,0.105765,-0.033478,0,0
1,0,0,3.948543,3.258575,1.880545,1.94433,3,1
0,0,1,-0.265111,0.248192,0.354455,-0.08258,0,0
0,0,1,1.272913,2.26585,2.98333,-0.27047,1,0
0,0,1,2.351571,2.589593,1.529329,-3.251123,2,1
1,0,0,-0.106413,0.982002,1.99144,0.62088,0,0
0,1,0,3.329694,0.861099,1.420534,0.18579,1,0
0,1,0,3.126529,1.289413,3.486066,0.417029,2,1
0,1,0,3.249199,1.589468,4.676193,3.130909,3,1
1,0,0,-0.656718,-0.10447,0.115869,0.0149,0,0
0,1,0,3.479853,0.078515,3.965863,-0.401416,2,1
1,0,0,5.356619,0.3825,1.21999,-0.615667,1,0
0,1,0,1.554061,2.811849,1.219714,-1.893174,2,1
1,0,0,1.92129,2.588213,2.926811,4.330379,3,1
0,1,0,4.705661,6.969103,5.171837,-2.445302,4,1
0,1,0,-0.477348,0.451346,0.382117,0.144298,0,0
1,0,0,2.760608,3.627694,2.725484,0.897151,3,1
0,1,0,4.562949,5.332912,3.758428,-1.884563,4,1
0,1,0,-0.776734,-0.157929,0.65757,0.075584,0,0
1,0,0,5.15369,3.320999,5.227284,-1.070698,3,1
1,0,0,5.090772,0.684092,1.989616,-0.094502,1,0
0,0,1,-0.906694,-0.497009,-0.510408,-0.024547,0,0
0,1,0,1.450958,1.116482,2.107089,-0.337257,0,0
1,0,0,0.637666,-0.225981,-0.187339,-0.369871,0,0
1,0,0,4.2457,6.680611,4.297744,-2.341425,4,1
1,0,0,0.502294,-0.391169,-0.534177,0.224155,0,0
0,1,0,1.205726,0.690871,1.899766,0.501597,0,0
0,0,1,1.016442,2.605365,3.479722,0.707226,2,1
1,0,0,1.090576,-0.008555,1.37908,-0.057797,0,0
0,1,0,1.64744,0.512489,1.92159,0.314704,0,0
0,1,0,1.561434,3.129895,1.598321,-2.768787,2,1
1,0,0,4.706866,1.454716,2.968288,5.31055,3,1
1,0,0,1.994596,1.368621,3.683342,0.220857,1,0
0,0,1,2.795256,0.770752,4.140374,0.261014,2,1
1,0,0,0.360678,-0.176481,0.020885,-0.164765,0,0
0,0,1,4.24846,3.978479,5.654699,-0.142979,3,1
1,0,0,3.038827,2.893459,3.750231,0.124686,3,1
0,1,0,3.518802,4.195035,4.071534,-1.091321,3,1
1,0,0,6.48598,3.243198,2.868027,-0.748996,3,1
0,1,0,1.61824,0.558816,2.170403,0.155494,0,0
0,0,1,2.389211,2.177804,3.396944,1.129146,1,0
0,1,0,2.812233,0.731373,3.65158,-0.591132,2,1
1,0,0,5.005838,3.951401,2.267089,-0.709721,2,1
0,1,0,1.102162,0.367884,2.051668,0.74348,0,0
0,1,0,-0.729346,-0.011076,-0.188315,-0.299318,0,0
0,1,0,3.238066,0.466991,1.690826,0.059423,1,0
1,0,0,4.15504,3.417237,6.74649,-0.434183,3,1
1,0,0,4.013152,3.332605,3.801548,3.091743,4,1
0,0,1,0.216466,0.699442,-0.280123,0.095301,0,0
0,1,0,4.92351,0.506386,2.178184,-0.297202,1,0
1,0,0,0.311704,-0.532097,0.247928,-0.006864,0,0
1,0,0,-0.542789,0.394318,0.00477,-0.145426,0,0
1,0,0,2.761134,2.334549,4.179778,1.235135,2,1
0,0,1,4.798605,0.39636,1.982301,-0.344874,1,0
1,0,0,2.862451,3.388371,3.824721,4.341232,4,1
1,0,0,0.679512,-0.621335,-0.267195,0.553405,0,0
0,0,1,2.392632,1.862457,4.067057,-0.239706,1,0
0,0,1,0.769102,0.339143,1.390785,0.51699,0,0
1,0,0,2.789183,2.967618,2.51131,-2.119486,4,1
1,0,0,1.505968,0.296922,0.165132,-0.264742,0,0
1,0,0,0.22697,0.663539,0.258042,0.071876,0,0
0,1,0,0.671454,0.081223,0.137529,0.17553,0,0
1,0,0,1.203856,0.000132,2.709202,0.232632,1,0
0,0,1,0.0094,0.165368,0.426646,-0.078628,0,0
0,0,1,2.742387,0.640933,3.053355,0.643182,2,1
1,0,0,4.573146,0.182807,2.525592,-0.708386,2,1
0,0,1,0.873215,0.567212,1.773853,-0.366845,0,0
1,0,0,0.668035,-0.136534,-0.027027,-0.127548,0,0
0,0,1,0.447967,0.617734,1.05075,0.558816,0,0
0,0,1,6.111756,7.040302,5.090755,-2.934624,4,1
1,0,0,0.558484,1.218203,1.006795,0.012216,0,0
0,0,1,5.254608,0.81825,3.452781,-0.217542,2,1
1,0,0,0.071231,0.392199,-0.404353,-0.082933,0,0
1,0,0,0.639305,0.75414,0.269732,-0.017617,0,0
0,1,0,0.112222,0.130772,0.402079,0.002469,0,0
0,0,1,-0.558877,-0.48832,-0.211441,0.101697,0,0
1,0,0,4.371297,4.711128,3.553409,-0.87619,3,1
0,1,0,3.7657,-0.29448,4.585275,-0.495027,2,1
0,1,0,0.058695,-0.818806,-0.352288,-0.099515,0,0
0,0,1,0.361847,-0.482258,0.004289,-0.130673,0,0
1,0,0,4.769903,0.594838,3.032555,0.052714,2,1
1,0,0,0.293831,2.687304,1.559321,-2.919923,2,1
0,0,1,0.780083,3.719957,2.644094,3.061681,3,1
1,0,0,2.101937,4.581399,2.305017,2.698518,2,1
1,0,0,0.601931,0.32718,2.655751,-0.16456,1,0
0,0,1,1.096685,0.385548,0.985532,-0.095071,0,0
0,0,1,-1.032358,0.119339,0.353036,0.112853,0,0
1,0,0,1.444663,1.562892,4.05356,0.635047,1,0
0,1,0,-0.133558,0.426903,0.07928,-0.063812,0,0
0,0,1,-0.412131,-0.470224,0.667625,-0.060602,0,0
0,0,1,0.071506,1.049884,0.381218,-0.211703,0,0
1,0,0,0.906623,0.063991,0.096766,0.164588,0,0
1,0,0,2.01302,3.119251,2.986976,0.249848,2,1
0,1,0,0.474176,-0.434115,-0.175094,0.243701,0,0
0,1,0,1.736911,0.525842,1.583826,-0.185962,0,0
1,0,0,2.628374,1.883194,2.819198,0.08575,2,1
0,0,1,4.738317,6.172132,8.053248,-2.556675,4,1
0,1,0,0.368393,0.569732,-0.010234,-0.299414,0,0
0,1,0,1.745323,0.617509,1.734107,-0.30255,0,0
0,1,0,3.654331,3.218026,3.584305,0.70714,3,1
1,0,0,0.862604,0.295127,1.015331,0.34884,0,0
1,0,0,-0.093616,0.43052,-0.140102,-0.002909,0,0
0,0,1,-0.302842,-0.031028,-0.583832,-0.063529,0,0
1,0,0,1.254873,0.987141,1.470368,-0.282095,0,0
1,0,0,0.567492,-0.126254,-0.008339,0.086636,0,0
0,1,0,3.662459,1.816962,3.043919,4.600128,3,1
1,0,0,2.587261,0.794769,3.801339,0.255708,2,1
1,0,0,2.082681,2.826697,2.186277,-2.410158,2,1
0,0,1,0.866715,1.187427,2.390742,0.360188,0,0
0,1,0,-0.110797,-0.688091,0.444296,0.03837,0,0
1,0,0,0.408975,0.299124,-0.650542,0.0411,0,0
0,0,1,0.630016,0.624511,-0.413399,0.356391,0,0
1,0,0,1.23419,-0.633564,-0.277632,-0.061922,0,0
1,0,0,1.804087,2.657784,7.916357,-0.141876,2,1
0,0,1,3.615985,3.723739,4.414968,3.071923,4,1
1,0,0,0.239237,0.242755,-0.392752,0.018157,0,0
0,0,1,0.721123,0.252601,-0.182875,0.010436,0,0
1,0,0,-0.275966,0.142781,0.255331,0.038485,0,0
1,0,0,5.471284,4.347267,3.689445,-1.751969,4,1
0,0,1,1.223917,4.069746,2.214938,-0.037167,1,1
1,0,0,-0.172386,0.324286,0.16035,0.191411,0,0
0,0,1,1.335374,-0.186305,1.283104,0.11535,0,0
1,0,0,2.760041,0.140098,0.258315,0.370506,1,0
0,1,0,-0.237391,-0.390253,0.296694,0.106384,0,0
0,0,1,2.817656,-0.21739,1.776804,0.266289,1,0
0,1,0,4.814956,2.133861,1.794342,3.462597,2,1
0,0,1,1.550378,0.684347,1.434069,-0.005317,0,0
0,0,1,0.422951,0.48761,-0.829575,0.119234,0,0
1,0,0,5.956175,4.041116,4.645162,-1.420632,3,1
1,0,0,2.468467,0.480017,1.921962,0.689748,0,0
0,0,1,5.4032,1.20391,2.657082,3.210042,3,1
0,0,1,3.510376,1.5598,4.016461,0.283846,2,1
0,1,0,-0.12509,-0.131332,0.377524,-0.265551,0,0
0,1,0,1.364517,0.266412,1.645311,0.125329,0,0
0,0,1,0.209613,1.282097,3.282489,0.12572,1,0
0,1,0,1.68108,2.268495,4.027414,0.656299,1,0
1,0,0,0.113438,3.228889,3.016051,-1.911735,3,1
0,0,1,1.251252,1.306536,1.400845,-0.282792,0,0
1,0,0,0.052154,-0.41538,0.043109,-0.084355,0,0
1,0,0,-0.175789,0.515785,-0.095366,-0.10258,0,0
0,0,1,5.819731,5.170597,2.381685,-2.323655,3,1
0,1,0,3.173191,2.503543,3.008327,-0.226452,3,1
0,1,0,0.048573,0.219871,0.153255,0.182148,0,0
0,1,0,6.435107,4.676795,3.178291,-1.181882,3,1
0,1,0,3.711381,3.682263,4.900906,-1.620813,4,1
0,1,0,0.111213,-0.394677,-0.551809,-0.423536,0,0
0,1,0,0.227671,0.520213,-0.416038,0.233503,0,0
0,0,1,0.738414,0.029201,-0.220351,-0.007237,0,0
0,1,0,2.031525,1.326068,2.618682,-0.058135,1,0
1,0,0,-1.129715,1.07153,-0.901694,-0.108129,0,0
0,0,1,0.619577,1.247724,6.073876,1.045772,1,0
1,0,0,1.149939,0.131218,1.3338,-0.085866,0,0
1,0,0,0.589502,2.291531,2.138136,-1.350079,0,0
0,0,1,0.651806,0.596656,2.348487,0.489638,0,0
0,1,0,4.462802,4.158337,4.815821,-0.653372,3,1
0,1,0,1.197397,2.055488,5.458446,-0.240652,1,0
0,1,0,1.375287,2.005114,2.017614,0.467579,0,0
0,0,1,2.438837,3.403704,4.754282,1.214186,2,1
0,0,1,2.605355,0.31067,5.421484,-0.332494,2,1
0,1,0,4.479765,6.697242,6.271074,-0.536635,3,1
0,1,0,5.032681,0.256525,1.912122,-0.148111,1,0
0,1,0,0.65911,0.627416,2.447904,0.458954,0,0
1,0,0,0.28399,-0.374087,0.276769,-0.140162,0,0
0,1,0,0.181991,0.515937,0.256846,-0.133023,0,0
0,1,0,-0.030616,-0.196159,0.213913,0.199464,0,0
1,0,0,3.944862,5.45328,4.542535,-1.757255,4,1
1,0,0,2.521915,0.183378,1.256432,0.397641,1,0
0,1,0,3.6772,5.946421,6.241115,-3.251199,4,1
1,0,0,1.483492,0.657842,1.429298,-0.608543,0,0
0,0,1,1.776016,1.776825,8.768858,0.222162,1,0
0,1,0,3.178644,2.770016,2.227245,-0.646875,2,1
0,1,0,0.479614,1.851902,1.248339,-2.766553,1,1
0,0,1,-0.250758,0.601755,0.115457,0.042709,0,0
0,0,1,6.303785,5.1363,5.876811,-2.04464,4,1
0,1,0,1.591943,3.498403,3.345543,-3.430787,3,1
0,0,1,1.403,0.551198,2.283773,0.372632,0,0
0,0,1,0.339361,3.209053,2.091055,-3.461914,2,1
1,0,0,0.039507,1.416658,1.608786,-2.358396,1,0
1,0,0,0.805868,0.75768,2.274954,0.360524,0,0
1,0,0,4.334456,5.162172,2.896308,-3.100756,4,1
0,0,1,2.441679,0.756387,1.605656,0.349426,0,0
0,0,1,2.088451,0.881889,2.922949,-0.640915,1,0
0,0,1,1.133905,1.081956,2.777623,-0.242855,1,0
0,0,1,0.89188,-0.074201,-0.097115,0.275876,0,0
0,0,1,3.529259,0.799773,4.349857,-0.820024,2,1
1,0,0,-0.590569,-0.210241,0.945373,-0.095824,0,0
0,0,1,2.542733,3.31962,4.306511,-1.359417,3,1
0,1,0,1.677041,0.158899,1.27534,0.276785,0,0
1,0,0,2.309997,5.456854,1.643536,-3.057789,2,1
0,0,1,0.148116,0.374342,-0.024718,-0.243356,0,0
1,0,0,0.102701,-0.21818,-0.384435,-0.182443,0,0
0,1,0,1.634297,1.007141,2.944894,-0.383791,1,0
0,0,1,2.501929,4.04182,2.85506,-3.467495,4,1
0,1,0,4.951717,4.654041,6.086503,-1.295395,3,1
0,0,1,1.345137,1.426524,3.449703,-0.508895,1,0
1,0,0,0.35047,0.466615,0.074729,0.25856,0,0
1,0,0,1.115806,0.193925,-0.357613,-0.069162,0,0
1,0,0,2.093379,1.138957,1.932094,0.346521,0,0
0,0,1,3.281943,-0.313275,3.792639,-0.331528,2,1
0,1,0,5.077867,0.808243,2.961486,-0.058614,2,1
1,0,0,3.249852,0.694783,3.233414,0.193589,2,1
0,0,1,0.2322,-0.382739,0.311805,-0.204308,0,0
0,0,1,1.254617,0.989177,4.268045,0.038278,1,0
0,1,0,1.133449,0.459548,1.321376,-0.000947,0,0
0,1,0,1.961381,0.741244,2.117994,-0.161636,0,0
0,0,1,1.107602,-0.105545,-0.633783,-0.241611,0,0
0,1,0,5.905517,5.80383,3.940913,-1.712754,4,1
0,1,0,2.248026,3.073031,6.045586,0.879186,2,1
0,0,1,1.90541,3.633102,4.082289,0.133681,2,1
0,0,1,1.1016,0.324343,1.041086,-0.032911,0,0
0,1,0,2.799882,1.648458,3.553524,4.235828,3,1
0,0,1,2.098472,1.133842,2.261453,-0.068172,0,0
1,0,0,0.076263,-0.075528,0.98776,-0.019305,0,0
0,1,0,3.128008,1.42446,5.992864,-0.249471,2,1
0,1,0,4.141192,1.167732,2.638995,-0.682555,2,1
0,0,1,1.602872,0.292952,0.005719,-0.020157,0,0
1,0,0,0.663598,0.608184,1.170745,0.298911,0,0
1,0,0,0.216641,1.235962,3.034798,0.486338,1,0
0,1,0,-0.286329,0.075901,0.411074,-0.188127,0,0
0,0,1,3.290127,7.158265,5.569358,-0.25394,3,1
1,0,0,1.642348,0.443097,0.65214,0.057394,0,0
0,0,1,4.266903,5.926017,7.803537,-1.475777,3,1
0,1,0,4.725767,5.758042,4.733037,-1.268847,3,1
0,1,0,0.010671,0.82757,3.142703,-0.477763,1,0
0,1,0,1.840412,-0.214895,1.505301,-0.097134,0,0
0,0,1,1.227013,0.296742,-0.570257,-0.126094,0,0
1,0,0,0.759573,0.838909,1.894513,-0.535687,0,0
0,1,0,2.797454,1.807815,2.143534,1.663108,2,1
0,1,0,1.001357,2.667056,1.52154,-2.851,2,1
0,0,1,1.536502,0.723761,6.892837,1.287322,1,0
0,1,0,1.684685,0.049954,2.400067,0.446382,0,0
0,1,0,1.019152,-0.191807,-0.287546,-0.124826,0,0
0,1,0,0.465102,0.460449,0.56415,-0.519221,0,0
0,0,1,0.274539,0.052741,0.11926,-0.007871,0,0
0,1,0,0.807028,0.358535,0.950165,0.627094,0,0
1,0,0,2.585475,3.592582,1.549733,-1.968455,3,1
0,0,1,1.207318,2.442359,1.088888,-2.916575,1,1
1,0,0,0.702164,-0.199086,-0.096183,-0.026536,0,0
0,0,1,3.211997,3.097225,4.410426,3.704535,4,1
1,0,0,0.958181,4.866809,2.3393,-3.532453,2,1
1,0,0,2.345256,3.895845,2.859438,0.646407,2,1
0,1,0,5.017647,5.479534,1.574345,-2.080515,3,1
0,1,0,3.273597,1.775836,4.124482,1.381018,2,1
1,0,0,4.213635,4.940981,3.683938,0.913081,3,1
0,1,0,0.175722,0.281212,0.555298,-0.006905,0,0
0,1,0,0.25652,0.455198,1.839018,-0.029455,0,0
1,0,0,7.172924,2.815315,4.382558,-1.744262,4,1
0,1,0,0.457893,0.376939,5.589291,0.489732,1,0
0,1,0,-0.34573,0.051092,0.635549,0.192651,0,0
0,0,1,0.491753,-0.0346,2.23706,0.061781,0,0
0,0,1,0.457726,-0.334629,0.666411,0.113433,0,0
0,0,1,1.954816,0.04526,1.162783,-0.082401,0,0
1,0,0,0.002299,0.044391,-0.051844,-0.198346,0,0
1,0,0,4.789722,2.04966,6.700778,3.049826,3,1
0,1,0,-0.065404,-0.040457,-0.259067,-0.076194,0,0
0,0,1,0.818588,-0.136305,0.265187,-0.192826,0,0
1,0,0,0.085605,0.298824,0.132752,-0.077742,0,0
0,1,0,2.482121,2.410512,3.460811,0.733463,1,0
0,0,1,4.208226,4.992078,3.780587,-2.89706,4,1
0,1,0,0.93023,2.42519,0.287299,-3.035293,1,1
1,0,0,2.398585,0.628794,2.872014,0.900915,1,0
0,0,1,3.822705,0.736241,1.648874,-0.355206,1,0
0,1,0,-0.098533,-0.681546,-0.09405,0.441521,0,0
0,0,1,0.166863,0.490756,-0.243625,0.329213,0,0
1,0,0,0.603712,0.296803,1.214592,-0.180003,0,0
0,0,1,3.274951,3.477266,3.190173,-0.063847,3,1
0,0,1,4.723387,0.749517,1.086066,-0.350337,1,0
0,1,0,2.404014,0.509168,2.647058,0.204549,1,0
0,1,0,-0.279492,-0.018281,-0.41622,0.099331,0,0
0,0,1,4.718895,0.29714,3.02156,0.142604,2,1
1,0,0,0.1399,-0.095293,-0.507106,-0.182973,0,0
1,0,0,1.75024,0.810717,1.774509,0.680206,0,0
1,0,0,0.716382,0.000456,0.159441,-0.097268,0,0
1,0,0,3.863611,0.270218,3.605776,-0.249607,2,1
1,0,0,0.076506,0.216809,0.209731,0.297061,0,0
0,1,0,0.472593,0.130924,-0.241574,-0.04937,0,0
0,1,0,5.689224,-0.246009,0.660549,-0.316421,1,0
0,0,1,0.163773,0.169404,-0.080215,-0.084802,0,0
1,0,0,3.042924,2.955457,4.636574,-0.882671,3,1
1,0,0,4.618031,0.829103,3.626597,-0.685924,2,1
0,0,1,0.452937,0.201796,-0.346945,0.01433,0,0
0,0,1,2.24574,0.004498,2.906034,0.076913,1,0
0,1,0,2.654554,0.74914,0.708222,0.191627,1,0
0,1,0,2.722146,3.158719,3.399067,1.176344,3,1
0,0,1,4.713994,0.850778,2.876772,-0.325735,2,1
0,1,0,3.996387,0.335687,2.755999,0.096917,2,1
0,0,1,0.054052,-0.052138,-0.009168,0.255612,0,0
0,1,0,-0.377549,0.615889,-0.14495,0.314504,0,0
0,0,1,-0.100199,-0.583511,-0.149384,0.140126,0,0
1,0,0,1.170989,0.42836,0.649565,0.221289,0,0
1,0,0,2.791469,1.73811,2.645661,2.153849,3,1
1,0,0,0.163856,0.683366,-0.463176,-0.176674,0,0
1,0,0,2.183268,2.950202,1.420735,-1.96889,2,1
0,0,1,1.059331,1.45126,0.643784,-0.172476,0,0
0,1,0,-0.214781,0.226944,-0.03511,0.177898,0,0
0,0,1,2.134608,1.457322,2.229037,-3.236201,1,1
0,0,1,1.277955,2.957857,1.702282,-1.8674,2,1
0,0,1,0.315555,0.388541,0.157378,0.008814,0,0
0,1,0,6.243187,6.228544,6.015011,-1.81327,4,1
0,0,1,0.066068,0.364914,0.515903,-0.02052,0,0
1,0,0,3.481093,1.448093,2.022923,-0.180184,1,0
1,0,0,7.125679,0.270975,2.252083,-0.078989,1,0
1,0,0,0.075646,-0.188563,-0.131165,-0.154996,0,0
0,0,1,-0.087712,0.231444,0.116367,0.045494,0,0
0,0,1,0.109929,0.53002,-0.466364,0.121162,0,0
0,1,0,3.224131,-0.183127,1.641726,-0.208513,1,0
0,0,1,0.215433,0.200625,-0.034194,-0.037448,0,0
1,0,0,0.17886,0.410746,0.832094,-0.303729,0,0
1,0,0,1.165444,0.648086,1.302591,-0.29822,0,0
0,0,1,1.567576,0.358663,2.320701,0.29268,0,0
0,1,0,-0.485137,-0.138103,-0.017805,-0.054226,0,0
0,1,0,0.021231,-0.445066,-0.293011,0.121539,0,0
0,1,0,0.619431,-0.00267,0.133974,-0.043408,0,0
0,1,0,2.360951,0.29871,0.448052,0.403925,0,0
1,0,0,4.692928,4.32696,5.157435,-1.533098,4,1
1,0,0,-0.50901,-0.449587,-0.396229,0.069253,0,0
0,0,1,3.73267,0.578708,2.544676,-0.107047,2,1
0,1,0,-0.154095,0.018348,0.448718,-0.203164,0,0
0,0,1,-0.126184,0.337688,0.002623,-0.327866,0,0
0,0,1,-0.255452,-0.098356,0.010704,-0.387241,0,0
0,1,0,5.75838,5.542246,6.136381,0.225993,3,1
0,1,0,-0.092622,1.088488,-0.76394,0.06761,0,0
1,0,0,-0.311289,-0.425805,0.313444,0.263109,0,0
0,1,0,0.880073,0.312916,1.252122,0.408116,0,0
0,0,1,1.797929,2.55841,2.840349,-3.257176,3,1
0,1,0,-0.386635,0.255255,-0.00668,-0.018628,0,0
1,0,0,1.239229,0.743435,0.18711,0.322698,0,0
0,0,1,4.105847,0.086914,2.15366,-0.07229,1,0
0,1,0,1.344752,-0.756117,2.297345,-0.699783,0,0
1,0,0,2.354902,0.158501,1.580437,0.278721,0,0
0,1,0,-0.236613,0.089724,0.637892,-0.061931,0,0
1,0,0,2.745213,2.391795,4.461984,0.695651,2,1
1,0,0,0.424786,0.088858,0.442124,0.034254,0,0
1,0,0,-0.353975,0.158511,-0.139203,-0.041095,0,0
1,0,0,0.912018,2.276893,5.316226,0.646892,1,0
0,1,0,2.885662,1.747913,2.292089,0.61051,1,0
0,1,0,2.721603,4.545238,5.528588,-0.553187,3,1
0,1,0,1.09057,0.270654,2.34774,-0.194439,0,0
1,0,0,2.138445,0.443796,1.153803,0.800028,0,0
1,0,0,4.158661,0.771018,1.219018,-0.328304,1,0
0,0,1,-0.006654,0.936689,0.01022,0.102284,0,0
0,1,0,-0.313587,-0.203074,-0.269443,-0.148355,0,0
1,0,0,-0.607928,0.091997,-0.287767,0.026632,0,0
1,0,0,2.523393,5.098049,2.782232,2.754761,4,1
0,0,1,4.914741,4.025391,6.790286,-2.25266,4,1
1,0,0,0.100686,-0.193067,0.25424,-0.430027,0,0
0,1,0,0.875639,1.390952,0.359729,0.361762,0,0
1,0,0,5.691552,2.709253,4.376131,1.891945,4,1
1,0,0,1.759552,1.789048,1.557735,-2.548059,1,1
1,0,0,0.844473,-0.175618,-0.190728,-0.421388,0,0
1,0,0,-0.293666,0.467891,0.513129,-0.076878,0,0
1,0,0,4.058098,4.54474,4.933685,-2.640683,4,1
0,0,1,4.422059,2.788469,4.015525,2.464234,4,1
1,0,0,3.711777,2.600516,2.852163,0.19742,3,1
0,0,1,-0.149559,0.342305,-0.386878,0.010896,0,0
1,0,0,1.548657,1.135445,2.305977,-0.161441,0,0
0,1,0,0.928458,1.691296,5.712236,0.269944,1,0
1,0,0,0.152177,0.330753,-0.76749,-0.086397,0,0
0,0,1,-0.076867,-0.457345,1.293722,-0.149145,0,0
0,1,0,1.54577,-0.219589,2.663986,-0.031227,1,0
0,1,0,3.904485,0.978811,4.664878,1.323605,2,1
0,1,0,-0.061387,0.610769,0.001104,-0.117593,0,0
1,0,0,2.755364,4.125548,3.016715,0.314073,3,1
1,0,0,-0.193614,0.230326,0.358811,0.30608,0,0
0,1,0,4.049396,4.930682,8.634927,0.347823,3,1
1,0,0,-0.184909,-0.1785,0.624124,0.225385,0,0
1,0,0,4.92568,0.76048,2.780781,0.042799,2,1
0,0,1,0.950508,0.77905,2.470234,0.193696,0,0
1,0,0,0.39172,0.04444,0.040772,-0.147629,0,0
1,0,0,-0.418163,0.493578,0.114724,-0.072187,0,0
1,0,0,0.018339,-0.161443,-0.268636,-0.061874,0,0
1,0,0,2.673289,2.218118,2.847927,1.70838,3,1
0,0,1,2.559036,0.561728,1.604974,0.451934,1,0
0,0,1,0.107922,-0.033583,-0.573262,-0.106291,0,0
0,0,1,-0.602513,-0.08994,0.4852,-0.023062,0,0
1,0,0,1.991715,3.233016,1.546509,1.207912,1,0
1,0,0,5.435423,3.57129,1.118402,-0.819851,2,1
0,0,1,0.353632,-0.18184,-0.106156,-0.117847,0,0
0,1,0,0.53914,0.6082,0.922374,-0.168669,0,0
1,0,0,-0.42755,-0.167034,-0.410521,-0.143415,0,0
0,1,0,3.73427,2.256236,3.062662,-1.805311,3,1
1,0,0,0.678317,1.577005,1.627313,-0.381595,0,0
1,0,0,1.008954,0.162573,1.103416,-0.14804,0,0
0,0,1,-0.356632,-0.390302,0.349067,0.364611,0,0
1,0,0,0.844055,0.504398,-0.141194,0.127811,0,0
0,0,1,-0.23952,0.024754,-0.419569,-0.139463,0,0
0,0,1,2.5174,2.723092,2.74804,0.306079,3,1
1,0,0,-0.698808,0.38142,0.836191,0.123106,0,0
0,0,1,0.427769,0.55547,1.45811,0.499398,0,0
0,1,0,-0.330826,-0.047679,-0.038849,0.155539,0,0
0,1,0,0.890064,0.583527,0.62695,0.329211,0,0
0,0,1,0.820823,0.628545,1.051215,-0.24587,0,0
0,0,1,2.278155,0.902478,2.350759,0.201092,0,0
1,0,0,-0.485918,-0.624855,-0.450991,0.232336,0,0
1,0,0,0.573694,0.446684,0.371442,0.045018,0,0
1,0,0,4.40118,-0.052157,2.750972,-0.001809,2,1
0,0,1,0.755851,0.508903,1.468669,-0.427476,0,0
1,0,0,0.072829,2.633272,1.287725,-3.673553,2,1
0,1,0,-0.747711,0.43037,0.888185,-0.399072,0,0
1,0,0,1.816199,4.076557,2.534658,-2.841681,3,1
1,0,0,0.421533,-0.425697,-0.28965,-0.013921,0,0
0,0,1,5.133589,0.368008,3.407004,-0.28368,2,1
0,0,1,0.259491,-0.051451,0.346351,0.314952,0,0
0,0,1,0.865734,1.122468,2.280265,-0.268904,0,0
0,0,1,2.063739,0.737988,1.516156,0.396764,0,0
1,0,0,0.380235,0.859805,1.330097,-0.128432,0,0
1,0,0,-0.46338,-0.415578,0.215446,-0.094366,0,0
0,1,0,1.502814,3.9863,1.311512,-3.272497,2,1
0,1,0,5.328647,0.346951,4.106609,-0.610882,2,1
1,0,0,0.976125,0.279439,0.210382,0.124572,0,0
0,1,0,-0.381586,0.558018,2.373904,-0.118845,0,0
1,0,0,5.003837,0.93992,3.278697,-0.563496,2,1
0,1,0,0.331353,0.109263,-0.436375,0.235514,0,0
0,1,0,0.450939,0.262637,-0.696755,0.233379,0,0
0,0,1,3.219403,1.863943,7.24974,0.633378,2,1
0,1,0,4.752294,0.224667,2.358455,-0.484988,1,0
0,1,0,0.659976,-0.544704,0.182974,0.552982,0,0
0,0,1,0.627795,0.358236,0.666054,0.068608,0,0
1,0,0,0.426608,-0.198833,0.2952,-0.182218,0,0
1,0,0,3.288431,1.776624,2.510689,0.428817,2,1
0,0,1,1.31372,0.359086,3.202691,-0.29649,1,0
0,1,0,0.73813,3.097134,3.115653,0.376856,2,1
0,0,1,1.731643,0.690383,0.757643,-0.199351,0,0
1,0,0,-0.172602,-0.102584,-0.044424,0.016471,0,0
1,0,0,1.927654,4.317466,2.490126,-3.234502,2,1
0,0,1,-0.016306,0.086224,0.699792,-0.282582,0,0
1,0,0,1.502527,1.400541,1.796268,0.344671,0,0
0,1,0,-0.921198,-0.688324,-0.268127,-0.238735,0,0
1,0,0,2.892315,0.703296,1.449252,0.910098,1,0
1,0,0,4.870245,7.563585,5.108919,-1.840137,4,1
0,0,1,1.686079,2.629223,2.100539,-2.256588,2,1
0,0,1,1.26789,0.70383,1.750882,0.231002,0,0
0,0,1,-0.537131,0.028199,-0.45408,-0.019466,0,0
1,0,0,0.447609,3.003544,2.552674,-4.358759,3,1
0,0,1,-0.401192,0.144042,0.092677,-0.334112,0,0
0,1,0,4.752199,0.727814,2.925439,0.017218,2,1
1,0,0,0.642412,0.35982,0.687569,0.089818,0,0
1,0,0,2.24808,1.055277,0.230559,0.33588,0,0
0,0,1,0.178636,0.561003,0.477034,0.10559,0,0
1,0,0,0.751801,0.901085,-0.269625,0.106585,0,0
0,0,1,-0.100041,0.490203,-0.217134,-0.360579,0,0
0,1,0,1.158779,-0.130244,1.922536,0.646184,0,0
1,0,0,3.365438,4.003125,3.390457,2.65509,4,1
0,1,0,1.156181,0.23244,2.050095,0.176321,0,0
0,1,0,1.006496,-0.83307,-0.373298,0.167985,0,0
1,0,0,0.262752,0.06684,0.112643,0.032107,0,0
0,0,1,2.287042,4.517415,5.522683,-1.560284,3,1
0,0,1,4.789664,3.622909,3.562851,-2.011911,4,1
0,1,0,2.611469,-0.044051,5.697468,1.173075,2,1
0,0,1,5.246967,0.687709,2.940614,-0.141751,2,1
0,0,1,2.437294,4.132808,3.536949,0.52221,2,1
0,0,1,3.392916,2.83685,2.946321,-0.622564,3,1
1,0,0,0.51598,2.908938,2.260903,-1.791447,2,1
0,1,0,4.607499,4.462288,5.24633,-2.626941,4,1
0,0,1,5.032086,-0.409469,3.27504,-0.147486,2,1
0,0,1,0.940802,1.407905,6.454147,0.911824,1,0
0,0,1,3.883471,2.35825,2.431037,0.193188,1,0
0,0,1,4.004783,1.97873,3.121005,3.190269,3,1
0,1,0,1.379554,3.20689,3.47798,-2.196819,3,1
0,0,1,0.491598,0.00819,0.21463,0.141841,0,0
1,0,0,6.028508,6.40004,1.651788,-1.389171,2,1
1,0,0,3.032193,0.384444,1.230329,-0.361809,1,0
0,1,0,4.116554,3.877244,4.563712,-2.533664,4,1
1,0,0,6.584253,8.590058,6.616276,0.000255,3,1
0,1,0,3.627491,2.940923,5.347202,-1.585572,4,1
1,0,0,0.896313,0.309755,0.729903,0.264004,0,0
1,0,0,1.236125,-0.060242,1.687578,-0.104477,0,0
0,0,1,-0.39969,0.541482,-0.48482,0.089197,0,0
0,1,0,0.77367,1.020766,2.466849,0.280093,0,0
0,1,0,2.806002,0.547643,2.886557,0.017024,2,1
1,0,0,-0.171111,0.216446,0.074914,-0.170252,0,0
0,0,1,2.79087,4.210433,4.154847,1.240202,3,1
0,0,1,0.056968,0.112386,0.109234,0.070453,0,0
1,0,0,0.902913,-0.932169,-0.049269,0.026002,0,0
0,1,0,2.283828,3.223132,0.839632,-2.931009,2,1
0,0,1,3.97425,0.600806,4.895595,-0.452198,2,1
1,0,0,-0.266888,-0.110955,0.149217,0.247827,0,0
0,0,1,3.849849,3.246833,3.70478,2.964699,4,1
1,0,0,0.770662,-0.451539,0.570603,-0.340399,0,0
0,1,0,0.024594,0.239418,0.183237,-0.307736,0,0
0,0,1,1.483228,0.322492,1.488402,0.047086,0,0
1,0,0,-0.483249,0.315323,0.366592,0.043602,0,0
0,0,1,-0.257687,0.052852,0.377389,0.184182,0,0
0,0,1,3.884323,0.082994,3.091179,-0.054093,2,1
0,0,1,3.388313,1.856255,1.327381,0.319602,1,0
1,0,0,1.897176,0.323987,1.723877,-0.076722,0,0
0,1,0,4.518016,2.079433,4.174822,-1.787925,3,1
1,0,0,0.998429,-0.497521,0.226639,-0.106129,0,0
0,0,1,-0.329227,0.078209,0.081116,0.236956,0,0
0,1,0,1.128027,0.487948,1.279776,-0.000473,0,0
0,0,1,0.719298,0.501727,0.1337,0.060909,0,0
1,0,0,1.05509,-0.066027,-0.489939,-0.087607,0,0
0,1,0,0.541873,4.059399,3.450933,-2.943723,3,1
1,0,0,0.00941,0.394593,0.354443,0.075227,0,0
0,1,0,1.60661,0.32771,-0.200404,0.294962,0,0
1,0,0,3.431847,0.742066,1.201376,-0.001374,1,0
1,0,0,0.079277,-0.034168,0.063305,-0.12722,0,0
0,0,1,0.146187,0.043607,-0.281519,0.200201,0,0
0,1,0,3.100793,2.65282,4.80473,0.356287,3,1
0,1,0,3.482827,2.024631,2.256857,0.637023,1,0
1,0,0,0.878097,0.976287,3.028497,0.582087,1,0
1,0,0,4.754077,4.054923,2.910329,-1.880303,4,1
0,0,1,5.394014,0.61839,2.041063,-0.131249,1,0
0,1,0,0.238447,0.566463,-0.114194,-0.131342,0,0
0,0,1,-0.406472,0.316643,-0.01772,-0.131804,0,0
1,0,0,0.998527,0.617363,1.34245,0.38156,0,0
1,0,0,-0.21149,0.95409,-0.070737,-0.118236,0,0
0,1,0,-0.88933,-0.273166,-0.422442,-0.147054,0,0
0,1,0,1.443107,3.096983,3.693566,0.439431,2,1
1,0,0,1.019198,0.637356,0.368928,-0.024211,0,0
0,0,1,-0.530226,0.357957,0.666372,0.134719,0,0
0,1,0,5.090884,5.847986,4.590857,-1.866249,4,1
0,1,0,1.344439,1.356082,1.032165,-0.06569,0,0
1,0,0,-0.272072,0.139097,0.751073,0.088023,0,0
0,1,0,0.492816,0.317945,-0.35301,-0.158514,0,0
0,1,0,3.854515,0.536353,2.55743,-0.80874,2,1
1,0,0,3.763008,2.707348,5.233321,3.441365,4,1
0,0,1,0.309015,0.549522,1.68719,0.051923,0,0
1,0,0,0.881749,0.260319,0.192129,-0.106362,0,0
0,0,1,2.917686,4.718391,0.963377,-3.536452,3,1
0,1,0,0.716686,0.863008,0.044051,-0.024952,0,0
0,1,0,0.982772,0.590406,2.070084,0.223729,0,0
0,1,0,4.021928,5.428519,5.164728,-2.025738,4,1
1,0,0,2.386093,1.234353,0.20455,0.548082,0,0
1,0,0,-0.036222,-0.026932,0.221469,0.263268,0,0
0,0,1,0.697166,0.041892,-0.147092,0.011605,0,0
0,1,0,3.245189,2.074129,3.477203,0.839501,2,1
0,1,0,0.635072,2.12296,4.514765,0.463637,1,0
0,0,1,3.29871,0.52677,6.517483,0.549911,2,1
0,0,1,4.688636,3.305022,5.039312,-0.566503,3,1
1,0,0,0.122151,-0.406661,0.269593,0.211964,0,0
0,0,1,0.515286,-0.355039,0.804952,-0.076266,0,0
1,0,0,6.130637,3.133461,4.29031,-1.542085,4,1
1,0,0,4.195419,0.256641,2.887173,-0.371601,2,1
0,0,1,0.053875,-0.302672,0.161892,0.11941,0,0
0,1,0,0.747739,2.467284,0.816774,-2.217625,1,0
0,1,0,2.677777,0.888519,3.753153,0.151482,2,1
0,0,1,1.038528,0.672876,1.935082,0.277101,0,0
0,1,0,3.837141,3.176378,4.473769,-0.604812,3,1
1,0,0,-0.075203,-0.021427,0.050192,-0.144417,0,0
0,0,1,3.859462,4.733973,4.926589,-2.163992,4,1
0,1,0,0.742008,0.571162,0.181694,0.06565,0,0
1,0,0,2.753421,0.973839,7.673787,-0.099534,2,1
0,1,0,3.477484,0.078292,3.091094,0.011722,2,1
1,0,0,2.06418,0.418365,1.169502,0.493583,0,0
1,0,0,2.285836,4.350359,2.887568,-2.681805,3,1
0,0,1,-0.539932,-0.018731,-0.164046,-0.018933,0,0
0,1,0,4.962628,0.415641,1.109007,-0.2257,1,0
1,0,0,3.088876,4.20285,1.810076,-0.736178,2,1
0,0,1,3.572378,0.47883,3.772304,-0.199349,2,1
0,0,1,1.851475,3.96908,1.736848,-4.011044,2,1
0,0,1,0.66405,0.142921,0.034752,-0.255898,0,0
0,1,0,0.559154,0.024628,0.461168,0.221167,0,0
1,0,0,4.869134,6.29987,3.481336,-0.678365,3,1
1,0,0,2.310489,4.66218,4.279171,0.812928,2,1
1,0,0,-0.162159,0.700184,0.167569,-0.073805,0,0
1,0,0,2.307595,2.628676,4.606327,0.026869,2,1
0,1,0,-0.368685,-0.161469,-0.140951,-0.07671,0,0
0,0,1,-0.176766,-0.211194,0.452892,-0.243123,0,0
0,0,1,-0.077441,0.074247,1.726517,0.614617,0,0
1,0,0,0.90109,0.051212,0.120749,0.225811,0,0
1,0,0,2.598388,0.57301,4.099269,1.390357,2,1
1,0,0,1.461453,0.295014,2.065447,0.139911,0,0
0,0,1,3.115051,0.453028,1.17265,-0.530693,1,0
1,0,0,1.891311,-0.317503,1.571591,-0.386924,0,0
0,0,1,1.060897,1.053882,1.388979,0.047877,0,0
0,1,0,2.635003,1.128026,7.488602,0.117065,2,1
0,1,0,2.00095,1.253203,5.336038,0.906294,1,0
0,0,1,0.869758,0.189042,5.454046,0.045417,1,0
0,1,0,0.958491,0.157399,0.041551,0.099028,0,0
1,0,0,6.355696,2.787211,5.901141,-1.194239,3,1
0,0,1,1.012343,0.442172,0.605333,0.495494,0,0
0,0,1,3.385228,0.270493,1.810308,-0.008198,1,0
0,0,1,0.001543,-0.833859,0.270605,-0.033967,0,0
0,0,1,0.334158,1.362402,4.125217,0.028107,1,0
1,0,0,4.587971,0.456234,4.613001,-0.318822,2,1
0,0,1,0.62301,1.194252,0.532723,-0.181831,0,0
1,0,0,0.384901,-0.240327,0.164619,-0.368105,0,0
0,0,1,1.910493,1.211716,5.55715,0.5537,1,0
0,0,1,0.299185,0.10158,-0.263736,0.114673,0,0
0,1,0,9.741723,5.204809,6.929323,-0.139563,3,1
0,1,0,1.407177,4.509976,2.372443,-1.794467,2,1
0,1,0,0.299159,0.120199,-0.651859,-0.106409,0,0
0,1,0,3.059522,0.853301,1.478653,0.712606,1,0
0,1,0,4.958077,2.228848,1.962374,0.310453,1,0
0,1,0,-0.405905,0.258332,0.213093,0.050006,0,0
0,1,0,0.449957,5.556754,1.783431,-2.007805,2,1
0,1,0,0.351972,0.780794,1.953726,0.675476,0,0
0,0,1,0.173368,-0.260686,-0.493063,-0.204863,0,0
1,0,0,4.148928,2.80873,4.363379,-1.809157,4,1
0,0,1,2.042424,0.326344,1.887157,0.025837,0,0
0,1,0,0.011245,-0.48589,-0.48138,0.003468,0,0
0,0,1,1.87784,3.161316,2.700006,1.572711,3,1
0,1,0,1.979131,1.561462,1.728448,0.139032,0,0
0,0,1,5.419078,7.104834,5.670111,-0.860286,3,1
0,1,0,0.100121,0.356856,0.571223,0.039714,0,0
1,0,0,0.728328,0.420964,0.330532,0.033117,0,0
0,0,1,1.9947,3.930148,1.897819,-2.868348,2,1
1,0,0,1.102259,1.40356,4.639991,-1.055743,1,0
0,1,0,2.326875,1.93559,4.929744,-0.07219,1,0
0,1,0,2.054221,3.027566,6.235408,0.151443,2,1
1,0,0,0.665872,1.028019,0.024983,-0.051836,0,0
0,1,0,1.487846,3.264561,5.01064,0.550628,2,1
0,0,1,0.335232,0.189068,-0.099161,0.038907,0,0
0,1,0,1.858288,4.08369,3.276957,0.314386,2,1
0,1,0,-0.54727,-0.452523,0.054082,-0.047365,0,0
0,0,1,2.99855,-0.110832,2.02431,-0.114114,1,0
0,1,0,5.303435,0.576516,2.439652,-0.340157,1,0
1,0,0,5.836887,0.487268,4.178218,0.133032,2,1
0,0,1,0.637895,0.046891,0.077311,0.082234,0,0
1,0,0,1.990718,1.807846,2.566516,-2.63423,2,1
1,0,0,4.966879,3.308274,4.973817,-0.989539,3,1
0,0,1,0.635776,-0.154793,-0.16053,-0.550671,0,0
0,1,0,0.444928,0.697666,1.5667,0.35631,0,0
0,0,1,-0.938443,0.131098,0.099547,0.235552,0,0
1,0,0,1.143658,0.399612,1.63215,-0.215383,0,0
1,0,0,4.321969,-0.200915,2.368244,-0.623764,1,0
0,0,1,1.622897,0.649622,2.74179,0.344065,1,0
1,0,0,3.312545,3.210005,5.245406,1.927482,4,1
0,0,1,0.113491,-0.311515,0.400787,0.045058,0,0
0,1,0,0.655099,2.585376,5.689899,0.226742,2,1
1,0,0,4.339179,4.67991,3.644709,-1.875775,4,1
1,0,0,1.71471,0.637068,2.82368,0.344151,1,0
0,0,1,0.277752,-0.288125,0.260456,-0.205301,0,0
0,1,0,2.14813,1.667813,1.005851,0.286728,0,0
1,0,0,5.426428,5.822282,7.249913,-1.108454,3,1
1,0,0,3.083955,2.251453,2.990315,1.070227,2,1
1,0,0,-0.081797,0.576648,0.369713,-0.115229,0,0
0,0,1,0.137438,0.053894,0.284817,-0.074553,0,0
1,0,0,0.006902,-0.21672,-0.564898,0.017493,0,0
0,0,1,1.912231,0.526896,4.855994,0.942345,1,0
1,0,0,0.600192,0.277753,-0.246982,0.289969,0,0
1,0,0,0.606644,0.49314,-0.023765,0.48348,0,0
0,0,1,1.97171,-0.382128,0.328536,0.129483,0,0
0,0,1,2.270029,0.085348,1.417797,0.016918,0,0
0,0,1,3.358325,1.804864,3.824182,1.113008,2,1
0,0,1,-0.3813,0.690414,-0.144853,0.304403,0,0
0,1,0,0.297153,-0.529602,0.621172,0.113333,0,0
0,0,1,4.508263,5.435463,5.154678,-1.561802,4,1
0,1,0,1.113083,0.37229,8.165825,0.505497,1,0
1,0,0,0.862098,0.263207,-0.818211,-0.230889,0,0
0,1,0,-0.404898,-0.1404,0.127321,-0.198717,0,0
0,1,0,-0.488083,0.608566,0.203217,0.213422,0,0
0,0,1,1.103708,0.164646,2.886954,-0.915965,1,0
0,1,0,0.072973,0.113777,-0.258525,0.18311,0,0
0,0,1,-0.498013,1.433036,1.142049,0.222056,0,0
0,1,0,-0.143557,1.744613,1.379384,-1.973487,1,0
0,1,0,1.297006,1.417753,5.601233,0.303277,1,0
1,0,0,1.109797,2.84098,1.431616,-2.378036,2,1
0,1,0,1.497138,-0.144912,0.299025,0.119222,0,0
1,0,0,1.797121,-0.154312,1.270801,0.317447,0,0
0,1,0,2.497494,0.492972,1.041587,-0.108962,0,0
0,0,1,0.591025,-0.258002,0.356814,-0.100705,0,0
1,0,0,2.312022,7.07729,2.938029,-1.601174,3,1
0,1,0,3.093644,3.296546,2.559504,0.059727,3,1
0,1,0,4.939788,0.513351,2.037013,0.471824,1,0
0,0,1,-0.186005,1.111205,1.976401,0.925396,0,0
0,1,0,-0.399679,0.003308,-0.072173,0.190249,0,0
0,1,0,0.87426,1.508988,1.363986,0.060701,0,0
0,0,1,0.422336,0.157804,-0.356313,0.198836,0,0
0,1,0,0.426238,2.304418,2.308966,-2.462464,1,0
1,0,0,2.066819,1.886417,4.486578,-0.15891,1,0
1,0,0,1.742487,0.034046,0.945798,-0.139768,0,0
0,1,0,1.760103,0.914631,1.262812,0.342982,0,0
1,0,0,1.808748,1.56324,3.42626,0.09625,1,0
1,0,0,0.027553,0.142646,0.436989,0.06838,0,0
1,0,0,-0.169,-0.181928,0.239595,0.095496,0,0
0,0,1,1.210991,0.64972,0.558922,-0.19224,0,0
0,1,0,-1.808522,-0.083187,-0.315042,0.091423,0,0
0,0,1,-0.410227,0.505686,-0.279311,0.283329,0,0
0,1,0,-0.243979,0.36957,-0.183611,-0.22962,0,0
0,1,0,1.390329,1.50487,2.274044,2.69588,1,1
1,0,0,3.314166,1.895726,3.507961,-0.023865,2,1
1,0,0,0.299009,0.397744,2.539682,0.141988,1,0
1,0,0,-0.60535,0.329316,0.804903,-0.156621,0,0
0,1,0,0.475679,-0.339325,0.920613,-0.179643,0,0
0,0,1,3.333493,1.590069,2.465752,0.224504,1,0
0,0,1,-0.801367,-0.319233,0.008515,-0.260967,0,0
0,1,0,2.512692,0.231448,2.529085,0.21395,2,1
0,0,1,-0.000294,0.176749,-0.360794,-0.046411,0,0
0,1,0,1.025555,0.124738,-0.148503,0.175048,0,0
1,0,0,3.873917,2.153523,4.856076,-0.238186,2,1
0,1,0,1.336587,1.681844,2.712971,-0.173337,1,0
1,0,0,0.056471,0.091506,0.096098,-0.19819,0,0
0,1,0,0.947583,0.89553,0.363217,-0.311079,0,0
0,0,1,5.183935,5.168081,4.740001,-0.853567,3,1
0,0,1,0.235911,0.315493,0.210708,0.443068,0,0
1,0,0,6.359505,5.007897,3.764064,-0.282724,3,1
0,1,0,0.324436,1.194522,0.293645,0.035651,0,0
1,0,0,3.991886,2.943131,3.510261,5.539602,4,1
0,1,0,-0.050858,-0.01843,0.431436,0.373424,0,0
1,0,0,-0.04434,0.613128,0.327583,-0.231848,0,0
1,0,0,0.747782,2.08238,4.280139,-0.08272,1,0
1,0,0,-0.043968,-0.501727,0.202798,-0.23737,0,0
1,0,0,0.590005,0.405896,2.623441,-0.461115,1,0
0,1,0,0.630035,-0.17506,0.435727,0.261189,0,0
0,0,1,3.340854,6.591537,8.072494,-1.360354,3,1
0,0,1,1.060134,2.397165,4.210574,0.660503,1,0
0,1,0,6.085438,0.1742,1.749235,-0.634653,1,0
0,0,1,-0.685083,-0.469572,-0.214342,0.042125,0,0
0,0,1,1.114486,0.343423,-0.237006,-0.055576,0,0
1,0,0,1.222624,2.178826,2.619607,1.07361,1,0
0,1,0,0.102914,-0.742593,-0.337261,-0.025198,0,0
0,1,0,5.730938,3.438942,4.406337,-3.162219,4,1
1,0,0,0.892261,0.496881,0.476011,0.177174,0,0
0,0,1,0.219596,0.26617,0.837366,0.456029,0,0
0,0,1,6.551928,2.788803,4.313112,-0.369179,3,1
1,0,0,0.064969,0.321766,-0.242264,0.239151,0,0
1,0,0,6.124565,4.127356,4.040607,-2.467527,4,1
0,1,0,-0.306374,0.676564,-0.017944,0.168316,0,0
0,1,0,-0.655484,-0.072804,-0.218947,-0.298655,0,0
0,0,1,0.053828,0.643074,-0.195436,-0.048881,0,0
0,0,1,1.43865,0.408631,4.436644,-0.038723,1,0
1,0,0,-0.190645,-0.581323,0.052102,-0.11148,0,0
1,0,0,2.558552,1.75941,3.856468,2.282406,3,1
0,1,0,-0.217709,-0.056216,0.527428,-0.083359,0,0
0,1,0,-0.24234,0.222284,0.661426,-0.025765,0,0
0,0,1,-0.362748,-0.373296,0.638269,-0.092542,0,0
0,0,1,0.751472,-0.553223,0.353761,-0.573909,0,0
0,1,0,1.263897,1.537278,3.995024,-0.085803,1,0
1,0,0,1.400709,0.703431,0.890904,0.422479,0,0
0,0,1,-0.533233,0.065821,-0.000508,0.02048,0,0
0,0,1,3.760596,4.324502,4.961809,-1.260818,3,1
0,0,1,-0.403689,1.026132,0.268835,-0.011558,0,0
1,0,0,0.708482,3.957345,4.760373,1.417212,2,1
0,1,0,0.953508,0.732551,0.035947,-0.262825,0,0
1,0,0,0.609415,0.912818,0.804781,0.002685,0,0
1,0,0,2.7474,1.028058,1.684882,0.242971,1,0
0,0,1,3.598986,4.672689,3.898708,-2.659058,4,1
1,0,0,1.942872,-0.178923,1.376224,0.360066,0,0
0,1,0,2.909239,1.531514,2.588446,4.422043,3,1
0,0,1,1.360559,1.32607,8.641549,1.072249,1,0
0,0,1,0.07704,0.485113,0.316424,0.234896,0,0
0,0,1,4.271536,2.075601,3.670054,4.561392,3,1
1,0,0,0.259769,-0.526376,0.276847,0.067043,0,0
0,1,0,0.319702,-0.222217,-0.37437,0.279165,0,0
0,1,0,4.862545,0.231912,3.344767,-0.105776,2,1
0,0,1,-1.182228,0.143314,0.033379,-0.148065,0,0
0,1,0,-0.029396,0.117318,0.221294,0.228547,0,0
1,0,0,0.373741,0.657051,-0.112932,-0.010817,0,0
0,1,0,-0.255197,-0.550282,0.078893,0.167708,0,0
0,0,1,2.07782,1.867632,8.555251,0.610116,1,0
0,1,0,5.75753,3.980322,3.617067,-0.416488,3,1
1,0,0,0.18171,-0.258865,-0.133019,-0.007773,0,0
0,1,0,1.21039,2.017797,5.539806,1.276125,1,0
0,1,0,0.841813,0.285536,0.175214,-0.134565,0,0
1,0,0,2.928535,1.146035,3.303106,-0.458829,2,1
0,1,0,0.334189,1.560115,2.050451,-0.321751,0,0
0,0,1,5.149814,2.050927,4.878003,3.620141,3,1
1,0,0,2.009752,3.10364,2.037133,1.811976,2,1
0,0,1,1.663393,0.202517,0.933792,0.141219,0,0
1,0,0,3.67334,2.18228,0.877028,3.237168,2,1
1,0,0,1.126911,0.502693,0.650129,0.13664,0,0
1,0,0,4.088051,7.162492,6.696074,-2.059289,4,1
1,0,0,1.979101,0.254198,1.100423,0.109225,0,0
0,0,1,1.429096,1.289328,5.14353,0.831206,1,0
0,0,1,1.799998,1.778377,3.275509,-1.730513,2,1
0,0,1,1.40413,-0.120466,0.320686,-0.027328,0,0
1,0,0,2.683745,2.28107,3.885067,4.238044,3,1
0,1,0,0.197203,0.204204,0.8259,-0.255317,0,0
0,1,0,-0.2411,-0.070079,-0.019998,-0.208945,0,0
1,0,0,4.988283,3.74144,6.983772,-1.544999,4,1
1,0,0,-0.853851,-0.253514,-0.217581,0.192879,0,0
0,0,1,0.656625,0.16446,0.540535,0.142403,0,0
1,0,0,1.755859,3.225493,1.548143,-2.337179,2,1
1,0,0,0.511982,0.344448,0.043908,-0.127438,0,0
0,1,0,1.007804,0.816484,6.306923,0.563486,1,0
1,0,0,1.699406,1.940407,2.503567,4.478104,2,1
0,1,0,0.54962,0.15831,0.132301,-0.151353,0,0
0,0,1,1.463271,0.56917,1.551538,0.492751,0,0
1,0,0,3.987203,5.065391,6.197793,-1.700068,4,1
0,1,0,0.344105,0.120782,-0.10604,0.079657,0,0
0,0,1,0.183731,0.388419,-0.787022,-0.048142,0,0
0,0,1,1.93323,0.966953,0.351176,0.130717,0,0
1,0,0,0.694171,-0.047869,0.752148,-0.088095,0,0
0,1,0,3.174115,1.182615,4.645953,0.892867,2,1
0,1,0,1.564784,0.003417,3.456004,0.192196,1,0
0,0,1,0.049966,0.703872,0.025262,-0.162865,0,0
1,0,0,0.864169,-0.565192,-0.407779,0.126576,0,0
1,0,0,3.814509,2.605277,3.254668,2.806716,4,1
1,0,0,-1.055603,0.679567,0.339152,-0.175216,0,0
0,0,1,0.168316,0.296998,0.47968,-0.254509,0,0
1,0,0,0.917189,0.936865,1.333686,0.024082,0,0
0,1,0,2.315828,0.775755,2.346566,-0.358349,0,0
0,0,1,5.885214,5.57214,5.596703,-2.188182,4,1
0,1,0,-0.34201,-0.176458,0.195969,-0.06128,0,0
1,0,0,0.114928,-0.525318,-0.285286,0.105393,0,0
0,1,0,0.338149,-0.369858,-0.013929,0.162837,0,0
1,0,0,3.762935,0.491089,3.848095,3.154813,3,1
0,1,0,2.541716,2.963476,3.333962,3.798725,4,1
1,0,0,2.289527,-0.020973,0.460541,-0.049129,0,0
0,0,1,2.368888,0.361059,0.661698,-0.017161,0,0
0,0,1,2.789567,0.899922,0.711626,0.071489,1,0
0,0,1,5.028209,0.192574,2.290167,0.063818,1,0
0,1,0,0.416227,-0.039654,0.193176,-0.096779,0,0
0,0,1,5.176521,6.210528,4.064869,-1.147765,3,1
0,0,1,0.708259,0.230293,-0.565363,0.04674,0,0
0,0,1,0.727813,-0.253785,-0.314129,0.163988,0,0
0,1,0,2.539332,0.319128,1.203089,0.167151,1,0
0,0,1,-0.069475,0.90842,2.078022,0.286876,0,0
0,0,1,1.015609,1.494521,5.692666,1.064478,1,0
0,0,1,1.142102,1.476266,1.696001,0.410086,0,0
1,0,0,5.415713,4.978169,6.768869,-1.117659,3,1
1,0,0,-0.237549,0.775517,0.519454,-0.125659,0,0
0,1,0,2.015535,1.45014,5.092916,0.652849,1,0
0,1,0,-0.362294,-0.226004,0.048981,-0.159779,0,0
1,0,0,6.835671,5.131466,4.652921,-0.684159,3,1
1,0,0,3.603541,5.127607,4.663161,-1.618765,4,1
1,0,0,0.084122,0.916864,0.610298,0.024698,0,0
1,0,0,2.168263,3.401586,3.50766,-2.406804,3,1
0,0,1,-0.259475,-0.018867,-0.162136,-0.284972,0,0
0,0,1,0.26309,0.138996,0.500385,0.175379,0,0
0,1,0,1.75261,1.314177,0.895594,-0.148334,0,0
1,0,0,0.212986,-0.068172,-0.631537,0.038028,0,0
1,0,0,2.300981,2.290046,3.909828,2.535428,2,1
0,1,0,4.691306,3.771335,6.458318,-0.643451,3,1
0,1,0,4.218742,3.984681,6.854113,-0.661691,3,1
0,0,1,6.49519,4.00468,4.998133,-1.424532,3,1
0,0,1,4.132392,2.699424,1.644498,3.272863,3,1
0,1,0,1.4467,3.33253,1.624744,-3.777047,2,1
1,0,0,3.051819,5.605127,3.197165,1.830384,4,1
0,0,1,3.019411,3.039465,4.517875,0.098615,3,1
0,0,1,3.853005,3.561099,4.927498,3.830582,4,1
1,0,0,0.183972,-0.06708,0.245574,0.086724,0,0
0,1,0,2.514289,1.323659,4.502284,0.380237,2,1
0,0,1,0.831488,2.125505,2.529902,-1.40045,1,0
0,0,1,1.620837,0.531389,4.248801,0.041921,1,0
1,0,0,0.11326,-0.701383,-0.153626,-0.078566,0,0
0,0,1,-0.004033,0.188363,0.091227,0.015347,0,0
1,0,0,3.395603,2.243757,2.000084,0.947781,1,0
0,1,0,-0.598659,-0.563311,0.191697,-0.249216,0,0
0,0,1,0.495706,0.320327,0.335018,0.122634,0,0
0,0,1,0.684499,0.129346,-0.226351,-0.095416,0,0
0,0,1,-0.351019,0.211479,-0.437874,0.046298,0,0
0,0,1,2.698296,0.64501,5.974178,1.0117,2,1
0,1,0,4.857386,0.950311,2.492828,0.233956,1,0
1,0,0,0.019465,-0.304437,-0.115999,-0.033956,0,0
1,0,0,2.084772,1.776017,1.466478,-0.085162,0,0
0,1,0,2.250296,0.297274,1.155442,0.357296,0,0
0,1,0,0.291602,-0.569601,0.227836,-0.237036,0,0
1,0,0,5.691454,5.783265,2.76985,-1.426021,3,1
1,0,0,4.058533,1.863364,1.206068,2.921048,2,1
0,0,1,0.580726,0.67427,0.160293,-0.236803,0,0
0,1,0,1.659665,1.669851,7.518509,-0.209487,1,0
1,0,0,-0.060825,0.747211,-0.518525,0.090242,0,0
0,1,0,0.172237,0.284423,0.747885,0.237464,0,0
0,1,0,1.363668,1.386755,3.864516,-0.084574,1,0
0,1,0,0.100874,0.08227,-0.246076,0.151808,0,0
0,1,0,-0.191575,0.147376,-0.339116,0.000576,0,0
0,0,1,-0.191815,0.030919,0.302863,0.272759,0,0
1,0,0,0.217562,0.522454,0.168483,0.040646,0,0
0,0,1,2.648308,0.576269,0.49092,-0.29239,1,0
0,1,0,1.048216,-0.402828,7.126367,0.959911,1,0
1,0,0,-0.038122,0.004345,-0.632717,-0.081524,0,0
1,0,0,4.179304,5.372441,5.36209,-1.220148,3,1
1,0,0,0.263147,0.580945,0.138453,0.029296,0,0
1,0,0,-0.297019,0.470779,0.134397,-0.203893,0,0
1,0,0,3.061297,1.801178,2.458499,0.321819,1,0
0,1,0,1.375706,2.513697,2.277642,-3.506921,2,1
1,0,0,-0.894608,-0.185208,-0.009019,0.122629,0,0
0,0,1,1.606305,2.994566,4.719533,0.25819,2,1
1,0,0,1.34826,0.785172,0.914681,0.184452,0,0
0,0,1,1.297457,0.819828,2.044434,0.802396,0,0
0,0,1,-0.152949,0.145956,0.623658,-0.046507,0,0
0,0,1,2.051711,0.33819,1.514317,-0.153313,0,0
0,0,1,-0.296143,0.090143,-1.18008,-0.604033,0,0
0,0,1,0.308182,0.327078,0.183195,-0.011065,0,0
0,1,0,-0.285015,0.258387,0.170581,-0.313016,0,0
1,0,0,4.769602,4.582903,7.767661,-1.301325,3,1
1,0,0,2.512338,0.484569,1.202088,-0.375771,1,0
1,0,0,0.091823,0.712585,2.009446,0.701984,0,0
1,0,0,5.557149,5.808328,5.084107,-0.914458,3,1
1,0,0,0.605123,-0.08913,0.003137,-0.132032,0,0
0,1,0,7.282191,7.922935,7.507548,-1.968405,4,1
0,0,1,3.437122,3.756467,6.492146,-0.90918,3,1
0,0,1,1.894757,0.467089,1.091545,-0.279894,0,0
0,0,1,1.160547,0.733966,2.880422,-0.433775,1,0
0,1,0,5.389715,6.916725,7.107258,-2.261378,4,1
1,0,0,0.690406,0.445094,1.995805,-0.078804,0,0
1,0,0,1.455973,0.69348,1.721518,0.013741,0,0
1,0,0,2.402723,1.430601,4.798382,1.525455,2,1
0,1,0,-0.399584,-0.492643,-0.353427,-0.223244,0,0
0,1,0,1.498421,0.226335,2.819086,-0.123219,1,0
1,0,0,3.613084,-0.58645,3.40094,0.16134,2,1
0,1,0,0.655634,1.709481,2.651133,0.562926,1,0
1,0,0,2.183678,4.052831,1.544975,-0.044775,1,1
0,1,0,1.103989,-0.393028,0.59199,-0.110635,0,0
0,0,1,1.663521,1.25384,5.093625,0.117104,1,0
0,0,1,1.125759,-0.061589,-0.109912,0.400226,0,0
1,0,0,4.526519,2.980119,3.900636,1.040153,3,1
0,1,0,0.738606,0.480956,0.069524,0.091086,0,0
0,1,0,-0.414936,0.570187,0.119971,0.128836,0,0
0,1,0,1.906455,4.206128,2.081251,-2.339543,2,1
0,0,1,0.24309,-0.689908,-0.156403,-0.289647,0,0
0,1,0,2.338309,-0.431894,1.212895,-0.371916,0,0
0,1,0,2.162292,3.669321,3.384832,-4.145128,3,1
0,1,0,0.054824,1.073417,1.349831,0.469746,0,0
0,0,1,3.504867,4.197419,2.656592,3.714929,4,1
0,1,0,2.960452,0.737622,8.555169,1.300016,2,1
0,0,1,5.440413,9.018007,5.326953,-1.988575,4,1
0,1,0,4.957983,6.02244,4.560886,-1.668513,4,1
0,0,1,4.147029,6.608684,8.158728,-0.91589,3,1
0,1,0,-0.504162,0.221664,0.623564,-0.123416,0,0
0,0,1,2.255309,0.160022,0.912957,-0.062576,0,0
0,1,0,1.074579,1.715513,1.614533,-2.3192,1,0
0,0,1,2.183792,0.818088,2.998195,0.239284,1,0
0,1,0,-0.680678,0.370458,0.353864,-0.010197,0,0
1,0,0,-0.170762,-0.004712,-0.971179,0.041708,0,0
0,0,1,0.096373,0.929285,5.917153,-0.439444,1,0
1,0,0,2.120923,1.586466,2.208949,0.815299,0,0
0,1,0,0.238586,-0.59848,-0.147704,-0.008506,0,0
1,0,0,-0.169126,0.687633,-0.31943,0.019355,0,0
0,1,0,2.559294,2.664771,2.784915,1.448182,3,1
0,1,0,1.434497,1.445282,1.429445,0.286864,0,0
1,0,0,-0.562007,-0.450219,0.550079,0.015104,0,0
0,0,1,-0.067786,0.350828,-0.240991,-0.147304,0,0
0,0,1,2.146188,0.709909,0.610857,-0.221832,0,0
1,0,0,0.28087,0.05257,0.004679,0.294645,0,0
0,0,1,-0.983014,-0.258005,0.072906,-0.020846,0,0
1,0,0,0.596603,1.227983,4.158181,0.430919,1,0
0,0,1,1.511513,0.927467,4.753128,0.186848,1,0
0,0,1,1.667567,0.263232,1.050439,-0.047683,0,0
0,1,0,0.998296,-0.233985,0.321737,-0.067551,0,0
0,0,1,-0.679636,-0.825175,0.560107,0.022504,0,0
0,0,1,0.465251,1.188356,1.911948,-0.660161,0,0
1,0,0,2.727423,0.53151,6.677611,0.332489,2,1
0,0,1,2.947908,1.809396,2.461582,0.065403,1,0
0,0,1,0.718035,0.092361,-0.207923,-0.289395,0,0
1,0,0,5.346355,1.62152,3.036625,2.490567,3,1
1,0,0,4.142445,0.825164,3.100554,0.241783,2,1
0,0,1,2.053856,2.872919,3.400765,0.794446,2,1
1,0,0,2.648822,2.525756,3.654095,1.893967,4,1
0,0,1,2.129605,1.414982,6.65256,0.315678,1,0
1,0,0,2.106277,0.122796,2.2286,-0.088032,0,0
1,0,0,2.518008,0.848194,1.082804,-0.455812,1,0
0,1,0,1.251207,-0.279943,0.527753,0.078225,0,0
1,0,0,0.45038,4.983425,0.071062,-3.789008,2,1
0,0,1,1.945411,1.059352,4.80382,-0.167182,1,0
0,1,0,0.29541,0.178325,-0.206568,0.274357,0,0
0,1,0,0.619238,0.800486,7.715998,0.272909,1,0
0,0,1,0.516762,0.169146,0.484178,-0.003111,0,0
0,0,1,5.182961,0.171417,2.430436,-0.045794,1,0
0,0,1,0.717454,0.571838,-0.419883,-0.042807,0,0
0,0,1,-0.778863,-0.144419,0.981932,0.208174,0,0
0,1,0,2.987722,4.740374,4.136157,-1.634356,4,1
0,1,0,1.147417,3.144608,1.625033,2.853042,2,1
0,1,0,2.704482,-0.299181,7.352776,-0.028675,2,1
0,0,1,3.887793,0.48624,3.704783,0.182948,2,1
0,0,1,1.05161,0.180754,0.71237,0.094319,0,0
0,1,0,1.196508,-0.307785,-0.787767,0.117145,0,0
0,1,0,2.882609,0.294922,4.244608,-0.213175,2,1
1,0,0,0.039581,0.211604,-0.075027,0.01617,0,0
1,0,0,1.211275,0.081233,-0.030513,0.109952,0,0
0,1,0,0.208618,0.927045,2.401488,0.824739,0,0
1,0,0,-0.397268,0.86931,0.619854,0.134386,0,0
0,1,0,3.061857,0.401768,3.261088,-0.685887,2,1
0,0,1,4.351588,4.097062,4.036717,-2.563931,4,1
1,0,0,-0.374554,-0.130173,0.580075,-0.005135,0,0
1,0,0,1.751662,1.973494,3.851687,0.836588,1,0
0,0,1,3.32217,0.025226,2.351415,-0.220995,1,0
0,1,0,1.191307,5.57947,4.852758,-0.761412,2,1
0,1,0,-0.581042,-0.021134,0.328297,-0.158587,0,0
0,0,1,0.596752,0.472761,3.568828,0.487704,1,0
0,1,0,2.03111,0.411601,1.062739,-0.230873,0,0
0,1,0,0.094939,0.980145,0.102451,-0.118156,0,0
0,0,1,2.153699,0.288068,-0.027248,0.337888,0,0
0,0,1,4.551802,3.191913,4.598057,-2.176174,4,1
1,0,0,3.035935,1.736483,4.106782,0.340127,2,1
1,0,0,4.006873,0.105603,2.166051,-0.06458,1,0
1,0,0,2.994111,4.864261,0.75086,-2.781014,3,1
1,0,0,-0.07632,-0.136162,-0.216389,0.145872,0,0
0,0,1,2.394214,2.123148,3.664086,0.781645,1,0
0,1,0,1.307301,4.448002,4.490796,0.877209,2,1
0,0,1,-0.487952,-0.459002,0.064382,-0.185393,0,0
1,0,0,3.94816,2.695783,3.010739,4.212511,4,1
0,1,0,1.645822,0.979411,3.968925,0.547909,1,0
1,0,0,4.309566,1.201331,2.895052,0.483348,2,1
1,0,0,5.289601,1.053789,3.257972,-0.32209,2,1
0,0,1,3.897417,4.28142,7.329211,-2.117754,4,1
0,1,0,1.972211,4.293515,1.828712,-3.516476,2,1
1,0,0,0.138887,-0.129081,0.27386,0.071523,0,0
1,0,0,0.983096,0.327972,0.145195,0.106067,0,0
0,1,0,0.644856,0.341296,0.404973,-0.170659,0,0
1,0,0,0.006768,0.741602,0.205214,-0.243479,0,0
1,0,0,6.443266,4.964589,4.46032,-2.613369,4,1
0,0,1,2.426177,1.355267,2.335636,1.139014,0,0
0,1,0,1.717065,6.12834,3.86178,-0.351699,2,1
0,1,0,-0.425781,-0.135403,-0.769775,-0.075845,0,0
1,0,0,0.27004,-0.177192,-0.254916,-0.228118,0,0
0,1,0,0.669134,1.426199,2.110995,-0.266382,0,0
1,0,0,1.586159,1.077113,1.747008,-0.00738,0,0
1,0,0,0.703533,0.977709,2.122378,-0.075268,0,0
0,0,1,4.503401,1.903535,2.380005,2.489386,2,1
1,0,0,4.292451,3.618613,3.326363,0.321958,3,1
1,0,0,0.351248,0.833654,1.566053,-0.523865,0,0
0,0,1,0.3329,0.33276,-0.005799,-0.00991,0,0
1,0,0,-0.93134,0.185286,-0.118488,-0.038118,0,0
1,0,0,1.825461,4.426829,1.476975,-3.775599,2,1
1,0,0,0.797307,1.468789,7.230288,0.084535,1,0
0,0,1,0.332136,0.133986,-0.496553,0.046374,0,0
0,1,0,1.376642,0.882008,3.645454,0.441886,1,0
0,1,0,4.266789,4.418239,5.244418,-2.072877,4,1
1,0,0,2.405561,1.207203,2.221439,-0.117199,0,0
0,0,1,3.993489,5.707555,4.317027,-1.18112,3,1
0,0,1,2.421614,3.387392,4.140251,0.109915,2,1
1,0,0,1.676398,1.577032,3.003706,0.904547,1,0
0,0,1,0.596625,0.184432,-0.252978,-0.231737,0,0
0,1,0,2.359737,1.019718,1.362497,-0.537775,0,0
0,1,0,3.854115,2.532779,1.421275,0.526432,2,1
0,0,1,-0.446283,-0.126521,0.051057,-0.246577,0,0
0,0,1,2.306535,1.533563,4.623477,0.216335,1,0
0,1,0,-0.541257,0.166104,-0.489499,0.54989,0,0
0,0,1,0.371775,-0.110826,-0.789027,-0.037609,0,0
0,1,0,-1.061808,-0.00893,0.5663,-0.219638,0,0
0,1,0,6.143593,2.481826,5.374424,-0.596099,2,1
1,0,0,3.976395,0.272169,2.739346,-0.266109,2,1
1,0,0,4.690882,3.221294,3.428423,2.294957,4,1
1,0,0,3.480149,1.21953,4.017033,0.522207,2,1
0,0,1,4.884046,3.906604,3.763371,-0.901362,3,1
0,0,1,-0.156472,0.188122,-0.267144,0.249159,0,0
0,0,1,1.392848,2.351504,6.026675,0.540111,1,0
0,0,1,-0.293407,-0.011312,-0.380689,-0.095231,0,0
1,0,0,1.224441,0.622203,2.616986,0.192445,1,0
1,0,0,3.435065,0.863146,2.933815,-0.130713,2,1
1,0,0,2.492706,2.349055,7.052796,0.255388,1,0
1,0,0,1.043266,0.099692,3.488786,-0.208227,1,0
1,0,0,-0.511019,0.066437,0.286316,-0.179877,0,0
0,0,1,0.462761,0.87372,2.348478,0.298775,0,0
0,0,1,5.715818,0.384216,2.538772,0.210126,2,1
0,1,0,1.283326,0.60527,2.978489,-0.906879,1,0
0,1,0,-0.127839,-0.163245,-0.018184,-0.130845,0,0
1,0,0,-1.151089,-0.283144,0.339337,0.210244,0,0
0,0,1,1.435257,3.07493,2.021567,-3.871248,2,1
0,0,1,0.098303,0.659956,-0.099818,0.146322,0,0
0,1,0,5.012179,-0.199336,4.322399,-0.583007,2,1
0,0,1,-0.028871,0.047197,-0.077155,0.032183,0,0
1,0,0,2.648886,1.816349,5.965877,0.288285,2,1
0,1,0,2.859005,0.821232,-0.319328,0.164757,1,0
0,1,0,2.329969,2.016597,6.405923,0.569893,1,0
0,1,0,3.110816,2.965212,2.604733,0.875895,3,1
0,1,0,0.074952,0.27957,0.452493,-0.265849,0,0
1,0,0,0.381977,-0.180888,-0.026257,-0.107809,0,0
0,1,0,0.490391,0.659329,0.745859,0.206288,0,0
0,1,0,2.619987,4.197688,2.852804,1.422646,3,1
0,0,1,1.143064,1.279184,1.755507,-0.18882,0,0
0,0,1,-0.477253,0.540648,0.585744,-0.062118,0,0
0,1,0,3.521319,-0.012427,3.660617,-0.314961,2,1
0,0,1,5.448822,6.65217,9.370497,-2.213898,4,1
0,0,1,-0.421746,-0.192537,0.23245,-0.177926,0,0
0,0,1,0.36567,0.40067,1.669902,0.103292,0,0
0,0,1,1.366,4.017124,3.021645,-2.931943,3,1
0,0,1,1.839842,1.181749,1.556726,0.585543,0,0
0,1,0,0.214155,-0.644674,-0.323474,-0.073077,0,0
1,0,0,1.07448,3.420928,1.281681,-3.908387,2,1
0,1,0,0.627385,-0.001089,0.304848,0.354159,0,0
0,1,0,0.19698,0.322372,-0.496954,-0.090713,0,0
1,0,0,-0.259803,0.259078,0.414471,0.141723,0,0
1,0,0,3.646193,1.256518,3.563774,-0.401138,2,1
0,0,1,-0.491177,-0.515172,0.082196,-0.260257,0,0
0,1,0,5.594002,3.289864,4.050423,-1.902291,4,1
0,0,1,8.079105,8.38258,8.367073,-2.47298,4,1
1,0,0,2.122345,2.630835,2.954177,-2.960756,3,1
0,1,0,3.933033,0.024961,1.545377,0.129131,1,0
0,0,1,0.363709,-0.187144,0.348346,-0.017036,0,0
1,0,0,0.642548,0.319529,2.574649,0.29824,1,0
0,1,0,4.711011,9.179313,7.68426,-0.72456,3,1
0,1,0,2.233537,3.391649,2.534914,-0.111935,2,1
0,0,1,0.432555,-0.162237,-0.404793,0.092237,0,0
1,0,0,-0.325821,-0.943381,0.280567,0.230364,0,0
0,0,1,4.028235,3.032023,2.363479,2.305938,3,1
1,0,0,0.258842,0.145667,1.306905,0.24556,0,0
0,1,0,0.3714,0.478826,-0.204554,-0.301024,0,0
1,0,0,5.933618,6.16481,5.136808,-1.632615,4,1
0,0,1,2.228199,2.039963,3.05786,0.36339,1,0
1,0,0,-0.229777,0.156117,-0.38225,0.200493,0,0
1,0,0,0.935199,0.455243,1.292902,0.155094,0,0
0,1,0,3.273869,2.662818,4.136856,0.88302,3,1
1,0,0,-0.396157,0.529485,0.590467,0.196226,0,0
0,0,1,-0.006904,0.539921,0.527546,0.152699,0,0
1,0,0,3.932718,0.28458,3.166329,-0.108231,2,1
1,0,0,1.573066,1.966655,8.747932,-0.568093,1,0
1,0,0,3.644787,3.97206,2.923383,-0.738069,3,1
0,1,0,0.689438,0.242123,0.032413,-0.451958,0,0
0,0,1,-0.314541,-0.867232,-0.129988,0.031435,0,0
1,0,0,1.23566,0.612522,0.929184,-0.073986,0,0
0,0,1,1.103641,1.275048,1.863226,0.89415,0,0
1,0,0,2.73066,0.466537,1.022385,-0.277468,1,0
1,0,0,2.063539,1.635191,1.860774,-3.019654,1,1
0,0,1,5.327298,-0.118412,4.895807,-0.185221,2,1
0,0,1,4.341365,8.784949,5.885053,-1.229279,3,1
0,0,1,2.896778,0.987186,3.9117,2.698601,3,1
0,0,1,2.750711,0.203583,2.003489,-0.138086,1,0
1,0,0,3.553428,2.139992,5.558291,0.910354,2,1
0,0,1,0.156943,-0.119496,0.213179,0.256344,0,0
1,0,0,0.342416,0.05229,0.426327,0.311111,0,0
0,0,1,2.221484,4.26833,3.155205,0.156414,2,1
1,0,0,1.971866,0.363374,2.198805,-0.204214,0,0
0,1,0,1.782932,-0.37362,3.107053,-0.413109,1,0
0,1,0,0.237029,1.037744,6.045782,-0.049183,1,0
1,0,0,5.875787,7.823302,6.832954,-1.038391,3,1
0,1,0,4.839595,0.571734,0.27301,-0.494153,1,0
0,0,1,2.85765,2.766075,2.841766,0.697405,3,1
0,1,0,4.234891,5.882046,5.545911,-0.869411,3,1
1,0,0,0.228366,0.063098,0.251632,0.28064,0,0
0,1,0,0.052368,-0.595462,0.235067,-0.02579,0,0
1,0,0,2.055063,0.562507,0.740725,-0.216512,0,0
1,0,0,-0.043213,0.410534,0.59165,0.03635,0,0
0,1,0,2.77888,0.182123,2.379551,-0.324401,1,0
1,0,0,0.44903,-0.224851,-0.134676,-0.074618,0,0
0,0,1,-0.161539,-0.093123,0.166803,0.037557,0,0
1,0,0,-0.239726,0.265526,-0.658545,0.234198,0,0
1,0,0,1.892277,0.721296,1.659029,1.019843,0,0
1,0,0,1.415001,0.003173,4.816257,0.966257,1,0
0,0,1,0.285372,0.598324,1.970776,-0.028052,0,0
1,0,0,-0.164057,-0.311797,-0.119336,0.268663,0,0
0,1,0,5.198378,-0.094615,4.135193,-0.364542,2,1
1,0,0,1.555096,0.579395,1.685711,0.055076,0,0
0,1,0,0.269961,-0.295383,-0.264402,0.065162,0,0
1,0,0,0.363685,2.762426,1.848337,-3.725488,2,1
0,1,0,5.616049,-0.008048,3.17906,-0.444818,2,1
1,0,0,7.178576,2.253741,3.575317,-1.772318,3,1
0,0,1,4.950143,4.668071,2.993548,-1.203018,3,1
0,1,0,0.176495,0.240732,0.184019,-0.105125,0,0
0,0,1,0.186293,0.479696,1.183115,-0.147527,0,0
1,0,0,2.615132,0.47027,2.487923,0.510416,1,0
1,0,0,4.541879,4.932433,3.205742,1.673454,4,1
1,0,0,1.943309,1.150932,3.647729,0.378788,1,0
0,1,0,0.890633,0.576006,3.753723,0.292275,1,0
0,0,1,2.06769,1.887982,4.125663,1.416992,1,0
1,0,0,0.364728,0.653758,0.865591,0.491491,0,0
1,0,0,0.647381,0.247055,0.877749,0.279552,0,0
0,0,1,1.986572,0.192897,1.998334,-0.349126,0,0
0,1,0,-0.01397,0.531668,-0.643421,0.124067,0,0
0,1,0,-0.254081,0.327616,-0.161627,-0.276899,0,0
0,0,1,4.203012,0.763039,3.026348,3.088678,3,1
0,1,0,-0.263457,-0.29474,0.564497,-0.010662,0,0
1,0,0,3.616236,2.703753,1.493894,-2.327931,3,1
0,0,1,0.073162,0.156813,-0.019435,-0.064591,0,0
1,0,0,5.475134,5.183264,3.884938,-2.080066,4,1
0,1,0,0.276503,0.556192,-0.188448,-0.310932,0,0
0,0,1,-0.348373,-0.173324,-0.174118,0.161282,0,0
0,1,0,0.269711,-0.130889,0.708041,0.152242,0,0
0,1,0,0.144897,0.167212,0.543133,0.234977,0,0
0,1,0,-0.193574,0.18995,0.222733,0.077988,0,0
1,0,0,-0.098874,0.71563,-0.01406,0.028315,0,0
1,0,0,0.489835,0.671073,0.580017,0.08177,0,0
0,0,1,3.776994,3.069755,2.321898,2.468797,3,1
0,0,1,1.430151,0.941889,0.223938,-0.13147,0,0
1,0,0,2.465781,1.023771,0.99869,-0.072853,0,0
1,0,0,0.503722,0.111195,0.145796,0.233597,0,0
0,0,1,-0.453563,0.146436,-0.206356,-0.208214,0,0
0,0,1,0.992584,0.580979,2.904936,0.139631,1,0
0,0,1,1.781452,0.49585,4.36877,-0.621255,1,0
0,1,0,5.033004,2.808763,2.379761,1.941873,3,1
1,0,0,2.297242,4.124011,3.795182,3.364282,3,1
1,0,0,3.606745,5.685428,5.780782,-2.316852,4,1
0,0,1,0.700832,0.427215,1.058238,0.114301,0,0
0,0,1,-0.395636,-0.277739,0.382406,0.002166,0,0
0,0,1,1.810965,0.94176,0.862174,0.097097,0,0
0,1,0,0.731659,0.62941,2.085187,-0.159327,0,0
0,1,0,1.614345,2.951629,3.442869,1.432596,2,1
1,0,0,3.45298,1.749271,2.654107,0.312746,2,1
1,0,0,2.229784,1.775248,4.44496,-1.338997,1,0
0,1,0,1.201223,1.092926,6.378436,0.665529,1,0
0,1,0,-0.265318,0.127173,0.96036,0.17786,0,0
1,0,0,-0.045817,-0.564029,-0.012542,-0.410588,0,0
0,0,1,0.200763,0.236534,0.076872,0.021691,0,0
0,0,1,-0.16619,-1.019349,0.311339,0.052808,0,0
0,0,1,2.198967,3.318694,2.260751,0.6314,1,0
0,1,0,4.797705,4.933901,3.83105,-1.485302,3,1
0,1,0,0.526864,-0.377254,-0.56792,-0.071421,0,0
0,1,0,-0.400889,-0.303881,-0.037629,-0.275079,0,0
0,0,1,5.027172,3.555314,6.880368,-1.634544,4,1
0,0,1,1.842965,2.531715,0.736392,0.217321,1,0
1,0,0,0.753072,0.89907,1.880659,0.707794,0,0
1,0,0,2.131309,1.923298,5.570916,-0.561403,1,0
0,1,0,1.38714,1.953496,5.326488,0.346742,1,0
1,0,0,1.408846,0.204408,1.934805,0.355046,0,0
0,1,0,0.297292,0.830357,0.021625,-0.21849,0,0
1,0,0,1.17705,1.565215,1.481623,0.965714,0,0
0,1,0,2.014845,2.365053,4.899792,0.08399,1,0
0,0,1,-0.515739,1.242962,0.225862,-0.254831,0,0
1,0,0,4.269558,0.68322,3.343447,-0.087694,2,1
1,0,0,-0.551392,0.25054,0.579745,0.101701,0,0
1,0,0,0.951532,0.836736,3.763911,0.748578,1,0
0,1,0,0.134335,0.647659,2.677884,-0.259559,1,0
1,0,0,3.996018,0.73429,2.785163,-0.922368,2,1
1,0,0,0.179531,0.378309,0.784301,-0.012838,0,0
1,0,0,4.158115,0.594439,3.240701,-0.276768,2,1
0,1,0,0.634854,1.624136,2.193142,0.02729,0,0
0,1,0,0.362822,0.301116,-0.136135,-0.083279,0,0
1,0,0,3.352998,4.256122,2.537904,0.566215,3,1
0,1,0,0.575146,0.190438,0.787727,0.15237,0,0
1,0,0,1.366399,1.370041,4.550235,0.40784,1,0
0,0,1,4.37923,-0.059039,2.583554,-0.065687,2,1
0,1,0,2.555457,0.303528,0.927891,-0.45204,1,0
1,0,0,0.436912,0.46183,1.578278,-0.110925,0,0
0,1,0,0.913514,0.843721,-0.014448,-0.229451,0,0
0,1,0,7.012724,6.693111,4.757552,-2.344156,4,1
1,0,0,3.784821,0.073189,3.551633,-0.187963,2,1
0,1,0,5.480582,4.435673,5.523265,-1.845641,4,1
0,0,1,-0.217613,0.103706,-0.158593,-0.24811,0,0
0,0,1,0.477093,-0.177966,-0.049339,-0.155527,0,0
1,0,0,2.047883,0.625934,1.306324,-0.119749,0,0
1,0,0,2.289093,1.935023,4.705555,0.513308,1,0
1,0,0,2.09078,0.329257,3.81131,0.625717,1,0
0,0,1,1.15252,1.840361,4.029574,0.506227,1,0
0,0,1,2.430035,1.880983,4.539926,-0.210079,1,0
0,0,1,0.831678,0.971184,3.538301,-0.163128,1,0
0,1,0,0.914134,-0.113922,0.017087,0.218285,0,0
0,0,1,1.105064,-0.193066,0.586725,0.030602,0,0
0,1,0,0.284536,0.764728,3.062442,0.98249,1,0
1,0,0,0.77882,0.656317,0.246004,-0.085722,0,0
1,0,0,4.333465,0.840677,1.898923,-0.319395,1,0
1,0,0,-0.192215,0.330479,-0.814623,0.07052,0,0
0,0,1,1.269066,1.124154,2.110967,-0.543278,0,0
1,0,0,0.564141,-0.402375,-0.443264,-0.138899,0,0
0,1,0,2.162337,3.696328,3.463887,-0.421759,2,1
0,1,0,-1.271396,0.576033,-0.175987,-0.14166,0,0
0,0,1,5.688979,2.817162,5.606633,-2.125296,4,1
1,0,0,1.431726,0.544367,-0.217305,-0.00389,0,0
1,0,0,0.511227,0.328817,0.186444,-0.17657,0,0
0,0,1,0.905618,0.338613,0.489011,-0.197785,0,0
1,0,0,-0.559443,-0.529988,0.097458,0.186684,0,0
0,1,0,-0.034802,0.534474,0.225868,-0.078687,0,0
1,0,0,1.523395,1.243229,0.763515,-0.152839,0,0
0,0,1,4.193064,3.374522,2.94797,2.955244,4,1
0,0,1,0.075258,-0.338007,0.073169,-0.072479,0,0
1,0,0,3.956417,2.020481,4.355501,3.236931,3,1
1,0,0,0.597393,-0.167979,0.049766,-0.006137,0,0
1,0,0,6.468792,4.698664,7.715317,-0.627946,3,1
0,0,1,5.435698,5.017588,7.483745,-1.534244,4,1
0,1,0,3.267178,3.306062,2.137415,2.070733,3,1
1,0,0,1.012172,0.025381,0.629969,0.457601,0,0
0,1,0,1.852895,1.940238,2.406531,-1.937992,1,0
0,1,0,0.995955,0.275447,-0.202398,0.304839,0,0
0,1,0,2.514993,0.226884,1.547325,-0.233632,1,0
0,0,1,4.28141,0.697187,3.319315,-1.191728,2,1
0,0,1,1.69942,2.218592,3.394209,0.233268,1,0
1,0,0,4.972159,7.364153,6.269582,-0.736906,3,1
0,1,0,3.152944,4.012867,2.349113,3.49724,3,1
1,0,0,-0.787414,0.310842,0.890721,0.257553,0,0
0,0,1,4.243517,-0.027006,4.328878,-0.061309,2,1
1,0,0,2.18726,2.221865,4.093257,1.144063,1,0
0,1,0,0.99877,0.074212,2.507102,0.290627,1,0
1,0,0,2.580665,2.037413,7.646649,1.497445,2,1
0,0,1,0.20499,-0.466823,-0.00658,0.078828,0,0
0,0,1,-0.877911,0.614274,0.641504,0.409902,0,0
0,0,1,-0.372423,0.169109,-0.413786,-0.036839,0,0
0,1,0,2.71023,0.834026,3.534028,-0.25636,2,1
0,0,1,0.772538,2.594132,6.503644,-0.554637,2,1
1,0,0,0.782823,0.882483,2.031324,-0.053445,0,0
0,1,0,0.142857,0.022382,0.772874,0.072214,0,0
1,0,0,3.654366,2.602202,3.48915,1.305011,3,1
0,0,1,4.320574,3.774124,5.764153,-0.613263,3,1
0,0,1,2.822908,2.049473,1.397769,1.759797,2,1
1,0,0,1.877008,4.058028,1.702915,-3.185546,2,1
1,0,0,2.714241,0.481631,1.366693,-0.006832,1,0
1,0,0,0.523598,0.26555,0.332036,-0.418225,0,0
0,1,0,1.034041,0.17917,0.37364,-0.033908,0,0
1,0,0,4.054432,4.278869,1.556429,3.737127,3,1
0,0,1,-0.809266,-0.112933,0.500387,-0.190438,0,0
1,0,0,-0.278116,-0.328811,0.280685,-0.040101,0,0
0,0,1,-0.310972,0.746569,-0.603609,-0.065123,0,0
0,0,1,2.560862,3.559022,1.730975,-0.855939,2,1
0,0,1,-0.071619,0.323669,-0.193387,-0.141129,0,0
1,0,0,0.220727,0.571655,-0.839916,0.222841,0,0
0,1,0,2.881078,3.210827,1.668193,1.453214,2,1
1,0,0,2.429237,1.863223,3.420676,-0.320881,1,0
1,0,0,2.451483,4.296523,1.567028,-3.098909,2,1
1,0,0,6.033612,3.741577,2.557506,-1.577984,4,1
1,0,0,3.997521,1.900578,2.811938,0.782173,2,1
0,1,0,0.992005,3.120561,1.617276,-3.204025,2,1
0,1,0,-0.546223,-0.175697,1.065485,0.529784,0,0
1,0,0,4.186707,0.212691,3.726127,-0.276015,2,1
1,0,0,2.529897,4.585532,1.471381,-3.044318,3,1
1,0,0,2.669532,3.500726,3.148531,0.501995,3,1
0,0,1,5.530875,3.937241,3.549009,-0.276765,3,1
0,1,0,-0.787839,0.332828,0.188475,-0.141546,0,0
1,0,0,2.890989,4.940838,3.809158,-2.714353,4,1
0,0,1,0.633266,-0.031307,1.16315,-0.550794,0,0
1,0,0,3.637501,2.068351,1.335525,0.622291,1,0
1,0,0,0.383196,-0.163975,-0.319533,0.003037,0,0
0,1,0,5.355898,5.170452,4.709293,-1.249112,3,1
0,0,1,5.284405,5.105529,7.639055,-1.327661,3,1
0,1,0,2.490128,2.000834,3.815191,1.035057,1,0
0,1,0,3.689489,4.520462,2.1757,0.307287,2,1
0,0,1,0.136809,0.336605,0.002555,-0.139746,0,0
0,0,1,2.377014,0.339928,0.515252,0.660215,0,0
0,0,1,-0.025477,0.160346,1.048962,-0.195782,0,0
0,0,1,0.518143,0.990992,2.961775,-0.36545,1,0
0,1,0,0.408345,0.171467,0.495972,0.306796,0,0
1,0,0,3.028217,0.181322,1.958684,0.040125,1,0
0,0,1,2.097468,1.782376,2.210061,-4.142903,1,1
0,1,0,0.613272,0.201826,0.299598,-0.038857,0,0
0,1,0,0.488919,-0.019138,-0.015715,-0.232838,0,0
1,0,0,2.240072,2.882556,2.99409,-3.855103,3,1
1,0,0,4.584082,6.219557,7.512059,-1.179792,3,1
1,0,0,2.597445,2.539645,2.286135,3.105132,3,1
0,0,1,-1.293129,0.32679,0.376087,0.087474,0,0
1,0,0,0.817197,0.125033,1.024523,0.00125,0,0
1,0,0,-0.792308,-0.419818,-0.143581,-0.027965,0,0
0,0,1,0.057349,-0.103369,-0.246716,-0.168016,0,0
1,0,0,1.839569,2.1258,4.774275,0.523212,1,0
1,0,0,-0.388813,0.043518,0.151027,-0.046834,0,0
1,0,0,0.059991,0.728765,1.567387,0.648443,0,0
1,0,0,1.256561,-0.330451,-0.234393,-0.60992,0,0
0,1,0,0.273,-0.152508,0.524588,0.097279,0,0
1,0,0,0.3858,0.459129,0.817224,0.228007,0,0
0,1,0,6.691996,5.82177,4.853268,-1.589387,4,1
1,0,0,0.825938,-0.016687,0.279682,0.101089,0,0
0,1,0,0.234949,-0.068444,-0.179795,0.114589,0,0
1,0,0,4.291308,1.124013,3.774864,3.1377,3,1
0,0,1,0.267028,0.56457,0.063604,0.076374,0,0
1,0,0,0.929499,0.939651,1.722704,-0.068564,0,0
0,1,0,0.376855,0.476737,-0.206223,-0.188392,0,0
0,1,0,0.11681,-0.314628,-0.341937,-0.137506,0,0
0,0,1,2.377141,1.992265,3.553314,0.994233,1,0
1,0,0,0.05751,0.416425,0.249803,0.179773,0,0
1,0,0,0.396943,0.965395,-0.113992,-0.132257,0,0
0,0,1,-0.075689,0.023208,0.736864,-0.29982,0,0
1,0,0,4.251436,0.296869,3.96987,-0.026397,2,1
0,0,1,0.006691,-0.182974,0.09049,0.055909,0,0
1,0,0,0.065762,0.294993,0.713887,0.070186,0,0
0,0,1,1.053444,0.225581,2.438229,-0.210088,0,0
0,0,1,3.339926,2.031557,2.326992,0.311079,1,0
1,0,0,1.324989,0.063444,2.41149,-0.243182,0,0
0,0,1,1.271517,-0.120989,2.196715,0.550707,0,0
0,0,1,2.861148,1.734511,4.706696,-2.754517,3,1
1,0,0,0.145146,0.256042,0.396848,-0.234524,0,0
0,0,1,-0.241145,0.130517,-0.154893,-0.241907,0,0
0,0,1,-0.497841,0.078392,-0.383312,-0.069005,0,0
0,1,0,0.203825,-0.612119,0.594768,0.271788,0,0
1,0,0,2.006869,-0.231793,2.129543,-0.007792,0,0
1,0,0,0.496939,-0.719563,1.029581,-0.270232,0,0
1,0,0,0.873234,0.133814,2.332575,0.306095,0,0
0,1,0,0.497093,0.71494,0.188914,-0.345058,0,0
0,0,1,4.464522,4.598902,5.604656,-2.170142,4,1
0,0,1,3.718828,0.871977,4.411136,0.123722,2,1
1,0,0,-0.834289,-0.116681,0.170944,0.209818,0,0
0,1,0,0.144933,-0.072701,0.497507,-0.05305,0,0
1,0,0,0.954865,0.01835,-0.409041,-0.122991,0,0
0,1,0,0.69158,2.139935,2.166794,-2.250297,1,0
0,1,0,6.610494,4.307854,3.420627,-2.414473,4,1
0,1,0,0.103633,-0.472706,0.039629,0.049341,0,0
1,0,0,-0.263778,0.268395,0.431873,0.068235,0,0
0,1,0,1.603124,2.618447,3.296638,0.358488,2,1
1,0,0,-0.382117,0.436139,0.023054,0.102957,0,0
0,1,0,1.627271,0.704071,2.873914,0.476318,1,0
0,1,0,3.470303,5.203293,3.08215,-1.839262,4,1
0,0,1,-0.027935,-0.393044,0.274831,0.067292,0,0
0,1,0,0.838644,3.538862,1.672501,-3.380096,2,1
1,0,0,6.976196,0.448296,3.095303,-0.016058,2,1
0,0,1,0.089058,0.071853,0.123834,0.0035,0,0
1,0,0,4.702155,-0.05103,4.903899,-0.2315,2,1
0,0,1,0.074271,-0.146268,0.146342,0.316932,0,0
1,0,0,2.579519,2.387144,2.635717,0.721352,2,1
0,0,1,-1.423515,0.039712,0.15457,0.214995,0,0
0,1,0,0.225671,-0.127145,-0.117952,0.048001,0,0
1,0,0,4.330939,0.122404,4.727976,0.018763,2,1
0,0,1,-0.206427,-0.383746,0.110676,0.018802,0,0
0,0,1,1.903099,3.045494,3.653285,1.926784,3,1
0,1,0,-0.132798,0.718065,0.627697,-0.005681,0,0
1,0,0,2.020325,0.741076,1.288567,0.504105,0,0
1,0,0,1.566855,2.836886,2.997032,3.1343,3,1
1,0,0,0.074511,-0.114205,0.120538,0.104935,0,0
1,0,0,1.012699,0.641476,3.315644,0.162535,1,0
1,0,0,0.143739,0.104187,0.77392,0.328477,0,0
1,0,0,-0.97389,-0.116514,-0.235245,0.255428,0,0
0,0,1,0.852787,0.365649,0.44481,0.070525,0,0
0,0,1,0.297619,-0.621474,0.308444,0.076463,0,0
0,0,1,3.003706,3.400602,2.930736,3.278886,4,1
0,1,0,1.468955,1.758315,6.256425,0.440039,1,0
1,0,0,6.41598,7.316192,5.622688,-0.331375,3,1
1,0,0,2.290772,1.826846,6.834051,-0.047313,1,0
0,1,0,2.600293,1.644039,1.463083,0.280858,1,0
1,0,0,0.711646,0.077411,-0.486185,-0.012924,0,0
0,0,1,0.242184,-0.016105,-0.188954,-0.039766,0,0
0,1,0,4.753115,0.729691,3.726003,0.133282,2,1
0,0,1,-0.305526,-0.484766,0.362412,0.104492,0,0
0,0,1,0.030469,0.465872,0.760799,0.231842,0,0
0,1,0,1.731303,4.126182,1.468699,2.595524,2,1
1,0,0,-1.074933,0.84173,-0.151514,0.014358,0,0
0,0,1,2.664698,1.174428,2.153308,0.220875,1,0
0,1,0,4.542222,-0.237589,0.683027,-0.402993,1,0
1,0,0,3.852087,4.715777,3.8396,-0.298706,3,1
0,1,0,1.178631,1.3414,5.840011,0.2631,1,0
0,1,0,4.688278,1.477775,2.607377,3.62653,3,1
0,0,1,2.132793,2.686735,4.571071,-0.505469,2,1
0,0,1,3.309745,4.890199,2.20622,1.017583,2,1
0,0,1,0.953425,-0.202544,1.916405,-0.063349,0,0
1,0,0,0.220969,-0.414676,-0.072369,-0.097036,0,0
0,1,0,0.052555,-0.159406,-0.596582,0.12362,0,0
0,0,1,3.658801,1.142421,3.248462,-0.19994,2,1
0,0,1,-0.612324,-0.057738,-0.428508,-0.181989,0,0
1,0,0,-0.008875,0.304925,0.80797,0.215657,0,0
0,1,0,4.146749,0.406346,4.128224,-0.619746,2,1
1,0,0,-0.354379,-0.452261,0.926078,0.365999,0,0
1,0,0,-0.428452,0.264993,0.11155,-0.064106,0,0
0,0,1,1.721516,1.631245,3.682963,1.237082,1,0
0,0,1,4.507893,0.790305,1.281296,-0.430821,1,0
0,0,1,-0.46289,-0.543956,0.267118,-0.031642,0,0
0,0,1,1.446226,0.621427,2.325107,0.530902,0,0
0,0,1,2.76433,5.39243,4.885754,-1.171266,3,1
0,0,1,-0.474816,0.765695,0.015643,-0.080098,0,0
0,1,0,-0.238047,0.055191,-0.342556,0.159631,0,0
0,1,0,7.720922,6.066411,7.895221,-1.276781,3,1
0,1,0,0.30568,0.182486,0.59921,0.489176,0,0
0,0,1,0.061198,-0.394146,0.539805,-0.044809,0,0
0,0,1,0.754949,0.047752,2.151964,0.659779,0,0
0,1,0,6.695402,-0.343853,5.84537,0.171482,2,1
0,0,1,0.212163,-0.094789,0.7025,0.292494,0,0
0,1,0,0.225045,-0.101515,0.2557,-0.094743,0,0
1,0,0,3.224248,4.234993,4.734933,-1.431852,3,1
0,0,1,3.636971,1.979031,4.700044,1.06763,2,1
0,1,0,0.329994,-0.366638,0.026678,0.061012,0,0
0,1,0,1.184173,0.894222,0.913808,0.349709,0,0
1,0,0,4.729173,0.924139,4.172854,-0.76232,2,1
0,1,0,2.482144,3.791283,2.532378,0.879486,2,1
1,0,0,1.815015,2.564917,3.969634,1.362833,2,1
0,1,0,2.064268,3.958164,3.426722,1.354574,2,1
1,0,0,2.643185,1.641844,5.255787,0.768446,2,1
0,1,0,0.253417,0.146319,-0.080755,-0.274985,0,0
0,0,1,-0.215712,0.678977,0.82993,0.046675,0,0
0,0,1,2.024487,0.744517,1.456045,-0.093771,0,0
0,0,1,3.300168,2.236708,3.772537,0.859954,2,1
1,0,0,0.873095,3.816709,1.422698,-1.919264,2,1
1,0,0,3.05145,1.494187,3.690802,-0.179742,2,1
0,0,1,2.26201,2.795362,3.399794,3.016248,3,1
0,0,1,1.296262,0.445076,3.669961,0.306019,1,0
1,0,0,1.360794,0.798593,4.053354,0.211307,1,0
1,0,0,0.318706,-0.01208,0.158876,0.409817,0,0
0,1,0,0.242047,-0.456313,0.601919,0.074659,0,0
1,0,0,0.154826,0.26381,-0.133308,0.048633,0,0
1,0,0,2.23851,3.925886,2.690653,-2.247147,3,1
0,1,0,5.140429,3.707768,4.845115,4.522391,4,1
1,0,0,5.038743,7.833494,5.081023,-1.273701,3,1
0,0,1,6.150406,2.714797,4.040408,-0.696288,3,1
0,0,1,5.277067,3.616499,5.01554,-2.115271,4,1
0,1,0,0.120379,-0.23807,0.394588,-0.247408,0,0
0,1,0,3.427337,2.842492,3.378754,0.461697,3,1
1,0,0,0.719364,-0.18484,0.710879,0.141847,0,0
0,0,1,5.361778,5.243766,2.108103,-0.993646,2,1
0,1,0,0.327179,0.587953,0.753436,-0.066693,0,0
0,0,1,0.785561,0.133054,0.359708,0.385988,0,0
0,0,1,0.339347,0.430749,-0.050123,0.3714,0,0
0,1,0,0.403833,0.0343,-0.126411,0.1919,0,0
0,1,0,3.164384,0.725045,3.602129,-0.502242,2,1
1,0,0,2.739525,0.441273,0.540734,0.559668,1,0
0,1,0,4.612628,0.108006,3.502182,-0.677611,2,1
0,0,1,2.227272,2.761882,1.142306,-3.072623,2,1
0,0,1,0.497748,3.681371,1.856486,-2.912719,2,1
1,0,0,0.469232,-0.441048,-0.221836,0.160611,0,0
0,1,0,1.022665,0.881016,2.251435,1.098384,0,0
1,0,0,0.087799,0.287331,-0.160583,-0.134578,0,0
1,0,0,1.032924,-0.15619,0.416884,0.04533,0,0
0,0,1,1.737193,2.750242,2.987268,1.437505,2,1
0,1,0,3.907537,2.982305,2.853986,0.074195,3,1
1,0,0,2.801726,0.708375,1.832082,0.215519,1,0
0,1,0,3.052259,0.784066,2.623251,3.496536,3,1
1,0,0,0.219903,0.101271,0.691559,-0.021679,0,0
0,1,0,6.000527,0.709739,2.895398,0.115851,2,1
1,0,0,0.538147,4.364791,2.903062,-3.158889,3,1
0,1,0,1.704613,0.137759,1.311209,0.342141,0,0
0,0,1,0.088136,-0.470059,0.435273,-0.267264,0,0
1,0,0,0.425841,0.353671,0.50561,-0.157098,0,0
0,0,1,2.858627,3.903764,3.863546,-3.16942,4,1
0,1,0,0.074688,-0.301046,-0.376556,0.077893,0,0
0,0,1,6.20977,0.199345,0.72665,-0.116305,1,0
0,1,0,1.656225,1.594789,6.190949,0.694389,1,0
0,1,0,1.746462,3.165297,2.852771,1.107804,2,1
0,0,1,-0.118307,0.080127,-0.13287,0.067047,0,0
1,0,0,0.474448,0.178006,-0.750793,0.127587,0,0
0,0,1,4.215475,3.142916,3.589022,-1.617534,4,1
0,1,0,0.364759,0.748405,0.15301,-0.256085,0,0
0,0,1,5.558266,5.664124,5.443377,-1.591936,4,1
0,0,1,0.271138,-0.465858,0.190906,0.094133,0,0
1,0,0,2.141218,1.805564,7.062986,0.900019,1,0
1,0,0,3.7232,2.263097,2.843189,3.85141,3,1
0,1,0,1.978564,0.953336,1.151024,0.243283,0,0
1,0,0,0.317358,-0.234208,0.126495,-0.247134,0,0
0,0,1,1.993565,3.187336,6.471086,0.348062,2,1
0,1,0,4.294586,5.603423,4.319506,-3.19717,4,1
0,0,1,0.564717,-0.120678,0.325671,-0.290419,0,0
1,0,0,1.020148,0.835459,1.916022,0.245035,0,0
1,0,0,0.771367,-0.005539,0.241343,0.055638,0,0
0,1,0,0.731519,1.324446,5.361262,1.160522,1,0
0,0,1,1.609211,1.588216,1.213884,0.438761,0,0
1,0,0,2.818136,0.932076,7.249133,1.396866,2,1
1,0,0,-0.294685,0.359058,0.114425,0.187348,0,0
1,0,0,2.273184,0.578159,1.914457,-0.410076,0,0
0,0,1,2.072327,0.186744,2.239693,0.018895,0,0
0,0,1,-0.623387,-0.002667,-0.01996,-0.134325,0,0
1,0,0,2.117192,2.488494,3.34622,0.05284,1,0
0,1,0,0.446612,-0.361948,0.151839,0.272982,0,0
0,0,1,3.892265,0.1252,4.409615,0.347001,2,1
1,0,0,0.571248,4.627385,1.196894,-2.37092,2,1
0,1,0,5.088809,4.897791,5.132061,-1.063704,3,1
0,0,1,3.696814,1.640696,3.516246,-1.101439,2,1
0,1,0,0.52501,-0.71376,0.096948,0.069635,0,0
0,1,0,1.493942,1.192766,2.957304,-0.130951,1,0
0,0,1,1.354903,0.475602,0.713937,0.222298,0,0
0,1,0,-0.228973,-0.330071,-0.356953,-0.246169,0,0
1,0,0,0.245857,-0.022672,-0.278319,-0.158897,0,0
0,1,0,0.668055,-0.006439,0.213456,0.284938,0,0
1,0,0,-0.686502,0.306805,0.827657,-0.037334,0,0
0,0,1,6.138244,6.219281,5.844494,-0.922145,3,1
1,0,0,2.219267,0.772376,2.287068,0.218246,0,0
1,0,0,1.93567,0.764814,0.630687,-0.457179,0,0
0,1,0,3.05136,-0.116566,1.286426,0.043151,1,0
0,1,0,5.261928,2.291659,2.510013,3.298111,3,1
0,1,0,2.953624,3.12829,2.410382,-2.669929,3,1
0,0,1,1.022496,2.176508,0.711146,-1.674105,1,0
0,0,1,-0.06503,-0.140942,-0.307448,-0.014196,0,0
0,1,0,4.626799,2.39942,4.459183,2.179431,3,1
0,0,1,5.322075,8.324278,6.722641,-2.330439,4,1
0,1,0,-0.237895,0.129365,0.100246,0.034968,0,0
1,0,0,5.523289,5.375142,4.526941,-0.136629,3,1
0,1,0,-1.078832,0.076645,-0.403189,0.263167,0,0
0,1,0,1.638473,1.013914,4.007447,0.612526,1,0
0,1,0,2.713867,3.287058,3.366184,1.078218,3,1
1,0,0,6.185371,4.96001,4.391291,-0.623722,3,1
0,1,0,-0.097642,-0.526789,-0.16135,0.174055,0,0
0,1,0,0.127189,-0.592258,-0.446036,-0.321031,0,0
0,1,0,-0.235062,0.389682,-0.220499,0.029924,0,0
0,1,0,1.171431,3.043793,0.96651,-2.999974,2,1
0,1,0,6.733884,3.559282,6.975302,-0.319522,3,1
1,0,0,1.273699,1.794364,4.677626,0.855691,1,0
0,0,1,5.660666,3.317991,6.74047,-1.23104,3,1
0,0,1,4.579116,6.886268,4.734022,-1.490007,3,1
1,0,0,0.80058,0.673581,0.773364,-0.307908,0,0
1,0,0,-0.465181,-0.677711,0.612266,-0.303012,0,0
0,1,0,0.438646,0.115616,0.598815,0.227635,0,0
0,0,1,-0.004344,0.403872,0.355852,0.020707,0,0
1,0,0,0.133603,0.545956,-0.165734,0.066595,0,0
0,1,0,0.65404,0.454899,1.129664,0.601964,0,0
0,0,1,-0.330962,-0.273066,0.109219,-0.516757,0,0
0,0,1,-0.166776,-0.249487,1.020083,-0.037341,0,0
1,0,0,5.083749,5.123694,6.056465,-1.08225,3,1
1,0,0,0.108174,0.448862,0.666055,-0.272677,0,0
1,0,0,5.244992,4.666183,6.06684,-0.707805,3,1
1,0,0,2.267137,1.902999,6.652983,0.354168,1,0
0,0,1,5.565295,5.514957,4.565262,-2.881211,4,1
1,0,0,0.913068,1.160067,2.86994,0.399241,1,0
1,0,0,1.639625,2.668671,4.515022,1.202295,2,1
0,1,0,0.71285,0.160293,-0.888893,0.250188,0,0
0,0,1,2.333669,2.640373,3.683812,1.772304,3,1
0,1,0,6.347773,4.122656,2.289061,-1.62078,3,1
0,0,1,0.381624,0.891299,2.081528,0.022066,0,0
0,0,1,8.042867,6.731953,6.34844,-2.006942,4,1
1,0,0,0.723308,5.712525,3.595056,-3.169436,3,1
0,1,0,0.203629,1.115021,-0.40092,-0.015076,0,0
0,0,1,-0.401104,0.76978,3.132532,0.132969,1,0
0,1,0,2.65318,2.741186,3.73242,0.743484,3,1
0,1,0,-0.163141,-0.16061,1.103819,0.013911,0,0
0,1,0,0.251915,0.581741,2.848564,0.34274,1,0
1,0,0,-0.697686,-0.074922,0.141703,-0.301264,0,0
0,1,0,-0.13393,-0.28441,-0.058472,0.014004,0,0
0,0,1,2.864015,0.012705,1.455121,-0.097439,1,0
0,1,0,0.879,0.671005,-0.025981,0.015353,0,0
0,0,1,0.792517,0.035136,-0.076355,-0.118971,0,0
0,0,1,0.194643,-0.741008,-0.098582,0.084543,0,0
0,1,0,3.728881,3.371956,3.97636,-1.128312,3,1
0,1,0,4.644605,0.791496,2.915817,-0.514273,2,1
1,0,0,1.394539,0.37278,1.681902,-0.370367,0,0
0,0,1,1.982201,0.286784,-0.058254,0.057893,0,0
0,0,1,0.289434,-0.31325,-0.074653,-0.110688,0,0
1,0,0,1.319364,2.601007,4.728477,-2.270463,3,1
0,1,0,-0.360765,0.520724,0.460107,-0.005912,0,0
0,0,1,2.372118,0.580864,2.291344,0.133844,0,0
1,0,0,0.701451,4.180225,1.498075,-1.344755,1,1
0,1,0,1.095004,0.202502,-0.149339,-0.48146,0,0
0,0,1,0.659151,0.42135,-0.489373,0.250094,0,0
0,0,1,1.366021,1.449899,3.425585,1.748113,2,1
0,1,0,0.833363,0.082972,-0.217867,0.033975,0,0
1,0,0,-0.127114,-0.539651,-0.064843,0.019218,0,0
0,0,1,5.382535,-0.252432,3.02562,0.071283,2,1
0,0,1,3.415092,0.42445,2.217036,-0.340105,1,0
0,0,1,1.332979,0.626931,1.880267,0.486585,0,0
1,0,0,0.266871,-0.330834,0.145441,-0.268855,0,0
0,0,1,1.684321,0.668052,0.153753,0.358212,0,0
0,0,1,0.810311,1.202317,3.265098,0.389543,1,0
1,0,0,1.385917,-0.320762,1.24472,-0.340149,0,0
1,0,0,-0.434228,-0.135193,0.70385,-0.350312,0,0
0,0,1,2.147424,1.261387,6.783936,0.40243,1,0
0,1,0,1.293608,0.447508,0.273795,0.255504,0,0
1,0,0,-0.038741,-0.083339,0.415312,-0.164065,0,0
0,1,0,0.174815,0.429948,0.401715,0.155606,0,0
0,1,0,-0.200941,0.856319,1.79254,0.82473,0,0
0,0,1,4.200728,6.608212,6.745907,-3.616706,4,1
0,1,0,1.615378,-0.317968,0.626493,0.191779,0,0
0,0,1,3.156506,3.574607,3.640154,1.620238,4,1
0,0,1,0.874459,0.530203,2.682431,0.460028,1,0
0,1,0,3.681579,3.10619,2.507143,1.272484,3,1
0,1,0,1.231101,4.407738,-0.240545,-2.308606,2,1
0,0,1,0.968256,3.899843,0.622677,-4.502303,2,1
0,0,1,2.407132,1.837642,3.119843,-0.967249,1,0
0,0,1,4.039453,4.433963,5.673466,-2.477137,4,1
0,0,1,-0.874369,0.32944,0.751436,0.134117,0,0
0,1,0,0.164926,0.454371,-0.137988,-0.176297,0,0
0,1,0,-1.059006,0.057479,-0.121884,-0.244248,0,0
0,1,0,-0.04596,0.433896,-0.464873,-0.05474,0,0
1,0,0,2.350028,0.718948,1.59306,-0.247669,0,0
0,0,1,-0.633638,0.314218,-0.034569,-0.302723,0,0
0,0,1,2.493129,4.814331,2.706625,-1.95416,3,1
0,1,0,3.982785,2.335455,2.077749,0.214576,1,0
0,1,0,0.028995,0.243573,-0.369545,0.08867,0,0
1,0,0,0.424503,0.275415,0.758648,-0.456059,0,0
0,1,0,0.332571,1.02476,1.611333,0.235377,0,0
1,0,0,0.056322,-0.525709,0.29924,-0.052058,0,0
0,1,0,0.624119,0.729328,-0.003359,1.017406,0,0
0,1,0,3.498744,2.800172,5.325033,-0.861317,3,1
1,0,0,1.460109,0.586914,1.634788,0.399991,0,0
1,0,0,0.665708,0.228865,-0.083521,0.446736,0,0
1,0,0,-0.064908,0.538549,-0.022205,0.091564,0,0
0,0,1,-0.63488,-0.442716,-0.310155,-0.08018,0,0
0,0,1,0.148039,-0.208096,0.080447,0.323422,0,0
1,0,0,-0.334649,0.085149,-0.501483,0.116617,0,0
0,0,1,2.565453,2.632478,3.302663,0.455555,3,1
0,0,1,-0.697393,-0.105198,0.468392,-0.011041,0,0
0,1,0,0.128136,0.064054,-0.240904,-0.075675,0,0
0,0,1,-0.571244,0.481649,-0.189591,0.035181,0,0
0,1,0,-0.456672,0.470704,-0.122478,0.427728,0,0
0,0,1,2.918558,3.298406,3.814773,1.106676,3,1
1,0,0,2.022971,0.500964,4.726777,0.22967,1,0
0,1,0,0.835668,0.530175,0.413752,0.095753,0,0
0,1,0,-0.003668,0.544586,-0.0301,-0.565861,0,0
0,1,0,5.840729,5.079604,5.204008,-1.491019,3,1
0,0,1,0.268664,0.05891,0.376107,-0.122642,0,0
0,0,1,2.083557,1.147976,2.041142,0.411387,0,0
0,0,1,0.04542,0.408969,0.020529,-0.206309,0,0
1,0,0,2.568115,2.300573,2.649909,1.064761,2,1
0,0,1,1.594746,1.458587,7.266449,0.814974,1,0
0,1,0,5.326179,6.543343,2.404226,-2.201616,3,1
0,1,0,1.480125,4.487361,3.465119,3.460427,3,1
0,1,0,0.674418,-0.379101,0.173084,-0.181714,0,0
0,0,1,-0.15393,-0.114927,-0.37221,0.262005,0,0
1,0,0,4.267179,2.45826,4.333074,-2.703006,3,1
0,0,1,-0.358221,0.851188,0.447451,-0.163151,0,0
0,1,0,2.34765,3.326162,3.570065,-0.270081,2,1
1,0,0,2.651105,0.615874,1.981173,-0.599344,1,0
1,0,0,3.050689,2.524387,2.377743,2.364787,3,1
1,0,0,1.193704,0.856736,2.677578,0.926994,1,0
0,1,0,1.09048,-0.190083,0.563977,0.047191,0,0
0,0,1,-0.088043,-0.168125,-0.054186,-0.100484,0,0
0,1,0,3.224934,4.894292,3.173277,0.657928,3,1
1,0,0,2.094772,1.100246,4.502551,-0.316932,1,0
1,0,0,-0.026469,0.476747,0.232084,-0.042991,0,0
1,0,0,0.175001,0.589178,0.014478,0.028978,0,0
0,0,1,0.127202,0.21179,0.410465,0.645614,0,0
1,0,0,-0.431934,0.212571,-0.149121,-0.483285,0,0
0,0,1,0.243437,-0.161081,-0.370042,0.306007,0,0
0,0,1,3.467829,1.991595,4.041861,0.116916,2,1
0,0,1,2.974079,0.879411,1.117115,-0.191177,1,0
1,0,0,4.782838,5.6601,2.295079,-1.981049,3,1
0,0,1,1.823872,0.40539,1.386095,0.411809,0,0
0,1,0,-0.297204,0.143235,0.004471,0.174691,0,0
0,1,0,0.734757,-0.462166,-1.09577,0.253684,0,0
1,0,0,3.471218,1.334366,0.634128,-1.777139,2,1
0,1,0,0.961393,0.399034,0.415756,-0.251729,0,0
0,1,0,6.763622,3.836954,3.445455,-0.940049,3,1
0,1,0,0.594388,0.269663,0.851469,-0.164398,0,0
0,1,0,1.141858,0.627265,2.208887,0.178973,0,0
0,0,1,5.444974,7.209841,6.957628,-1.49783,3,1
1,0,0,1.915559,2.445199,3.372828,1.053397,1,0
1,0,0,0.351719,0.272904,-0.217462,-0.025905,0,0
0,0,1,6.162302,3.448638,4.179433,0.150872,3,1
0,0,1,3.570543,5.050532,6.825549,-1.824984,4,1
0,0,1,2.031732,3.345174,1.714129,-0.140949,1,0
1,0,0,-0.114605,0.227405,0.561558,-0.156893,0,0
1,0,0,3.947178,3.860719,4.175671,-1.703255,4,1
0,0,1,-0.068415,0.238074,-0.262635,-0.017624,0,0
0,1,0,1.313304,0.632328,1.241779,-0.029667,0,0
1,0,0,-0.586942,0.859238,3.316585,-0.125907,1,0
0,0,1,5.24406,-0.085669,3.264164,-0.40113,2,1
1,0,0,2.839028,1.866513,2.746538,1.297733,2,1
0,0,1,-0.32873,0.364117,2.256387,0.694058,0,0
0,0,1,0.092706,-0.112197,-0.717947,0.095712,0,0
0,1,0,2.507521,0.567958,0.535758,0.710656,1,0
0,0,1,-0.086514,-0.245484,-0.27366,0.02133,0,0
1,0,0,0.344131,0.958841,-0.130743,-0.086986,0,0
0,1,0,-0.565435,0.47291,-0.635342,0.312949,0,0
0,0,1,1.051833,1.219397,2.099564,-0.346108,0,0
0,1,0,0.214353,-0.01183,0.171757,-0.144194,0,0
0,1,0,2.942821,1.866458,1.513329,0.604134,1,0
0,1,0,1.122498,-0.266146,0.691867,0.045321,0,0
1,0,0,0.187853,0.242001,-0.304144,-0.133968,0,0
1,0,0,2.840091,2.135139,3.238237,3.424483,3,1
1,0,0,6.442498,5.768092,5.640561,-1.586264,4,1
1,0,0,0.927798,1.121558,2.877112,0.142019,1,0
0,1,0,0.723913,0.000109,0.67036,-0.252551,0,0
0,1,0,5.243694,4.59868,5.004724,-1.692563,4,1
1,0,0,4.786002,9.337478,5.21542,-0.956196,3,1
0,1,0,0.452295,1.175339,0.617673,-0.216996,0,0
0,1,0,3.419221,3.395188,1.726269,3.824722,3,1
1,0,0,2.855862,0.712498,2.558921,0.009372,2,1
0,0,1,1.054662,0.61272,4.633571,1.235544,1,0
0,1,0,2.108434,1.163366,1.928455,-0.005417,0,0
0,0,1,2.778441,0.239064,1.32945,-0.034551,1,0
0,1,0,6.874917,4.54183,5.30465,0.375558,3,1
1,0,0,5.016849,-0.154307,3.099067,-0.137852,2,1
1,0,0,-0.162087,0.070098,0.417918,-0.005975,0,0
0,0,1,1.251356,1.366293,1.625689,0.068608,0,0
0,0,1,1.682149,0.894903,3.1914,-0.012824,1,0
0,0,1,5.509802,4.665979,5.476152,-1.558348,4,1
1,0,0,3.672298,-0.506325,3.175582,-0.354621,2,1
1,0,0,0.475741,0.00488,0.470499,-0.242806,0,0
0,0,1,2.426681,0.447472,1.704463,-0.098237,0,0
1,0,0,2.364595,0.497265,0.853038,-0.038669,0,0
1,0,0,3.67104,1.690813,2.29005,0.808037,1,0
0,1,0,1.434141,0.987535,1.288545,-0.464084,0,0
1,0,0,4.443409,-0.025943,3.606078,0.001898,2,1
0,1,0,-0.509663,-0.477393,-0.13807,0.172927,0,0
0,1,0,4.478316,3.764463,3.032545,2.903627,4,1
1,0,0,0.232595,-0.168866,-0.081622,-0.273926,0,0
0,1,0,4.793079,3.982269,4.029197,-0.866254,3,1
0,0,1,1.528785,2.254533,2.067259,0.898134,0,0
1,0,0,0.14121,0.079417,0.468461,0.242104,0,0
0,0,1,0.920178,0.099306,1.077398,0.138603,0,0
0,0,1,0.393157,3.4369,0.917936,-2.572868,2,1
0,0,1,-0.475962,0.196404,0.023779,0.192829,0,0
0,0,1,1.237211,0.085916,1.282177,-0.353244,0,0
0,0,1,6.347386,3.784829,3.604169,0.693613,3,1
0,0,1,0.587547,-0.382866,0.407117,-0.084891,0,0
0,0,1,4.779709,4.317809,4.132334,-2.023902,4,1
0,0,1,-0.154148,0.446205,-0.128988,0.025783,0,0
0,1,0,0.719659,-0.049962,0.587681,-0.268442,0,0
1,0,0,3.067372,1.346263,2.837223,-3.5065,3,1
0,0,1,2.754283,4.632102,5.518456,-2.198217,4,1
0,1,0,0.578288,0.244485,1.338885,0.061838,0,0
1,0,0,0.780936,1.020631,1.726251,0.069379,0,0
0,1,0,3.836744,-0.158531,0.213928,-0.852234,1,0
0,0,1,0.492694,-0.032986,0.017165,-0.216425,0,0
0,1,0,4.582848,2.499827,1.815287,3.32262,2,1
0,1,0,0.412388,-0.437843,-0.181899,0.062823,0,0
0,0,1,2.971619,0.582653,2.372974,-0.327478,1,0
0,0,1,-0.347643,-0.409935,-0.059362,0.200373,0,0
0,0,1,0.013249,0.249107,-0.518714,-0.057885,0,0
1,0,0,-0.35287,-0.784144,-0.305028,-0.167931,0,0
1,0,0,1.992497,0.505343,6.833778,-0.500158,1,0
0,1,0,1.143979,0.915466,5.461355,0.53335,1,0
1,0,0,5.840125,5.91494,4.87907,-1.076579,3,1
1,0,0,3.587453,3.798665,4.590918,3.507775,4,1
0,0,1,0.091311,0.505146,0.11533,0.069392,0,0
0,0,1,-0.485005,-0.1598,0.170103,0.147063,0,0
0,0,1,3.825545,4.579227,4.497046,-1.518591,4,1
0,1,0,-0.330686,0.374133,0.195172,0.344303,0,0
0,1,0,0.767253,0.458504,2.467566,-0.155285,0,0
0,0,1,5.516881,4.887239,5.957852,-0.812593,3,1
0,1,0,4.532156,0.08227,3.451727,-0.348145,2,1
1,0,0,0.35892,-0.389973,0.312,0.206076,0,0
0,0,1,0.211174,0.808778,0.199143,0.248376,0,0
0,0,1,0.851844,1.646518,6.340442,0.355486,1,0
1,0,0,0.735162,0.124058,1.948001,0.231078,0,0
0,1,0,5.266386,4.42154,6.78644,-0.965093,3,1
1,0,0,1.08889,1.180792,6.232812,0.599453,1,0
1,0,0,2.415315,0.549177,1.431078,0.299334,0,0
0,0,1,0.976257,1.797863,1.763099,-3.325548,1,1
1,0,0,3.354915,0.512004,3.870062,0.650592,2,1
1,0,0,-0.75635,-0.241448,0.454241,0.005186,0,0
1,0,0,-0.504782,0.179486,-0.584067,0.047853,0,0
0,0,1,5.492728,4.542633,4.157807,-0.940023,3,1
0,0,1,0.435416,0.425761,0.014566,-0.002975,0,0
0,1,0,4.004495,0.251899,0.451732,-0.178885,1,0
0,0,1,1.831271,-0.538106,6.292791,0.389981,1,0
0,0,1,4.44789,3.630873,6.516096,-0.561885,3,1
0,1,0,0.40276,-0.205867,1.479284,0.353517,0,0
1,0,0,0.756746,0.786529,6.793257,0.472639,1,0
1,0,0,0.310065,-0.212413,0.075858,0.181378,0,0
0,0,1,-0.364843,0.048944,0.179808,-0.187972,0,0
0,0,1,0.031898,-0.28252,0.526965,-0.026946,0,0
0,1,0,3.845542,1.204383,2.25411,1.058179,1,0
0,1,0,0.708829,0.076399,0.124438,0.006913,0,0
0,0,1,3.693318,-0.05502,2.300434,-0.182439,1,0
1,0,0,1.351264,0.292168,1.800827,0.218557,0,0
0,0,1,5.36071,0.498065,1.660216,-0.746189,1,0
1,0,0,3.471137,0.415459,3.163949,0.507737,2,1
0,0,1,3.619843,-0.024567,3.874225,0.196083,2,1
0,0,1,3.378314,2.816267,3.228795,1.127338,3,1
1,0,0,1.534635,3.017826,2.302852,0.481459,1,0
0,0,1,0.642181,0.506709,1.007921,-0.252694,0,0
0,1,0,2.318773,0.834355,1.312693,0.298308,0,0
1,0,0,3.23172,2.700384,2.126719,3.245772,3,1
1,0,0,1.754891,0.819881,0.923607,0.74064,0,0
1,0,0,0.787424,0.127378,0.55822,0.004488,0,0
0,0,1,-0.20997,0.50914,-0.198775,-0.033083,0,0
0,0,1,0.450423,0.523904,0.741552,-0.131357,0,0
0,1,0,-0.229854,0.255441,0.179267,0.164968,0,0
1,0,0,0.113961,-0.373908,0.75943,0.145246,0,0
0,0,1,5.906099,2.90079,7.038436,-1.803203,4,1
0,1,0,0.108426,1.15105,1.373074,0.671363,0,0
0,1,0,1.727329,1.549278,7.694347,-0.847622,1,0
1,0,0,2.040233,0.775088,2.227378,-0.274299,0,0
0,1,0,4.3772,0.176618,4.106869,-0.122642,2,1
0,0,1,3.155367,3.46615,4.093625,-0.220699,3,1
0,0,1,0.424505,-0.22213,0.241685,-0.025807,0,0
1,0,0,0.63365,-0.360947,0.121338,-0.117302,0,0
1,0,0,2.65765,1.453978,5.957566,-0.170605,2,1
0,0,1,1.22154,0.063335,0.420353,-0.090024,0,0
0,0,1,0.264697,0.080865,0.813709,0.238767,0,0
0,0,1,3.129627,3.708625,2.765513,3.597364,4,1
0,1,0,3.246807,1.40795,3.355285,4.295063,3,1
1,0,0,2.084557,1.55402,6.388658,-0.230706,1,0
0,0,1,4.005412,3.820228,2.911258,-1.282815,3,1
0,1,0,-0.118406,-0.060014,0.429135,-0.128626,0,0
1,0,0,-0.355335,0.787312,1.335824,0.436371,0,0
0,1,0,2.229526,1.841156,5.048238,0.958357,1,0
0,1,0,0.793691,0.195059,0.209186,0.077062,0,0
0,1,0,4.053315,1.582263,4.544853,1.651724,3,1
0,0,1,0.765784,0.680986,0.833507,-0.279597,0,0
0,1,0,1.261672,2.771184,2.057441,-3.205759,2,1
1,0,0,-0.511568,-0.129448,0.117957,0.345994,0,0
0,0,1,0.549182,-0.105471,0.254741,0.148664,0,0
1,0,0,4.451252,8.146263,3.744099,-1.131422,3,1
1,0,0,-0.267476,-0.525883,0.169522,-0.457911,0,0
0,0,1,3.712071,2.81873,2.602707,-1.13353,3,1
0,0,1,0.147062,-0.208971,0.073891,0.043285,0,0
0,0,1,1.070286,4.46999,3.79694,0.19179,2,1
0,0,1,1.557151,1.324802,1.561828,0.537521,0,0
0,0,1,0.5935,0.529714,2.723758,0.702066,1,0
0,1,0,3.058277,-0.009601,3.539153,-0.315816,2,1
1,0,0,0.421202,0.406442,0.872396,-0.066288,0,0
0,0,1,3.59848,0.232293,2.832819,-0.519523,2,1
0,0,1,0.292629,0.140067,0.903429,0.225715,0,0
1,0,0,0.991447,0.631775,0.770006,0.31917,0,0
0,1,0,5.178081,1.255308,1.581869,-0.321514,1,0
0,1,0,0.03522,0.654842,0.598139,-0.255401,0,0
1,0,0,4.994729,0.225271,3.41934,-0.089668,2,1
0,0,1,1.834912,0.267926,4.398027,0.149625,1,0
1,0,0,5.375215,2.892242,3.047615,-2.573059,4,1
0,0,1,-0.119955,-0.539283,-0.016369,0.024639,0,0
0,1,0,2.069912,2.472138,3.810421,3.190268,2,1
1,0,0,2.989318,6.272385,3.320527,-1.187738,3,1
0,0,1,2.218796,2.486228,1.638762,3.876243,1,1
0,0,1,1.480765,-0.045785,1.738478,-0.187946,0,0
0,1,0,0.761442,0.450549,0.387031,0.134711,0,0
0,0,1,0.823054,0.32326,0.095047,0.118895,0,0
0,1,0,2.939026,0.801474,7.348632,-0.126388,2,1
1,0,0,0.10212,0.628166,-0.096739,0.083736,0,0
0,1,0,1.795481,2.453297,5.020166,0.395539,1,0
0,1,0,0.293826,0.396379,0.132683,-0.069561,0,0
1,0,0,-0.392532,0.540369,-0.192085,0.012371,0,0
0,0,1,7.295453,6.760808,6.993977,-0.840063,3,1
1,0,0,0.13821,0.392741,0.599524,0.025204,0,0
1,0,0,0.411343,-0.731617,0.148924,-0.099441,0,0
0,0,1,2.832392,0.954227,7.666013,1.223069,2,1
0,1,0,3.289498,4.107245,3.643042,3.947099,4,1
0,1,0,2.099204,3.429503,0.723169,-3.74397,2,1
0,1,0,0.815762,0.793892,2.131509,1.053974,0,0
1,0,0,3.894991,4.329309,2.677652,-0.119332,3,1
0,0,1,2.880153,0.571065,2.220943,0.061678,1,0
1,0,0,1.747613,2.972073,2.469623,-3.475827,2,1
0,0,1,-0.333829,0.325531,0.143772,0.040601,0,0
0,0,1,-0.629233,0.526101,0.376989,-0.315237,0,0
1,0,0,2.362437,1.980704,2.615765,0.30389,1,0
0,1,0,-0.674353,-0.366323,-0.421723,0.133229,0,0
0,1,0,-0.646516,0.196531,0.236639,0.026983,0,0
0,1,0,2.382041,0.754231,4.481795,0.676247,1,0
0,0,1,1.431743,0.607743,0.392215,0.540977,0,0
1,0,0,1.875794,0.785825,2.245752,-0.91615,0,0
0,1,0,0.575313,0.400352,-0.43936,-0.202646,0,0
1,0,0,-0.763954,-0.269463,-0.006182,0.045205,0,0
0,1,0,0.492402,0.86019,1.380149,0.282513,0,0
0,0,1,3.123527,2.328932,3.210074,0.735394,2,1
0,0,1,6.287235,4.276489,2.671565,-0.745852,3,1
1,0,0,2.979035,0.597678,1.353509,-0.311694,1,0
1,0,0,0.400911,-0.190136,0.278263,0.080705,0,0
0,1,0,-0.521281,0.098186,0.107791,0.005159,0,0
1,0,0,0.354143,1.189869,2.263274,-0.773029,0,0
1,0,0,0.678062,0.196151,0.087323,-0.052371,0,0
1,0,0,6.29448,3.050342,4.709949,-1.442958,3,1
1,0,0,0.559741,0.488862,-0.048327,0.222667,0,0
0,1,0,-0.608069,-0.106019,0.611425,-0.215144,0,0
1,0,0,2.543282,2.788031,2.6267,1.368845,3,1
1,0,0,4.352045,2.219182,4.10268,-2.448669,3,1
0,1,0,-0.111508,-0.299117,0.263708,0.275117,0,0
1,0,0,2.864562,1.587904,2.820292,1.410773,2,1
0,1,0,0.759363,0.120819,0.6354,0.476579,0,0
1,0,0,-0.336754,-0.128467,0.323955,0.279136,0,0
0,0,1,5.385901,5.395977,2.038583,-0.139374,2,1
1,0,0,2.600123,2.707657,1.044569,-1.950153,3,1
0,0,1,2.622852,0.575349,4.203373,-0.547272,2,1
0,1,0,0.400529,0.232198,-0.246354,0.279615,0,0
0,0,1,0.56905,3.640045,2.02229,-3.055635,2,1
0,0,1,0.584482,-0.03172,-0.130795,-0.002837,0,0
0,1,0,1.098651,1.023479,6.179624,0.478334,1,0
0,1,0,3.494047,3.470588,3.155635,0.242034,3,1
0,1,0,0.157465,0.18128,0.263887,0.143089,0,0
1,0,0,0.376754,-0.256028,-0.035492,-0.252077,0,0
0,0,1,0.556387,0.382745,-0.005893,0.264487,0,0
0,0,1,2.504596,2.281809,1.498169,-3.548919,2,1
0,0,1,4.787599,4.428332,4.678221,-1.730863,4,1
0,0,1,1.425203,1.039364,1.605078,0.128522,0,0
0,1,0,3.752568,2.502445,4.913594,1.013662,3,1
1,0,0,6.551008,2.598737,2.730839,-2.482494,4,1
0,0,1,1.011407,0.739291,2.216271,-0.113291,0,0
0,0,1,-0.328559,2.381832,4.183053,0.914747,1,0
1,0,0,4.893587,5.150379,4.136611,-0.87476,3,1
0,0,1,0.513728,0.675228,-0.466026,0.028663,0,0
0,1,0,2.226469,2.875488,2.835199,0.057278,2,1
0,0,1,1.982527,0.343428,1.116928,-0.14662,0,0
0,0,1,0.340294,0.218997,-0.014362,0.001667,0,0
0,0,1,-0.370143,0.207937,-0.38054,-0.053708,0,0
0,0,1,0.462856,-0.432378,0.33761,-0.125147,0,0
1,0,0,3.755101,0.074083,1.720467,-0.562927,1,0
1,0,0,3.774798,0.327338,2.340083,-0.491658,1,0
0,0,1,0.265996,0.21754,0.245197,0.084441,0,0
1,0,0,-0.530964,-0.115832,-0.419344,-0.028911,0,0
1,0,0,2.516522,2.374757,0.659455,-3.265045,2,1
0,1,0,-0.290559,0.020866,0.290953,-0.323207,0,0
0,1,0,2.162812,2.922384,2.738025,0.192597,2,1
0,0,1,2.17656,3.264496,2.138592,0.55191,1,0
0,0,1,4.955145,6.865103,4.028936,-1.210957,3,1
0,1,0,-0.135028,-0.043057,0.129488,-0.340189,0,0
0,1,0,0.761843,1.201566,2.144821,-0.099612,0,0
1,0,0,0.030695,-0.389608,0.432735,-0.168495,0,0
0,0,1,3.166919,2.584825,2.286649,1.004552,2,1
0,0,1,2.05255,5.56091,5.977497,-0.894343,2,1
1,0,0,3.567361,2.021743,1.983157,1.125344,1,0
0,0,1,1.896583,0.165759,1.960484,-0.03588,0,0
1,0,0,0.082462,0.394124,-0.328459,0.365861,0,0
1,0,0,-0.893896,3.947927,2.882451,-1.797615,3,1
1,0,0,0.886256,4.428679,1.530289,-3.583239,2,1
1,0,0,1.638791,0.830007,1.666655,-0.035838,0,0
1,0,0,3.86027,3.985894,2.846608,2.549238,4,1
1,0,0,2.189677,0.999739,4.095123,-0.047937,1,0
1,0,0,1.794729,2.474636,2.216584,0.760507,0,0
0,0,1,-0.111499,0.097116,-0.093603,-0.032108,0,0
0,1,0,-0.454724,-0.014626,0.40894,0.052059,0,0
0,0,1,3.097691,4.368348,3.645802,-0.97431,3,1
0,0,1,0.215467,0.34514,0.110634,-0.022986,0,0
0,0,1,1.705603,1.035388,3.2627,1.949443,2,1
0,1,0,2.731734,0.423558,0.892053,0.271031,1,0
0,1,0,2.634104,2.102719,3.13612,0.541713,2,1
0,1,0,0.776311,0.479982,-0.015646,-0.038516,0,0
0,1,0,2.531501,0.500592,3.652509,-0.946406,2,1
0,0,1,1.163546,1.047523,2.7084,-0.395904,1,0
0,1,0,-0.015308,0.379104,-0.127554,-0.02257,0,0
1,0,0,5.529437,0.636251,2.14328,-0.340713,1,0
0,0,1,1.299694,4.657308,2.385966,-2.843319,2,1
0,1,0,2.356963,2.877174,2.614307,3.184838,3,1
0,0,1,-0.260194,0.171155,-0.057544,-0.112094,0,0
0,0,1,0.475735,0.479976,-0.14171,0.095646,0,0
1,0,0,0.643856,-0.75124,-0.083489,-0.524269,0,0
1,0,0,4.719734,5.921874,5.256496,-1.403833,3,1
0,0,1,1.622876,2.102352,5.302142,0.233903,1,0
0,0,1,1.901354,0.557852,0.594082,0.27653,0,0
0,0,1,1.802731,1.200502,1.570072,0.34594,0,0
1,0,0,-0.402754,-0.026586,-0.182964,-0.474611,0,0
1,0,0,1.136403,0.279858,3.617573,0.249017,1,0
0,1,0,4.438497,0.290479,2.413521,-0.830536,1,0
0,0,1,0.076329,0.050076,1.946085,-0.018526,0,0
0,1,0,1.445116,4.0759,1.721324,0.576175,1,1
0,1,0,1.318678,0.178468,1.345214,0.029385,0,0
0,1,0,5.554221,0.623545,2.304642,-0.484201,1,0
0,0,1,2.417488,3.017515,3.717407,-4.377832,3,1
0,1,0,1.714196,-0.021183,1.341341,0.071197,0,0
0,0,1,1.156498,0.508577,-0.048113,0.268216,0,0
0,1,0,0.00701,-0.603353,-0.182129,0.249174,0,0
1,0,0,-0.552289,0.269231,0.692591,0.147974,0,0
1,0,0,-0.419707,-0.373002,0.968624,-0.072228,0,0
0,1,0,2.992982,2.198002,1.872628,2.66739,2,1
0,1,0,0.032951,0.616723,0.713565,0.360652,0,0
0,0,1,2.429933,1.906152,2.012402,1.54526,1,0
1,0,0,2.110351,0.310553,4.098035,0.241061,1,0
1,0,0,-0.465726,0.320052,-0.14705,0.164601,0,0
0,1,0,0.714793,0.839493,1.44246,-0.207802,0,0
1,0,0,1.777655,0.416647,2.622157,-0.231019,1,0
1,0,0,2.057616,0.634427,4.377546,-0.06259,1,0
1,0,0,1.205494,0.710952,5.773715,0.690742,1,0
0,0,1,0.811413,0.217142,0.035307,-0.274492,0,0
0,1,0,1.223679,-0.332957,0.652231,-0.146743,0,0
0,0,1,-0.147201,0.952086,-0.118388,-0.042391,0,0
1,0,0,2.137663,3.629164,1.72626,-2.089583,2,1
1,0,0,0.823313,3.980521,1.572113,-2.934655,2,1
0,1,0,0.08257,-0.405962,0.059957,0.10265,0,0
0,1,0,7.150258,4.885648,5.060989,-0.755594,3,1
0,1,0,6.566522,5.458611,5.005053,-0.753316,3,1
1,0,0,5.5089,6.210801,5.162086,-0.733147,3,1
0,1,0,2.48393,1.045201,2.389763,0.441894,0,0
1,0,0,0.86608,0.347453,1.690205,0.3373,0,0
1,0,0,-0.085882,0.079528,0.212439,0.401188,0,0
1,0,0,2.797743,0.012993,1.476372,0.261371,1,0
0,0,1,1.545798,-0.127811,1.47224,-0.165539,0,0
0,1,0,1.765639,2.380954,-0.087398,0.986304,0,0
0,0,1,-0.395808,-0.02219,0.000878,0.144748,0,0
0,0,1,0.225895,0.211432,2.319437,-0.35228,0,0
0,0,1,4.370621,4.831521,1.922577,-1.97751,3,1
0,0,1,0.566785,0.97144,1.680805,0.692768,0,0
0,1,0,-0.243593,0.051564,0.289063,0.154852,0,0
1,0,0,3.797152,5.743581,5.769943,-1.983248,4,1
1,0,0,-0.037052,0.239457,0.913765,-0.080072,0,0
0,1,0,4.645563,0.212817,1.427702,0.27691,1,0
0,1,0,3.202863,3.465655,2.916482,2.886965,4,1
0,0,1,1.471673,0.413043,1.841169,-0.232471,0,0
0,0,1,4.093893,0.718439,1.887407,-0.230904,1,0
0,1,0,3.048468,2.668952,2.918364,0.682746,3,1
0,0,1,-0.286864,0.360827,0.51776,-0.050427,0,0
1,0,0,3.585107,1.121464,3.938265,0.777282,2,1
0,0,1,1.312252,2.697824,5.008644,-0.047341,2,1
0,1,0,1.873997,1.609801,3.347445,0.602072,1,0
0,1,0,4.437275,0.371427,3.122793,0.020064,2,1
0,1,0,0.055605,0.376034,0.968613,-0.022674,0,0
1,0,0,6.083058,7.338985,5.919424,-0.835335,3,1
1,0,0,2.938934,0.45822,1.691305,0.402957,1,0
0,0,1,3.157155,4.039261,4.885475,-2.014537,4,1
0,1,0,0.514563,0.220825,0.512022,-0.118156,0,0
0,1,0,1.659164,1.154794,3.679314,0.193588,1,0
1,0,0,3.536058,0.897472,4.217877,0.049618,2,1
0,1,0,2.520387,4.589154,4.715477,0.656528,3,1
0,0,1,0.05449,0.496288,-0.042717,-0.443602,0,0
1,0,0,6.825302,5.391974,4.458039,-2.679201,4,1
0,0,1,4.035578,-0.487253,2.841769,2.144597,3,1
0,1,0,0.122467,-0.166018,0.753478,-0.082479,0,0
0,0,1,6.4851,3.452958,6.410869,-1.105554,3,1
0,1,0,0.390144,-0.120458,0.777889,0.095712,0,0
0,1,0,-1.073971,-0.014506,-0.483559,0.024563,0,0
1,0,0,4.176182,1.235064,3.18816,0.42622,2,1
0,1,0,3.131348,3.78252,5.374327,-2.088185,4,1
0,0,1,-1.350538,-0.237976,0.323094,-0.197514,0,0
0,0,1,0.393137,-0.312078,-0.012436,0.474882,0,0
0,0,1,4.37109,0.204453,2.203547,-0.901824,1,0
0,1,0,1.974176,0.189676,0.941255,0.142143,0,0
0,1,0,0.838339,1.182206,1.405271,0.283217,0,0
0,0,1,3.692592,1.48245,1.688886,3.981011,2,1
0,0,1,0.076834,-0.934299,-0.359973,-0.29002,0,0
1,0,0,1.556541,3.880666,2.254582,-2.397572,2,1
0,0,1,1.828219,2.47777,4.595035,0.172597,1,0
0,0,1,1.677373,0.695184,0.804154,0.368885,0,0
1,0,0,-0.190246,-0.351929,0.007361,0.085684,0,0
0,1,0,0.741068,-0.002178,0.481052,-0.253221,0,0
0,0,1,3.034573,0.570657,0.725462,0.326385,1,0
0,1,0,0.503695,-0.265453,-0.14318,-0.253567,0,0
0,1,0,-0.404975,0.398681,-0.468689,0.10768,0,0
0,1,0,2.665461,1.465555,3.111743,0.459869,2,1
1,0,0,0.355562,0.094753,0.008433,-0.114585,0,0
0,0,1,1.110225,3.199629,3.075964,-0.57322,2,1
1,0,0,3.001114,-0.410799,0.755025,0.168097,1,0
0,0,1,3.314726,1.435958,6.470395,0.33977,2,1
0,0,1,1.262942,1.166468,5.574757,0.676419,1,0
0,1,0,2.116201,0.348875,1.078667,-0.019085,0,0
0,1,0,1.663953,0.670891,0.589794,0.202089,0,0
0,0,1,4.423004,0.882079,4.01841,-0.571395,2,1
1,0,0,3.531859,4.474697,2.899009,0.662711,3,1
0,0,1,1.953829,2.325906,1.616012,-1.907275,1,0
0,0,1,4.881227,4.286046,3.911175,2.461842,4,1
0,1,0,-0.242531,0.172729,0.206883,0.014063,0,0
0,0,1,0.132286,0.47223,-0.817421,0.107024,0,0
1,0,0,-0.193503,0.632474,-0.393617,-0.099042,0,0
1,0,0,0.157487,-0.170239,0.389779,-0.401548,0,0
0,1,0,3.849781,3.253544,4.122763,0.117071,3,1
0,1,0,-0.256095,-0.167341,-0.266951,0.122374,0,0
0,1,0,1.973889,0.775584,1.208843,0.185082,0,0
0,1,0,1.286898,0.733003,2.266899,-0.260109,0,0
0,0,1,2.604277,3.203237,0.530302,0.635471,2,1
1,0,0,2.77699,0.521705,2.884853,0.194146,2,1
1,0,0,0.469861,0.284531,0.612185,-0.414732,0,0
0,1,0,0.922239,0.74641,0.615127,-0.10617,0,0
1,0,0,-0.109454,-0.253946,0.716389,0.152491,0,0
0,0,1,0.963786,3.345029,2.300804,1.487856,1,0
0,0,1,0.387037,0.219906,0.505087,0.178863,0,0
1,0,0,2.905447,3.555348,3.391224,1.087776,3,1
1,0,0,1.198529,-0.333342,0.239017,0.025905,0,0
0,0,1,2.691873,0.617102,1.510362,-0.090313,1,0
0,0,1,2.389887,2.408522,4.058425,3.397541,2,1
0,1,0,-0.341111,0.256303,0.021634,-0.260502,0,0
0,0,1,-0.024548,0.151078,0.838379,0.248992,0,0
0,0,1,0.141256,0.005166,1.765119,-0.424981,0,0
1,0,0,1.075288,0.989655,3.209297,0.291064,1,0
0,0,1,-0.001856,1.790619,2.364254,-2.796041,1,1
1,0,0,0.61865,0.425087,0.641518,0.196486,0,0
0,1,0,-0.375185,0.133648,-0.280597,-0.257696,0,0
1,0,0,0.301245,-0.062109,0.318302,-0.419253,0,0
0,1,0,-0.227171,-0.027138,0.472824,0.285611,0,0
1,0,0,0.414561,0.993147,1.916072,0.315804,0,0
0,1,0,-0.221531,0.562542,-0.387456,-0.223383,0,0
0,0,1,0.133253,0.880013,0.323768,0.122262,0,0
0,1,0,6.753107,4.699088,4.338346,-2.440364,4,1
1,0,0,1.293726,2.872671,5.114831,0.270924,2,1
0,0,1,6.442813,4.058534,4.983898,-2.287579,4,1
0,1,0,-0.549323,-0.081886,0.249712,0.118494,0,0
0,0,1,0.748357,3.183722,2.746855,-3.300438,3,1
1,0,0,5.655275,0.650768,3.616775,0.057467,2,1
0,1,0,-0.369077,-0.607199,0.535485,-0.246487,0,0
1,0,0,1.655641,0.480979,7.660233,0.748965,1,0
1,0,0,-0.613323,-0.079241,-0.465382,0.046188,0,0
1,0,0,2.070324,3.155979,3.316946,1.350559,2,1
0,1,0,1.929099,0.639349,7.152391,0.405333,1,0
0,0,1,3.127824,0.988418,3.12932,-0.849365,2,1
1,0,0,3.777342,0.658668,4.18342,-0.689966,2,1
0,0,1,-0.215124,-0.14577,0.311346,-0.04504,0,0
0,0,1,7.177848,6.287188,6.908545,-2.443596,4,1
1,0,0,1.716214,0.376993,0.638907,-0.054608,0,0
1,0,0,0.433274,0.10472,0.448995,-0.116032,0,0
0,1,0,0.376651,1.192089,0.096985,-0.0473,0,0
0,1,0,0.14083,0.187113,0.796153,0.031833,0,0
0,1,0,1.021234,0.421445,2.794323,0.12126,1,0
1,0,0,4.564444,2.790813,3.308892,-0.952628,3,1
0,1,0,-0.808031,0.474419,-0.128757,-0.420415,0,0
0,0,1,4.739853,0.380945,3.278758,-0.173793,2,1
0,1,0,6.199179,-0.028671,1.157242,-0.611234,1,0
1,0,0,2.165869,-0.02196,1.617354,0.338365,0,0
1,0,0,5.194922,6.467982,4.660668,-1.760829,4,1
1,0,0,0.660537,-0.040295,0.539707,0.57713,0,0
1,0,0,0.223976,-0.349349,0.320553,0.226687,0,0
0,0,1,-0.316374,-0.631978,-0.115772,0.250652,0,0
0,1,0,2.578062,3.73062,0.609775,-3.13258,3,1
0,0,1,3.157521,0.008503,2.878115,-0.216314,2,1
0,1,0,1.663525,2.511049,2.223813,-0.270076,1,0
0,0,1,0.547361,0.222424,-0.305263,0.019494,0,0
0,0,1,0.228801,0.082912,-0.472601,0.202413,0,0
1,0,0,2.112414,0.801889,2.35227,0.891975,0,0
0,0,1,0.052918,3.811064,0.857919,-2.502781,2,1
0,1,0,1.12533,0.691265,-0.223413,-0.046968,0,0
0,0,1,0.926526,1.422247,1.793513,0.419913,0,0
0,0,1,2.33085,2.88817,1.715244,0.348556,1,0
0,0,1,-0.447693,-0.011496,-0.052592,0.468446,0,0
0,0,1,3.244882,2.879941,3.360817,-1.607846,4,1
1,0,0,3.771795,2.06923,4.200575,3.377963,3,1
1,0,0,0.176303,9.3e-05,0.449744,-0.05501,0,0
0,0,1,1.490068,1.987329,3.028935,-2.868991,2,1
0,1,0,-0.736915,-0.004862,0.199243,-0.180445,0,0
0,1,0,2.783537,2.814435,2.135751,0.507661,2,1
0,1,0,0.093174,0.872216,0.131483,0.092281,0,0
0,1,0,0.372629,0.072567,-0.188296,0.20056,0,0
0,1,0,-0.358122,-0.171627,0.168412,-0.057309,0,0
1,0,0,0.693911,0.773202,2.186996,-0.009336,0,0
0,1,0,-0.299024,-0.122192,0.183823,-0.312034,0,0
0,1,0,4.983044,0.45758,1.57041,0.262358,1,0
0,0,1,4.248513,3.472937,5.264473,-2.868523,4,1
0,0,1,3.462255,0.349586,2.360553,0.277747,1,0
0,1,0,6.37391,0.536357,5.685782,-2.478559,3,1
0,1,0,5.203302,0.458202,2.918921,-0.819822,2,1
0,0,1,2.1186,0.907449,2.737015,0.058401,1,0
1,0,0,2.023891,1.70114,3.326171,1.724181,2,1
0,1,0,-0.118596,-0.416921,-0.699897,-0.344367,0,0
0,1,0,2.382721,0.692388,3.654311,0.203503,1,0
0,1,0,-0.502063,-0.025966,0.0245,0.213816,0,0
0,0,1,5.217523,6.629506,9.316951,-0.728665,3,1
0,1,0,0.402788,0.454686,0.168306,0.122762,0,0
0,1,0,0.766497,0.557497,0.574619,0.278869,0,0
1,0,0,-0.040092,-0.447346,-0.112768,-0.124436,0,0
0,1,0,0.06064,-0.06688,-0.542927,-0.49396,0,0
0,0,1,-0.270493,0.600583,-0.231705,-0.245281,0,0
0,0,1,4.918541,3.741664,2.834678,3.331942,4,1
0,1,0,1.421989,0.993578,2.302227,1.052462,0,0
1,0,0,4.436443,0.681606,3.10573,-0.429043,2,1
0,1,0,0.259654,-0.119683,-0.215129,-0.096372,0,0
0,0,1,2.672508,2.599797,3.589005,4.79976,4,1
1,0,0,0.768493,1.485424,0.583029,-0.376401,0,0
1,0,0,-0.158636,0.164972,0.5479,0.316115,0,0
1,0,0,4.841656,0.251055,3.712225,-0.579549,2,1
1,0,0,2.904241,0.667135,3.741785,-0.085856,2,1
0,0,1,3.586445,1.780003,2.761761,1.114477,2,1
0,1,0,-0.399863,0.582617,0.265076,0.121657,0,0
0,0,1,-0.653217,-0.440516,-0.637175,-0.090097,0,0
0,1,0,2.878521,3.54583,0.874495,3.53565,3,1
0,0,1,2.904888,0.67059,1.304088,-0.054265,1,0
0,1,0,-0.110548,0.410066,0.535778,0.033664,0,0
0,0,1,-0.880739,-0.006769,0.573295,-0.028682,0,0
1,0,0,1.798972,1.777479,2.328748,-2.851371,1,1
0,0,1,1.799522,2.032366,5.239488,1.205879,1,0
0,1,0,0.736121,1.926711,5.166605,-0.234574,1,0
0,0,1,5.112088,1.213569,2.400522,-0.423997,1,0
0,0,1,0.744188,-0.415319,0.612528,-0.171105,0,0
0,0,1,4.077587,4.410045,5.922553,-2.899385,4,1
0,1,0,5.832225,2.31084,6.28041,-1.986513,3,1
1,0,0,-0.972041,0.214483,0.055646,0.122655,0,0
0,0,1,0.506834,1.011927,1.788546,-0.478023,0,0
0,0,1,1.210842,2.183247,4.557708,1.049324,1,0
0,0,1,1.253345,0.483784,1.219454,0.21346,0,0
1,0,0,2.793899,2.594518,2.422049,0.922947,2,1
1,0,0,1.005961,0.432954,1.13014,0.088041,0,0
0,0,1,3.248005,1.242238,3.876392,1.41372,2,1
0,1,0,-0.252763,-0.027497,0.383261,0.043711,0,0
1,0,0,3.535012,0.411376,4.259874,-0.262626,2,1
0,0,1,0.841097,1.223301,5.384801,0.507161,1,0
0,0,1,0.836809,0.529248,-0.223175,-0.01947,0,0
1,0,0,-0.145566,0.019236,0.609691,-0.17167,0,0
1,0,0,1.520014,0.811295,1.142909,0.114369,0,0
0,1,0,0.010656,-0.264362,0.433239,-0.361885,0,0
0,0,1,-0.465322,0.23028,-0.260208,0.200099,0,0
0,0,1,-0.124365,-0.279748,-0.13265,0.564747,0,0
1,0,0,2.132393,0.739444,7.504087,0.731956,1,0
0,0,1,-0.188796,0.301794,-0.31246,0.158805,0,0
0,0,1,2.879033,2.002788,5.704774,0.393271,2,1
0,1,0,1.601037,2.321048,2.520689,4.399975,2,1
1,0,0,0.684388,0.179668,0.05255,0.361207,0,0
0,0,1,2.038047,4.560001,6.756967,-2.00171,3,1
0,0,1,3.919317,0.743756,4.950094,-0.332246,2,1
0,0,1,0.975358,4.011783,0.386665,-2.875631,2,1
1,0,0,2.914744,3.296724,3.220797,4.347819,4,1
0,1,0,-0.411966,-0.198932,0.162135,0.150101,0,0
0,0,1,0.403114,1.322189,1.34873,0.953447,0,0
1,0,0,-0.486379,-0.231631,-0.226506,0.109776,0,0
0,0,1,-0.097851,0.157309,0.628657,-0.062772,0,0
1,0,0,2.093339,0.847928,1.571974,-0.08337,0,0
1,0,0,0.247185,0.656501,2.60662,-0.098844,1,0
0,1,0,0.337014,-0.781378,-0.694144,0.079199,0,0
0,1,0,4.92186,0.498363,3.653451,-0.373457,2,1
0,0,1,2.630978,3.071412,1.413743,-3.788141,3,1
0,1,0,0.680959,0.52525,0.854628,-0.316098,0,0
0,1,0,6.321413,0.29406,1.928366,-0.459079,1,0
0,0,1,4.037448,0.488939,2.844961,-0.18926,2,1
0,1,0,2.082942,2.320982,6.327902,0.698121,1,0
0,1,0,3.001399,3.330363,1.200273,0.578631,2,1
1,0,0,2.356665,1.517495,1.088243,0.479492,0,0
0,1,0,3.995584,4.82132,3.112186,0.84362,3,1
0,0,1,1.054387,0.862378,0.822993,0.422958,0,0
0,1,0,2.642417,-0.01131,5.712531,0.060369,2,1
0,1,0,-0.221567,-0.48704,-0.518603,-0.247265,0,0
1,0,0,-0.174229,-0.047103,-0.268147,-0.217558,0,0
1,0,0,0.359005,0.38448,-0.139449,0.094728,0,0
1,0,0,1.368201,2.571603,2.48585,-2.650596,2,1
0,1,0,0.882327,0.243033,-0.144586,0.048851,0,0
0,1,0,4.189446,3.003718,3.581788,3.695923,4,1
0,0,1,-0.042289,0.348975,0.030043,0.119508,0,0
1,0,0,1.220427,0.56062,1.798664,0.311275,0,0
0,0,1,2.93315,4.257065,3.058635,0.877769,3,1
0,0,1,0.303406,-0.243387,-0.57487,-0.160774,0,0
0,1,0,2.445671,0.270803,3.663315,-0.708054,1,0
1,0,0,0.555081,0.291309,2.192592,0.244134,0,0
0,0,1,2.561175,0.924356,0.721249,0.227887,1,0
0,0,1,3.86644,3.58295,4.006119,2.5288,4,1
0,1,0,0.027006,0.054384,-0.712025,-0.002991,0,0
0,1,0,0.49064,-0.046205,0.013363,0.30676,0,0
0,1,0,0.071147,-0.114685,0.386749,0.001822,0,0
0,0,1,1.146806,1.3092,4.234514,1.1904,1,0
0,0,1,1.437697,2.453005,2.422274,0.070902,0,0
0,1,0,1.771446,-0.414965,0.943547,-0.03419,0,0
0,0,1,1.111989,1.774368,5.595156,-0.057297,1,0
1,0,0,0.183719,-0.414086,0.252621,0.31979,0,0
1,0,0,0.012262,0.241225,0.314534,0.418347,0,0
0,1,0,0.795649,1.669979,2.760725,-0.01914,1,0
0,0,1,-0.321398,0.557385,-0.180311,0.069289,0,0
1,0,0,1.710481,0.854246,0.76872,-0.240791,0,0
0,0,1,1.746687,5.277529,2.474704,0.725809,1,1
0,1,0,-0.088303,-0.050072,0.869963,-0.024167,0,0
0,0,1,1.704657,0.986145,6.006307,0.466045,1,0
0,0,1,0.630295,-0.621679,0.237097,0.257159,0,0
1,0,0,0.856353,-0.845422,0.425037,-0.250851,0,0
1,0,0,-0.420417,0.050644,0.488281,-0.092765,0,0
0,0,1,3.777781,3.364808,3.562871,-0.825548,3,1
0,1,0,0.234267,0.641679,-0.055322,-0.150988,0,0
0,1,0,0.514004,3.580792,1.982548,-1.291326,1,0
0,1,0,-0.331489,-0.190341,0.169831,0.401014,0,0
0,1,0,0.392574,0.426791,-0.345839,-0.216537,0,0
0,0,1,3.110675,1.777966,3.371129,0.760743,2,1
0,0,1,-0.212034,0.695533,0.003385,0.106322,0,0
0,0,1,1.942371,0.963021,1.52485,-0.065933,0,0
1,0,0,0.498503,0.443116,0.257572,0.078041,0,0
0,1,0,0.466574,2.316273,1.601031,0.798075,0,0
0,0,1,1.000311,1.058832,0.681109,0.344974,0,0
1,0,0,1.56114,2.541957,3.896604,0.668841,2,1
1,0,0,-0.142179,0.18179,0.13357,0.328805,0,0
0,1,0,1.94277,2.162358,4.336372,0.672068,1,0
0,1,0,-0.051482,0.018151,0.257582,0.115205,0,0
1,0,0,0.693241,-0.455005,0.345892,0.121639,0,0
0,0,1,-0.325371,0.325117,0.269887,0.108777,0,0
1,0,0,2.519877,0.71835,1.789444,0.355802,1,0
0,0,1,-0.171125,0.567428,0.476458,0.009296,0,0
1,0,0,1.663045,4.223644,2.045229,0.267195,1,1
0,1,0,0.172832,0.170322,-0.707576,-0.012824,0,0
0,1,0,0.561421,0.320507,-0.406401,0.027723,0,0
1,0,0,2.675049,0.609394,0.636402,0.478561,1,0
0,0,1,0.262248,-0.05028,-0.460544,0.137395,0,0
1,0,0,1.848859,1.409215,3.55708,-0.453188,1,0
0,0,1,4.926875,0.350943,3.140454,-0.046948,2,1
0,0,1,1.817828,0.346153,0.949077,0.206257,0,0
1,0,0,1.40226,-0.69728,3.302428,-0.256571,1,0
0,1,0,0.789289,0.843909,0.313188,0.070737,0,0
0,1,0,0.723443,0.248427,2.266926,0.509375,0,0
0,0,1,1.014671,3.710581,1.575105,1.558313,2,1
0,1,0,-0.072078,-0.325077,0.266295,0.071262,0,0
1,0,0,5.074039,5.99617,4.279659,-0.877566,3,1
0,1,0,0.052779,-0.019015,-0.777829,-0.077718,0,0
0,0,1,0.335559,0.543767,0.573079,0.474365,0,0
1,0,0,1.047858,0.376064,0.246644,0.236964,0,0
0,0,1,4.480407,3.830512,5.04141,-1.195251,3,1
1,0,0,1.395071,0.531667,1.158943,0.126198,0,0
1,0,0,-0.02135,-0.353448,0.362589,-0.040926,0,0
1,0,0,1.589563,0.136375,1.218457,0.756423,0,0
0,1,0,1.218616,1.117011,0.050176,0.472971,0,0
0,1,0,3.885112,0.43761,2.26316,0.077073,1,0
0,1,0,4.896762,0.991104,2.71408,-0.214184,2,1
1,0,0,5.339549,7.956567,5.306872,-0.963214,3,1
0,1,0,1.117479,0.630725,2.088322,0.016648,0,0
0,0,1,-0.132753,0.724916,0.013966,0.071477,0,0
0,0,1,2.198725,0.953272,4.66358,0.11491,1,0
0,0,1,0.475559,-0.126089,0.088048,0.134606,0,0
0,0,1,1.896904,1.18445,5.329936,0.041068,1,0
1,0,0,1.711542,1.182872,1.089471,0.012484,0,0
0,1,0,1.064877,0.928073,2.22331,0.500038,0,0
0,1,0,-1.219572,-0.698469,-0.267195,-0.081304,0,0
1,0,0,1.075914,0.376809,2.399705,0.044707,0,0
0,1,0,-0.3018,0.035585,-0.346796,0.392156,0,0
0,0,1,0.065693,-0.917345,0.085159,0.097012,0,0
0,0,1,0.081489,0.257083,0.438769,0.033041,0,0
1,0,0,0.107025,0.123566,0.390742,-0.049991,0,0
0,1,0,3.59831,-1.096731,3.142477,-0.213391,2,1
0,0,1,-0.126749,-0.323468,1.011899,-0.07008,0,0
1,0,0,-0.151565,0.577859,-0.112939,0.035526,0,0
0,0,1,0.148773,-0.704111,-0.199908,0.008928,0,0
0,0,1,0.927254,0.46688,1.037289,-0.231068,0,0
0,1,0,2.383238,2.141034,1.06144,0.161541,0,0
0,0,1,-0.048816,-0.188935,-0.322691,0.167296,0,0
1,0,0,0.623566,0.157847,-0.308933,-0.039036,0,0
0,0,1,5.564917,3.757265,5.266932,-1.615405,4,1
0,1,0,-0.16017,-0.126321,0.385986,-0.384041,0,0
1,0,0,4.0188,0.558584,2.870329,-0.267401,2,1
0,1,0,0.167938,0.447425,0.057207,0.03944,0,0
0,0,1,4.261682,0.29521,2.692317,-0.337224,2,1
1,0,0,0.548685,0.197506,0.084977,0.174475,0,0
0,0,1,2.02856,2.561454,3.722149,1.018468,2,1
0,1,0,2.97543,3.1041,2.900083,1.486947,3,1
0,0,1,1.455145,1.180487,5.801536,0.867592,1,0
1,0,0,2.279226,2.826222,2.148302,-3.687857,2,1
1,0,0,2.832494,3.473539,4.234276,1.451205,3,1
1,0,0,-0.174057,-0.21717,0.056286,-0.074827,0,0
0,0,1,1.622429,3.776782,1.853073,-2.989991,2,1
1,0,0,0.849458,0.874109,2.003444,0.134733,0,0
0,1,0,0.152849,-0.632465,-0.75471,0.031979,0,0
0,0,1,3.889999,0.55838,2.930611,-0.083104,2,1
1,0,0,-0.210047,0.155579,-0.785075,0.217513,0,0
0,0,1,1.788764,2.14865,3.972024,1.326959,1,0
0,1,0,0.030264,0.253779,0.235669,-0.071584,0,0
0,0,1,0.536633,-0.166291,-0.130041,-0.186087,0,0
1,0,0,1.302924,1.017174,2.613024,0.463205,1,0
1,0,0,3.916122,-0.289736,0.393283,0.118971,1,0
1,0,0,1.834595,0.346937,1.573863,0.255237,0,0
0,0,1,4.410954,1.258816,3.619855,3.380871,3,1
1,0,0,4.137095,0.361097,2.386555,-0.334039,1,0
0,1,0,0.849795,0.085521,-0.152091,-0.310207,0,0
0,1,0,1.690499,0.719837,8.833276,0.751562,1,0
1,0,0,-0.142845,-0.597106,0.08008,-0.149715,0,0
0,0,1,3.346065,3.181315,5.245474,-1.929186,4,1
0,0,1,1.08874,-1.029158,0.427742,-0.028161,0,0
1,0,0,-0.358171,-0.341791,0.580381,0.169072,0,0
0,0,1,-0.346546,0.464961,0.956803,-0.187667,0,0
0,1,0,0.432581,4.059786,2.131796,-3.780568,2,1
1,0,0,1.649462,2.325181,3.215222,-2.838603,2,1
0,0,1,-0.283904,0.37181,0.752859,-0.114914,0,0
0,0,1,4.657019,1.247495,4.260955,0.032016,2,1
0,0,1,5.696806,4.39997,5.322022,-1.042659,3,1
0,1,0,3.214191,1.363295,0.702363,-0.269994,1,0
0,1,0,3.270646,1.484591,4.961593,-0.333717,2,1
0,1,0,6.36261,5.807379,6.684878,-2.449276,4,1
0,1,0,6.15132,0.279307,2.709384,-0.376722,2,1
0,0,1,1.607703,2.710802,0.978308,-2.361724,2,1
1,0,0,0.997578,-0.487867,0.263435,0.579922,0,0
1,0,0,7.767036,2.376624,2.741574,-2.418385,3,1
0,1,0,0.557385,-0.233491,0.21004,-0.141245,0,0
0,1,0,0.880599,-0.191562,1.470137,0.240209,0,0
0,1,0,-0.230549,-0.448204,0.240031,0.057993,0,0
1,0,0,0.804493,1.836926,3.305299,1.321635,1,0
0,1,0,0.794699,-0.168134,0.926699,-0.279837,0,0
0,1,0,0.538725,0.835751,2.471357,0.257765,0,0
0,1,0,2.681046,0.232922,2.005743,0.154292,1,0
1,0,0,1.221901,4.136505,4.023146,-0.963575,2,1
1,0,0,-0.666607,-0.082295,-0.27567,-0.017986,0,0
0,0,1,0.773659,0.286438,2.274083,0.745617,0,0
0,1,0,0.47251,0.296909,1.309975,-0.665596,0,0
0,1,0,-0.590175,-0.313214,0.45737,-0.092749,0,0
0,1,0,3.088991,0.481891,1.22407,-0.158236,1,0
0,0,1,5.07062,2.459741,3.046756,4.086921,3,1
1,0,0,4.007151,3.299045,2.467975,-0.145211,2,1
0,1,0,-0.273062,0.534204,0.678042,0.326322,0,0
0,0,1,0.220986,-0.176752,0.214647,-0.241747,0,0
0,0,1,2.053181,0.65482,2.922344,0.819364,1,0
0,0,1,-0.07441,0.135852,0.160296,0.306256,0,0
1,0,0,6.89873,2.552631,5.21001,-1.43422,3,1
1,0,0,0.323789,0.595084,-0.137077,-0.142675,0,0
1,0,0,0.356772,0.568945,0.136216,-0.063397,0,0
0,0,1,2.897269,1.142572,3.484075,0.519007,2,1
0,1,0,1.015723,-0.436275,0.701619,-0.421352,0,0
0,0,1,0.435929,-0.305511,0.207885,-0.127722,0,0
0,1,0,0.390275,0.784095,0.68746,0.313478,0,0
0,0,1,-0.135849,0.493323,0.177453,-0.172891,0,0
0,0,1,0.480739,-0.122257,0.277323,0.052229,0,0
1,0,0,0.265495,-0.186949,0.403041,0.061263,0,0
1,0,0,0.001632,-0.427932,0.318655,0.063385,0,0
1,0,0,1.721854,0.746851,1.297757,0.043614,0,0
0,0,1,6.019663,-0.106724,1.740706,0.287035,1,0
0,1,0,0.118956,0.302219,0.338552,0.019522,0,0
0,0,1,1.914115,0.505311,0.804971,-0.429204,0,0
1,0,0,1.914616,2.260353,0.562196,-1.554167,1,0
0,0,1,0.241394,5.388134,1.595677,-2.792316,2,1
1,0,0,0.28371,1.410461,1.447227,-3.098009,1,1
0,1,0,0.600972,0.233319,-0.33702,0.437359,0,0
1,0,0,1.730026,3.217852,2.600489,-2.076813,3,1
0,1,0,-0.093608,0.652633,0.237007,0.059303,0,0
0,1,0,2.182621,2.734349,3.807035,2.248814,3,1
1,0,0,1.458962,0.412505,2.120769,0.289279,0,0
0,1,0,0.902605,0.383858,2.220635,-0.046182,0,0
0,1,0,0.551032,0.622255,1.11687,-0.429031,0,0
1,0,0,-0.79663,0.494974,-0.143411,-0.125793,0,0
0,1,0,1.515362,2.732713,3.002426,-0.285033,2,1
0,0,1,4.058611,3.57585,1.400084,3.050177,3,1
1,0,0,4.216619,3.81163,5.670891,-1.645969,4,1
1,0,0,-0.150308,0.418731,0.132232,0.109807,0,0
1,0,0,0.857047,0.695887,-0.119561,0.230393,0,0
0,1,0,1.026699,0.657797,2.518036,0.417029,1,0
0,1,0,0.903755,-0.001707,0.254082,0.432356,0,0
0,0,1,-0.493407,0.084288,-0.237955,0.305043,0,0
1,0,0,5.151961,3.704813,4.529495,-1.820892,4,1
1,0,0,-0.707329,-0.274041,-0.546653,0.245055,0,0
0,0,1,0.587968,0.668684,-0.3245,0.255592,0,0
0,1,0,-0.495119,-0.075751,-0.276304,-0.396603,0,0
0,1,0,0.932568,-0.065372,0.106264,0.016112,0,0
0,1,0,5.231075,0.532174,4.697993,-0.235444,2,1
0,0,1,4.587608,0.635058,3.076897,-0.528949,2,1
0,1,0,2.247972,2.206969,6.647577,1.017222,1,0
0,1,0,1.766662,2.526244,2.015508,0.076383,1,0
0,1,0,0.675095,0.587444,0.353218,-0.06438,0,0
1,0,0,-0.07097,0.203974,0.086468,0.0922,0,0
0,0,1,2.306376,0.970861,0.762182,0.311073,0,0
0,1,0,0.401701,0.052216,0.263394,-0.203784,0,0
0,0,1,0.291629,0.425854,0.175283,0.230801,0,0
0,1,0,-0.031496,-0.110154,0.353883,-0.224818,0,0
0,1,0,3.213511,1.531497,2.965664,3.61778,3,1
1,0,0,-0.380446,0.289189,-0.072972,0.007716,0,0
0,1,0,-1.118813,0.033336,0.015521,0.137361,0,0
1,0,0,1.684182,0.28196,0.083309,0.227908,0,0
0,1,0,1.734871,0.667616,6.41067,0.985819,1,0
1,0,0,0.891309,0.39607,1.684643,0.364609,0,0
0,1,0,2.14609,0.247394,5.808049,-0.170546,1,0
1,0,0,0.261394,-0.374838,0.477936,0.272156,0,0
0,0,1,0.984187,0.355919,0.002188,0.065658,0,0
0,0,1,-0.46069,0.142495,0.455022,0.294444,0,0
0,0,1,1.057612,1.32469,1.751877,0.401528,0,0
0,1,0,-0.149031,-0.364028,-0.236703,-0.013665,0,0
0,1,0,2.378698,0.691399,1.282876,0.4336,0,0
0,1,0,-0.09736,0.12893,-0.141912,-0.113011,0,0
0,0,1,0.109041,0.41016,0.27495,-0.181516,0,0
1,0,0,1.355903,3.636776,2.94884,0.243379,2,1
0,0,1,2.341088,1.954955,3.674667,-0.172842,1,0
1,0,0,0.864837,0.737189,1.506334,-0.250731,0,0
0,1,0,3.088533,3.896409,4.412492,0.9458,3,1
1,0,0,-0.224202,0.241374,0.047835,-0.302225,0,0
0,1,0,1.792855,2.449637,4.670277,0.211842,1,0
0,1,0,2.957404,2.281749,3.611466,0.404001,2,1
1,0,0,0.740926,-0.027419,-0.095173,0.043258,0,0
0,0,1,3.473504,3.601175,3.086703,0.599667,3,1
0,0,1,2.3763,0.047945,1.521295,0.022671,0,0
1,0,0,0.505485,-0.03712,0.534299,-0.631911,0,0
0,1,0,0.264036,-0.014821,-0.177565,0.087007,0,0
1,0,0,3.46086,0.37881,4.418838,0.056161,2,1
0,0,1,0.926448,0.489991,-0.001027,-0.283079,0,0
1,0,0,1.853333,1.33683,7.425684,0.589467,1,0
0,0,1,1.088011,1.085273,4.846617,0.27662,1,0
0,1,0,-0.249612,0.087778,0.047106,-0.039913,0,0
1,0,0,2.443729,0.597193,0.783019,0.287627,0,0
0,0,1,-0.394134,0.70579,1.498477,0.39356,0,0
0,0,1,-0.48541,-0.831116,-0.233736,0.124869,0,0
1,0,0,4.013636,3.582893,3.039093,-0.92096,3,1
0,0,1,3.583078,0.564514,2.618711,0.763116,2,1
1,0,0,5.485493,4.01528,4.598047,-1.142148,3,1
0,1,0,-0.582538,-0.392386,0.488494,-0.128242,0,0
0,0,1,3.415252,2.203214,3.549543,3.997474,3,1
1,0,0,2.804965,3.185995,2.234441,-3.251346,3,1
1,0,0,-0.496201,-0.044299,-0.192548,0.406923,0,0
0,1,0,-0.072634,1.887908,2.849508,-0.247547,1,0
0,0,1,4.442285,0.180889,3.371862,-0.524029,2,1
0,1,0,1.706103,0.167891,2.360396,0.145465,0,0
1,0,0,1.443811,3.782506,1.12566,-3.22475,2,1
1,0,0,1.116318,0.692646,3.72917,0.503179,1,0
0,0,1,0.243206,1.120078,1.651991,-0.424235,0,0
1,0,0,1.421068,0.928384,4.918858,0.576473,1,0
1,0,0,2.528952,1.010547,3.283756,-0.161244,2,1
0,0,1,0.674909,1.068544,1.119135,0.356731,0,0
0,0,1,0.730327,-0.05706,0.173651,0.123379,0,0
0,1,0,1.167306,1.669605,5.907666,1.099536,1,0
1,0,0,-0.271071,0.344974,0.040077,0.143942,0,0
0,0,1,2.236429,0.604861,2.052388,-0.212272,0,0
0,0,1,0.193272,0.861555,3.174108,1.308362,1,0
0,0,1,-0.483096,-0.052305,0.974261,0.174293,0,0
0,1,0,2.371878,3.847837,2.854518,-1.249131,2,1
1,0,0,0.27529,0.035123,0.574894,0.129515,0,0
1,0,0,0.402248,0.071933,0.364478,0.413777,0,0
1,0,0,3.048231,0.460922,1.854323,-0.314744,1,0
1,0,0,2.123575,0.729495,6.331203,0.529464,1,0
0,1,0,0.582817,2.180339,4.031067,0.47416,1,0
0,1,0,-0.206609,0.167143,0.372424,-0.174663,0,0
0,1,0,3.54053,3.564759,3.173285,-0.17283,3,1
0,0,1,2.897713,1.741485,2.264929,0.065699,1,0
0,1,0,0.003252,0.468223,0.331436,0.0992,0,0
0,0,1,-0.587784,-0.314565,0.109724,0.370131,0,0
0,1,0,3.287543,1.287675,4.528321,-0.007997,2,1
0,0,1,1.573356,1.326771,4.807406,0.262554,1,0
1,0,0,1.326894,-0.145306,7.425874,1.00816,1,0
0,1,0,0.338968,0.225534,-0.260269,0.134954,0,0
0,1,0,0.413212,0.61299,0.439831,0.067617,0,0
0,1,0,0.909737,4.605457,2.937948,-3.460067,3,1
0,1,0,2.299961,0.200505,1.084705,-0.043409,0,0
0,0,1,0.800117,0.462978,1.457973,0.830156,0,0
1,0,0,5.057558,4.908618,4.342852,-1.865529,4,1
1,0,0,1.021378,5.256931,1.866747,-2.14386,2,1
1,0,0,6.251126,5.904318,7.092787,-2.145455,4,1
0,1,0,-0.484888,0.067435,-0.189208,0.246996,0,0
1,0,0,1.172494,0.948359,0.555322,0.019306,0,0
0,0,1,1.779482,-0.025063,0.846382,0.485978,0,0
0,1,0,2.089184,0.465335,1.059825,0.076115,0,0
0,1,0,0.802407,0.851767,1.666618,-0.257291,0,0
0,0,1,-0.240825,0.375492,-0.516722,-0.27587,0,0
1,0,0,2.752259,0.342209,1.455841,0.115994,1,0
1,0,0,0.778489,0.292216,-0.232364,0.008516,0,0
0,1,0,0.502917,-0.178704,0.676685,0.141222,0,0
0,0,1,0.049941,0.837259,0.105339,0.301837,0,0
1,0,0,6.521014,3.507759,3.847208,-0.815097,3,1
1,0,0,6.638036,0.293815,3.05644,-0.198084,2,1
0,1,0,3.970813,4.160456,4.278026,-1.941729,4,1
1,0,0,1.756845,1.971137,9.318216,0.702206,1,0
1,0,0,-0.144887,-0.04678,-0.191877,-0.220465,0,0
0,1,0,0.684077,1.036967,2.087571,-0.229395,0,0
0,1,0,3.752975,1.821262,5.685079,1.144573,2,1
1,0,0,-0.412271,0.617839,0.418301,0.042326,0,0
0,0,1,4.020986,1.401029,4.582564,2.281646,3,1
1,0,0,0.965025,0.016263,1.282925,-0.319017,0,0
1,0,0,-1.087759,0.193248,-0.363317,-0.233625,0,0
1,0,0,0.266518,1.142645,2.671162,-0.043572,1,0
0,1,0,4.013838,2.16005,4.274451,3.590893,3,1
0,0,1,2.092039,-0.209685,0.443096,-0.133716,0,0
0,1,0,0.489058,-0.259183,0.112158,0.458917,0,0
0,1,0,3.821744,2.896992,3.554704,0.970525,3,1
1,0,0,0.151161,-0.085192,-0.488365,-0.188565,0,0
1,0,0,5.26568,7.278509,1.891632,-1.777782,3,1
0,0,1,4.054499,0.117307,1.832066,0.16178,1,0
0,0,1,0.432351,0.288919,-0.339534,0.468492,0,0
0,1,0,5.558907,0.700699,3.299295,-0.263233,2,1
0,1,0,4.951544,0.368135,1.972311,-0.315591,1,0
1,0,0,1.236999,0.85077,2.171133,-0.239989,0,0
1,0,0,-0.586507,-0.245117,-0.153296,-0.157609,0,0
1,0,0,1.951005,1.626365,2.540907,2.029822,2,1
0,0,1,0.273811,0.150248,-0.697194,0.139854,0,0
0,1,0,3.922387,0.545501,3.2907,0.453151,2,1
0,1,0,2.296381,4.217834,2.333629,-2.199856,2,1
0,0,1,-0.043244,0.559248,2.830884,-0.208379,1,0
0,0,1,3.537458,2.924173,3.377433,3.411792,4,1
0,0,1,0.159755,-0.458313,0.294351,-0.021752,0,0
1,0,0,0.438424,0.110985,0.300092,0.026756,0,0
0,1,0,0.907192,1.122175,0.987762,-0.152311,0,0
0,1,0,-0.182891,0.638551,-0.316785,-0.01851,0,0
1,0,0,1.682825,2.657816,4.350463,1.895907,3,1
0,1,0,1.522231,-0.120053,1.553885,-0.301827,0,0
0,0,1,0.02316,1.108046,2.106463,0.382152,0,0
1,0,0,3.76661,4.254155,8.624339,-2.098256,4,1
1,0,0,0.015095,0.026091,0.139168,-0.097769,0,0
1,0,0,1.86989,3.944697,1.736278,1.589828,2,1
0,1,0,0.668552,3.270824,4.12418,-4.76937,3,1
1,0,0,4.366402,2.204945,2.150423,0.403337,1,0
0,0,1,3.331127,3.714602,2.508277,-2.997901,4,1
0,1,0,1.653656,0.68941,1.622719,0.00331,0,0
0,0,1,0.860707,0.063692,0.153199,-0.086021,0,0
1,0,0,-0.250336,0.132601,0.734177,-0.083976,0,0
1,0,0,5.231552,0.783845,0.276458,-0.165846,1,0
0,1,0,0.023638,0.56303,0.744612,0.08983,0,0
0,1,0,1.602545,4.256045,3.039125,1.110662,2,1
0,1,0,-0.405838,-0.077983,1.014941,-0.202514,0,0
0,0,1,3.865026,1.726356,2.328877,3.393221,2,1
0,0,1,0.363923,0.646205,1.622441,0.246716,0,0
1,0,0,1.821367,0.707226,6.86309,0.976077,1,0
0,0,1,0.161635,-0.416469,0.330315,-0.070719,0,0
1,0,0,5.618804,4.837558,5.888068,-2.160306,4,1
1,0,0,5.719945,0.300764,4.56497,-0.527061,2,1
1,0,0,1.174289,2.502158,7.368019,0.525685,2,1
0,1,0,0.744049,0.349385,1.376007,0.563655,0,0
1,0,0,0.432509,-0.81087,-0.12665,0.118134,0,0
0,0,1,3.427718,2.48773,4.191895,0.992674,2,1
0,0,1,0.44706,0.463555,1.485343,-0.514807,0,0
1,0,0,2.755335,0.616403,1.411445,0.084274,1,0
1,0,0,3.102318,0.935645,3.295418,1.431692,2,1
0,1,0,5.211093,5.597543,8.972814,-1.105153,3,1
0,0,1,3.129213,2.767986,5.145994,0.168129,3,1
0,0,1,1.703986,2.323014,2.978562,0.911673,1,0
0,1,0,1.490697,0.939314,1.574913,-0.117514,0,0
0,0,1,0.150763,-0.019344,0.031182,-0.073309,0,0
1,0,0,2.28421,3.044231,2.072954,4.00874,2,1
0,0,1,-0.065124,-0.371338,0.417297,-0.092581,0,0
0,0,1,1.527857,1.352873,4.486335,0.777557,1,0
0,0,1,1.455457,2.030071,6.999894,1.030509,1,0
1,0,0,0.443035,0.761657,1.371631,1.156193,0,0
0,0,1,3.233213,2.334437,2.855854,-0.042745,2,1
0,1,0,5.717481,7.388724,2.801147,-0.422126,3,1
0,1,0,1.950062,0.983106,1.010152,-0.40692,0,0
0,0,1,-0.124337,0.342149,0.444204,-0.084802,0,0
1,0,0,5.274885,3.64815,2.825859,-0.76434,3,1
0,0,1,0.151748,0.274575,-0.02916,-0.153402,0,0
0,1,0,1.675438,1.585054,6.374548,0.176411,1,0
0,0,1,1.288304,1.204567,1.541818,-0.046013,0,0
1,0,0,2.899703,4.202911,2.23553,-2.67362,3,1
1,0,0,3.664377,3.654331,1.716223,0.027668,2,1
1,0,0,0.462347,0.80613,0.824253,0.32046,0,0
0,1,0,4.045108,0.149854,2.419694,-0.735518,1,0
0,0,1,3.59583,0.953298,0.81806,-0.310711,1,0
0,0,1,0.889687,0.428322,1.556607,0.449526,0,0
0,0,1,1.580427,0.805173,2.215559,0.063381,0,0
1,0,0,6.002894,5.715993,4.496136,-1.040528,3,1
0,0,1,0.491907,0.551026,-0.035077,0.026932,0,0
0,1,0,3.585945,0.645924,4.649333,-0.634033,2,1
1,0,0,2.057772,3.679324,0.892242,-4.281044,2,1
0,1,0,4.547691,4.19933,5.756481,-1.567326,4,1
1,0,0,0.092798,0.82342,0.232738,0.370894,0,0
0,1,0,0.534947,-0.049375,0.297077,0.182881,0,0
0,1,0,-0.473193,0.816931,-0.06766,0.379298,0,0
0,1,0,2.303393,0.701534,1.021608,0.069091,0,0
0,0,1,3.746973,6.529877,5.794278,-1.402711,3,1
1,0,0,3.942868,0.199008,4.362514,-0.187655,2,1
1,0,0,0.429979,0.357366,-0.173538,0.082404,0,0
1,0,0,0.962501,1.283531,0.464065,-0.128913,0,0
0,0,1,-0.307305,2.430921,1.996637,-0.948321,0,0
1,0,0,-0.017319,-0.041999,0.207107,0.045849,0,0
0,1,0,-0.4474,-0.016289,-0.033374,-0.046334,0,0
0,1,0,2.085199,0.354495,1.486062,0.097165,0,0
0,0,1,3.42973,4.467188,6.201785,-2.086772,4,1
0,1,0,4.191385,5.56755,4.070598,-3.222909,4,1
0,0,1,-0.330804,-0.250807,0.405194,-0.027618,0,0
0,1,0,0.968774,1.909068,2.634489,-0.155567,1,0
1,0,0,0.843343,0.748378,0.528614,0.066947,0,0
1,0,0,2.791981,3.003857,2.578021,1.886842,4,1
1,0,0,1.642237,1.76529,4.231652,0.922386,1,0
0,1,0,-0.253877,0.886536,0.302894,0.20768,0,0
0,0,1,2.649355,0.563442,3.121265,0.924311,2,1
1,0,0,2.68198,0.768059,1.275644,-0.229956,1,0
1,0,0,2.243061,-0.013113,2.395806,3.597541,1,1
0,1,0,2.813419,3.345119,3.429401,0.222613,3,1
1,0,0,1.602387,1.326082,4.991201,-0.029758,1,0
0,0,1,1.128714,2.2738,2.825052,0.169497,1,0
0,0,1,-0.00586,0.90608,-0.257669,0.049255,0,0
1,0,0,3.628795,3.183323,2.22765,-2.386966,3,1
1,0,0,0.114256,0.529882,0.097577,-0.306442,0,0
1,0,0,4.427995,4.053519,3.298484,-0.808749,3,1
0,1,0,4.234078,4.272268,5.117413,-1.384174,3,1
1,0,0,-0.275493,-0.130009,0.084945,0.008442,0,0
1,0,0,3.167315,1.37701,3.744304,-1.134616,2,1
0,0,1,2.944635,1.361405,3.181761,0.293119,2,1
0,1,0,1.575932,2.4738,5.682615,-0.258786,1,0
1,0,0,1.102338,0.132404,1.238116,-0.111918,0,0
0,1,0,5.565639,0.45046,1.78226,0.20031,1,0
0,1,0,0.56007,0.619437,0.321309,-0.178051,0,0
0,0,1,0.876743,0.509568,-0.648881,0.090364,0,0
0,1,0,0.560404,-0.260015,0.083021,0.113284,0,0
0,1,0,2.481945,3.391879,4.215579,3.280875,3,1
0,0,1,0.79842,-0.085578,0.895738,-0.076931,0,0
0,1,0,-0.257122,0.340733,0.068578,0.05554,0,0
0,1,0,-0.065668,0.226984,0.034715,-0.171734,0,0
0,0,1,6.513229,5.71394,1.991079,-1.185502,2,1
0,1,0,4.596526,0.527687,4.181875,-0.32558,2,1
0,1,0,3.860579,0.490284,3.251281,0.228591,2,1
0,1,0,3.587408,1.803281,6.591409,0.23532,2,1
0,1,0,2.085179,-0.31839,-0.104753,-0.337409,0,0
0,1,0,0.802398,0.014803,0.12979,0.031364,0,0
0,1,0,0.180841,0.004436,0.924176,-0.108618,0,0
0,1,0,2.076803,0.450131,5.654522,0.448862,1,0
0,1,0,3.419111,3.675994,4.134157,3.626024,4,1
1,0,0,-0.065021,0.184247,0.190099,-0.05063,0,0
0,1,0,4.003536,4.793752,3.002499,-1.14673,3,1
0,0,1,0.34279,0.372413,-0.109721,0.289577,0,0
1,0,0,1.390332,0.930288,2.199244,-0.013486,0,0
1,0,0,0.163955,0.447658,0.066744,0.23152,0,0
1,0,0,0.59994,0.027501,0.017767,0.699657,0,0
0,1,0,4.144945,0.185681,0.55877,0.117344,1,0
0,1,0,-0.827498,-0.090985,0.63113,-0.044188,0,0
1,0,0,3.15649,2.633983,2.590341,1.482286,3,1
0,1,0,1.191451,0.440188,0.270627,-0.031188,0,0
0,1,0,1.004044,1.064939,1.513283,0.848384,0,0
0,1,0,-0.469921,0.252529,0.38521,-0.249249,0,0
1,0,0,-0.130325,0.133311,0.880246,-0.025941,0,0
1,0,0,-0.202805,0.344653,-0.177677,0.22949,0,0
0,1,0,-0.199486,0.322537,-0.196247,-0.15734,0,0
0,1,0,0.887027,0.087204,0.385158,0.183817,0,0
0,1,0,-0.2895,0.154564,0.031376,0.354496,0,0
0,0,1,0.438231,0.873492,0.623796,-0.073896,0,0
0,0,1,3.193799,1.116876,2.873058,2.589762,3,1
0,1,0,2.425043,3.206654,6.066363,-1.97886,3,1
0,0,1,1.994939,1.819598,4.208186,0.333101,1,0
0,0,1,4.426657,6.932764,5.459383,-0.299093,3,1
1,0,0,0.214811,-0.517346,0.227433,-0.022195,0,0
0,1,0,-0.162692,0.191313,-0.673218,0.315865,0,0
0,0,1,4.568798,-0.203671,2.667691,-0.141232,2,1
0,0,1,-0.12938,-0.039618,0.609319,-0.211692,0,0
1,0,0,0.811157,0.408997,2.929115,0.020806,1,0
0,0,1,0.418174,-0.528207,0.155886,0.045938,0,0
0,1,0,-0.908128,0.337523,-0.062776,0.124307,0,0
0,0,1,0.228439,0.074109,-0.184804,0.724465,0,0
0,1,0,0.214493,0.594737,-0.019788,-0.181273,0,0
1,0,0,-0.092574,-0.152585,0.696587,0.067008,0,0
0,0,1,0.300612,-0.13114,0.053691,0.015244,0,0
0,1,0,1.823605,2.628636,3.44432,1.017621,2,1
1,0,0,1.075975,0.361771,0.93852,0.340992,0,0
0,0,1,0.88936,0.310238,-0.143572,-0.141028,0,0
0,1,0,0.897582,0.138589,0.228291,0.135376,0,0
1,0,0,1.632538,2.656054,3.738023,0.889366,2,1
1,0,0,6.521497,6.125627,6.227264,-2.382634,4,1
0,1,0,-0.069682,-0.356305,-0.308201,0.118037,0,0
0,0,1,3.099948,4.01747,3.954996,3.764011,4,1
0,0,1,1.261764,0.900341,0.591995,0.289539,0,0
1,0,0,2.018333,1.624396,1.891482,0.394431,0,0
0,1,0,3.849126,0.685267,1.100572,-0.211667,1,0
0,0,1,2.893686,0.045853,1.207952,-0.184678,1,0
0,0,1,3.882751,4.09905,5.636093,-1.050359,3,1
0,0,1,1.05526,-0.19459,0.508069,-0.114559,0,0
1,0,0,0.441845,0.002424,0.242639,-0.281884,0,0
0,0,1,-0.15008,0.455256,0.098609,0.420177,0,0
1,0,0,0.473752,0.62803,0.414211,-0.088113,0,0
0,1,0,0.590689,1.143534,2.001809,-0.20719,0,0
0,1,0,3.635227,3.132,2.915228,4.526786,4,1
1,0,0,2.670325,1.277333,5.08954,1.360199,2,1
0,1,0,2.916668,3.503018,3.457473,1.048656,3,1
1,0,0,3.374611,2.040715,4.461607,1.66451,3,1
1,0,0,4.504829,0.415587,2.626586,-0.366476,2,1
1,0,0,2.210119,3.192122,3.160548,-0.160823,2,1
1,0,0,2.016901,0.974611,0.541046,0.22457,0,0
1,0,0,6.631043,2.152717,3.414414,2.69501,3,1
0,1,0,-0.585373,-0.129493,-0.128198,0.11387,0,0
0,1,0,0.247686,-0.204724,0.161419,-0.08667,0,0
0,0,1,2.515201,1.939112,3.133517,3.635716,3,1
0,1,0,6.533374,6.408738,4.420391,-1.630482,4,1
0,1,0,0.18649,0.420028,0.395729,0.185781,0,0
0,0,1,4.0359,1.997877,3.243885,2.379182,3,1
0,0,1,2.120266,0.642117,2.112038,-0.284864,0,0
0,0,1,5.043948,1.700856,2.02017,2.799213,2,1
1,0,0,1.733462,0.963598,2.47159,-0.428948,0,0
0,1,0,0.196655,-0.050795,-0.412534,-0.045425,0,0
0,0,1,0.318262,0.585517,0.183347,-0.093504,0,0
1,0,0,4.536767,3.090994,3.26788,3.932608,4,1
1,0,0,4.341215,0.756464,0.632183,1.135526,1,0
1,0,0,3.704819,2.226833,3.055733,3.473033,3,1
0,0,1,0.824868,0.234667,1.352238,0.007674,0,0
1,0,0,1.831399,0.41641,0.876856,-0.25398,0,0
1,0,0,-0.250357,-0.170165,0.948143,-0.134411,0,0
0,1,0,-0.278315,0.034239,0.157797,0.409555,0,0
0,1,0,1.307689,0.574499,1.913876,0.395069,0,0
0,0,1,1.968748,2.929829,4.831063,0.154642,2,1
0,1,0,1.501993,0.699123,3.270003,-3.434074,2,1
0,1,0,3.01819,4.357276,3.843843,4.046516,4,1
0,1,0,3.413523,1.165298,3.770347,1.434239,2,1
1,0,0,1.905625,2.794288,4.343774,-0.004307,2,1
1,0,0,4.212904,0.190501,1.146655,-0.24284,1,0
0,0,1,-0.316563,0.231834,0.103126,0.194156,0,0
0,0,1,0.205005,0.119153,-0.56468,-0.074248,0,0
0,1,0,3.536358,3.226871,2.243999,2.041454,3,1
0,1,0,0.433564,0.423946,-0.506819,0.011556,0,0
0,0,1,0.256225,-0.371173,0.949877,0.084955,0,0
1,0,0,0.152299,-0.240397,0.392036,0.003997,0,0
0,0,1,-0.096154,0.0351,-0.554457,0.005991,0,0
0,0,1,4.048369,7.017018,4.63558,-3.067315,4,1
0,1,0,4.969478,2.842577,3.786631,2.043795,4,1
0,1,0,-0.232722,0.237338,0.109138,0.15171,0,0
0,0,1,1.238479,0.615862,3.185187,0.723588,1,0
0,0,1,6.400092,4.096456,4.378549,-0.808161,3,1
1,0,0,0.395934,1.072255,2.99638,0.036946,1,0
0,0,1,0.99048,2.511194,2.833369,-3.034515,3,1
0,0,1,0.447222,0.386316,0.334814,-0.218878,0,0
0,1,0,-0.337769,0.82283,0.542145,0.126742,0,0
1,0,0,1.380418,1.085872,2.473338,0.075436,0,0
0,0,1,0.157658,0.520508,0.243605,0.145438,0,0
1,0,0,3.44827,2.542085,3.724019,3.764786,4,1
1,0,0,3.27664,2.163072,3.487778,3.608618,3,1
0,0,1,-0.267194,-0.327272,0.275529,0.288321,0,0
0,1,0,0.598602,0.284991,-0.063194,0.113146,0,0
0,0,1,4.294257,4.412328,3.50743,-1.577463,4,1
0,0,1,2.340621,2.58787,2.674341,0.84003,2,1
0,0,1,2.312315,3.006611,3.241742,0.864558,2,1
0,0,1,1.007279,1.699859,0.935607,0.914334,0,0
0,1,0,0.545696,1.326731,1.450764,0.273046,0,0
0,1,0,0.791135,0.938649,0.986619,0.099785,0,0
0,1,0,3.930923,4.800623,3.735369,2.24644,4,1
1,0,0,1.283523,0.8005,2.719005,-0.05475,1,0
0,1,0,1.213465,1.106193,3.686284,0.45855,1,0
0,0,1,1.431057,-0.367304,1.54941,0.337227,0,0
1,0,0,0.703735,0.352876,0.856783,-0.269652,0,0
0,1,0,1.784407,1.296378,1.807577,0.089844,0,0
1,0,0,3.715602,2.495851,2.420927,3.510873,2,1
1,0,0,2.009882,2.220883,4.418517,0.605976,1,0
0,0,1,0.76102,1.218827,6.482678,-0.334324,1,0
1,0,0,0.221092,0.025632,0.01054,0.060308,0,0
0,0,1,-0.345433,0.24523,0.381045,0.292202,0,0
0,1,0,-0.847449,-0.553939,0.58324,0.051062,0,0
0,0,1,-0.113451,0.343863,-0.018573,-0.193941,0,0
0,1,0,2.622574,3.989491,2.6047,1.08678,3,1
0,1,0,2.208708,5.485547,4.965926,-1.720314,3,1
0,0,1,3.97248,4.398508,4.252937,-0.565799,3,1
1,0,0,0.178371,-0.020251,0.109451,-0.035921,0,0
0,0,1,1.246126,2.915157,2.485987,-2.644987,2,1
0,0,1,0.612952,0.055635,-1.255151,0.015418,0,0
1,0,0,0.745618,0.219118,0.237283,-0.145274,0,0
0,1,0,0.03591,-0.077282,0.228908,0.123842,0,0
0,1,0,2.893389,4.632447,3.892788,-0.296093,3,1
0,0,1,0.578399,0.503839,-0.029556,0.290727,0,0
0,1,0,2.825638,0.251275,0.790184,0.18491,1,0
0,0,1,0.452601,1.66508,1.514811,-0.241405,0,0
0,1,0,0.705278,0.506303,-0.74495,0.238142,0,0
0,1,0,3.674136,0.355964,2.853855,-0.612429,2,1
1,0,0,-0.017132,-0.161349,-0.48247,0.006291,0,0
0,0,1,0.377279,0.181945,0.243416,-0.133269,0,0
0,1,0,0.542599,0.374712,-0.195122,0.223782,0,0
0,0,1,0.823228,2.032584,0.648727,-0.024891,0,0
0,0,1,4.846232,0.761652,0.691808,-0.537156,1,0
1,0,0,-0.141106,-0.129141,-0.731689,0.218221,0,0
0,0,1,-0.451258,0.123846,-0.087727,0.053087,0,0
1,0,0,-0.437359,0.512652,-0.616729,-0.235157,0,0
0,0,1,0.192224,0.324276,-0.343962,-0.31203,0,0
0,0,1,0.974964,2.132508,3.445937,0.417281,1,0
0,1,0,3.424196,1.606587,3.265868,3.592758,3,1
1,0,0,1.75101,2.367988,2.723468,0.943652,1,0
0,1,0,5.168806,6.52983,5.54319,-0.650459,3,1
0,0,1,-1.124126,-0.429927,0.11022,0.195186,0,0
0,1,0,1.629479,-0.158978,2.018465,-0.322791,0,0
0,1,0,5.724695,3.172369,6.306958,-2.010247,4,1
0,0,1,0.810574,0.463807,-0.503608,-0.263106,0,0
0,1,0,-0.658528,-0.586302,-0.787072,-0.182597,0,0
0,0,1,3.879488,4.957301,3.408058,-2.508279,4,1
1,0,0,2.148259,-0.403648,5.548811,0.237023,1,0
0,0,1,6.763137,2.106182,5.825933,-2.225314,3,1
0,1,0,4.175223,0.307403,2.237706,-0.656764,1,0
1,0,0,2.269028,3.253599,2.771605,1.315004,2,1
0,1,0,5.793665,1.734081,1.869545,3.035036,2,1
0,1,0,1.114835,-0.690683,1.133606,0.775021,0,0
0,1,0,-0.003594,0.374631,-0.110756,-0.37697,0,0
0,0,1,0.761058,0.060504,-0.321558,-0.180918,0,0
0,1,0,3.164993,2.976419,4.19308,1.426046,3,1
0,0,1,1.964104,0.761261,4.673766,0.587312,1,0
0,0,1,3.243529,0.156138,3.07743,-0.033141,2,1
1,0,0,0.705488,0.725081,2.473932,-0.029922,0,0
0,1,0,1.814382,0.380125,2.234063,-0.149383,0,0
1,0,0,2.436873,4.621416,1.374405,-3.058845,2,1
0,1,0,1.988103,3.074598,3.385647,-2.654334,3,1
0,0,1,1.587173,3.083992,3.880741,3.974713,3,1
0,0,1,6.37926,0.68748,1.390627,-0.403447,1,0
0,1,0,4.360018,5.935692,4.336592,-1.275936,3,1
0,1,0,1.780451,4.710062,3.951196,2.68741,3,1
0,0,1,0.193788,0.986324,-0.120444,-0.229435,0,0
1,0,0,-1.043936,0.313919,-0.545243,0.35709,0,0
1,0,0,0.91355,2.600127,3.668451,0.58956,2,1
1,0,0,0.010089,0.006927,0.442911,0.14218,0,0
1,0,0,0.574478,-0.151736,1.316039,-0.163686,0,0
0,0,1,-0.079189,-0.156986,2.34358,0.4713,0,0
0,1,0,3.392405,2.062713,3.127721,1.333795,2,1
0,0,1,0.086934,0.494749,0.59531,0.571859,0,0
1,0,0,0.691279,0.006594,-0.471266,-0.140995,0,0
0,1,0,1.988077,1.247735,1.593249,-0.340109,0,0
1,0,0,0.282267,1.441107,1.642679,0.097264,0,0
0,1,0,1.561817,0.436076,2.577946,0.877823,1,0
0,0,1,-0.367012,0.068222,0.339848,-0.020479,0,0
1,0,0,2.548332,4.267767,3.907681,1.104438,3,1
0,0,1,0.562082,2.748963,2.962428,-1.04166,2,1
1,0,0,0.41861,0.545898,-0.034936,0.027249,0,0
0,1,0,-0.565261,0.253531,0.665681,-0.097075,0,0
0,1,0,2.364699,1.89739,2.255615,1.673311,1,0
0,1,0,0.261698,1.099141,-0.327919,-0.126371,0,0
0,1,0,4.077824,2.697318,2.597839,3.1654,4,1
0,0,1,0.065491,-0.051413,0.113626,-0.226449,0,0
0,1,0,1.481291,-0.175655,0.995774,0.246353,0,0
0,1,0,4.681496,4.124833,3.509299,4.800691,4,1
0,1,0,1.582563,1.219878,2.45816,1.361258,0,0
0,0,1,0.027529,0.176762,1.115681,0.364773,0,0
1,0,0,0.460406,0.684209,1.314843,-0.580204,0,0
0,0,1,0.426568,0.561785,-0.02532,0.236172,0,0
1,0,0,-0.546586,-0.41586,0.217088,-0.210475,0,0
0,1,0,0.003022,-0.557819,0.42115,0.298627,0,0
0,0,1,0.835837,0.056579,-0.256162,-0.023018,0,0
0,0,1,-0.558451,0.336381,-0.051402,0.199905,0,0
0,1,0,2.602197,1.258799,4.725177,0.953972,2,1
0,1,0,5.978352,5.302109,5.856424,-1.173791,3,1
0,0,1,0.34502,0.369082,-0.295612,-0.285012,0,0
0,0,1,1.419673,0.455861,0.600532,0.839535,0,0
1,0,0,3.237767,1.623145,1.993385,3.176346,2,1
1,0,0,5.287708,0.085869,1.799132,-0.406003,1,0
0,1,0,0.201219,0.80341,-0.413593,0.339861,0,0
1,0,0,4.875418,-0.682068,3.338345,-0.246943,2,1
0,0,1,0.745528,0.355368,2.779736,1.134792,1,0
1,0,0,0.879454,0.127674,-0.123789,-0.291639,0,0
0,0,1,-0.339834,0.550109,1.223655,-0.245177,0,0
0,0,1,4.463949,4.818737,6.335799,-3.01689,4,1
0,1,0,3.238891,2.682412,2.324498,0.694447,2,1
0,1,0,4.567886,0.399099,3.086617,-0.473185,2,1
0,0,1,1.778992,1.149738,3.143688,0.156683,1,0
0,1,0,-0.727718,0.35188,-0.258126,0.081823,0,0
0,1,0,1.827275,0.842673,1.10625,-0.28111,0,0
0,0,1,2.751944,2.457703,2.200024,-0.211426,1,0
0,1,0,5.535732,1.715888,6.9332,-1.830756,3,1
0,1,0,4.126696,1.121728,3.168176,-0.056259,2,1
0,0,1,2.427315,4.575819,2.205589,-3.907202,2,1
0,1,0,0.165302,1.414933,0.627011,0.301101,0,0
0,1,0,2.962853,5.722978,4.416794,-0.134315,3,1
0,0,1,-0.570221,-0.23497,0.197371,-0.114183,0,0
0,0,1,6.251329,2.166968,2.515856,-1.405596,2,1
0,1,0,0.418522,-0.021989,-0.053231,-0.046054,0,0
0,0,1,1.266774,1.232807,1.239375,0.175656,0,0
0,0,1,1.937009,1.953717,2.794214,-2.377044,2,1
1,0,0,3.523945,0.099504,1.887597,-0.097182,1,0
1,0,0,3.668757,2.837205,4.050622,1.337732,3,1
1,0,0,0.050412,0.433234,0.44078,0.089006,0,0
0,1,0,3.724499,3.769985,4.159778,2.840299,4,1
0,1,0,6.852441,6.401323,4.578643,-1.483323,3,1
0,0,1,0.192725,0.47783,-0.445893,0.124449,0,0
0,1,0,1.152334,1.492919,1.58366,0.365749,0,0
1,0,0,1.958405,0.733182,0.934686,-0.004981,0,0
0,1,0,-0.586061,-0.549253,0.377499,-0.177224,0,0
0,1,0,2.944055,1.453359,-0.130031,2.689117,2,1
1,0,0,0.476278,0.497882,-0.161764,0.4444,0,0
1,0,0,1.80458,0.77624,0.859116,-0.03473,0,0
1,0,0,0.126716,1.213342,2.989503,0.228312,1,0
0,1,0,-0.04948,0.591799,0.068528,0.089355,0,0
1,0,0,0.421075,1.217275,0.44765,0.417518,0,0
0,1,0,1.957942,0.582378,2.971842,0.775665,1,0
0,1,0,-0.081515,0.080149,0.46882,0.118294,0,0
0,1,0,0.051218,0.037051,0.016014,-0.062292,0,0
0,0,1,1.296668,0.762419,2.974522,0.303087,1,0
1,0,0,4.585875,0.336669,4.018618,-0.297827,2,1
0,0,1,4.127577,2.679106,3.288415,-1.555492,4,1
0,1,0,0.715546,0.758314,0.264943,-0.300252,0,0
0,1,0,2.77968,0.444978,2.45112,0.019054,1,0
0,0,1,1.028346,0.497566,5.922361,0.441138,1,0
0,1,0,1.203702,0.251959,2.138517,-0.462169,0,0
0,0,1,1.121447,4.864984,0.636461,-4.122759,2,1
0,0,1,3.654894,1.711625,2.340816,1.960209,2,1
1,0,0,4.295945,0.541834,2.977704,-0.814931,2,1
0,0,1,1.077236,2.926553,2.092724,-3.431356,2,1
0,1,0,0.671228,0.927839,1.333067,0.078998,0,0
1,0,0,0.472572,-0.17885,0.447343,-0.367858,0,0
1,0,0,0.457762,-0.118817,0.346016,-0.400667,0,0
1,0,0,1.702137,0.44665,1.038617,-0.117665,0,0
0,1,0,4.076007,3.0366,3.039259,3.644236,4,1
0,0,1,0.35036,0.220795,-0.117495,0.044167,0,0
0,0,1,-0.351365,0.26263,-0.41369,0.055301,0,0
0,0,1,0.403538,-0.295366,0.171942,-0.256158,0,0
0,0,1,0.727625,0.223493,0.451592,0.06543,0,0
0,0,1,1.463372,1.442413,0.829405,0.265624,0,0
1,0,0,3.41112,3.813724,2.556081,0.682715,3,1
0,1,0,4.725009,7.060427,4.490149,-1.420929,3,1
0,1,0,-0.123105,-0.401103,1.541832,0.006067,0,0
1,0,0,0.292396,0.399867,0.053465,-0.298515,0,0
0,0,1,2.724037,2.35774,3.20194,0.104162,2,1
0,1,0,1.031586,1.817443,2.635954,0.477366,1,0
0,1,0,3.32449,3.115453,2.747275,2.776542,4,1
0,1,0,0.606708,0.055764,-0.130429,-0.216352,0,0
0,1,0,1.367696,1.152127,3.057532,-0.174468,1,0
0,1,0,2.465563,0.174683,0.647404,0.29805,0,0
0,1,0,-0.255122,0.412631,-0.240754,0.064976,0,0
1,0,0,0.586247,0.665771,1.878307,0.020333,0,0
0,0,1,4.24768,2.100887,2.728192,3.658478,3,1
0,1,0,5.482216,6.677548,4.041191,-0.868979,3,1
0,0,1,0.178402,0.938803,-0.030625,-0.108312,0,0
0,1,0,-0.097007,-0.79782,-0.367203,-0.185578,0,0
0,1,0,1.156657,4.695496,1.377454,-3.115916,2,1
0,1,0,1.125793,0.159729,0.739257,-0.204509,0,0
1,0,0,-0.773299,-0.148926,0.491826,0.021464,0,0
0,0,1,0.714509,-0.13718,0.961953,0.811364,0,0
0,0,1,-0.411105,-0.240351,-0.5721,-0.173334,0,0
0,1,0,1.744072,0.729534,1.819942,-0.328524,0,0
0,1,0,-0.677951,0.211742,-0.060425,0.304789,0,0
0,0,1,1.572753,3.41801,3.178899,1.047565,2,1
1,0,0,3.538731,2.151166,3.480917,2.546206,3,1
1,0,0,2.399557,0.104854,1.823114,-0.678847,0,0
0,0,1,3.873636,-0.116375,2.697308,0.086711,2,1
0,0,1,0.163781,0.149692,-0.074222,0.026549,0,0
1,0,0,0.41299,0.262975,2.318994,0.414488,0,0
0,1,0,2.925465,-0.679755,1.040014,0.325869,1,0
0,1,0,-0.001625,-0.394305,0.207388,0.004068,0,0
0,1,0,0.591423,0.968462,0.371888,-0.378735,0,0
0,0,1,2.738118,0.649331,5.566447,1.500378,3,1
1,0,0,0.4028,0.412931,-0.041309,0.102751,0,0
0,0,1,-0.424897,-0.665574,0.376405,-0.112646,0,0
0,1,0,0.548386,0.603112,2.107069,0.125408,0,0
0,1,0,1.858541,3.656588,3.104973,-3.573908,3,1
0,1,0,1.201289,0.150867,0.26691,-0.371936,0,0
0,1,0,0.498567,0.606973,0.00918,-0.099297,0,0
0,0,1,0.311116,0.842283,1.269693,0.241207,0,0
1,0,0,0.260833,0.286167,0.442072,0.279412,0,0
0,0,1,3.449912,1.476088,2.990127,3.147824,3,1
0,0,1,1.599275,0.548546,0.990082,0.366993,0,0
1,0,0,0.120708,0.202822,0.823756,0.27415,0,0
0,1,0,0.635581,0.145462,0.529599,0.159003,0,0
0,0,1,-0.226654,-0.105076,0.825427,-0.07357,0,0
0,0,1,1.044487,0.399304,0.151125,0.106766,0,0
1,0,0,2.873637,0.910401,4.882216,1.956465,3,1
0,0,1,5.472295,5.489964,6.708457,-1.389853,3,1
0,0,1,0.351576,0.151244,-0.373084,-0.27553,0,0
0,0,1,2.064046,1.715792,5.172458,1.278158,1,0
1,0,0,1.067801,1.037032,1.742535,0.404842,0,0
1,0,0,1.215205,1.273653,7.249906,0.366037,1,0
0,1,0,-0.139467,0.059045,-0.11437,0.146405,0,0
1,0,0,1.764751,2.100546,2.458661,1.278285,0,0
1,0,0,3.60529,-0.133454,1.726361,0.180598,1,0
0,1,0,4.008716,3.978784,3.172494,2.589232,4,1
1,0,0,1.878153,1.375088,1.679283,0.578935,0,0
0,1,0,-0.092899,-0.047459,-0.100493,-0.121954,0,0
0,1,0,0.534374,0.364114,1.729837,0.2791,0,0
1,0,0,2.585502,3.441536,5.402988,1.631142,4,1
0,1,0,0.480899,-0.010379,-0.136297,0.117189,0,0
0,0,1,1.186209,-0.202085,2.646432,0.275744,1,0
0,1,0,5.653625,0.960597,1.396499,0.022693,1,0
0,0,1,0.040702,0.425597,0.086855,0.170701,0,0
0,0,1,3.877616,6.139636,5.848825,-0.407394,3,1
0,0,1,6.097724,2.516737,5.50877,-1.377174,3,1
0,1,0,2.988386,3.775413,2.300422,0.353019,2,1
1,0,0,3.034938,2.876666,4.378366,2.296739,4,1
0,0,1,0.669942,0.563801,2.866752,-0.440733,1,0
1,0,0,0.075946,0.356626,-0.661362,-0.043161,0,0
0,1,0,4.976118,4.027637,5.761239,-1.517779,4,1
0,1,0,0.985009,1.40559,1.634541,-0.456626,0,0
0,0,1,2.154072,0.707623,1.989349,0.16558,0,0
1,0,0,-0.241656,0.438588,0.413116,0.036367,0,0
1,0,0,0.530529,1.76544,0.821966,0.018175,0,0
0,1,0,0.574944,0.526546,-0.230878,0.006829,0,0
0,1,0,2.322261,0.819204,0.523278,-1.86922,1,0
1,0,0,0.251916,0.211181,0.039354,0.116775,0,0
0,1,0,-0.464683,-0.319488,0.595874,0.275207,0,0
1,0,0,1.792861,1.327141,2.395277,0.985697,0,0
0,0,1,2.363812,0.413037,1.153741,0.309246,0,0
0,0,1,1.805977,1.609464,2.51499,-0.436324,1,0
0,1,0,4.158233,3.577899,4.075763,-2.266174,4,1
0,0,1,3.7048,0.730958,3.583625,-0.250641,2,1
1,0,0,1.244784,0.425519,-0.684049,0.411734,0,0
0,0,1,-0.115396,0.097708,0.035335,0.138963,0,0
0,0,1,0.198568,-0.475163,0.43512,0.358922,0,0
0,0,1,-0.305273,0.070564,0.82088,0.13859,0,0
1,0,0,0.31584,-0.058037,0.597198,-0.252956,0,0
0,0,1,0.584314,1.949251,1.697195,-1.695598,1,0
0,0,1,-0.429869,0.904079,-0.884059,-0.43237,0,0
1,0,0,2.086696,7.008187,4.440357,-1.338763,2,1
0,0,1,0.073029,0.460472,0.074546,0.020965,0,0
0,0,1,2.362869,3.157926,2.121644,3.910644,2,1
0,0,1,4.533661,0.624351,4.009952,-0.321656,2,1
0,0,1,-0.435243,0.127002,-0.016038,0.298007,0,0
0,1,0,0.862488,1.282682,1.872227,0.420149,0,0
0,1,0,5.232161,-0.189569,2.400909,-0.282036,1,0
0,0,1,-1.310297,-0.18992,-0.203201,-0.255605,0,0
1,0,0,0.391374,-0.213676,-0.509144,-0.059983,0,0
0,0,1,1.053829,1.380254,4.543302,0.651436,1,0
1,0,0,0.300673,1.900317,2.313335,0.301306,0,0
0,1,0,0.536999,0.511122,0.174738,0.188555,0,0
0,0,1,2.941468,1.681345,3.384399,2.059454,3,1
0,0,1,0.282375,0.076929,1.029377,0.024504,0,0
1,0,0,3.849807,1.549839,4.228986,1.891788,3,1
0,1,0,0.248844,0.745311,-0.105043,-0.298804,0,0
0,0,1,2.522594,3.011768,2.372044,-4.529467,3,1
0,1,0,0.741268,0.696003,1.179669,-0.0925,0,0
1,0,0,0.035524,0.197998,-0.050636,0.357074,0,0
0,0,1,2.669287,6.09412,2.932995,-2.424867,4,1
0,0,1,0.966537,-0.009412,1.569178,0.205629,0,0
0,0,1,2.326197,1.406462,1.978663,1.243521,0,0
1,0,0,4.214791,2.42137,4.765917,2.425897,3,1
0,0,1,0.476401,0.017379,0.313411,0.409674,0,0
0,0,1,2.786011,4.488904,5.255257,-1.033518,3,1
0,1,0,-0.443187,0.014009,0.111613,0.30073,0,0
0,1,0,-0.734777,-0.03844,-0.025794,-0.002016,0,0
0,1,0,0.428313,-0.174809,-0.207489,0.319176,0,0
1,0,0,1.717739,1.460354,1.631807,-3.296694,1,1
1,0,0,0.491512,0.117444,0.139418,-0.004178,0,0
0,1,0,-0.514797,-0.036501,-0.129476,-0.007447,0,0
0,1,0,1.650321,0.145735,2.108306,0.142856,0,0
0,1,0,2.143879,2.207995,2.409117,-2.490174,1,0
0,0,1,-0.775655,-0.165663,-0.448871,0.066865,0,0
0,0,1,1.34345,4.892502,3.787038,-2.620956,3,1
0,1,0,5.683384,5.263863,4.815252,-2.383621,4,1
0,1,0,1.077693,0.654672,0.774179,-0.31472,0,0
0,0,1,3.585992,1.321593,3.556196,1.754171,3,1
0,1,0,4.582558,-0.092676,1.50134,-0.532341,1,0
0,1,0,4.633187,0.656405,1.600831,-0.240783,1,0
1,0,0,0.120905,-0.215426,-0.811578,0.221332,0,0
0,0,1,0.951286,0.112098,-0.251842,-0.0286,0,0
0,1,0,2.723286,1.45627,6.200281,0.953002,2,1
0,1,0,2.83796,3.438348,3.141229,1.459744,3,1
0,1,0,5.657534,2.264236,3.106864,2.669579,3,1
1,0,0,-0.046315,0.475289,0.151255,-0.103612,0,0
0,1,0,3.899415,1.781036,5.325956,-0.452276,2,1
0,0,1,1.46096,0.596391,2.241469,0.11694,0,0
0,0,1,4.893291,0.522933,3.659921,0.26867,2,1
1,0,0,3.495039,7.928416,5.111186,-1.162655,3,1
0,1,0,2.248943,3.935618,2.33603,-2.406346,2,1
0,1,0,1.057656,0.552754,-0.158268,-0.113254,0,0
0,1,0,3.247522,2.018466,4.849139,1.204987,2,1
1,0,0,1.684654,1.112027,3.889194,0.325049,1,0
0,1,0,-0.107145,-0.181722,-0.473638,0.08379,0,0
0,0,1,0.724481,0.24419,0.10854,-0.304292,0,0
1,0,0,5.006038,3.54781,4.836099,-0.878225,3,1
1,0,0,3.400543,1.960742,2.456161,0.357098,1,0
0,1,0,4.333335,6.462383,3.749208,-2.658728,4,1
0,1,0,4.461332,5.067355,5.155964,-1.759198,4,1
0,0,1,1.800571,0.786295,2.21713,0.711838,0,0
0,0,1,1.64218,1.058526,1.041478,0.28373,0,0
0,1,0,1.668045,1.450987,2.691035,0.747142,1,0
0,0,1,0.72779,0.110122,2.293946,0.015284,0,0
0,0,1,-0.279688,0.447206,0.174789,-0.118403,0,0
0,0,1,1.049973,0.465642,0.143182,-0.059517,0,0
0,0,1,0.594065,0.483139,-0.709053,0.185475,0,0
1,0,0,1.076158,0.005867,0.377137,0.052501,0,0
0,1,0,2.102227,2.054923,4.078378,0.728207,1,0
0,1,0,3.189686,3.578472,4.394325,0.811132,3,1
0,1,0,2.577383,2.344682,4.654919,-0.813717,2,1
1,0,0,0.906891,-0.396368,0.316379,-0.158217,0,0
1,0,0,1.088193,-0.227388,-0.2892,-0.106773,0,0
0,0,1,0.506543,0.031542,0.346044,0.164873,0,0
1,0,0,0.533128,-0.244174,2.619447,0.233667,1,0
0,0,1,3.424123,1.09368,3.464758,0.51516,2,1
0,1,0,1.674472,-0.647387,4.711688,0.387774,1,0
0,1,0,0.610714,0.273093,-0.587513,0.090138,0,0
1,0,0,-0.212946,-0.485882,-0.576327,0.225793,0,0
0,1,0,4.232626,0.16033,3.731387,-0.413217,2,1
0,0,1,0.372365,3.327677,2.411413,-3.145374,2,1
0,0,1,0.524425,3.208942,2.261974,-2.38716,2,1
0,1,0,-0.36476,0.036643,0.035297,-0.142575,0,0
1,0,0,4.036312,-0.07574,3.58777,-0.321521,2,1
0,0,1,3.297355,0.830004,2.04456,0.492168,1,0
1,0,0,3.239967,0.427519,1.764999,-0.212442,1,0
1,0,0,-0.664637,0.524836,-0.157448,-0.491792,0,0
0,1,0,1.456392,4.145731,2.838052,-3.026807,3,1
1,0,0,0.26059,3.648755,3.350913,-3.160947,3,1
1,0,0,1.029189,0.379342,2.195262,-0.035789,0,0
0,1,0,0.93241,-0.542663,0.315025,0.259461,0,0
0,1,0,0.65928,-0.02698,-0.312966,0.093911,0,0
0,0,1,0.921647,0.11941,1.974969,1.108762,0,0
0,0,1,0.971159,0.217024,-0.114581,0.029652,0,0
1,0,0,4.464929,3.013294,2.048827,1.697756,3,1
0,0,1,0.260661,0.785849,-0.231102,-0.246471,0,0
0,0,1,2.39966,0.714531,-0.714267,0.209912,0,0
1,0,0,-0.418217,0.164161,0.231629,0.074643,0,0
1,0,0,2.648104,1.281181,4.465089,-0.186489,2,1
1,0,0,2.788355,0.518549,0.558004,0.590202,1,0
0,0,1,4.812417,3.404751,3.505284,-0.233115,3,1
1,0,0,2.586347,1.909278,3.177454,3.526725,3,1
0,0,1,1.692674,0.993231,1.45825,-0.289406,0,0
0,1,0,0.067943,0.179053,0.113327,0.091139,0,0
0,0,1,-0.902092,0.160415,-0.01916,-0.051267,0,0
0,1,0,1.858117,1.941365,5.200657,-0.063732,1,0
1,0,0,0.767662,1.045954,0.67062,0.498363,0,0
0,1,0,1.918919,-0.000419,3.641359,0.056085,1,0
1,0,0,1.251181,0.417279,2.146922,0.141742,0,0
1,0,0,-0.200873,0.826827,2.018838,0.57847,0,0
0,1,0,2.876831,0.799377,5.214886,1.041292,2,1
0,1,0,3.932518,2.495484,3.432471,3.789268,3,1
0,0,1,3.950439,4.369877,3.574507,-1.386593,3,1
0,1,0,3.929607,3.045992,2.902458,0.406181,3,1
0,1,0,-0.312305,-0.397534,0.868138,-0.023292,0,0
0,1,0,2.776412,3.543592,2.487505,0.048375,2,1
0,1,0,0.474236,-0.095722,-0.667319,0.128428,0,0
1,0,0,0.651125,0.455005,2.080137,0.410282,0,0
0,1,0,-0.55115,0.097253,0.175975,0.180431,0,0
1,0,0,0.079612,0.404311,-0.293198,0.192889,0,0
0,1,0,2.658358,2.847188,4.140619,0.484308,3,1
0,0,1,0.451927,0.063968,-0.121863,-0.05536,0,0
0,1,0,0.6546,3.227735,2.527451,-2.881155,3,1
0,1,0,1.556883,1.275787,4.374242,0.637441,1,0
0,0,1,3.778672,0.297073,3.223094,-0.44846,2,1
1,0,0,0.627898,0.480744,-0.233219,0.408679,0,0
1,0,0,2.133917,0.535795,0.508358,0.15472,0,0
0,1,0,1.457449,0.726619,1.824121,0.028669,0,0
0,1,0,-0.587073,1.35298,0.31967,0.180828,0,0
0,0,1,-0.489126,-0.406754,-0.06023,-0.30399,0,0
1,0,0,5.059174,5.274256,6.876934,-1.695903,4,1
0,0,1,0.849877,0.508898,-0.382808,-0.20875,0,0
0,1,0,1.455202,0.373366,2.142797,-0.353607,0,0
0,0,1,5.311698,0.828701,3.056869,-0.09424,2,1
0,1,0,2.377856,1.599957,1.721068,2.510509,1,1
1,0,0,-0.553714,0.096467,0.330338,-0.01569,0,0
0,0,1,3.106033,-0.356963,2.774428,-0.376727,2,1
0,1,0,4.849629,0.05174,3.61621,0.235681,2,1
0,1,0,1.27708,0.16565,7.457569,0.612167,1,0
0,1,0,0.2599,0.640228,0.215842,-0.2951,0,0
0,1,0,-0.046434,0.256845,0.49523,0.104547,0,0
0,1,0,2.229755,2.192735,4.257537,1.265212,1,0
0,1,0,-0.11814,0.791191,0.961428,-0.019509,0,0
0,1,0,0.785919,0.259174,0.359803,-0.226247,0,0
0,0,1,3.587335,6.192907,4.776949,-1.618638,4,1
0,1,0,2.579239,0.056724,0.95049,-0.538897,1,0
0,0,1,0.038888,0.419516,0.307846,-0.049883,0,0
1,0,0,2.095419,1.349562,4.178684,0.145446,1,0
0,0,1,1.393947,0.076844,1.369098,-0.074661,0,0
0,0,1,-0.143139,0.291032,-0.111296,0.015025,0,0
0,1,0,0.681856,-0.642629,0.124468,0.28099,0,0
0,1,0,0.741757,0.20333,0.165933,-0.035628,0,0
0,0,1,0.528715,0.240922,-0.557704,0.138798,0,0
0,1,0,2.4999,1.305041,5.596349,0.580206,1,0
1,0,0,-0.145667,0.900639,0.409894,0.016773,0,0
1,0,0,0.753287,-0.222999,0.568846,0.203125,0,0
1,0,0,5.610344,1.972202,4.157658,-0.236327,2,1
1,0,0,0.031174,-0.178834,0.631837,-0.072094,0,0
1,0,0,1.058132,-0.280356,0.112069,0.100333,0,0
0,1,0,-0.302093,-0.159141,0.229237,-0.240431,0,0
1,0,0,2.594243,2.521268,4.113326,0.082614,3,1
0,1,0,0.66574,4.34456,2.030481,-1.80053,2,1
0,0,1,2.077814,0.385727,2.903109,0.274591,1,0
0,0,1,1.769291,2.738361,3.999759,0.800812,2,1
0,0,1,2.649902,2.762316,3.209711,0.248585,3,1
0,1,0,3.201203,2.771763,2.103257,2.095974,3,1
0,0,1,0.952815,-0.167192,0.040258,0.142884,0,0
0,1,0,2.478316,1.561773,0.027832,0.488361,0,0
1,0,0,0.30288,0.00065,0.221051,-0.062017,0,0
0,1,0,2.990153,0.593241,0.145412,0.918925,1,0
1,0,0,-0.664012,0.08917,-0.382,0.129522,0,0
0,0,1,1.386728,2.483993,2.251036,0.200427,0,0
0,0,1,4.703798,0.04284,2.658182,-0.114007,2,1
0,0,1,4.449394,3.506528,6.405731,-1.228703,3,1
1,0,0,0.892178,0.355047,-0.126876,0.249264,0,0
1,0,0,3.34123,4.730664,5.318624,-1.33397,3,1
0,1,0,2.501841,0.17243,3.234566,0.672427,2,1
1,0,0,4.144216,0.039295,2.973281,-0.035326,2,1
1,0,0,3.199342,1.694524,4.61551,-0.408087,2,1
0,1,0,1.029572,2.38857,2.151977,-0.299367,0,0
0,0,1,3.529149,3.634583,2.535412,3.987713,4,1
0,0,1,3.947014,-0.202591,3.356433,-0.208768,2,1
1,0,0,0.199153,0.364947,-0.284878,0.051186,0,0
0,0,1,4.804955,3.923991,3.037227,5.478032,4,1
1,0,0,4.55108,1.909563,2.275795,0.129764,1,0
1,0,0,0.316411,0.097764,-0.012081,-0.021362,0,0
0,1,0,-0.569658,0.274316,0.159632,-0.044502,0,0
0,0,1,0.940751,-0.285427,1.999891,1.058467,0,0
0,0,1,0.229651,-0.094301,0.500167,-0.086178,0,0
1,0,0,0.292925,-0.552925,-0.278796,-0.016504,0,0
0,1,0,3.819957,3.794836,1.309896,3.206839,3,1
1,0,0,3.245682,1.988585,4.317714,0.240247,2,1
0,1,0,0.91872,0.151652,3.983723,3.493852,2,1
0,0,1,0.186113,-0.274566,-0.272959,0.33123,0,0
0,0,1,0.384006,-0.052992,-0.118309,0.002093,0,0
0,0,1,2.487637,0.551013,2.972926,1.574329,2,1
0,1,0,4.735659,0.497451,0.741384,0.265101,1,0
0,0,1,-0.197037,0.083693,0.307231,0.246784,0,0
0,0,1,1.354188,1.221466,1.092923,-0.216253,0,0
0,0,1,-0.266549,0.263115,0.406842,-0.182625,0,0
0,0,1,5.908404,3.325092,6.759101,-1.833397,4,1
1,0,0,6.582607,3.974825,4.938898,-3.094013,4,1
1,0,0,0.593571,0.446698,0.699251,0.104501,0,0
0,1,0,0.299455,-0.094713,-0.239871,-0.02608,0,0
1,0,0,-0.588102,0.596523,-0.012276,0.129443,0,0
0,0,1,0.439809,2.612923,2.84373,-2.393827,3,1
0,1,0,4.184428,0.247283,3.795872,-0.005592,2,1
0,1,0,4.04771,-0.30179,2.954568,-0.303609,2,1
0,1,0,0.589235,-0.294265,-0.445594,-0.07976,0,0
0,0,1,2.965821,1.268054,0.795135,1.032932,1,0
0,1,0,0.702884,0.04852,-0.124058,0.022809,0,0
0,1,0,4.658135,0.254923,3.001029,-0.008392,2,1
0,1,0,1.930344,2.879387,1.382686,1.261397,1,0
0,1,0,2.21223,1.727277,0.074877,3.504623,1,1
0,1,0,-0.057324,-0.026861,-0.086203,-0.27526,0,0
1,0,0,0.172877,-0.504498,0.0703,0.232619,0,0
0,1,0,3.775892,0.812821,3.733703,-0.269827,2,1
0,1,0,0.336095,1.438005,2.394492,0.409679,0,0
0,0,1,-0.060881,0.008038,0.256708,0.253164,0,0
0,0,1,-0.355916,-0.302625,0.517352,0.272677,0,0
0,1,0,1.876972,2.754796,3.516014,0.898281,2,1
1,0,0,0.394925,0.598371,-0.06001,-0.353013,0,0
1,0,0,4.173775,1.113438,2.745301,-0.302223,2,1
0,0,1,-0.347816,0.680833,-0.397338,0.257414,0,0
0,0,1,2.445612,2.804998,3.603668,-0.401313,2,1
0,1,0,3.937213,3.192222,4.919084,3.176886,4,1
0,0,1,2.13698,1.622975,0.907932,0.975414,0,0
0,1,0,-0.154634,0.067209,0.148178,0.125572,0,0
0,1,0,0.77721,0.297807,0.204056,0.006896,0,0
0,0,1,2.922156,2.497453,3.947299,1.300882,2,1
0,1,0,2.310478,0.349363,1.538846,0.289812,0,0
0,1,0,-1.601728,0.317667,0.617329,-0.106371,0,0
0,0,1,6.318595,3.778462,4.22544,-3.403444,4,1
0,1,0,4.387004,2.819646,5.644515,-1.0411,3,1
0,1,0,0.360442,1.146801,1.961764,0.036019,0,0
0,0,1,0.336856,0.453487,0.2814,-0.074234,0,0
1,0,0,2.019489,0.173929,0.472138,0.522265,0,0
1,0,0,-0.13285,0.648853,-0.46535,0.135775,0,0
0,0,1,5.456022,0.070929,2.777335,-0.373642,2,1
0,0,1,0.278486,0.848436,1.250566,-0.182605,0,0
1,0,0,6.100613,6.022599,4.924219,-2.063166,4,1
0,0,1,-0.257778,1.074407,0.2684,0.018583,0,0
0,0,1,5.078955,3.932228,6.664025,-2.447425,4,1
1,0,0,1.14671,1.206196,4.856332,0.360821,1,0
0,1,0,0.03054,0.090895,0.129849,-0.089801,0,0
1,0,0,5.462648,-0.060177,3.861799,-0.371991,2,1
1,0,0,1.644317,2.614924,0.935888,-4.424773,2,1
1,0,0,3.41373,0.521004,2.365376,-0.408173,1,0
1,0,0,4.132325,4.164527,7.949281,-2.369491,4,1
1,0,0,0.784787,1.267881,2.044952,0.80956,0,0
0,1,0,2.808916,1.12213,0.872174,0.051987,1,0
0,1,0,3.526456,3.249496,2.545916,1.004708,3,1
0,1,0,1.978537,2.79108,1.636527,-2.180359,2,1
1,0,0,-0.567446,0.068331,0.787718,0.079789,0,0
1,0,0,2.14453,-0.011638,2.53998,-0.201354,1,0
0,1,0,2.269523,4.612963,2.143379,-3.819412,2,1
0,1,0,2.207331,3.804076,2.948999,-1.422202,2,1
0,1,0,0.388168,0.624757,-0.002167,-0.00603,0,0
1,0,0,1.968415,0.300013,1.126851,-0.426374,0,0
1,0,0,-0.2399,1.067909,2.126031,1.23709,0,0
0,1,0,0.947279,0.151475,-0.661608,-0.116162,0,0
0,1,0,-0.514138,0.172533,0.72272,-0.078439,0,0
1,0,0,2.554104,2.852775,1.756295,0.773793,2,1
0,0,1,0.400484,0.603587,0.387153,0.254095,0,0
1,0,0,0.383075,0.37857,0.089873,-0.195667,0,0
0,1,0,3.665851,4.512776,3.176629,3.652458,4,1
1,0,0,0.319252,0.015171,0.456292,-0.027186,0,0
1,0,0,2.065215,2.543444,0.471706,0.317247,1,0
1,0,0,0.341952,0.618282,0.435263,0.037479,0,0
0,0,1,3.27621,5.108735,2.715861,-1.07392,3,1
1,0,0,4.767937,5.299913,4.791601,-0.662728,3,1
1,0,0,0.604466,0.280099,0.604365,0.110411,0,0
1,0,0,0.278026,-0.316884,0.179721,-0.138871,0,0
0,0,1,1.917084,0.45998,5.138696,0.234558,1,0
0,1,0,4.307249,5.88935,4.868728,-2.197758,4,1
1,0,0,5.524756,6.409264,5.288394,-2.14542,4,1
1,0,0,4.928381,2.665904,1.943525,2.85305,3,1
0,1,0,-0.34382,3.420469,1.560673,-3.378129,2,1
1,0,0,-0.243638,-0.395154,0.338898,-0.15395,0,0
0,1,0,1.382048,5.900453,1.934516,-3.020116,2,1
0,1,0,1.026586,-0.056189,0.124581,-0.100567,0,0
0,1,0,0.133156,-0.299118,0.199795,0.20665,0,0
1,0,0,1.621964,3.688133,1.970521,0.966189,1,0
1,0,0,2.050089,3.290047,3.075125,-2.522307,3,1
0,1,0,-0.080696,0.297446,-0.476672,0.054636,0,0
0,1,0,5.876828,1.757739,5.354305,-1.152655,2,1
0,0,1,1.730369,3.867996,3.412417,1.691347,3,1
0,0,1,1.762231,1.721298,2.567956,-2.664134,2,1
0,1,0,1.432538,0.446646,1.13891,-0.187178,0,0
1,0,0,4.162411,2.789072,5.990586,-1.269861,3,1
0,1,0,1.987367,0.380357,1.682387,-0.005345,0,0
0,1,0,-0.495485,-0.023366,-0.219415,0.161392,0,0
0,0,1,0.085622,0.539547,0.229689,0.021579,0,0
1,0,0,0.32056,0.329335,-0.374327,-0.007286,0,0
0,1,0,0.390563,0.724392,0.231175,0.044921,0,0
0,0,1,1.661236,1.22008,4.967857,0.648491,1,0
0,1,0,0.895388,0.785634,2.2678,0.780343,0,0
0,1,0,0.212262,-0.109939,-0.325129,0.059428,0,0
0,0,1,0.148297,0.55485,-0.335684,0.020266,0,0
0,0,1,0.507464,0.32357,-0.100097,0.356736,0,0
0,1,0,4.968397,0.626796,3.57776,-0.533036,2,1
0,1,0,0.686439,5.578129,2.269934,-3.11555,2,1
0,0,1,5.148219,0.624715,3.670576,-0.038233,2,1
1,0,0,1.682696,0.382415,1.225297,0.075273,0,0
0,0,1,1.225345,0.457494,2.54142,0.806556,1,0
0,0,1,1.288183,0.71797,1.497859,-0.275656,0,0
1,0,0,0.795951,3.422466,2.138525,-1.323958,1,0
1,0,0,-0.148989,0.41473,-0.365722,0.031524,0,0
0,1,0,0.846287,-0.042871,-0.548476,-0.038919,0,0
0,1,0,-0.993591,0.214988,0.827546,-0.210781,0,0
0,1,0,0.038671,0.095465,0.046909,0.011282,0,0
0,0,1,3.819367,2.38027,2.214217,0.527513,1,0
0,1,0,0.281895,0.197022,-0.054453,0.122548,0,0
1,0,0,1.289045,0.02393,1.884857,0.058953,0,0
0,0,1,0.079899,-0.469132,0.034125,0.191572,0,0
1,0,0,1.410861,4.297689,1.731745,-3.833399,2,1
1,0,0,2.313185,0.761093,1.038574,0.308587,0,0
0,0,1,0.925549,1.25467,0.761607,0.078026,0,0
0,0,1,0.550939,0.651891,1.637317,0.612047,0,0
0,1,0,2.965047,2.853803,2.575897,2.828204,4,1
0,0,1,2.414232,1.778978,2.012434,1.836007,1,0
0,0,1,0.664658,0.423487,-1.166314,-0.109077,0,0
1,0,0,0.709327,2.489997,2.132401,-2.371534,1,0
1,0,0,0.822479,0.327299,1.978103,0.436023,0,0
0,1,0,2.759656,0.035275,1.199244,-0.12555,1,0
1,0,0,2.257568,3.095868,1.633831,1.069319,1,0
0,1,0,0.645828,0.946853,1.274284,-0.084214,0,0
0,1,0,-0.392203,0.720938,-0.246243,0.13584,0,0
1,0,0,0.903027,1.349377,1.785073,0.583016,0,0
0,1,0,0.336679,-0.363676,-0.077289,-0.367641,0,0
1,0,0,1.246019,0.493119,0.86843,0.200594,0,0
0,1,0,0.919372,2.069158,0.511818,-3.670797,1,1
0,1,0,3.861876,2.530154,2.590974,1.332143,3,1
0,1,0,0.516846,0.320675,-0.344472,-0.21165,0,0
0,1,0,-0.089847,1.06557,-0.142783,0.384912,0,0
0,1,0,-0.016936,-0.109023,2.350524,0.134386,0,0
1,0,0,0.062581,0.695202,0.268303,-0.215347,0,0
0,0,1,0.388453,-0.35371,2.579908,-0.382711,1,0
0,1,0,2.547184,2.250356,3.380325,0.030471,2,1
1,0,0,0.501101,0.251735,-0.430371,-0.169321,0,0
1,0,0,0.404752,0.344232,-0.122066,-0.118023,0,0
0,1,0,4.939524,2.084267,3.27548,3.515643,3,1
1,0,0,1.539536,0.188996,1.301848,0.229399,0,0
0,0,1,1.790284,0.554141,0.388741,0.39703,0,0
0,1,0,1.29122,1.213329,3.792091,2.548219,2,1
1,0,0,3.342602,1.725477,4.234947,0.256791,2,1
0,1,0,0.548217,1.049245,1.398316,-0.32505,0,0
1,0,0,5.110987,0.521386,3.622425,-0.690366,2,1
0,0,1,2.369771,3.143639,2.881489,1.168232,2,1
0,1,0,4.369732,3.079627,4.386114,3.837825,4,1
1,0,0,1.111939,0.454006,2.734955,0.386582,1,0
0,1,0,1.15411,-0.22964,-0.227428,0.41761,0,0
1,0,0,3.341748,3.712921,4.738161,3.784573,4,1
1,0,0,1.328911,3.320673,2.396565,0.576309,1,0
0,0,1,0.282923,-0.044222,0.687647,0.412724,0,0
0,1,0,2.389926,-0.097952,1.289652,-0.286568,0,0
1,0,0,-0.174943,-0.411032,0.125982,0.138973,0,0
0,0,1,0.338518,0.916595,3.50896,-0.806729,1,0
0,1,0,3.193043,2.589004,2.905078,0.447709,3,1
0,1,0,-0.146031,0.08971,0.834116,-0.059093,0,0
0,0,1,0.300753,0.594603,5.132059,0.680872,1,0
1,0,0,0.311052,3.163835,2.591733,-0.305993,2,1
0,0,1,0.530177,0.270497,-0.449483,0.471548,0,0
0,1,0,0.206519,-0.510879,-0.059489,-0.744266,0,0
0,1,0,-0.513721,0.763192,-0.413662,-0.103748,0,0
0,0,1,0.76457,3.974314,1.494257,-5.976652,2,1
0,1,0,-1.076415,-0.10536,0.221453,-0.140484,0,0
0,0,1,-0.016223,0.071923,-0.212541,-0.172215,0,0
1,0,0,0.97009,0.170618,0.210099,0.052548,0,0
0,0,1,1.44516,1.398249,4.737962,0.06318,1,0
0,1,0,-0.286221,0.379515,0.456585,0.058886,0,0
0,0,1,1.799247,1.70168,7.095174,1.533766,2,1
0,0,1,-0.051571,0.291556,0.528871,0.424736,0,0
1,0,0,5.524038,0.738034,2.874358,-2.608864,3,1
0,1,0,1.261134,1.439053,4.836962,0.049686,1,0
0,1,0,0.668447,-0.146636,0.35079,0.347181,0,0
0,0,1,2.245662,1.680802,2.042503,0.02655,0,0
0,0,1,3.512144,1.732242,2.973822,0.780302,2,1
1,0,0,-0.290542,0.157667,-0.739021,-0.049407,0,0
1,0,0,1.34216,3.730976,3.212261,-0.18975,2,1
0,0,1,1.273403,0.339855,0.336015,0.367692,0,0
0,0,1,0.829042,0.934322,2.371133,0.697377,0,0
1,0,0,0.428212,0.981961,1.00366,0.065725,0,0
1,0,0,2.304176,1.510677,5.661814,1.055692,1,0
0,0,1,4.263876,5.070741,4.157512,-0.346796,3,1
1,0,0,2.570522,3.362421,4.408843,0.457769,3,1
0,1,0,-0.156618,-0.299034,0.303111,0.040716,0,0
1,0,0,0.065772,-0.20914,-0.301114,0.139515,0,0
0,1,0,2.096027,0.483619,1.396967,1.163252,0,0
1,0,0,4.181447,3.232997,5.033181,-1.501744,4,1
0,0,1,-0.57071,0.435786,0.420836,-0.032722,0,0
1,0,0,2.589771,2.074904,3.181591,1.439589,2,1
0,0,1,4.102815,3.788969,5.780431,-0.563566,3,1
0,1,0,4.090122,4.002177,3.970126,-1.986718,4,1
0,0,1,0.518177,-1.052276,0.376517,-0.28913,0,0
0,1,0,1.523631,0.566677,0.977159,0.382176,0,0
0,1,0,0.839571,-0.285314,0.472608,0.095194,0,0
0,1,0,0.542716,0.53798,2.721782,0.478503,1,0
0,0,1,1.675212,0.681561,3.761752,-0.076623,1,0
0,0,1,1.203255,0.14864,3.043319,0.603613,1,0
0,1,0,0.423401,-0.040775,0.39014,-0.218445,0,0
0,1,0,2.746142,2.360034,3.417487,3.528154,3,1
1,0,0,0.036079,-0.509833,0.015029,-0.122627,0,0
0,0,1,1.734897,3.267687,3.525456,0.447454,2,1
0,1,0,1.607886,-0.04993,2.895233,1.041073,1,0
0,1,0,0.956291,1.284351,3.052796,0.185926,1,0
0,1,0,3.235601,0.571727,3.506894,-0.196023,2,1
0,0,1,5.037568,6.870177,4.860951,-1.037229,3,1
1,0,0,0.980519,5.087939,0.539884,-2.553015,2,1
0,1,0,-0.467766,-0.572461,1.077686,-0.324287,0,0
0,1,0,1.466422,2.743514,2.129543,-2.049152,2,1
0,1,0,4.532478,1.149022,2.582078,-0.019066,2,1
0,1,0,2.798387,3.120412,3.468671,3.453066,4,1
0,1,0,1.259707,0.219651,0.571227,0.226442,0,0
0,1,0,5.31238,5.008185,4.673218,-0.77839,3,1
0,0,1,-0.509996,0.057789,-0.003837,-0.085122,0,0
0,1,0,3.476315,2.610682,3.99304,0.429556,3,1
0,1,0,0.173965,0.05792,1.125557,-0.365885,0,0
0,0,1,3.266494,5.864927,6.015978,-1.448681,3,1
0,0,1,0.152824,0.253186,0.006107,-0.030701,0,0
0,1,0,0.875781,0.655286,1.792773,0.235152,0,0
0,0,1,3.868158,2.439326,6.193182,-1.342828,2,1
0,1,0,4.842234,4.362979,5.133075,0.50818,3,1
0,1,0,5.490265,5.813147,4.642314,-0.233084,3,1
0,1,0,2.262179,0.57586,7.106761,0.36004,1,0
0,1,0,0.772092,0.17345,0.362148,0.033159,0,0
1,0,0,1.035871,1.601981,1.251625,-0.258135,0,0
0,1,0,0.208497,0.514017,0.375064,-0.167238,0,0
0,0,1,-0.271518,-0.28969,0.251448,-0.071006,0,0
0,1,0,1.679643,2.85594,2.182885,1.087049,1,0
0,0,1,-0.488639,-0.614708,0.389731,0.156008,0,0
1,0,0,-0.641826,-0.000158,0.724599,0.137031,0,0
0,1,0,4.478525,3.53039,5.037026,-1.636983,4,1
0,0,1,0.846223,1.795959,4.266752,0.462037,1,0
1,0,0,0.225165,0.171088,0.18532,0.000841,0,0
0,0,1,0.406184,0.141175,2.652968,0.45055,1,0
0,1,0,0.889565,0.449053,0.025584,-0.16209,0,0
0,0,1,4.899059,0.336106,3.467352,-0.39593,2,1
0,1,0,1.805878,0.227281,3.166768,0.368288,1,0
1,0,0,2.514588,3.735055,1.905831,-2.81532,3,1
0,1,0,1.583167,2.947565,7.30042,0.253368,2,1
0,1,0,0.535347,-0.176383,-0.270068,0.204387,0,0
0,1,0,3.495887,3.576131,5.873324,-1.58671,4,1
1,0,0,0.129093,0.877883,0.363029,0.156118,0,0
0,0,1,0.78252,-1.278888,0.156586,-0.310996,0,0
1,0,0,4.351915,3.264743,1.153834,2.819281,3,1
0,1,0,0.927516,0.110372,2.575877,-0.200681,1,0
0,0,1,1.298993,2.455542,6.929223,0.743638,1,0
1,0,0,2.290138,0.764058,8.019384,-0.092906,1,0
1,0,0,1.063576,0.501021,2.765805,-0.225545,1,0
0,0,1,-1.024203,0.098056,-0.660326,-0.2593,0,0
0,1,0,0.317596,-0.389952,0.497531,0.225236,0,0
0,0,1,3.537784,-0.016913,2.474925,0.960725,1,0
0,1,0,-0.435122,-0.016451,0.759659,0.015194,0,0
0,1,0,0.936558,1.173921,1.444181,-0.086732,0,0
1,0,0,0.314853,0.302952,-0.690317,-0.058667,0,0
0,0,1,0.082991,0.073358,1.104275,0.030801,0,0
1,0,0,4.955041,2.241037,1.810503,2.057101,2,1
0,0,1,2.244292,0.558336,0.802333,-0.014462,0,0
0,0,1,3.332574,3.147592,2.557087,1.055704,3,1
0,0,1,1.4403,0.085136,0.601389,-0.291201,0,0
0,0,1,1.169129,2.992191,4.599756,0.293766,2,1
1,0,0,0.157979,-0.104674,0.144612,-0.046002,0,0
1,0,0,1.94168,1.739811,4.207748,1.312798,1,0
1,0,0,1.450002,1.575713,0.592487,-0.354269,0,0
0,1,0,-0.318526,0.420405,-0.048805,0.182466,0,0
0,0,1,4.651091,2.418266,1.648517,3.748126,2,1
0,0,1,2.756097,0.662077,0.887791,0.307513,1,0
0,0,1,-0.305311,-0.275384,-0.507806,0.483711,0,0
0,0,1,6.462975,5.745059,7.878252,0.345178,3,1
0,1,0,0.224301,0.344976,0.744399,0.156697,0,0
1,0,0,0.852585,0.150572,0.128761,0.042545,0,0
1,0,0,4.480195,1.091754,1.790353,-0.813375,1,0
0,1,0,2.031761,5.067584,2.472096,-3.444366,2,1
1,0,0,4.469124,2.127464,3.46367,2.522769,3,1
0,0,1,0.120684,0.453045,0.383645,-0.196519,0,0
0,1,0,0.561538,-0.874759,0.212004,-0.04706,0,0
0,0,1,4.078039,1.500063,4.454784,3.533273,3,1
1,0,0,5.316561,8.155,7.507875,-1.059416,3,1
0,0,1,3.389008,0.307859,1.600339,-0.26124,1,0
0,0,1,3.558816,3.252379,1.021914,1.39418,2,1
1,0,0,0.797648,-0.104865,0.310432,0.405973,0,0
1,0,0,6.043835,5.763805,5.291037,-1.884046,4,1
0,0,1,0.647413,0.458039,-0.123424,0.101645,0,0
1,0,0,2.371596,3.046548,3.970158,0.700697,2,1
0,0,1,2.003146,0.773717,1.37459,0.180689,0,0
0,0,1,-0.331949,0.074278,-0.905586,0.10021,0,0
1,0,0,2.73925,2.806232,1.87082,1.474098,2,1
0,0,1,-0.243837,0.577539,0.877893,-0.240122,0,0
1,0,0,3.918908,3.693299,5.462466,-1.216069,3,1
0,1,0,1.005813,0.767665,2.173608,0.135882,0,0
1,0,0,0.979588,0.619342,2.506386,-0.032954,1,0
0,0,1,-0.4507,0.308712,-0.129504,0.00214,0,0
1,0,0,0.215708,-0.429088,1.692867,0.848107,0,0
0,1,0,7.218939,4.726083,5.862431,-1.166469,3,1
0,0,1,0.730581,3.581349,2.635851,-2.846218,3,1
0,1,0,1.254487,0.422134,1.34976,1.902219,1,0
1,0,0,2.793236,4.236182,3.883447,-2.049225,4,1
1,0,0,0.566836,1.080033,1.346531,0.167227,0,0
1,0,0,-0.330205,0.852147,-0.60957,0.06033,0,0
1,0,0,3.99745,1.104977,2.382197,0.034405,1,0
1,0,0,2.215016,1.070509,1.527863,0.31539,0,0
1,0,0,0.482155,-0.065358,0.038409,0.002098,0,0
0,0,1,2.705747,0.702767,1.055371,-0.437749,1,0
0,1,0,1.309829,-0.287538,2.579724,-0.327609,1,0
1,0,0,-0.060983,0.007107,-0.515431,-0.062377,0,0
1,0,0,3.510305,0.31158,3.128271,-0.395854,2,1
1,0,0,3.718965,2.461821,2.591361,1.615935,3,1
0,0,1,-0.767351,-0.285253,-0.295148,0.357568,0,0
1,0,0,2.421511,0.349886,1.897647,0.095394,0,0
1,0,0,0.878111,0.679717,2.272394,0.500838,0,0
0,0,1,1.234653,2.383838,1.708571,0.465845,0,0
1,0,0,1.794465,2.022673,4.092353,0.52749,1,0
1,0,0,7.146722,2.694004,3.698261,-0.184131,3,1
0,1,0,4.514717,2.072506,6.367347,-0.076846,2,1
0,0,1,1.470336,2.687448,2.695728,-2.375955,3,1
0,1,0,5.262107,0.915995,3.482444,-0.353499,2,1
0,0,1,1.312865,0.471562,1.103826,0.202761,0,0
0,0,1,1.817839,0.836612,1.403847,0.503668,0,0
0,1,0,2.034163,4.657355,1.940235,-3.56765,2,1
0,1,0,1.227263,0.395661,-0.466603,0.015031,0,0
1,0,0,2.149778,1.795839,4.49488,0.462422,1,0
1,0,0,-1.083831,0.195173,-0.198688,0.075772,0,0
0,0,1,6.731748,4.069395,5.584605,-1.385699,3,1
0,0,1,3.428736,1.325733,4.195207,-2.46824,3,1
0,0,1,-0.016288,0.301306,0.063659,0.044286,0,0
0,1,0,2.086628,1.384974,1.274248,0.35502,0,0
0,1,0,4.715818,2.317837,5.48446,3.141218,3,1
0,1,0,0.314592,0.402546,0.135462,-0.083757,0,0
1,0,0,5.339127,0.781181,2.737312,-0.066046,2,1
0,0,1,2.20153,0.933973,2.728914,0.479612,1,0
0,1,0,5.829276,3.697293,4.859899,-0.218461,3,1
0,0,1,-0.437883,0.43084,-0.544294,-0.203765,0,0
0,1,0,0.351687,-0.049783,-0.34347,-0.091355,0,0
1,0,0,2.705062,1.88536,2.366699,3.309588,2,1
0,0,1,3.128205,-0.12047,3.520886,0.002938,2,1
0,0,1,1.568077,2.729884,4.236642,1.204987,2,1
1,0,0,-0.608153,0.240583,-0.059037,0.043863,0,0
0,0,1,5.952936,0.624879,4.084305,0.104106,2,1
1,0,0,4.92403,0.907767,2.559954,-0.796421,2,1
0,0,1,0.43237,-0.527706,-0.593177,-0.121647,0,0
1,0,0,5.923358,0.252358,2.210157,0.101914,1,0
0,1,0,1.853825,1.358083,3.203216,1.324365,1,0
0,0,1,4.948527,4.243059,3.8187,-1.660661,4,1
0,0,1,-0.298368,0.584393,0.371698,-0.129071,0,0
0,1,0,0.601799,0.318346,-0.461276,-0.105086,0,0
0,0,1,2.080447,1.618129,3.297421,0.456825,1,0
1,0,0,0.113506,0.106052,-0.135866,0.273429,0,0
0,0,1,0.740444,1.800185,0.728252,-0.834576,0,0
1,0,0,0.257861,0.290938,-0.25241,0.012354,0,0
0,0,1,1.263083,1.458924,2.534539,0.327564,1,0
0,1,0,1.997421,0.088645,2.664541,0.58077,1,0
1,0,0,0.29253,0.239662,-0.007881,0.290052,0,0
0,0,1,4.430128,0.813524,2.996315,0.590212,2,1
0,0,1,0.033917,0.518194,-0.269909,0.169654,0,0
0,0,1,0.217667,0.154578,0.434219,0.126123,0,0
0,0,1,0.612708,-0.078541,-0.45536,-0.077741,0,0
0,0,1,1.226303,1.371317,2.728044,-3.081312,2,1
1,0,0,2.665335,0.860878,1.743392,-0.631731,1,0
1,0,0,0.083983,-0.144258,-0.611799,0.170045,0,0
1,0,0,-0.259512,0.308865,0.170612,-0.267509,0,0
0,1,0,-0.298354,0.291734,0.221509,-0.115118,0,0
0,0,1,-0.231915,-0.045561,-0.309993,0.200887,0,0
1,0,0,4.471716,6.674066,4.090118,-1.215278,3,1
0,0,1,0.412209,1.187608,0.989784,0.171029,0,0
0,0,1,0.355747,0.072488,0.054082,-0.169295,0,0
0,0,1,0.359202,-0.116691,0.104807,0.078469,0,0
0,0,1,1.641769,0.398447,7.289409,-0.011263,1,0
1,0,0,1.809879,3.159097,3.399236,-2.134424,3,1
0,0,1,2.77317,3.151483,2.606697,1.513771,4,1
0,1,0,3.713177,3.100133,3.069956,3.33247,4,1
0,0,1,-0.237356,0.089248,-0.132779,-0.026591,0,0
1,0,0,0.323569,0.950749,-0.29849,-0.392555,0,0
0,1,0,0.841055,3.318925,2.383709,-4.063437,2,1
1,0,0,1.129923,3.386316,2.28281,-4.261656,2,1
0,0,1,0.391777,-0.159865,0.571707,0.181441,0,0
0,0,1,0.56778,0.289522,-0.164194,-0.264561,0,0
0,1,0,1.237099,-0.202102,0.923593,-0.086413,0,0
0,1,0,3.424786,1.874743,7.053085,-0.953795,2,1
1,0,0,0.911649,0.892854,2.607129,0.62939,1,0
0,0,1,-0.12072,0.094933,1.020323,-0.038305,0,0
0,1,0,2.14575,0.484068,2.13229,0.057776,0,0
0,0,1,-0.113426,-0.311001,0.017412,0.053491,0,0
1,0,0,0.610261,-0.283077,0.320685,-0.025915,0,0
0,0,1,1.389156,0.637842,6.610381,0.482539,1,0
0,0,1,2.873748,0.907304,0.730088,-0.168014,1,0
0,0,1,4.427324,-0.006704,1.820548,-0.77223,1,0
1,0,0,0.230515,-0.009695,0.281459,-0.037261,0,0
0,0,1,3.569034,5.448965,3.969759,-0.420518,3,1
0,1,0,0.987826,-0.307159,0.079208,-0.059247,0,0
0,0,1,1.890137,1.024105,2.033066,-0.21842,0,0
0,1,0,2.835073,0.596075,2.29114,-0.089212,1,0
0,1,0,-0.49801,0.39076,0.613699,-0.046632,0,0
1,0,0,1.39909,0.678865,2.018004,-0.115481,0,0
1,0,0,1.51608,0.422037,0.993394,-0.052348,0,0
0,1,0,0.174262,0.462419,-0.328092,-0.314572,0,0
0,0,1,0.478758,0.535833,-0.769342,-0.304246,0,0
0,0,1,3.305966,2.493974,1.597116,3.28234,2,1
1,0,0,1.99767,1.508956,1.012523,-0.662854,0,0
1,0,0,0.464622,-0.071563,0.225819,0.268175,0,0
1,0,0,2.371532,1.356378,-0.509619,0.849198,0,0
0,0,1,4.661223,-0.179294,3.67907,-0.255393,2,1
0,1,0,0.082635,-0.603876,-0.380805,0.061008,0,0
0,1,0,3.228925,3.22068,2.863733,3.989624,4,1
0,1,0,-0.473329,0.335036,-0.407161,0.061516,0,0
0,0,1,-0.481787,-0.974725,-0.531219,-0.05227,0,0
0,0,1,3.524757,0.093785,4.274512,-0.312885,2,1
0,0,1,2.888186,2.967551,4.393082,1.918001,4,1
0,0,1,5.520583,4.60012,4.848735,-2.372973,4,1
0,0,1,-0.551104,-0.2664,0.181353,0.279444,0,0
1,0,0,1.92705,2.916157,5.829184,1.136153,2,1
1,0,0,1.084801,0.285926,1.021446,0.175833,0,0
0,0,1,0.424276,0.16446,-0.492473,0.027941,0,0
0,0,1,-0.047607,-0.338374,-0.151264,-0.129167,0,0
0,1,0,0.768715,1.20424,0.786559,0.24014,0,0
0,1,0,1.268686,0.627315,2.526028,0.080228,1,0
1,0,0,3.797885,3.878499,1.881014,2.826682,3,1
0,0,1,2.125151,0.200795,1.113306,0.498364,0,0
0,0,1,0.507519,1.197039,2.006623,0.130108,0,0
1,0,0,0.417086,1.408973,1.429509,0.466644,0,0
0,1,0,0.815917,3.774565,1.077091,-3.542127,2,1
1,0,0,1.57199,0.345837,1.507683,0.100193,0,0
1,0,0,0.455702,0.538199,0.080558,-0.244501,0,0
0,0,1,0.03354,0.100778,-0.186479,0.152881,0,0
0,1,0,-0.272439,0.650949,0.552461,0.077971,0,0
0,0,1,1.751682,3.822249,2.443255,-4.162681,2,1
1,0,0,0.290015,0.311843,-0.20544,-0.210827,0,0
1,0,0,-0.846927,-0.193409,-0.010868,0.112641,0,0
0,0,1,0.212103,0.335875,1.193435,-0.008203,0,0
0,0,1,3.56491,1.786501,0.850884,0.963328,1,0
0,1,0,3.925236,0.662895,3.082608,0.128998,2,1
0,0,1,-0.261581,0.568551,0.218125,0.396576,0,0
0,0,1,0.109649,0.276498,-0.009154,-0.111023,0,0
0,0,1,0.786844,0.50674,0.988426,0.121813,0,0
0,1,0,2.313521,1.121273,1.637793,-0.383104,0,0
0,1,0,-0.023927,-0.371974,0.129063,0.022321,0,0
0,0,1,2.264182,1.831113,3.694186,0.719725,1,0
1,0,0,0.443418,0.087401,-0.104819,0.107365,0,0
1,0,0,5.112936,4.457665,6.011115,-0.965502,3,1
0,1,0,2.832466,0.753907,5.674618,0.726321,2,1
1,0,0,3.949012,-0.041353,3.253777,-0.263032,2,1
0,0,1,1.489202,-0.276829,5.275988,0.087382,1,0
1,0,0,3.636249,1.048017,1.011554,-0.510713,1,0
0,1,0,1.957457,2.265628,0.644975,-0.02852,0,0
1,0,0,4.541399,5.522623,4.861778,-1.551419,4,1
1,0,0,4.678252,2.413802,4.356113,-1.337502,2,1
1,0,0,1.700506,0.233243,0.738026,0.786827,0,0
0,1,0,0.141293,0.30173,0.238292,0.359571,0,0
0,1,0,1.942769,0.807546,3.028414,-0.292906,1,0
0,0,1,7.479965,5.660565,5.59286,-1.289103,3,1
1,0,0,-0.008296,-0.025945,0.084283,0.190082,0,0
0,1,0,-0.265861,0.54049,-0.544384,-0.233573,0,0
1,0,0,4.418547,2.489337,3.035729,0.475248,2,1
0,0,1,1.147263,0.952274,2.358498,-0.56445,0,0
0,0,1,0.000242,0.517227,-0.350321,0.121822,0,0
0,1,0,4.399802,5.230769,3.471932,-0.342657,3,1
0,1,0,4.264087,4.253662,3.927895,-0.655573,3,1
0,0,1,2.838761,0.839403,4.942348,0.493419,2,1
0,0,1,-0.670771,0.520669,0.107475,0.073479,0,0
0,0,1,-0.386376,0.443222,0.416833,-0.269121,0,0
0,1,0,0.694862,0.625112,0.679832,-0.319169,0,0
0,1,0,5.130904,0.843407,3.016027,-0.331869,2,1
0,1,0,1.321378,0.764074,2.301848,0.44088,0,0
0,1,0,-0.718871,-0.503872,-0.379281,-0.223927,0,0
0,1,0,4.614542,0.085615,2.528235,-0.122267,2,1
1,0,0,4.84535,5.128312,3.208644,-0.704011,3,1
0,0,1,0.101704,0.450797,0.746086,0.412819,0,0
0,1,0,0.720856,2.160624,4.813719,0.435464,1,0
0,0,1,3.804619,2.903265,1.777166,3.874885,3,1
0,0,1,0.11119,0.034313,-0.257832,-0.192922,0,0
0,1,0,-0.306569,-0.20786,-0.197873,-0.030684,0,0
1,0,0,0.608132,0.074414,0.504119,0.218594,0,0
0,1,0,3.373088,1.854978,4.956405,-0.366652,2,1
0,1,0,-0.11932,-0.27361,0.201807,0.200245,0,0
0,1,0,-0.059085,0.221593,0.41308,-0.019365,0,0
0,0,1,1.500706,3.299855,1.719765,-3.555643,2,1
0,1,0,1.413905,0.273279,1.738379,0.330362,0,0
0,1,0,4.645944,3.320679,4.224275,-2.050318,4,1
0,1,0,5.18249,5.652734,3.490867,-3.040617,4,1
0,0,1,-0.598495,0.297646,0.839836,0.152403,0,0
1,0,0,1.005007,-0.057129,1.684204,0.454132,0,0
1,0,0,2.185705,2.806769,2.425605,0.496524,1,0
0,1,0,-0.544259,-0.573068,0.940543,-0.145767,0,0
1,0,0,5.783573,5.333741,3.66223,0.167829,3,1
1,0,0,2.643509,1.792498,3.32115,0.562012,2,1
1,0,0,-0.13422,0.317906,-0.060192,0.436387,0,0
0,0,1,2.074698,1.098152,6.750412,0.313259,1,0
1,0,0,2.471812,1.872117,3.419056,1.020128,1,0
0,1,0,2.679573,3.079837,2.747236,0.137285,3,1
1,0,0,0.156683,-0.294392,-0.398531,-0.026696,0,0
0,0,1,1.713274,1.420418,3.917745,-0.504427,1,0
1,0,0,1.380242,3.380772,2.434767,1.26411,1,0
1,0,0,1.203491,0.676842,1.521571,0.508738,0,0
1,0,0,1.935099,0.364961,1.723633,-0.007299,0,0
1,0,0,-1.340516,0.206342,-0.516737,0.253731,0,0
0,0,1,0.121039,0.257359,0.114152,-0.324232,0,0
1,0,0,0.158768,0.068442,0.053183,0.115783,0,0
1,0,0,0.407403,-0.679625,0.213226,-0.242441,0,0
0,1,0,3.849029,2.204677,4.897488,0.237384,2,1
0,0,1,0.810999,0.658877,5.740358,0.542173,1,0
0,0,1,4.336042,3.135533,5.513756,-1.549002,4,1
0,1,0,2.855751,3.6392,3.611359,-1.21347,3,1
0,0,1,0.421399,-0.490349,-0.088246,-0.029757,0,0
1,0,0,-1.090045,-0.016233,0.076612,-0.340683,0,0
1,0,0,0.054536,-0.006241,-0.025458,-0.122727,0,0
1,0,0,0.273324,-0.165372,-0.329789,0.104253,0,0
1,0,0,1.621865,1.571808,9.570733,-0.300608,1,0
0,0,1,-1.160618,-0.270856,-0.091423,-0.322955,0,0
0,1,0,1.103503,0.573267,1.147297,-0.176473,0,0
0,0,1,0.758166,1.726983,2.638138,-3.236294,2,1
0,1,0,-1.073584,0.274801,0.192715,-0.260314,0,0
0,0,1,-0.223444,0.299627,0.390572,-0.136437,0,0
0,0,1,1.538547,3.46846,1.767999,-2.787,2,1
1,0,0,1.211115,2.220046,2.756789,0.408426,1,0
0,0,1,1.738036,1.978182,3.433789,1.163977,1,0
1,0,0,1.816395,4.852735,2.358899,-2.725092,2,1
1,0,0,3.868095,2.61503,3.969853,-1.162016,3,1
0,1,0,2.214969,1.143605,4.18241,0.249903,1,0
1,0,0,0.048385,0.284711,-0.015243,0.209148,0,0
0,1,0,0.006968,0.489667,1.06352,-0.348433,0,0
0,1,0,2.10253,3.42661,4.439958,0.606114,2,1
1,0,0,4.397511,2.749594,3.92918,0.38064,3,1
1,0,0,2.458635,1.012555,5.308794,0.332932,1,0
0,0,1,0.338658,0.673222,0.470463,0.113197,0,0
1,0,0,0.508078,0.21956,0.274424,-0.136286,0,0
0,0,1,4.307919,-0.403214,3.568126,-0.297532,2,1
1,0,0,0.624315,0.738331,1.683901,0.04357,0,0
1,0,0,4.163208,3.130214,4.599103,2.202134,4,1
0,1,0,2.40307,0.053006,2.316077,-0.048096,0,0
1,0,0,-0.508158,-0.00056,-0.036724,0.054468,0,0
1,0,0,3.362575,4.39272,4.039051,-1.727639,4,1
1,0,0,2.454374,3.964958,3.975275,0.459812,2,1
0,0,1,-0.352061,0.686112,-0.151123,0.020221,0,0
0,0,1,0.090373,0.753104,-0.159552,-0.684349,0,0
0,0,1,3.517307,2.334063,2.837399,2.470104,3,1
0,1,0,3.899516,3.975287,2.019819,-1.498026,2,1
0,0,1,0.338042,0.554413,0.001416,0.095477,0,0
0,1,0,2.012688,1.019018,0.757934,0.004787,0,0
1,0,0,1.635277,0.767013,2.196338,1.346108,0,0
0,1,0,2.92917,2.497414,3.324629,-0.480349,2,1
0,1,0,3.427271,-0.137542,1.329524,-0.175382,1,0
1,0,0,3.713348,0.587791,2.291271,2.917248,2,1
0,0,1,5.645605,4.378355,4.826785,-2.837407,4,1
0,1,0,-0.366215,0.538947,-0.323161,0.044307,0,0
0,1,0,1.307147,-0.004772,2.319559,0.46085,0,0
0,0,1,0.873939,4.099308,3.5629,-3.091944,3,1
0,1,0,2.387656,1.739149,3.489004,0.819636,1,0
1,0,0,2.914414,0.148614,2.822702,-0.048173,2,1
1,0,0,0.779247,0.716063,1.681091,-0.573772,0,0
0,0,1,0.523219,2.951218,1.424174,-3.12748,2,1
0,0,1,2.177371,0.516726,0.337058,0.374789,0,0
1,0,0,0.156706,0.357792,0.15215,-0.033015,0,0
0,0,1,1.520281,1.287542,6.34925,-0.309829,1,0
0,0,1,1.173866,-0.211784,-0.28577,-0.148635,0,0
0,0,1,0.80241,2.497298,1.756736,-2.111856,1,0
1,0,0,2.01157,3.911535,2.687114,-0.08647,2,1
0,1,0,0.048118,-0.3725,0.356492,0.287717,0,0
1,0,0,0.71724,0.612781,1.936456,0.644248,0,0
1,0,0,2.235221,0.338998,0.525327,0.088148,0,0
1,0,0,3.713736,2.651699,4.58656,-2.634288,4,1
0,0,1,3.359834,4.549157,4.824647,-1.017281,3,1
0,0,1,-0.970256,0.587606,-0.040387,0.01991,0,0
0,0,1,1.882121,2.44298,2.058828,-2.012583,1,0
0,1,0,0.087481,0.046357,0.705905,0.043945,0,0
1,0,0,4.972567,2.785832,2.378507,2.52988,3,1
0,0,1,4.747661,4.37837,4.660432,-0.488515,3,1
0,1,0,1.429694,0.231001,1.899526,-0.363291,0,0
0,0,1,0.3613,3.538651,1.712864,-2.489723,2,1
0,1,0,0.069736,-0.677684,0.159396,0.094989,0,0
0,0,1,2.17918,1.26913,1.630686,0.186535,0,0
0,0,1,2.349212,4.468025,3.542065,1.416706,2,1
0,1,0,0.30419,0.296553,0.461857,-0.062671,0,0
0,1,0,-0.931488,-0.233349,0.567382,-0.190241,0,0
0,1,0,1.107843,0.251609,0.297793,-0.0077,0,0
0,0,1,1.094683,0.496333,2.490973,-0.064287,0,0
1,0,0,0.942243,0.64992,2.258218,-0.00293,0,0
1,0,0,0.506964,0.360891,-0.084012,-0.126009,0,0
0,1,0,-0.273499,0.29562,-0.231429,0.158101,0,0
1,0,0,2.487355,0.52014,0.181179,0.242502,0,0
0,1,0,-0.33177,-0.175063,0.318433,-0.081377,0,0
1,0,0,-0.643459,-0.054493,0.590513,-0.011147,0,0
0,1,0,3.377922,4.265483,3.579319,0.561525,3,1
1,0,0,1.693648,1.729861,3.022155,-0.011551,1,0
1,0,0,0.367401,1.373868,0.375029,-0.03862,0,0
1,0,0,0.270224,0.643414,0.18523,-0.042856,0,0
0,1,0,1.308161,0.080273,0.848143,0.351142,0,0
0,1,0,2.409715,0.991237,6.634777,0.299054,1,0
0,1,0,0.321254,0.660091,-0.124851,-0.066989,0,0
0,1,0,1.065103,-0.168289,2.208437,-0.242646,0,0
0,1,0,1.187218,3.348117,2.40345,-2.873858,2,1
1,0,0,-0.037346,0.479315,0.368598,-0.009831,0,0
1,0,0,0.661782,1.272493,4.855052,0.656434,1,0
1,0,0,4.851834,2.666177,2.524783,4.102686,4,1
0,1,0,-0.229768,0.279229,0.544051,0.22034,0,0
1,0,0,-0.063518,-0.61422,-0.232551,-0.089507,0,0
0,1,0,1.641938,2.829715,1.550154,-2.171862,2,1
0,0,1,1.763042,1.096626,2.614902,-0.115617,1,0
0,1,0,-0.013035,-0.406116,0.082415,-0.220068,0,0
0,1,0,1.027744,0.770622,1.105978,0.244647,0,0
0,1,0,0.039529,0.062235,-0.688844,-0.018548,0,0
0,1,0,0.324383,-0.51549,0.150469,-0.004129,0,0
0,0,1,0.33447,-0.25677,-0.009809,0.053136,0,0
0,0,1,3.25879,3.634998,4.265218,0.768375,3,1
1,0,0,1.858023,3.082855,1.65385,-1.285198,1,0
1,0,0,1.098876,0.981348,3.017966,-2.533404,2,1
1,0,0,1.40953,1.064609,1.19729,-0.652221,0,0
0,1,0,0.021116,-0.473508,-0.352542,-0.244352,0,0
0,0,1,-0.100709,-0.49373,-0.361245,-0.010974,0,0
0,0,1,1.355557,0.20496,0.153637,0.436743,0,0
0,1,0,3.283339,5.030621,2.931372,2.917552,4,1
0,0,1,0.94562,2.7473,3.985957,0.481447,2,1
1,0,0,3.13494,1.230088,3.508973,0.011068,2,1
1,0,0,2.079872,2.904112,3.122998,-3.829,3,1
0,1,0,4.582225,3.988593,6.408983,-0.953746,3,1
0,0,1,0.39391,-0.426972,0.516943,0.113094,0,0
0,1,0,2.389809,0.747951,3.230094,0.048872,1,0
1,0,0,1.835412,0.690426,2.036377,-2.290079,1,0
0,1,0,2.010051,0.075204,4.560566,0.121007,1,0
1,0,0,-0.67065,-0.170648,0.379126,-0.281322,0,0
0,0,1,-1.061098,-0.769425,0.162993,0.095472,0,0
1,0,0,-0.223159,0.070097,-0.202274,0.223775,0,0
0,0,1,2.479565,0.453566,1.606289,0.212881,0,0
1,0,0,5.160648,-0.630192,1.858557,0.117497,1,0
0,0,1,6.144255,4.857952,3.76964,-2.560665,4,1
1,0,0,-0.067215,-0.099393,0.010184,-0.138162,0,0
1,0,0,3.273659,1.956643,5.599728,-0.07224,2,1
0,0,1,1.730586,-0.407926,1.958844,0.023134,0,0
0,1,0,1.498199,1.885726,5.755897,0.379104,1,0
0,0,1,0.811816,0.385693,0.872246,0.028066,0,0
1,0,0,2.653812,3.324346,3.106288,0.305847,3,1
1,0,0,7.355456,6.182425,7.059412,-2.095743,4,1
0,0,1,-0.874439,0.602336,-0.065988,0.052142,0,0
1,0,0,1.604609,2.906427,7.018453,0.769285,2,1
1,0,0,2.489639,0.211409,1.642259,-0.381538,0,0
1,0,0,2.170531,0.816935,4.728571,0.840241,1,0
0,1,0,4.490516,3.166479,2.481194,2.534353,3,1
0,0,1,-0.037109,-0.132595,-0.0303,0.010104,0,0
0,1,0,1.637886,4.325282,0.803877,-3.334096,2,1
0,1,0,2.767008,0.659031,8.113873,0.1584,2,1
1,0,0,1.178976,0.573598,1.847142,0.51283,0,0
1,0,0,0.617251,-0.140782,0.652338,-0.080688,0,0
1,0,0,3.369813,1.717584,4.793833,-0.420584,2,1
0,1,0,-1.016736,0.359947,0.57367,-0.019532,0,0
0,1,0,0.412375,0.125425,-0.288216,-0.026889,0,0
1,0,0,1.222836,0.766277,1.844666,-0.056522,0,0
1,0,0,-0.293163,-0.387934,0.236567,-0.517937,0,0
0,0,1,0.198704,-0.313057,-0.212935,-0.241642,0,0
0,1,0,4.27795,0.031922,1.552499,-0.546901,1,0
0,0,1,2.355055,1.250703,2.305628,-0.574663,0,0
0,0,1,1.486841,0.567038,4.157631,1.226729,1,0
1,0,0,3.917571,4.349669,3.535921,3.408997,4,1
0,1,0,1.083651,0.311081,-0.581882,-0.150058,0,0
1,0,0,0.287417,0.376033,-0.108296,-0.053907,0,0
1,0,0,0.706895,0.758893,0.210986,-0.167716,0,0
1,0,0,0.831151,1.026264,5.40029,0.909472,1,0
0,0,1,0.236608,0.177152,0.471412,0.066397,0,0
0,0,1,1.568168,3.407597,-0.007228,-3.732417,2,1
1,0,0,-0.525637,0.924238,0.46698,0.197722,0,0
0,0,1,1.28452,1.385958,4.601354,-0.640458,1,0
0,1,0,3.996477,3.552631,6.82722,-0.825164,3,1
1,0,0,4.694032,0.660255,3.553958,0.429643,2,1
0,1,0,3.753404,3.916205,6.435092,0.309275,3,1
0,1,0,-0.274466,-0.03644,0.355987,-0.376992,0,0
0,0,1,2.61985,1.445359,5.535118,-1.655916,3,1
0,0,1,0.103102,-0.445277,0.338423,-0.122129,0,0
0,1,0,-0.046513,0.007987,0.130214,0.289264,0,0
0,0,1,5.153326,4.418626,5.204738,-1.71507,4,1
0,1,0,5.090288,4.812043,2.796715,-1.708106,4,1
0,0,1,0.509133,0.170645,0.507622,0.39127,0,0
0,1,0,1.288943,0.717114,1.126116,0.33872,0,0
0,0,1,1.614758,0.388535,3.847646,0.820131,1,0
0,1,0,2.036765,0.264251,1.10577,0.359059,0,0
0,0,1,5.743586,0.701923,3.295611,-0.367399,2,1
1,0,0,0.598208,-0.147227,0.514041,-0.223856,0,0
0,0,1,2.895589,4.324387,1.817226,0.988348,2,1
0,0,1,-0.042333,0.033447,2.479291,0.140934,0,0
0,0,1,3.573618,3.922021,3.283929,-0.054456,3,1
1,0,0,4.489057,7.643774,4.33427,-1.961427,4,1
0,0,1,-0.612367,-0.530456,0.246778,-0.057554,0,0
0,1,0,0.607724,0.543511,2.842466,0.280217,1,0
1,0,0,-0.364682,0.107245,0.04272,0.218797,0,0
1,0,0,5.296021,2.783221,2.373038,2.957426,3,1
0,1,0,2.49735,0.630261,3.00376,-0.081904,1,0
0,0,1,-0.169439,-0.018846,0.470581,-0.038406,0,0
0,1,0,5.533424,0.459834,3.145733,0.08849,2,1
0,0,1,0.905708,0.541763,3.312064,0.299752,1,0
0,0,1,5.557147,6.277359,2.833581,-0.422385,3,1
0,1,0,5.396231,6.679289,5.607296,-1.073106,3,1
0,1,0,5.816441,6.113171,5.993766,-0.418809,3,1
0,1,0,2.344247,2.371152,4.855767,0.656048,1,0
0,0,1,2.161154,2.435737,4.088577,2.795,2,1
1,0,0,5.373946,5.088974,5.466682,-2.908935,4,1
1,0,0,0.499025,2.648689,3.324343,-3.356271,3,1
0,1,0,-0.373025,-0.762188,0.052286,0.092302,0,0
0,1,0,2.186213,0.828523,0.621505,0.211483,0,0
0,0,1,0.200296,-0.340027,0.098913,0.128936,0,0
1,0,0,0.384384,-0.41802,0.725716,0.113649,0,0
1,0,0,0.022795,-0.277128,-0.08198,-0.088169,0,0
0,1,0,-0.406568,-0.554875,0.092378,-0.162163,0,0
0,0,1,2.092676,0.556561,1.649181,0.002514,0,0
0,0,1,0.595756,-0.162531,0.415639,0.071213,0,0
0,0,1,1.010755,0.768589,1.09017,-0.066449,0,0
1,0,0,4.286687,-0.150097,4.054336,0.07171,2,1
1,0,0,3.35076,1.370216,3.694099,3.807051,3,1
1,0,0,2.062322,1.334319,4.101816,0.121123,1,0
1,0,0,5.689557,0.761347,2.12692,-0.544624,1,0
0,1,0,0.57088,0.615955,0.200565,0.129993,0,0
1,0,0,4.203151,0.806459,3.8264,-0.491768,2,1
0,1,0,1.05571,-0.353618,-0.013147,0.018812,0,0
0,1,0,-0.944708,0.565589,0.354778,0.299209,0,0
1,0,0,-0.020755,-0.167253,-0.011812,0.004713,0,0
0,1,0,0.776728,0.765169,1.408543,0.093547,0,0
1,0,0,2.374131,2.553728,5.006273,-1.48475,2,1
0,1,0,-0.653826,0.483203,0.02387,0.264781,0,0
0,1,0,4.289969,7.203549,5.681392,-2.536186,4,1
0,0,1,0.278766,0.954715,-0.228752,-0.040877,0,0
0,0,1,1.390939,1.937351,3.094108,0.448043,1,0
0,0,1,0.363366,0.326657,-0.064368,-0.13301,0,0
1,0,0,4.399419,1.994425,6.113854,-2.887097,3,1
1,0,0,4.824953,1.771802,2.820701,-1.810832,3,1
1,0,0,3.523668,2.066539,4.074645,0.959413,2,1
0,0,1,0.050025,-0.832472,0.17783,-0.224641,0,0
0,0,1,0.288039,0.14054,0.495662,-0.135887,0,0
1,0,0,2.179857,1.24844,3.942795,1.542392,2,1
0,1,0,6.587944,4.842996,4.972122,-1.591214,4,1
1,0,0,-0.211085,-0.064006,0.751609,0.025246,0,0
0,1,0,2.978271,3.368694,3.066068,3.925461,4,1
0,1,0,0.069116,0.714285,1.057968,0.046059,0,0
1,0,0,3.637885,1.803445,2.52163,0.96364,2,1
0,0,1,0.524257,1.065182,0.968074,0.634537,0,0
0,1,0,1.599893,2.833558,4.283765,1.393065,2,1
0,1,0,5.964247,2.550528,5.672658,-0.857593,3,1
0,1,0,-0.42603,-0.019506,0.335292,-0.007573,0,0
0,1,0,0.474662,3.760234,2.063372,-3.305826,2,1
0,0,1,0.975554,0.291896,2.344426,0.482261,0,0
0,1,0,2.905123,1.454989,4.758206,0.181944,2,1
0,0,1,-0.119044,0.035275,0.425819,0.215443,0,0
0,1,0,0.842961,0.680564,-0.041365,-0.357414,0,0
0,0,1,0.014333,0.154132,0.27901,-0.017448,0,0
0,1,0,3.768554,1.109194,7.273881,1.369965,2,1
1,0,0,1.126339,0.064459,0.995885,-0.063729,0,0
1,0,0,2.322628,0.024236,4.012485,0.730043,1,0
1,0,0,0.086076,0.291279,0.130245,-0.040039,0,0
0,0,1,-0.132292,-0.061365,0.233134,0.260713,0,0
0,0,1,-0.474329,-0.30348,1.357897,0.03656,0,0
0,0,1,5.770649,4.214705,5.271467,-2.336233,4,1
1,0,0,1.465826,0.15947,2.457175,0.01446,0,0
0,1,0,2.389104,3.563646,2.890496,2.812389,3,1
0,0,1,0.638452,-0.528148,0.178618,-0.066424,0,0
1,0,0,0.517569,0.585398,0.101374,0.224041,0,0
1,0,0,2.321784,3.547058,4.057847,0.631232,2,1
1,0,0,-0.193317,0.458892,-0.426738,-0.339652,0,0
1,0,0,3.949238,3.738926,2.742871,0.974129,3,1
0,0,1,2.145338,2.538115,4.316651,0.340694,2,1
0,1,0,4.317738,-0.075425,2.34235,-0.751967,1,0
0,1,0,5.654022,0.506029,2.470334,-0.116079,1,0
0,0,1,4.739215,4.36321,2.127687,0.301257,2,1
0,0,1,0.649605,0.512699,0.089726,0.364781,0,0
0,1,0,1.89786,0.796959,6.829346,0.467739,1,0
0,1,0,0.350435,0.245478,0.021961,-0.180992,0,0
0,0,1,-0.490763,0.024231,0.356013,-0.050884,0,0
0,0,1,2.490495,2.053475,3.200196,-1.864175,2,1
1,0,0,-0.01618,3.673587,1.654807,-2.931454,2,1
0,0,1,3.516451,3.251833,2.759737,2.542232,4,1
0,1,0,1.802766,1.366497,0.778692,0.297219,0,0
1,0,0,0.365061,0.036349,-0.150038,-0.2647,0,0
0,0,1,4.465257,3.444957,3.653899,2.955457,4,1
0,1,0,0.011489,-0.033648,2.094936,0.269994,0,0
0,0,1,0.352045,-0.166496,0.372515,-0.069966,0,0
0,1,0,1.991784,0.053455,0.36943,-0.261178,0,0
0,1,0,2.034501,4.255582,4.135751,1.049634,2,1
0,1,0,4.204179,2.492673,3.577113,1.094248,2,1
0,0,1,1.560261,0.503031,1.458738,-0.496664,0,0
0,1,0,-0.470649,-0.590985,-0.63903,-0.418764,0,0
0,0,1,4.874907,0.862535,3.110455,-0.636362,2,1
0,0,1,0.330904,0.326429,0.236767,0.221809,0,0
1,0,0,3.290573,2.828219,3.613885,0.563538,3,1
0,0,1,0.502113,1.081897,2.732905,0.477539,1,0
0,0,1,3.02098,1.302518,1.513786,-0.257813,1,0
0,1,0,1.287447,-0.084203,0.032523,-0.074014,0,0
0,1,0,6.080404,3.824239,9.101169,-1.990821,4,1
0,0,1,7.050771,5.259141,7.238223,-1.456948,3,1
1,0,0,1.180795,-0.070701,-0.242945,0.000363,0,0
1,0,0,4.987582,0.41536,3.497436,0.150889,2,1
1,0,0,0.071974,-0.062302,-0.0954,-0.157426,0,0
0,0,1,0.47511,-0.057422,0.663584,-0.008072,0,0
0,0,1,0.741276,-0.747619,-0.435407,0.007101,0,0
0,1,0,7.230868,6.292608,6.306234,-1.907704,4,1
0,0,1,1.359098,1.414666,1.31914,0.6941,0,0
0,0,1,3.870441,3.233885,2.854658,3.000169,4,1
0,0,1,3.76596,2.321315,3.12035,0.540739,2,1
0,0,1,4.449786,3.6639,4.667527,0.810105,3,1
1,0,0,0.416326,0.073895,-0.150533,0.160231,0,0
1,0,0,3.773779,5.693413,3.599103,-2.46658,4,1
1,0,0,1.121003,0.419526,0.444146,-0.192524,0,0
0,0,1,2.353986,2.851683,2.79826,0.570341,2,1
0,0,1,0.568553,4.408545,1.27409,-3.37703,2,1
1,0,0,2.492874,1.855709,2.566363,0.206444,1,0
0,0,1,0.485411,-0.285756,0.490645,0.297328,0,0
0,1,0,0.276883,3.866512,2.079651,-2.004946,2,1
1,0,0,1.089815,0.202532,1.996675,0.058019,0,0
0,1,0,1.487196,0.658015,1.030471,0.541029,0,0
1,0,0,0.075899,-3.1e-05,-0.372288,-0.19228,0,0
1,0,0,3.841319,5.021642,5.787754,-2.077767,4,1
0,1,0,1.032625,1.728234,3.165955,1.038317,1,0
1,0,0,1.732886,-0.179904,4.459483,-0.473065,1,0
0,1,0,6.826457,4.16465,5.539252,-2.507734,4,1
1,0,0,-0.790911,3.033632,3.131187,-2.512287,3,1
0,1,0,1.480278,4.021591,1.853888,4.188024,2,1
0,0,1,0.734026,-0.038937,0.194779,-0.055082,0,0
0,1,0,1.269644,0.757571,1.647444,0.399608,0,0
1,0,0,0.655803,0.932204,0.39685,-0.198201,0,0
0,0,1,-0.627735,-0.204945,0.004313,0.021774,0,0
1,0,0,0.824347,0.939334,5.213014,-0.632843,1,0
1,0,0,0.709127,0.621119,0.4798,0.03808,0,0
1,0,0,4.780893,0.312058,2.768461,0.028329,2,1
0,1,0,-0.240749,0.194278,0.268259,0.137668,0,0
0,0,1,-0.322466,0.308829,0.12832,0.047422,0,0
0,0,1,1.544929,1.380346,1.867483,0.862704,0,0
1,0,0,0.312938,0.336191,0.79822,-0.227275,0,0
0,1,0,0.922492,-0.213356,-0.085979,-0.226994,0,0
0,0,1,0.405693,-0.245552,-0.14514,0.227492,0,0
0,1,0,0.438646,0.279695,3.085951,-0.095767,1,0
0,1,0,4.055478,3.667369,3.623866,-2.514026,4,1
1,0,0,0.261178,-0.297427,0.643923,-0.298754,0,0
0,0,1,3.010985,0.702222,0.915659,-0.290342,1,0
0,0,1,5.949332,4.930458,4.027733,-1.575776,4,1
0,1,0,1.886519,2.440838,1.91529,-3.459967,1,1
0,0,1,0.658525,-0.473612,-0.255467,0.128105,0,0
0,1,0,-0.407279,-0.224641,1.410718,0.109938,0,0
0,0,1,2.303464,1.1532,2.99108,0.460111,1,0
0,1,0,4.303248,6.344671,5.400806,-2.161265,4,1
0,0,1,-0.090668,0.418314,-0.107725,0.064291,0,0
0,0,1,3.888849,0.625416,0.699599,0.037484,1,0
0,1,0,2.585601,3.469352,5.528742,-0.141281,3,1
1,0,0,1.663583,0.26057,1.115179,-0.027666,0,0
0,0,1,-0.107344,0.46077,0.043742,-0.114252,0,0
0,0,1,-0.022262,-0.520791,-0.424404,0.058284,0,0
0,1,0,0.779301,-0.598758,-0.256727,0.042326,0,0
0,0,1,5.149174,2.094515,5.317215,-3.445019,3,1
0,0,1,2.824571,-0.532136,1.741478,-0.117803,1,0
0,0,1,0.976058,0.119151,-0.332656,-0.145,0,0
0,0,1,1.69124,1.192548,6.559121,0.5059,1,0
0,0,1,1.478992,0.676004,1.898544,-0.075539,0,0
0,0,1,1.614158,3.25003,1.136099,0.684636,1,0
0,1,0,3.231759,1.245831,2.356475,0.479424,1,0
1,0,0,1.8159,1.956471,4.701908,0.465596,1,0
1,0,0,1.847272,0.658877,1.906551,-0.204202,0,0
0,0,1,4.557509,4.828876,5.023083,-0.905882,3,1
0,0,1,0.497469,1.200671,2.045578,0.187263,0,0
0,0,1,1.346457,0.583908,1.679279,0.351262,0,0
1,0,0,1.556473,3.271423,4.532677,0.187094,2,1
0,1,0,2.191309,0.096052,1.50593,0.359694,0,0
0,0,1,3.370889,3.128767,2.546158,0.680704,3,1
1,0,0,4.71716,2.989209,4.718319,-1.543522,4,1
0,1,0,0.452091,-0.247712,0.499565,-0.174551,0,0
1,0,0,-0.318273,0.358796,-0.132273,0.077457,0,0
0,0,1,1.848628,0.997502,1.68516,-0.23692,0,0
1,0,0,0.307532,0.157763,0.582423,0.152476,0,0
0,0,1,-0.743532,0.041369,-0.573355,0.080796,0,0
1,0,0,1.609202,0.720168,0.204143,-0.326758,0,0
0,0,1,2.016429,0.374681,2.394196,0.392732,0,0
0,1,0,3.627262,2.139063,3.809129,1.118094,2,1
0,0,1,1.23866,0.554593,0.018686,-0.401535,0,0
0,0,1,0.455731,0.176048,0.284077,-0.587065,0,0
1,0,0,0.556147,0.310481,0.297969,0.194496,0,0
0,0,1,0.748303,-0.398428,1.165534,-0.020919,0,0
0,0,1,0.944221,-0.256766,0.01827,0.450258,0,0
0,0,1,0.24623,0.632648,0.069753,-0.12493,0,0
0,1,0,0.969719,0.290364,0.542989,0.154385,0,0
1,0,0,0.129205,0.155187,0.193322,-0.257984,0,0
0,0,1,-0.127895,0.472017,-0.787922,-0.082938,0,0
1,0,0,2.43772,0.633773,1.957882,4.067963,1,1
0,1,0,-0.312646,0.6463,0.375538,0.40122,0,0
1,0,0,0.228097,0.944133,-0.960615,-0.119293,0,0
1,0,0,0.322467,0.016039,0.28083,0.222893,0,0
0,1,0,0.952868,0.044936,1.988883,0.166254,0,0
0,1,0,1.827104,0.852032,4.817897,-0.206788,1,0
0,0,1,0.488049,-0.336961,-0.292792,-0.043002,0,0
1,0,0,3.047296,0.418219,2.81078,0.127682,2,1
1,0,0,0.777337,-0.608677,1.029962,0.556936,0,0
0,0,1,3.035469,2.574217,3.193477,0.328022,3,1
1,0,0,6.714386,2.38006,4.387427,-1.020601,2,1
0,1,0,2.067272,4.311508,5.699278,1.508662,3,1
0,1,0,0.030235,0.328136,0.402371,-0.158475,0,0
0,1,0,3.059909,3.319352,3.020157,3.148272,4,1
0,1,0,0.04822,0.043624,-0.017713,0.165819,0,0
0,0,1,2.332533,0.440759,2.645114,-0.237302,1,0
0,1,0,3.362098,-0.123065,2.467485,1.216239,1,0
0,0,1,2.777616,0.090409,3.728292,0.005525,2,1
0,1,0,2.58812,1.013552,4.559164,0.501011,2,1
0,1,0,1.864643,2.325877,5.428034,0.329974,1,0
1,0,0,0.63288,-0.248913,-0.330642,-0.148886,0,0
0,1,0,0.539715,-0.093264,-0.16038,-0.159334,0,0
0,1,0,-0.086066,1.71162,1.552802,0.341467,0,0
0,0,1,-0.078564,0.343147,0.054328,-0.183576,0,0
1,0,0,0.600182,0.470254,1.916779,-0.089685,0,0
0,1,0,1.733561,1.948821,3.649703,1.376019,1,0
0,0,1,3.944145,3.156604,3.268715,0.674403,3,1
0,0,1,2.178832,0.924274,5.415827,1.074282,1,0
1,0,0,-0.040453,0.483187,0.039283,-0.089074,0,0
0,0,1,0.57342,0.159955,-0.155685,0.003174,0,0
1,0,0,0.301983,0.242971,0.166474,0.323651,0,0
0,1,0,0.070765,-0.102887,0.588159,-0.047636,0,0
0,0,1,2.3338,1.03218,0.970909,-0.247913,0,0
0,0,1,0.267265,0.043098,0.075445,0.203537,0,0
1,0,0,3.885182,5.191486,4.208038,-1.540404,4,1
0,0,1,2.230498,2.854795,2.022684,-2.560692,2,1
0,1,0,4.004345,2.933732,1.438274,-1.735541,3,1
0,0,1,3.08174,0.720467,1.300756,0.049527,1,0
0,0,1,1.388137,1.839132,2.324363,0.310544,0,0
0,0,1,-0.072394,0.245799,0.894346,-0.053451,0,0
0,0,1,-0.176107,0.030756,-0.242786,-0.271708,0,0
1,0,0,1.314719,0.635437,3.679244,0.060562,1,0
1,0,0,0.775084,0.268844,0.391463,0.330674,0,0
1,0,0,-0.102481,-0.33199,0.533107,0.054015,0,0
0,0,1,2.91648,2.394605,7.04626,0.837052,2,1
1,0,0,4.826564,2.787677,8.369779,-1.180211,3,1
0,0,1,1.7097,0.713316,1.479354,0.067666,0,0
1,0,0,0.265044,0.287226,0.469676,-0.060352,0,0
0,0,1,0.783269,-0.432316,0.029541,-0.130315,0,0
0,0,1,0.729876,0.713452,0.883378,-0.1802,0,0
0,0,1,1.803094,0.224907,0.588406,0.18008,0,0
1,0,0,5.69639,5.038945,4.206722,-0.93239,3,1
0,1,0,-0.547022,-0.631087,-0.004892,0.11009,0,0
1,0,0,1.381677,2.680338,0.693705,-1.205981,1,0
1,0,0,3.790144,2.83515,4.600937,2.566548,4,1
0,0,1,3.496435,0.220194,3.008291,-0.079563,2,1
1,0,0,1.997902,2.191065,0.643375,-2.434153,1,0
1,0,0,-0.025174,2.100158,1.968075,-1.974617,1,0
0,1,0,6.427366,5.944,2.683109,-1.136423,3,1
0,1,0,0.342929,-0.481124,-0.09993,-0.224915,0,0
1,0,0,-0.80968,0.390527,-1.367,0.081698,0,0
1,0,0,-0.121937,1.016315,0.4546,-0.182908,0,0
0,1,0,1.524628,0.114383,2.949321,0.502804,1,0
0,1,0,2.798801,4.592278,3.785144,0.909982,3,1
1,0,0,-0.249645,0.659733,3.546864,0.126139,1,0
1,0,0,2.337528,0.53981,3.337675,-0.427912,1,0
1,0,0,-0.27102,-0.046196,0.066284,0.045451,0,0
1,0,0,-0.551204,0.237864,0.135161,0.219725,0,0
0,0,1,3.104458,5.172761,4.610411,-0.40243,3,1
1,0,0,0.591489,0.243791,0.291669,-0.091444,0,0
0,0,1,0.359572,0.576585,0.515966,0.074069,0,0
1,0,0,3.03969,1.968251,3.85321,0.480567,2,1
0,0,1,-0.183729,3.56087,0.960987,-1.602632,2,1
0,1,0,1.291157,1.325135,2.916878,-2.391493,2,1
1,0,0,3.745691,0.581766,0.743179,0.403686,1,0
0,0,1,-0.480404,-0.65356,-0.054539,-0.374465,0,0
0,0,1,3.704852,3.803809,1.663509,-0.862704,2,1
0,0,1,2.941049,-0.391404,5.349124,0.356952,2,1
0,0,1,-0.443583,-0.011978,-0.193363,-0.321834,0,0
0,1,0,-0.536925,0.340373,-0.49758,-0.084874,0,0
0,1,0,2.062208,2.739173,2.426602,-4.237935,2,1
1,0,0,0.214223,-0.66877,0.008777,0.06071,0,0
1,0,0,5.557068,2.684193,4.191304,2.841355,4,1
0,0,1,1.758021,1.741309,6.945553,0.130051,1,0
1,0,0,1.333951,0.390721,3.450581,-0.370181,1,0
0,0,1,4.294866,4.397893,5.340535,-0.949218,3,1
0,1,0,2.014841,3.625248,1.723248,-3.508476,2,1
1,0,0,1.576098,0.645106,2.399681,-0.12135,0,0
0,0,1,-0.01068,0.493256,0.249678,0.119306,0,0
1,0,0,4.689635,0.151296,3.551766,0.102168,2,1
1,0,0,3.653538,1.145476,0.883905,-0.113092,1,0
0,1,0,1.919377,0.29693,1.536593,0.146036,0,0
0,0,1,4.988502,4.539823,5.641115,-0.95866,3,1
1,0,0,3.000985,4.340067,3.840961,1.162272,3,1
1,0,0,0.084955,0.041325,0.3438,0.259295,0,0
1,0,0,2.483093,3.407388,2.761218,0.032389,2,1
1,0,0,0.531042,0.309414,0.135223,-0.035219,0,0
0,1,0,2.788324,2.768,4.835953,0.544743,3,1
0,0,1,5.014073,4.756611,4.376322,-1.954874,4,1
0,0,1,1.438665,0.940263,2.244944,0.369759,0,0
0,0,1,3.079343,0.323572,1.58077,0.190127,1,0
0,1,0,0.618962,-0.092852,0.038135,-0.256694,0,0
1,0,0,0.356607,0.280174,0.156732,-0.34262,0,0
0,0,1,0.858407,-0.333235,2.195473,0.405704,0,0
0,0,1,0.429588,1.380653,3.32597,0.634812,1,0
1,0,0,2.622836,1.890597,4.277895,0.379599,2,1
0,1,0,-0.012574,-0.063427,-0.168268,-0.173675,0,0
1,0,0,1.595344,-0.750396,5.751438,-0.139929,1,0
1,0,0,3.893871,6.396143,3.671857,-1.527079,4,1
1,0,0,0.096336,-0.379398,0.351104,-0.180469,0,0
1,0,0,3.117525,3.424104,3.659545,2.376701,4,1
0,1,0,4.331655,3.762548,4.892687,-1.955448,4,1
1,0,0,0.588485,1.04602,-0.573969,-0.201018,0,0
0,1,0,0.926969,0.058069,0.505582,0.103683,0,0
0,0,1,-0.43505,0.002093,0.778786,-0.11242,0,0
0,1,0,5.672472,0.352732,3.240682,-0.228686,2,1
0,0,1,-0.389689,0.100564,1.081414,0.093351,0,0
0,1,0,2.68821,1.833216,5.892187,-0.666982,2,1
0,1,0,2.334453,0.417853,1.841167,-0.240489,0,0
0,0,1,4.404625,3.86336,2.089243,2.556549,3,1
0,0,1,-0.287877,-0.284248,-0.436447,0.002322,0,0
0,1,0,2.362661,-0.118541,-0.266956,-0.071221,0,0
1,0,0,1.818033,1.008803,1.385154,0.322132,0,0
0,0,1,0.992226,0.300075,2.242509,0.068311,0,0
1,0,0,-0.537052,0.148018,0.10009,-0.100126,0,0
0,1,0,5.823704,3.727347,7.329797,-1.833024,4,1
0,1,0,0.312187,-0.598283,-0.15155,0.084701,0,0
0,1,0,0.073744,0.325814,0.056543,0.074503,0,0
0,0,1,2.535584,0.341393,1.885163,0.055707,1,0
0,0,1,-0.085705,-0.483136,-0.169395,-0.172058,0,0
0,1,0,5.273864,4.292614,4.929196,-2.785022,4,1
1,0,0,0.267157,-0.614393,0.055726,0.121977,0,0
1,0,0,2.670612,0.848921,2.75858,0.287533,2,1
1,0,0,-0.210476,0.514919,0.190382,-0.337664,0,0
1,0,0,2.779952,0.293082,0.573557,0.184136,1,0
0,1,0,2.840979,0.500856,1.460932,0.373726,1,0
0,1,0,0.032235,0.369808,-0.238159,-0.127148,0,0
1,0,0,4.743937,4.700282,3.249327,-1.518769,4,1
0,1,0,2.196899,-0.197645,1.01638,0.513468,0,0
1,0,0,-0.538699,0.19649,0.126793,0.000409,0,0
1,0,0,-1.159118,0.403163,0.310503,-0.207221,0,0
0,0,1,5.565242,3.343076,1.833361,-1.86227,3,1
1,0,0,1.140386,1.64019,4.530047,0.739805,1,0
1,0,0,0.07397,0.908285,-0.351506,0.145025,0,0
0,0,1,2.301791,2.55606,3.24487,1.214978,2,1
1,0,0,2.506608,3.645121,3.789915,3.430245,4,1
0,0,1,0.963588,0.06082,0.16611,0.190037,0,0
0,1,0,4.783585,3.49039,7.805138,-0.092913,3,1
0,0,1,5.928893,5.527963,4.819123,-2.23611,4,1
0,0,1,2.193185,0.362695,3.728032,0.604286,1,0
0,0,1,2.108385,2.77533,1.137132,-3.924532,2,1
1,0,0,1.89386,1.934654,4.985948,0.599844,1,0
1,0,0,0.148517,0.285707,-0.319881,0.334872,0,0
1,0,0,0.826149,0.223106,-0.137134,0.057947,0,0
0,1,0,0.414222,-0.014712,0.149111,-0.071128,0,0
0,1,0,-0.101077,-0.17831,-0.004743,-0.160162,0,0
1,0,0,-0.364365,3.918362,1.535103,-2.321288,2,1
0,0,1,3.576652,0.632569,1.87595,0.92481,1,0
0,0,1,-0.08934,0.058435,0.85087,0.095779,0,0
0,1,0,3.492533,3.004733,6.079364,-1.0961,3,1
0,0,1,1.649852,2.01456,7.932927,0.252267,1,0
0,0,1,0.930847,1.6048,0.684797,-3.178444,1,1
1,0,0,-0.148348,0.441424,0.26494,0.179832,0,0
1,0,0,0.542883,-0.471963,0.40603,0.117167,0,0
1,0,0,3.766407,2.22638,2.852234,1.451685,2,1
0,0,1,0.503153,0.323609,-0.45876,-0.278706,0,0
0,0,1,2.695742,2.780352,2.122267,-2.400089,3,1
0,1,0,0.828142,0.428149,-0.237602,-0.239018,0,0
1,0,0,6.057578,6.30536,5.384405,-0.753782,3,1
1,0,0,0.633736,0.688652,-0.440365,0.228123,0,0
0,0,1,3.672281,0.67659,3.281555,0.654997,2,1
0,1,0,-0.50827,0.15211,0.7456,0.046759,0,0
1,0,0,0.757273,0.016591,0.425073,0.126347,0,0
0,0,1,5.445501,4.046869,4.450921,-1.324613,3,1
1,0,0,2.901397,0.693136,0.846562,0.08382,1,0
1,0,0,5.510365,2.132942,3.844404,-0.800312,2,1
0,1,0,5.850371,5.598549,2.962871,-1.114963,3,1
0,1,0,1.134625,4.633743,1.157075,-2.175561,2,1
0,0,1,0.907807,1.151702,2.088162,-0.034904,0,0
0,1,0,0.168038,0.040854,-0.010233,0.471017,0,0
1,0,0,-0.987772,0.017894,0.130991,0.050736,0,0
1,0,0,2.932741,0.50478,1.100397,-0.125418,1,0
0,1,0,0.726859,0.428021,-0.151658,0.041215,0,0
0,0,1,-0.118353,0.007604,-0.455827,0.008234,0,0
0,1,0,-0.31427,-1.043732,-0.339997,0.26969,0,0
0,1,0,4.956667,0.23689,3.103558,-0.325178,2,1
1,0,0,-0.233283,0.134377,0.342883,0.165086,0,0
0,1,0,0.055271,0.270198,0.027615,0.150783,0,0
0,1,0,1.691575,1.0166,1.212,-0.17444,0,0
0,0,1,2.321813,2.351817,2.374945,1.642554,1,0
0,0,1,1.737661,0.289804,1.323677,0.445859,0,0
0,1,0,1.722217,0.471256,0.659766,0.407788,0,0
0,1,0,2.495522,3.783993,2.316307,0.943568,1,0
0,1,0,0.966659,1.144667,5.795528,-0.448881,1,0
1,0,0,-0.264931,0.095885,0.154894,0.098105,0,0
0,0,1,0.342395,-0.318631,-0.319358,-0.018368,0,0
0,0,1,1.931005,1.935518,2.125835,0.342528,0,0
1,0,0,5.325061,0.171164,3.280868,-0.489482,2,1
0,1,0,1.294892,0.899901,1.18356,1.07818,0,0
1,0,0,2.551156,0.298033,1.212323,0.385499,1,0
1,0,0,5.781641,-0.226445,3.252954,-0.313138,2,1
0,0,1,0.188864,-0.471321,-0.283998,0.11352,0,0
1,0,0,2.259989,2.455531,5.992614,0.026471,1,0
0,0,1,1.543819,1.565925,5.192417,0.664346,1,0
0,0,1,1.352279,0.6568,0.811792,0.819364,0,0
0,1,0,3.111563,0.099663,1.798162,-0.091314,1,0
1,0,0,2.167801,3.438184,2.985705,3.161597,3,1
0,0,1,0.312524,0.445331,0.896559,-0.174396,0,0
0,0,1,1.472201,1.029329,2.730995,0.21958,1,0
0,0,1,0.455186,0.621311,0.047187,0.003866,0,0
0,1,0,1.003285,0.315038,-0.718364,0.167751,0,0
0,1,0,1.53647,2.287462,4.088822,0.714284,1,0
1,0,0,3.247464,0.851323,3.034429,-0.316675,2,1
0,0,1,0.573432,-0.410121,0.68163,-0.464162,0,0
1,0,0,6.704925,4.246923,6.042062,-0.74044,3,1
1,0,0,1.200442,0.585274,0.843917,0.543053,0,0
0,0,1,0.056869,0.219872,0.886293,0.311304,0,0
0,0,1,4.066878,-0.269223,3.333165,-0.137318,2,1
0,1,0,-0.279631,0.05878,-0.52617,-0.044701,0,0
1,0,0,1.14351,0.203497,1.388259,-0.127704,0,0
0,0,1,4.97471,0.312102,3.018816,-0.416236,2,1
0,1,0,0.306411,0.065387,1.108707,0.605593,0,0
0,0,1,6.275714,6.570451,5.351919,-0.902312,3,1
0,1,0,3.227111,1.867289,5.078793,3.810915,3,1
0,1,0,1.002111,0.40297,0.93572,0.018668,0,0
1,0,0,0.030043,-0.696498,0.25231,-0.23986,0,0
0,0,1,-0.384447,0.728562,0.730076,-0.522871,0,0
1,0,0,0.180477,-0.005867,0.40404,-0.170627,0,0
0,0,1,0.468943,0.233445,-0.016386,0.159075,0,0
0,0,1,-0.584081,-0.459265,-0.365843,0.129683,0,0
0,1,0,0.154667,0.483441,0.372533,-0.30519,0,0
1,0,0,1.37976,1.033436,1.640883,-0.782792,0,0
1,0,0,0.137424,0.375395,0.270904,0.284373,0,0
1,0,0,3.156206,0.070826,3.438493,-0.235465,2,1
0,1,0,0.318949,-0.259832,-0.289975,0.188862,0,0
0,1,0,4.444106,1.483821,2.296996,3.040602,2,1
1,0,0,3.845015,1.33469,2.271279,3.555217,2,1
0,1,0,0.348659,-0.311279,-0.441768,-0.240028,0,0
1,0,0,0.932517,0.585868,1.750409,0.099294,0,0
0,0,1,1.155037,0.504137,2.717685,0.064568,1,0
1,0,0,0.307752,-0.299327,0.232732,-0.344097,0,0
0,0,1,2.589872,-0.643919,1.468013,0.128824,1,0
1,0,0,0.347929,0.965434,3.008534,-0.257018,1,0
0,0,1,0.312356,0.33677,-0.705584,0.001207,0,0
1,0,0,4.828988,0.396574,2.282912,0.067342,1,0
1,0,0,-0.161406,0.320878,0.551191,0.217081,0,0
0,1,0,-0.277002,-0.342541,0.064163,0.046089,0,0
0,1,0,0.683977,-0.160092,0.433661,-0.092694,0,0
1,0,0,1.728524,1.962571,5.328844,0.521106,1,0
0,0,1,-1.238997,-0.333242,-0.13751,0.130416,0,0
0,1,0,-0.164665,0.72268,2.111923,0.656103,0,0
0,0,1,3.115579,1.141413,5.295372,0.636647,2,1
1,0,0,2.222457,0.225848,1.8633,0.380405,0,0
0,1,0,0.716813,0.955808,2.21077,-0.02047,0,0
1,0,0,2.902373,-0.340847,0.493278,0.33052,1,0
0,1,0,0.090691,-0.43337,-0.156196,-0.244014,0,0
0,0,1,1.514399,0.351364,0.634174,-0.13984,0,0
0,0,1,2.927865,2.28442,3.371643,0.989598,2,1
1,0,0,0.243056,-0.032802,-0.012243,-0.346883,0,0
1,0,0,3.849528,1.932563,4.395135,1.771277,3,1
0,0,1,4.593868,2.432743,3.061167,2.454775,3,1
0,0,1,0.36094,-0.270487,0.853503,-0.241012,0,0
1,0,0,1.178952,-0.57952,2.282799,-0.823907,0,0
0,0,1,0.092127,0.13589,-0.626341,0.256388,0,0
0,0,1,0.835909,0.058264,0.678227,-0.157322,0,0
0,1,0,0.831567,0.599944,1.607078,0.73427,0,0
1,0,0,2.510375,0.645317,1.601675,0.02982,1,0
0,1,0,4.880593,0.003021,3.311376,0.009152,2,1
0,1,0,3.451548,1.856793,2.453385,0.883305,1,0
0,0,1,6.154258,0.15411,3.854857,-1.795372,3,1
1,0,0,2.094784,3.351681,2.745233,1.022342,2,1
0,0,1,1.652156,0.832542,1.102442,0.456217,0,0
1,0,0,1.79665,4.557923,1.750202,-2.202632,2,1
0,1,0,2.102995,0.451261,2.103606,-0.303203,0,0
0,1,0,1.853865,1.415033,1.415345,0.107993,0,0
0,0,1,0.232783,0.067533,-0.020014,0.464362,0,0
0,0,1,0.896804,0.226296,2.330154,-0.115813,0,0
1,0,0,5.473183,1.855887,3.169144,2.765549,3,1
1,0,0,-0.101842,-0.118857,0.325867,0.00591,0,0
1,0,0,0.224244,0.508086,0.011328,0.143762,0,0
0,1,0,2.119302,0.506537,2.062647,0.203383,0,0
0,1,0,-0.168084,-0.243987,-0.512326,-0.334448,0,0
0,0,1,1.022586,0.333855,0.157542,0.080921,0,0
0,1,0,0.375847,-0.042776,0.655453,-0.258864,0,0
1,0,0,0.338812,1.078149,0.835051,-0.254682,0,0
1,0,0,1.673073,-0.184999,3.072051,0.134563,1,0
0,1,0,0.419757,0.550844,0.723209,-0.005528,0,0
0,1,0,0.48487,-0.036955,1.056474,-0.157974,0,0
0,1,0,1.008188,4.042016,2.436842,0.268176,1,1
0,1,0,1.34556,0.311489,1.018591,-0.26341,0,0
0,1,0,0.567653,0.357051,0.821843,-0.178438,0,0
0,0,1,-0.105492,-0.097224,0.964632,-0.078733,0,0
0,0,1,1.218621,0.956959,1.380944,0.419692,0,0
1,0,0,1.187561,0.33181,0.101831,0.020393,0,0
0,1,0,0.077605,-0.031983,0.199204,0.005204,0,0
1,0,0,-0.192391,3.258849,3.892954,-2.458256,3,1
0,1,0,0.2988,1.694665,0.520371,-2.796654,1,1
0,1,0,2.677481,1.294396,8.050661,0.178161,2,1
1,0,0,3.638965,-0.150738,2.815188,0.114357,2,1
1,0,0,2.74557,1.230407,1.64579,0.559096,1,0
0,1,0,1.933419,2.131577,2.49487,0.72724,0,0
1,0,0,1.915239,0.436944,0.411359,-0.032285,0,0
1,0,0,0.657297,0.312397,1.149207,0.435722,0,0
1,0,0,-0.960309,-0.039302,0.179219,-0.065412,0,0
1,0,0,-0.083453,0.103651,0.911041,0.064043,0,0
1,0,0,0.128455,0.692862,0.003462,-0.261544,0,0
0,1,0,0.208234,-0.358578,0.03883,-0.0532,0,0
1,0,0,-0.086186,-0.026945,-0.243484,0.437408,0,0
0,0,1,4.795664,3.236723,8.274579,-2.655756,4,1
0,1,0,1.70566,0.669386,2.098011,0.934748,0,0
0,1,0,0.621047,0.693823,-0.250479,-0.162254,0,0
0,1,0,6.063811,3.441552,4.582744,-2.638368,4,1
0,1,0,1.123248,1.661753,0.849994,1.158546,0,0
0,0,1,2.306144,3.763219,2.629418,-2.875299,3,1
0,0,1,4.22466,3.10326,2.464857,1.264416,2,1
0,0,1,4.156644,1.217427,3.843486,-0.045464,2,1
0,1,0,1.349471,4.472245,1.888497,-2.22588,2,1
1,0,0,5.077044,3.675448,3.523359,-2.310875,4,1
1,0,0,2.218076,1.341564,5.625267,1.06053,1,0
1,0,0,-0.392864,-0.08759,0.303967,-0.218701,0,0
0,1,0,0.679561,0.092078,0.343546,0.095017,0,0
0,1,0,5.206857,0.471262,1.851683,0.015834,1,0
0,0,1,0.001501,0.210802,-0.305574,0.111988,0,0
1,0,0,0.924668,-0.183264,-0.003722,0.263368,0,0
0,0,1,0.279371,0.035451,0.034806,0.192839,0,0
0,0,1,-0.415097,0.463345,-0.085834,0.21473,0,0
1,0,0,1.371008,0.470649,0.941784,-0.728867,0,0
0,1,0,0.162598,-0.460301,-0.742945,0.288796,0,0
1,0,0,4.738638,5.646913,4.043376,-1.253967,3,1
1,0,0,1.957387,1.572327,6.461715,0.692136,1,0
1,0,0,0.038967,-0.363848,-0.560514,0.038918,0,0
1,0,0,0.899101,-0.131869,0.477037,0.221468,0,0
0,1,0,2.28223,3.340244,2.494361,-0.220309,1,0
0,1,0,-0.361503,0.394408,0.274346,-0.24488,0,0
0,1,0,1.17499,4.098723,3.228642,0.459859,2,1
0,1,0,0.175858,0.14061,-0.71436,0.322201,0,0
0,1,0,1.683896,3.109586,1.855585,-3.183481,2,1
0,0,1,5.427422,0.409127,3.291627,-0.145058,2,1
0,0,1,1.641481,0.786493,1.893231,-0.351234,0,0
0,0,1,1.384373,0.689836,2.686362,0.51393,1,0
0,1,0,3.300636,3.415622,4.540594,4.308201,4,1
0,0,1,2.03746,0.190714,2.030431,0.08214,0,0
1,0,0,0.396324,-0.188487,-0.641894,-0.005113,0,0
1,0,0,0.705558,0.118722,4.130477,0.412901,1,0
0,0,1,1.737525,1.149231,2.590601,0.279236,1,0
0,1,0,2.523855,1.9679,2.08291,0.937131,1,0
0,1,0,2.529541,0.895386,1.35289,0.189602,1,0
1,0,0,4.375458,5.804117,4.033337,-1.690196,4,1
1,0,0,6.740598,5.280523,3.546587,-1.266283,3,1
0,0,1,3.922588,2.448004,6.308706,-1.01157,2,1
1,0,0,-0.322107,0.60843,1.700679,-0.796076,0,0
0,0,1,1.913461,0.318224,0.804725,-0.300416,0,0
1,0,0,0.163187,0.309002,-0.518403,0.033982,0,0
1,0,0,5.006006,1.613173,2.99085,4.613776,3,1
0,0,1,2.608571,0.403087,2.064068,-0.207061,1,0
0,1,0,-0.22008,-0.015895,-0.122435,-0.528288,0,0
0,1,0,2.128232,0.81482,1.272081,-0.193036,0,0
0,0,1,2.124575,1.522371,2.173131,1.004022,0,0
0,0,1,-0.678916,0.21058,-0.2288,0.104282,0,0
0,0,1,-0.83687,-1.088779,0.173761,-0.107161,0,0
0,1,0,2.674076,1.948035,1.834078,0.761864,1,0
0,0,1,5.123117,-0.001298,3.252452,0.038175,2,1
1,0,0,1.855532,1.699299,1.089169,0.104545,0,0
0,1,0,2.161082,2.754235,2.145425,1.117934,1,0
0,0,1,2.913301,2.626284,1.655991,0.634192,2,1
0,1,0,4.82416,2.179689,5.567006,-1.232321,2,1
0,0,1,0.951242,0.608246,0.745296,-0.14091,0,0
1,0,0,1.161393,1.611773,6.359452,0.908981,1,0
0,1,0,-0.313142,-0.139341,0.599945,0.087516,0,0
0,0,1,0.110041,-0.142742,0.611462,-0.126048,0,0
0,0,1,2.00161,0.735275,2.088701,0.49026,0,0
1,0,0,1.328911,0.755338,1.041666,0.030698,0,0
0,1,0,0.365166,-0.225901,0.893203,0.04464,0,0
0,1,0,0.306575,1.47594,3.424666,0.945816,1,0
0,0,1,1.018975,-0.413105,0.375506,0.230484,0,0
0,1,0,1.035611,4.187761,2.998404,-3.639678,3,1
0,0,1,6.821928,3.332538,6.366504,-1.268876,3,1
0,0,1,0.015804,-0.045768,0.355326,-0.317538,0,0
1,0,0,-0.408608,0.525015,-0.074452,0.042346,0,0
1,0,0,1.741885,1.489101,2.554906,0.866208,1,0
1,0,0,0.491772,0.486793,0.247716,0.179671,0,0
1,0,0,0.644483,0.449797,2.28734,-0.135153,0,0
1,0,0,0.70545,0.425807,5.38444,0.199805,1,0
0,1,0,2.51382,0.065542,2.922735,0.388447,2,1
0,0,1,0.282746,-0.668488,-0.369327,0.171984,0,0
1,0,0,3.74097,1.79776,3.829507,1.755798,3,1
0,0,1,1.279584,0.508105,0.892668,-0.011755,0,0
0,1,0,3.943148,8.108086,8.393741,-2.064591,4,1
1,0,0,2.897923,3.010238,2.698365,3.85046,4,1
0,0,1,3.354586,-0.257696,0.593375,-0.016214,1,0
0,0,1,-0.747324,0.228984,0.054314,-0.390914,0,0
1,0,0,-0.537815,0.384527,0.172799,0.094983,0,0
0,0,1,3.892527,6.042948,6.199254,-1.212756,3,1
0,1,0,0.700578,-0.154289,0.631569,0.101064,0,0
1,0,0,1.241412,0.300016,-0.407621,-0.447511,0,0
0,1,0,2.320259,2.093352,4.375489,-0.734165,1,0
0,1,0,4.375529,2.676995,3.401767,-0.734307,3,1
0,0,1,-0.925991,0.782161,0.191852,0.016785,0,0
0,0,1,0.231889,-0.206898,0.509536,-0.092959,0,0
1,0,0,5.846851,7.485384,4.055006,-1.568081,4,1
1,0,0,1.819489,0.52974,3.692379,-0.77245,1,0
1,0,0,3.540358,3.063452,2.631392,3.806638,4,1
1,0,0,1.190546,0.995211,3.393178,0.442465,1,0
1,0,0,-0.572029,-0.171805,0.4254,-0.026159,0,0
0,1,0,0.497439,-0.081985,-0.100045,0.076671,0,0
0,0,1,-0.475917,-0.139978,0.720973,-0.301533,0,0
0,1,0,0.333751,0.210114,0.889359,0.16773,0,0
0,1,0,3.358521,0.592899,1.69321,0.045861,1,0
0,0,1,-0.183167,0.151403,-0.264602,-0.023963,0,0
1,0,0,0.121928,-0.29825,0.164869,-0.087952,0,0
0,1,0,3.660361,4.272191,4.476526,-1.526755,4,1
1,0,0,3.16073,-0.037233,1.344626,0.213197,1,0
1,0,0,2.726435,2.709642,3.562028,3.08101,4,1
0,1,0,2.032115,4.159344,1.646387,-3.107632,2,1
0,1,0,4.812366,3.625319,2.876755,-2.016263,4,1
1,0,0,-0.202612,0.114824,-0.194539,0.149435,0,0
0,0,1,1.228364,-0.115393,-0.305355,-0.255786,0,0
0,1,0,0.157383,0.278551,0.438893,-0.042523,0,0
0,1,0,0.999472,0.722612,3.133224,0.130117,1,0
0,0,1,0.364388,0.202839,0.272043,0.428268,0,0
0,0,1,0.942901,-0.348152,0.452811,-0.170649,0,0
1,0,0,1.216464,1.994478,7.276586,1.079585,1,0
0,1,0,3.296609,2.592065,3.908714,3.756548,4,1
1,0,0,3.865404,0.611548,2.05168,-1.063242,1,0
0,1,0,0.743785,0.790123,4.177575,0.508664,1,0
1,0,0,2.015812,0.729046,1.656943,-0.046678,0,0
0,1,0,1.939562,0.643493,4.074603,0.73241,1,0
0,0,1,1.230176,0.565472,1.263753,0.433659,0,0
0,0,1,4.682864,0.568111,2.776303,-0.535595,2,1
0,1,0,0.907307,0.229595,1.201796,0.063664,0,0
1,0,0,0.257408,0.133531,0.765368,-0.204297,0,0
1,0,0,2.777,2.627957,4.359519,3.378411,4,1
0,1,0,1.422452,0.768568,1.818202,0.042117,0,0
0,0,1,4.807032,0.88856,1.193495,-0.301234,1,0
0,1,0,1.806173,1.412982,3.595212,1.205037,1,0
0,1,0,2.319303,1.115507,6.46041,0.087607,1,0
1,0,0,0.960164,0.661028,3.046597,0.392408,1,0
0,0,1,4.675098,4.217503,3.508441,-1.340887,3,1
0,1,0,2.904011,2.682239,1.633732,-4.238275,3,1
0,0,1,1.598386,0.790312,1.563799,0.08653,0,0
1,0,0,4.403601,-0.096999,2.34348,0.038732,1,0
1,0,0,1.212289,0.295885,-0.545229,0.075918,0,0
0,0,1,3.511995,3.175557,5.249852,-0.298624,3,1
0,0,1,0.449627,-0.016651,-0.174031,0.16498,0,0
0,0,1,0.540803,-0.281628,1.152024,0.154625,0,0
0,1,0,1.541039,0.706919,0.83312,-0.184799,0,0
0,1,0,1.155172,3.341696,1.851116,-4.01189,2,1
0,1,0,1.884302,0.15898,2.357922,0.042319,0,0
0,1,0,0.930253,0.468543,-0.210176,0.238578,0,0
0,1,0,-0.097046,0.10667,-0.323959,0.303401,0,0
0,1,0,5.054174,2.741265,4.844726,3.066239,4,1
1,0,0,-0.051357,-0.044432,0.437875,0.15254,0,0
0,0,1,2.019395,1.63359,4.850343,0.328824,1,0
0,0,1,-0.614304,0.120954,0.336292,0.048302,0,0
1,0,0,-0.122875,0.601809,0.14037,-0.123642,0,0
0,1,0,1.568777,0.157182,1.768971,-0.433113,0,0
1,0,0,2.098987,-0.224994,0.502444,0.145192,0,0
1,0,0,0.043081,2.233271,6.068699,1.47822,1,0
0,0,1,0.464368,-0.076727,-0.28783,0.301851,0,0
0,0,1,2.483796,0.395936,4.197036,-0.02458,1,0
0,0,1,-0.157431,0.102668,-0.293232,-0.356508,0,0
0,0,1,0.562481,0.407938,-0.177028,-0.046678,0,0
0,1,0,2.059161,0.970805,0.749697,-0.16224,0,0
0,0,1,0.648185,-0.370854,0.588902,0.348955,0,0
0,0,1,3.177576,3.220213,4.206773,-2.100406,4,1
0,0,1,3.086541,2.029283,2.212889,0.510179,1,0
0,0,1,-0.208033,0.298184,-0.28214,-0.024359,0,0
0,0,1,-0.22382,0.391489,-0.78048,-0.277221,0,0
1,0,0,1.413604,0.430048,2.147125,-0.472763,0,0
1,0,0,3.450033,2.625153,2.325334,4.533782,3,1
1,0,0,-0.862522,-0.065314,-0.287914,0.115101,0,0
0,1,0,1.115821,0.670906,2.207035,0.330506,0,0
1,0,0,0.855017,0.279765,6.28917,-0.001987,1,0
1,0,0,1.2051,0.414737,1.121359,0.256897,0,0
0,0,1,2.212975,0.328681,3.038239,0.771081,1,0
0,1,0,0.016508,0.523631,-0.042532,-0.023065,0,0
0,1,0,2.210418,1.21541,5.47275,1.321896,1,0
0,0,1,2.169491,4.320005,3.686771,-1.116357,2,1
0,0,1,4.152333,4.523382,4.022444,0.611729,3,1
0,1,0,-0.307985,-0.048265,0.431517,0.229878,0,0
0,1,0,0.143456,1.419081,2.672291,-0.48155,1,0
0,1,0,2.920851,2.15227,1.513777,0.462072,1,0
1,0,0,4.174972,0.164614,3.490083,0.460698,2,1
1,0,0,-0.837429,0.692443,0.754651,-0.034395,0,0
0,0,1,-0.228994,-0.538146,0.046371,0.00421,0,0
1,0,0,5.466909,3.729726,7.646699,-1.663749,4,1
1,0,0,6.784922,4.745401,7.430725,-1.009998,3,1
0,1,0,-0.349138,0.303833,0.104626,-0.268998,0,0
1,0,0,6.2464,5.022037,4.945136,0.132059,3,1
0,0,1,1.964224,0.302419,1.213403,0.017391,0,0
0,0,1,-0.137386,-0.670581,-0.333354,-0.053543,0,0
1,0,0,0.71219,2.092155,1.787793,0.997389,0,0
0,0,1,1.822764,0.437259,0.713773,0.276632,0,0
0,1,0,-0.55546,-0.836764,-0.45912,0.157872,0,0
0,0,1,5.468025,3.536874,6.278274,-1.408411,3,1
1,0,0,0.435092,3.502804,0.849832,-2.029717,2,1
0,0,1,6.433137,0.59163,4.397085,-0.206456,2,1
0,0,1,0.932323,-0.299488,-0.335946,-0.14232,0,0
0,1,0,0.243094,-0.440703,-0.511384,-0.349513,0,0
0,0,1,-0.302841,-0.136866,-0.028955,0.139036,0,0
0,1,0,0.059475,-0.223544,0.012407,0.213668,0,0
0,0,1,2.52716,0.437792,2.05395,-0.213948,1,0
0,0,1,-0.121606,-0.741868,-0.028997,-0.122386,0,0
0,1,0,0.288227,0.342329,0.302018,0.113961,0,0
0,1,0,-0.536933,0.197939,-0.058424,-0.217778,0,0
0,1,0,-1.205986,-0.514483,0.400623,-0.303623,0,0
1,0,0,-0.450054,-0.150364,0.407216,-0.213518,0,0
1,0,0,1.128444,3.638176,1.186126,-2.313631,2,1
1,0,0,0.090807,0.485781,-0.18685,-0.085247,0,0
1,0,0,-0.10889,-0.204894,1.108191,-0.564765,0,0
0,0,1,-0.499835,-0.203319,0.195905,-0.509224,0,0
0,0,1,2.909925,0.452359,2.454971,0.307578,1,0
1,0,0,5.762846,3.940298,2.905323,4.770352,4,1
1,0,0,2.792098,0.027257,1.039565,0.638751,1,0
0,0,1,-0.53838,1.027143,-0.094782,0.240493,0,0
0,1,0,0.723095,0.308955,1.179211,0.054612,0,0
0,1,0,0.967912,1.545665,1.66186,0.584094,0,0
1,0,0,1.060289,4.195699,3.301554,-2.742535,3,1
0,1,0,5.392074,5.309094,5.646425,-0.341284,3,1
0,1,0,0.279673,0.235263,0.190637,0.081449,0,0
1,0,0,-0.480347,-0.175953,0.06609,-0.195375,0,0
1,0,0,1.120471,0.760471,-0.426149,0.006463,0,0
0,1,0,4.911173,1.018281,3.191997,0.133925,2,1
0,0,1,0.173458,-0.246872,0.133351,-0.059965,0,0
0,0,1,-0.512964,0.110697,-0.603527,-0.080402,0,0
0,1,0,1.89043,0.710161,0.644636,0.316625,0,0
1,0,0,1.817314,1.958489,3.476718,2.276122,2,1
0,1,0,0.019677,-0.24297,0.093226,-0.044814,0,0
1,0,0,0.19327,0.046189,-0.587717,-0.151419,0,0
0,1,0,-0.196617,0.298731,0.261967,0.062717,0,0
0,1,0,0.693567,-0.291625,2.401402,0.456042,0,0
0,0,1,0.919135,3.770742,2.528137,-3.097799,3,1
1,0,0,0.371471,0.548108,0.342511,-0.167534,0,0
1,0,0,-0.652276,-0.377241,-0.316618,-0.116165,0,0
1,0,0,0.072466,-0.266011,2.033657,0.522145,0,0
0,1,0,0.091998,1.157182,1.315799,0.512763,0,0
0,1,0,1.97151,1.925281,1.620756,-2.699433,1,1
0,0,1,0.542109,0.225724,-0.08464,-0.175773,0,0
0,0,1,4.012786,0.527213,2.906082,0.309394,2,1
0,1,0,0.793433,0.131972,-0.81746,0.109328,0,0
1,0,0,0.718046,-0.293749,0.514508,-0.143231,0,0
0,1,0,0.905289,5.278939,1.373221,-3.161439,2,1
0,1,0,4.449009,6.581692,5.193172,-1.300301,3,1
0,0,1,2.828926,0.714099,2.207058,0.419508,1,0
0,0,1,1.45838,1.784967,6.224208,0.570366,1,0
0,0,1,3.051976,2.368436,3.994076,1.274699,2,1
1,0,0,-0.627494,-0.047632,0.454021,-0.235811,0,0
0,1,0,7.088552,4.122538,4.689333,-1.073658,3,1
1,0,0,0.799732,1.230753,1.32226,-0.177836,0,0
1,0,0,5.433167,3.687666,5.795308,-1.97669,4,1
1,0,0,0.525966,-0.328677,0.099286,-0.156122,0,0
0,0,1,-0.614603,0.101313,0.341043,0.11592,0,0
0,0,1,0.13443,2.934656,2.84575,-2.236245,3,1
0,0,1,1.044543,1.022684,1.134286,0.066484,0,0
1,0,0,1.983154,4.165965,4.156224,0.786432,2,1
0,0,1,0.040982,-0.16023,0.633269,-0.337733,0,0
0,0,1,2.081922,2.484121,5.702545,0.270685,1,0
0,0,1,0.415969,0.409319,-0.037811,0.105233,0,0
0,0,1,-0.093253,2.534104,1.83248,-4.189376,2,1
1,0,0,2.672106,2.264891,4.004052,2.289853,3,1
0,0,1,1.423681,4.330121,2.186427,-2.048726,2,1
0,0,1,3.459379,4.591257,2.429474,-0.33661,2,1
0,0,1,4.780757,0.442589,2.891671,-0.362933,2,1
0,1,0,-1.026328,0.219231,-0.279531,-0.373135,0,0
0,0,1,0.662435,-0.111377,-0.002462,0.108205,0,0
1,0,0,0.851239,1.757596,0.639651,0.59878,0,0
0,1,0,4.127292,7.645472,6.904451,-1.352265,3,1
1,0,0,1.773783,4.987642,1.130731,-3.198019,2,1
0,1,0,-0.243726,-0.079494,0.130273,-0.231941,0,0
0,0,1,0.624496,0.643443,-0.215392,0.347126,0,0
0,1,0,1.544533,4.291631,0.5972,-4.06458,2,1
0,1,0,0.988748,1.759334,3.478534,0.598938,1,0
0,1,0,3.669492,5.748544,3.626235,-1.459795,3,1
1,0,0,0.495485,-0.244584,-0.319341,0.014037,0,0
0,0,1,1.48664,1.699025,5.214226,-0.361922,1,0
1,0,0,5.910928,5.263767,4.423366,-1.682156,4,1
0,0,1,0.963793,1.735989,1.954441,-2.107035,1,0
1,0,0,0.179579,0.000141,0.430472,-0.167396,0,0
1,0,0,0.257597,-0.237218,0.290341,-0.122779,0,0
1,0,0,4.341649,0.416311,5.017046,-0.714627,2,1
0,1,0,1.940998,0.583276,2.422737,0.510338,0,0
0,1,0,-0.248077,0.293927,-0.555091,0.118583,0,0
0,0,1,0.327618,0.478558,0.159854,0.019262,0,0
0,1,0,4.093623,3.893856,2.480296,-1.555937,3,1
1,0,0,2.694185,4.296868,3.384579,-2.219241,4,1
0,0,1,3.306921,5.508363,3.420329,-1.506996,4,1
1,0,0,4.907137,6.077042,6.178398,-1.562109,4,1
0,1,0,0.627841,0.8651,1.691808,0.844047,0,0
0,1,0,4.704747,0.675616,3.443646,-0.336921,2,1
1,0,0,1.012511,1.01334,1.467412,-0.220789,0,0
0,0,1,0.200843,0.310832,-0.293989,0.015514,0,0
0,0,1,3.514401,2.383444,2.813094,2.874773,3,1
0,1,0,-0.200373,0.093293,0.453548,0.246867,0,0
1,0,0,1.2882,1.893495,4.540058,0.016395,1,0
1,0,0,-0.41297,-0.073451,0.1024,0.041244,0,0
1,0,0,0.425585,0.396819,-0.095259,-0.155215,0,0
0,0,1,0.506723,-0.547827,-0.207482,0.270017,0,0
0,1,0,-0.156014,0.19232,0.097988,0.030843,0,0
1,0,0,1.381786,0.632784,3.720292,1.775287,2,1
0,1,0,2.837668,2.47467,1.850413,1.730975,2,1
0,1,0,-0.141327,0.001511,-0.059464,0.006634,0,0
0,0,1,5.371177,5.929457,5.72648,-1.646422,4,1
1,0,0,1.618643,3.537347,5.575948,2.129542,3,1
0,0,1,0.014003,0.199314,-0.40034,0.073238,0,0
1,0,0,0.57241,0.449582,1.386233,-0.352438,0,0
0,1,0,0.388606,0.295357,0.255904,-0.093143,0,0
1,0,0,0.507841,-0.550345,-0.099851,-0.207496,0,0
0,1,0,3.778512,4.950054,3.693976,-1.712419,4,1
1,0,0,-0.605345,0.388926,-0.298636,0.036057,0,0
1,0,0,-0.403935,-0.140825,0.679794,-0.007849,0,0
0,1,0,-0.141475,-0.659566,0.395895,0.135037,0,0
0,0,1,-0.111516,1.00043,-0.155951,0.180531,0,0
0,1,0,2.166864,3.483489,1.04891,-1.561464,2,1
1,0,0,0.477294,-0.411027,-0.275251,0.25785,0,0
0,1,0,-0.684966,-0.167535,0.382235,0.050588,0,0
0,1,0,-0.370705,0.029731,-0.017111,-0.02754,0,0
1,0,0,0.25127,1.485645,5.276742,-0.170553,1,0
1,0,0,1.948556,2.914859,3.307401,2.467136,3,1
0,1,0,1.85436,0.653994,3.584646,-0.451466,1,0
0,1,0,1.306032,0.559689,1.657946,-0.006992,0,0
0,0,1,-0.101785,1.220673,3.993392,0.288044,1,0
0,1,0,2.992224,2.077613,4.164043,0.851147,2,1
0,1,0,3.818703,1.117983,1.282656,0.023075,1,0
1,0,0,-0.028438,-0.223355,-0.182251,0.168712,0,0
0,0,1,-0.015802,-0.092365,0.989142,0.283581,0,0
0,0,1,1.347767,3.346199,2.972386,-0.88219,2,1
1,0,0,0.273097,-0.457875,0.635682,-0.379335,0,0
0,0,1,2.625466,0.739947,0.732318,0.357662,1,0
0,1,0,-0.099658,-0.078089,-0.09084,-0.080585,0,0
1,0,0,1.789374,3.376674,3.095826,0.853043,2,1
1,0,0,4.346277,0.03654,3.034878,0.316645,2,1
0,1,0,0.65092,0.200597,0.133425,0.0196,0,0
1,0,0,-0.422831,-0.003731,0.293183,-0.265751,0,0
1,0,0,5.337006,3.509454,3.701276,-0.511481,3,1
0,1,0,2.149121,2.077693,5.496096,0.747004,1,0
1,0,0,3.502038,4.741016,4.176911,-0.043326,3,1
0,0,1,1.147882,0.901386,1.588208,0.812951,0,0
0,1,0,0.836336,0.363441,0.385036,-0.242112,0,0
1,0,0,0.712377,0.264776,0.759456,-0.255923,0,0
1,0,0,0.105879,-0.114652,-0.62872,0.137165,0,0
0,1,0,1.512958,1.070011,1.719564,0.392759,0,0
0,1,0,-0.173394,0.585824,-0.160497,0.044376,0,0
0,0,1,0.450531,-0.271442,0.090596,-0.148278,0,0
0,0,1,1.651488,1.474056,3.644911,4.099878,2,1
0,1,0,-0.521836,0.025459,1.018267,0.292333,0,0
0,0,1,1.037015,0.36262,-0.135957,0.017821,0,0
0,0,1,-0.072125,-0.104429,0.589398,-0.304096,0,0
0,1,0,0.802844,0.250578,1.520251,-0.018589,0,0
1,0,0,3.782036,0.311153,3.097047,-0.210421,2,1
1,0,0,5.312631,4.976943,4.598436,-2.206728,4,1
0,0,1,0.192102,0.305219,-0.053245,-0.170935,0,0
1,0,0,1.211447,3.388592,1.448312,-2.545214,2,1
0,0,1,1.863025,0.884679,1.621026,0.225221,0,0
1,0,0,0.213567,-0.009443,0.1075,0.31003,0,0
0,0,1,1.01109,2.475549,4.547566,0.856368,1,0
0,0,1,4.628684,2.443662,3.493067,4.086422,3,1
0,1,0,0.413365,0.983338,1.075693,-3.085874,1,1
0,1,0,1.178245,1.211018,2.529497,0.43204,1,0
0,0,1,0.054026,-0.23792,0.312061,-0.026843,0,0
0,0,1,4.351201,4.326064,4.553839,-2.660907,4,1
0,0,1,3.423435,0.576769,4.124852,0.228006,2,1
1,0,0,0.20583,-0.003439,-0.491495,0.038816,0,0
0,0,1,-0.134199,-0.058474,0.6641,-0.012283,0,0
0,1,0,2.993869,2.422834,4.939362,0.291493,2,1
1,0,0,4.600315,3.239425,2.730394,-3.144436,4,1
1,0,0,4.411685,4.897067,8.746501,-2.447352,4,1
0,1,0,-0.127661,0.570216,-0.056887,-0.047182,0,0
0,1,0,-0.398597,-0.440399,-0.630463,-0.164542,0,0
0,0,1,0.272807,-0.140243,-0.091098,-0.159156,0,0
1,0,0,2.482834,1.84876,2.265172,0.877257,0,0
0,1,0,0.621346,-0.056593,-0.11678,-0.088428,0,0
0,1,0,0.075835,0.488593,0.138856,-0.175732,0,0
0,0,1,1.211141,0.541262,1.590276,0.923009,0,0
0,0,1,0.74831,-0.003183,0.019438,-0.337338,0,0
1,0,0,0.865243,0.019847,0.06292,-0.197441,0,0
0,1,0,2.294233,0.453999,1.047159,-0.104243,0,0
1,0,0,2.557447,1.036522,4.11348,0.526656,2,1
0,0,1,4.293385,0.487088,1.682072,-0.451215,1,0
0,0,1,-0.465912,-0.704449,-0.458962,0.10655,0,0
1,0,0,4.576448,-0.077215,3.774997,-0.488302,2,1
1,0,0,3.166883,2.994648,3.147539,-1.991497,4,1
0,1,0,5.023669,0.614341,2.909357,0.268102,2,1
0,0,1,0.339607,0.363981,0.067791,-0.117395,0,0
0,0,1,0.32272,0.486868,0.025639,-0.213514,0,0
0,0,1,-0.303071,-0.327972,0.008331,-0.233655,0,0
0,1,0,0.628952,0.772065,2.455541,0.609344,0,0
0,0,1,0.574982,0.877635,1.335273,0.069434,0,0
0,0,1,0.314501,0.603497,0.547439,0.02163,0,0
0,0,1,-0.458874,0.461987,-0.046658,0.053659,0,0
0,0,1,-0.229936,0.577067,-0.163928,-0.158056,0,0
1,0,0,4.206048,0.273233,2.200113,-0.215629,1,0
0,0,1,0.976395,0.008351,2.049691,0.330883,0,0
0,1,0,5.550964,0.803824,1.799634,-0.200632,1,0
1,0,0,-0.048953,-0.303019,0.380912,0.438445,0,0
0,0,1,1.553111,0.426896,0.633966,0.146435,0,0
0,0,1,2.749849,2.891297,2.436654,0.645779,2,1
0,1,0,-0.326387,0.311759,0.068412,0.15143,0,0
0,0,1,-0.266964,0.032244,0.175989,0.278978,0,0
0,1,0,2.168006,1.838257,5.547006,0.500952,1,0
0,0,1,0.723417,0.20501,-0.412004,-0.154171,0,0
0,0,1,1.325009,0.544803,2.435947,-0.278828,0,0
0,1,0,4.365569,3.423324,3.978385,3.564125,4,1
0,1,0,-0.003635,0.188278,-0.29435,-0.070636,0,0
1,0,0,-0.412843,0.2261,-0.022323,0.045408,0,0
0,0,1,0.863759,0.714698,-0.083557,0.053075,0,0
1,0,0,1.490191,3.448872,3.458217,0.440248,2,1
1,0,0,0.316676,0.364351,0.456939,0.260397,0,0
0,1,0,3.411719,3.271109,1.423796,0.16222,2,1
0,1,0,-0.31222,-0.492216,-0.083732,0.261517,0,0
0,0,1,-0.289013,-0.671499,0.208767,-0.182619,0,0
0,1,0,-0.640162,0.095238,0.137769,0.052495,0,0
0,0,1,0.32439,-0.12164,0.488144,-0.010028,0,0
1,0,0,2.061853,0.495997,1.382104,0.623196,0,0
1,0,0,0.290396,0.245276,0.197033,0.079953,0,0
0,0,1,0.730049,0.624345,2.892643,0.327974,1,0
0,0,1,1.449537,-0.210055,1.319585,-0.281283,0,0
0,0,1,5.455123,4.120069,6.741113,-1.783704,4,1
0,1,0,2.332767,0.675959,2.923677,0.334439,1,0
0,1,0,2.516609,1.779321,4.143098,1.462932,2,1
1,0,0,0.255865,-0.506385,0.638759,-0.208,0,0
0,0,1,6.246713,3.431792,5.06227,-2.883387,4,1
0,0,1,2.107377,-0.092129,1.070198,0.16034,0,0
1,0,0,5.90902,4.390912,4.652157,-2.170134,4,1
1,0,0,0.076452,-0.128972,0.363101,0.074242,0,0
0,1,0,0.054669,0.186906,0.181729,0.013673,0,0
1,0,0,5.6871,6.185705,4.771635,-0.559383,3,1
0,1,0,4.127125,2.80459,3.150226,3.660578,4,1
0,1,0,-0.175412,0.992954,-0.626045,0.296844,0,0
1,0,0,5.478004,5.455708,5.072328,-0.86599,3,1
1,0,0,3.085586,1.952557,5.730717,0.195906,2,1
0,0,1,3.008797,4.494497,5.702378,-0.683932,3,1
0,1,0,1.591776,2.7316,2.707325,0.457603,2,1
0,1,0,-0.080436,0.140563,0.208895,0.50451,0,0
0,0,1,-0.194103,-1.113929,-0.656865,-0.265161,0,0
0,1,0,3.108783,5.360089,4.58649,-0.680973,3,1
0,1,0,5.816132,3.725752,4.686934,-2.088017,4,1
1,0,0,-0.074982,0.091564,0.589493,0.138102,0,0
1,0,0,0.192343,-0.142754,0.129236,0.230238,0,0
1,0,0,-0.267247,0.287631,0.011735,-0.038284,0,0
0,0,1,0.3248,0.66696,-0.387076,-0.106293,0,0
1,0,0,1.26494,1.494275,2.375121,-0.566315,0,0
0,0,1,0.858616,1.31369,1.697307,0.516223,0,0
0,1,0,1.310652,-0.418807,-0.129457,0.04265,0,0
0,0,1,5.493831,6.108304,6.30914,-0.676544,3,1
0,0,1,0.406493,0.228668,0.176715,-0.092923,0,0
0,1,0,0.371902,0.641913,0.175513,0.33869,0,0
1,0,0,0.496834,-0.542303,1.128661,0.38481,0,0
1,0,0,1.629876,2.007194,2.623435,-2.783632,2,1
0,0,1,-0.527041,0.371117,0.203743,-0.18323,0,0
0,0,1,2.453162,2.245425,1.149329,-2.340793,1,0
1,0,0,4.22084,0.179143,3.076295,-1.008546,2,1
1,0,0,5.333639,0.8585,3.536443,-0.506339,2,1
0,0,1,1.711229,1.045745,2.129373,0.894821,0,0
0,0,1,5.705623,5.326921,5.289241,-0.468955,3,1
0,0,1,0.275021,0.310955,-0.250597,-0.082375,0,0
0,0,1,1.410808,0.402836,2.02293,0.506684,0,0
0,0,1,4.276424,-0.187494,3.30121,-0.013889,2,1
0,1,0,2.670196,2.113851,1.68467,-2.966285,2,1
0,0,1,1.65977,0.06755,0.64142,-0.261629,0,0
0,0,1,1.151854,0.736991,0.328745,0.022509,0,0
0,1,0,0.085284,0.18213,0.163454,-0.158458,0,0
1,0,0,1.712808,0.40127,0.7873,0.044108,0,0
0,1,0,2.736258,4.801806,3.893276,0.478934,3,1
1,0,0,2.376697,2.010348,4.900877,-0.221149,1,0
0,1,0,2.270914,1.621321,5.994147,0.453525,1,0
1,0,0,2.44636,3.548471,3.124693,-0.442262,2,1
0,0,1,2.534924,2.022846,2.417553,0.701061,1,0
0,0,1,0.922488,0.454153,-0.192465,-0.033429,0,0
0,0,1,1.13514,0.87712,3.011333,0.801988,1,0
0,1,0,1.486232,2.70606,3.174446,0.08958,2,1
0,1,0,-0.231956,-0.127365,-0.058142,0.242677,0,0
0,0,1,2.341432,3.372303,2.189513,-1.962713,2,1
0,0,1,-0.039393,0.684866,-0.259731,0.217431,0,0
0,1,0,0.175175,0.638688,-0.360545,0.177015,0,0
0,1,0,5.038308,3.662222,2.829189,-1.094197,3,1
0,1,0,0.613704,0.426312,0.73037,-0.137775,0,0
0,0,1,0.211342,0.550429,0.075629,-0.113683,0,0
0,0,1,2.072683,1.657969,3.263114,-0.079887,1,0
1,0,0,3.694661,0.419549,2.412883,-0.113642,1,0
0,1,0,2.172989,0.113939,6.857056,0.389032,1,0
0,0,1,2.268252,1.781581,1.240961,-1.883145,1,0
1,0,0,2.35979,2.718417,0.308129,-2.542787,2,1
0,0,1,0.128951,2.863347,1.9458,-2.951748,2,1
0,1,0,1.310306,-0.415545,0.174757,-0.007845,0,0
1,0,0,1.659095,0.165362,2.989204,1.229079,1,0
0,1,0,-0.494478,0.284422,0.832139,-0.003298,0,0
1,0,0,1.864228,-0.139475,2.719083,-0.041325,1,0
0,1,0,0.644324,0.756632,-0.529997,0.254335,0,0
0,0,1,1.327507,2.21336,3.679462,1.434571,1,0
1,0,0,0.101995,0.863353,-0.50754,0.247568,0,0
0,1,0,2.045639,1.3491,3.715148,0.071616,1,0
0,0,1,0.421649,0.056704,0.410227,0.12419,0,0
0,1,0,5.037684,0.526006,3.292193,-0.590257,2,1
0,1,0,-0.045336,0.91172,-0.465582,0.049078,0,0
1,0,0,1.329556,3.673244,1.931445,-2.536392,2,1
0,1,0,0.987656,1.080436,1.77151,-2.44425,1,0
0,0,1,4.05772,5.693184,3.341699,-1.52847,4,1
0,0,1,0.191253,0.066357,0.390917,0.000198,0,0
1,0,0,0.351991,-0.229388,0.174396,0.263152,0,0
0,1,0,-0.389806,-0.125786,0.138212,0.230484,0,0
0,1,0,2.492796,1.299514,1.918708,0.548823,0,0
0,0,1,0.755224,-0.065012,-0.335643,-0.005158,0,0
0,0,1,0.914402,0.51063,0.726376,0.545031,0,0
0,0,1,3.065629,3.301898,2.965465,0.929879,3,1
0,0,1,0.88964,0.769513,2.958305,0.075985,1,0
1,0,0,0.890621,0.920728,3.806679,0.463614,1,0
0,1,0,5.020584,3.054159,3.924837,-2.298965,4,1
0,0,1,-0.137196,-0.076628,-0.155781,0.147512,0,0
0,1,0,-0.287104,0.273311,0.804128,0.121582,0,0
0,0,1,0.320071,0.003149,-0.445179,0.119097,0,0
0,0,1,0.248715,0.705418,0.888782,-0.147284,0,0
1,0,0,4.558158,0.406226,4.241654,0.334149,2,1
0,0,1,0.888588,0.333667,1.518523,0.462492,0,0
1,0,0,1.808624,4.654419,4.103368,1.45112,2,1
0,0,1,5.907069,6.697249,5.022432,-1.531077,4,1
1,0,0,-0.166957,-0.477444,-0.696892,-0.033955,0,0
0,0,1,0.253633,-0.578351,-0.768049,-0.079443,0,0
0,1,0,1.017963,-0.444602,0.567273,-0.075966,0,0
1,0,0,3.303199,0.307805,0.895145,0.022061,1,0
0,1,0,0.35165,-0.378406,0.21488,0.150623,0,0
0,1,0,0.313506,0.060793,-0.344416,-0.128895,0,0
0,1,0,1.581973,1.239861,1.42521,0.588578,0,0
0,1,0,3.597951,2.412202,3.627443,5.553167,3,1
1,0,0,3.183262,1.352019,1.654604,0.204384,1,0
1,0,0,0.127934,3.319206,1.58584,-2.381507,2,1
0,1,0,0.052185,0.314305,0.11788,-0.254375,0,0
0,0,1,2.979421,4.782909,0.84882,-1.461084,2,1
0,1,0,2.750535,2.836391,1.219597,0.972352,2,1
0,0,1,0.826379,1.186221,1.679419,-0.603987,0,0
1,0,0,-0.938644,0.363146,0.164501,-0.254761,0,0
0,1,0,4.900511,3.721787,4.763527,4.805039,4,1
1,0,0,2.21753,1.941323,2.025878,0.293418,0,0
0,1,0,2.022961,0.494326,1.163585,-0.06711,0,0
1,0,0,3.840994,4.92128,5.927801,-1.560685,4,1
0,1,0,4.384126,2.925232,5.144117,-1.051936,3,1
1,0,0,0.543163,-0.131177,-0.146639,0.368534,0,0
0,1,0,0.174357,0.509918,-0.411487,0.396827,0,0
0,1,0,1.723123,1.16026,1.017763,0.357412,0,0
1,0,0,-0.805814,0.243015,-0.281009,0.162924,0,0
0,1,0,0.975653,0.49072,2.092666,-0.231824,0,0
1,0,0,0.925385,0.52605,1.391738,0.119821,0,0
0,1,0,-0.22483,-0.259408,-0.398356,-0.219018,0,0
0,0,1,-0.212191,0.640257,0.219426,-0.054971,0,0
0,1,0,3.629593,1.503381,3.113591,1.402194,2,1
0,1,0,0.85091,0.577386,0.269764,0.2508,0,0
0,0,1,-0.122685,-0.336716,-0.179681,-0.042287,0,0
1,0,0,0.809815,1.455357,5.422225,0.765292,1,0
0,1,0,-0.571137,0.585167,0.136921,0.239168,0,0
0,1,0,0.542775,0.761482,0.395055,-0.027469,0,0
0,1,0,-0.498672,-0.932762,0.805007,0.191893,0,0
0,1,0,0.788867,3.103885,2.173269,-2.589237,2,1
0,1,0,0.480323,0.941968,2.192105,0.401037,0,0
0,0,1,3.456607,0.588188,1.82535,0.282685,1,0
1,0,0,3.782637,0.214255,3.593829,-0.14096,2,1
1,0,0,0.424378,0.725433,2.430736,0.601304,0,0
0,0,1,0.255314,-0.211041,-0.600425,0.160492,0,0
0,1,0,0.443114,-0.115784,-0.245794,-0.088263,0,0
0,1,0,0.959057,1.41457,1.423256,0.848231,0,0
1,0,0,4.29345,2.40675,4.908254,-1.681017,3,1
1,0,0,0.219533,0.017097,-0.29894,-0.132585,0,0
0,0,1,-0.304322,2.716746,1.87193,-2.370491,2,1
1,0,0,2.133396,2.65475,2.084493,2.848035,2,1
0,0,1,0.524104,0.436186,0.077279,0.115594,0,0
1,0,0,1.425786,0.894651,0.887008,0.115832,0,0
0,0,1,2.654249,3.838391,2.713313,1.292812,3,1
0,0,1,3.550149,-0.430964,1.760798,-0.226842,1,0
0,0,1,2.904153,2.279165,8.234922,0.210262,2,1
1,0,0,0.633133,0.473924,0.111302,0.102606,0,0
0,1,0,0.097227,0.342827,0.720713,0.214508,0,0
1,0,0,0.110437,-0.235599,-0.407715,0.060565,0,0
1,0,0,4.216954,0.690535,1.827665,-0.474541,1,0
1,0,0,-0.283423,0.159847,-0.527011,-0.009092,0,0
1,0,0,-0.796369,-0.54297,0.108218,0.040552,0,0
0,1,0,3.043988,1.398398,3.438218,0.892359,2,1
1,0,0,-0.013812,-0.205881,0.337963,0.327992,0,0
1,0,0,5.969512,3.724288,1.323265,-2.172249,3,1
0,1,0,2.41622,3.67015,1.274186,-2.404836,2,1
0,1,0,1.436205,0.673205,-0.188255,0.043865,0,0
0,0,1,4.157418,4.046078,5.858664,-2.182529,4,1
0,0,1,-0.403945,0.367435,0.528079,-0.016354,0,0
0,1,0,0.078613,0.247178,0.661404,-0.356852,0,0
0,1,0,3.601814,0.675496,2.541211,-0.051838,2,1
0,1,0,4.373556,0.600072,2.284565,-0.663411,1,0
1,0,0,0.372959,0.447391,0.177898,-0.219357,0,0
1,0,0,0.339528,0.777431,-0.040888,0.046523,0,0
0,1,0,0.310234,0.251618,-0.218134,-0.025149,0,0
0,1,0,1.921317,1.953194,4.533905,0.721925,1,0
0,0,1,1.039293,0.178794,1.59887,0.005998,0,0
0,0,1,7.491875,0.720041,3.349767,-0.441885,2,1
0,1,0,1.116125,1.003997,1.541476,-0.254602,0,0
0,0,1,-0.514958,0.172091,-0.003867,-0.297511,0,0
0,1,0,0.521158,0.08458,-0.168024,-0.033108,0,0
0,0,1,-0.090411,0.256945,-0.166933,0.076515,0,0
1,0,0,0.69421,-0.352931,0.156732,0.074105,0,0
0,1,0,0.269398,0.45973,0.134694,0.14888,0,0
0,0,1,0.30623,0.236514,0.355002,0.096657,0,0
1,0,0,0.630186,-0.250819,-0.400648,-0.097845,0,0
1,0,0,1.720184,0.73936,1.84007,-0.359857,0,0
0,0,1,5.875184,4.867784,5.707537,-2.204592,4,1
1,0,0,-0.060621,-0.672298,-0.018101,-0.092736,0,0
1,0,0,0.702598,0.937442,0.195157,0.457706,0,0
0,0,1,2.352335,0.374716,6.390085,0.123258,1,0
1,0,0,-0.798544,0.310451,0.354308,-0.414766,0,0
1,0,0,0.116826,0.48306,0.076821,-0.196846,0,0
0,0,1,4.414419,0.937502,2.320232,-0.292789,1,0
1,0,0,1.000026,3.326383,3.354281,-3.182388,3,1
0,1,0,2.09135,2.509198,1.420868,-2.974788,2,1
0,0,1,-0.324422,0.569011,-0.233186,-0.110552,0,0
1,0,0,2.969024,2.085779,2.007695,1.28763,1,0
0,0,1,3.989076,0.868107,2.961393,0.310422,2,1
0,1,0,2.318145,1.501232,3.320556,2.488917,2,1
0,0,1,1.003062,3.783398,2.568787,-2.990942,3,1
1,0,0,3.66575,3.930458,3.265291,2.618418,4,1
1,0,0,0.671918,-0.07604,-0.044349,0.143857,0,0
1,0,0,-0.356412,-0.5513,0.421833,-0.306445,0,0
0,0,1,0.505049,0.980264,1.628769,-0.010863,0,0
1,0,0,0.612572,0.569821,0.149383,0.135703,0,0
0,0,1,4.945217,4.316657,4.005138,-2.616638,4,1
0,0,1,-0.811298,0.048785,0.30891,0.080843,0,0
0,0,1,0.542151,0.472867,0.14326,-0.083071,0,0
0,1,0,3.851695,0.395007,2.092758,-0.039188,1,0
0,1,0,1.978606,2.425986,2.933267,0.610813,1,0
0,0,1,6.040437,6.545483,2.342045,-1.175074,2,1
0,0,1,0.359175,0.074677,0.499164,0.058429,0,0
0,0,1,-0.856058,0.149723,0.342169,-0.022919,0,0
1,0,0,5.270717,0.325022,4.598277,0.10103,2,1
0,1,0,0.933065,2.308401,1.063209,1.19561,0,0
0,1,0,0.6089,-0.471801,-0.199558,-0.016,0,0
1,0,0,1.203302,2.123818,5.673465,-0.016325,1,0
1,0,0,1.698737,1.861606,2.387806,-0.619431,0,0
0,1,0,5.150911,0.305424,0.609286,-0.483221,1,0
1,0,0,3.054186,1.965812,1.844101,2.313219,2,1
0,0,1,-0.186579,-0.423628,0.405187,0.205811,0,0
0,1,0,1.831934,2.113894,5.546708,0.774764,1,0
1,0,0,-0.602813,0.284519,0.344102,0.126668,0,0
0,1,0,-0.08463,0.206256,-0.307358,-0.185013,0,0
0,0,1,1.604098,0.871409,1.46513,0.568276,0,0
1,0,0,-0.048895,-0.108393,0.541603,0.297033,0,0
0,1,0,2.082331,1.09711,3.003202,0.032993,1,0
0,0,1,0.288836,0.058165,0.107198,0.503415,0,0
0,1,0,1.673919,0.198249,1.081174,0.419741,0,0
0,0,1,-0.476666,-0.196971,-0.17982,-0.328953,0,0
1,0,0,0.723783,0.197429,2.407648,0.535314,0,0
1,0,0,0.688229,-0.530236,0.277072,-0.168564,0,0
0,1,0,0.002936,0.321104,-0.01442,0.060708,0,0
0,1,0,-0.325341,-1.045788,-0.296413,-0.243027,0,0
0,1,0,0.332146,0.07913,-0.532566,0.008002,0,0
1,0,0,0.038153,0.239973,0.343399,0.007032,0,0
1,0,0,-0.049324,-0.104394,-0.420667,0.281378,0,0
1,0,0,-0.958831,0.382342,0.127318,-0.090752,0,0
0,1,0,0.333037,-0.146696,-0.290142,0.146813,0,0
1,0,0,1.894563,4.015821,4.389744,0.451744,2,1
0,0,1,0.79873,0.502656,0.130993,0.336446,0,0
0,1,0,2.988428,2.271061,4.150119,0.81181,2,1
0,1,0,1.953114,-0.018227,6.821773,-0.187518,1,0
1,0,0,6.562658,6.082544,5.612778,-1.818149,4,1
1,0,0,3.623321,2.767106,3.962139,0.542917,3,1
0,0,1,-0.280016,0.222574,-0.053446,-0.516773,0,0
1,0,0,0.784779,0.717644,0.727173,0.762057,0,0
1,0,0,1.421916,1.059973,1.085638,-0.386483,0,0
0,1,0,0.364994,-0.305306,0.0556,0.429441,0,0
0,0,1,0.393712,1.491766,0.117578,-0.221739,0,0
1,0,0,2.974072,0.083162,-0.068429,0.066983,1,0
0,0,1,-0.168784,0.528081,0.497344,0.417376,0,0
0,1,0,0.528225,3.632467,2.139806,-2.853206,2,1
1,0,0,2.680351,3.803685,3.259701,0.374789,3,1
0,0,1,0.479045,0.210459,-0.21185,-0.322592,0,0
0,0,1,0.883364,0.623646,-0.316213,-0.192242,0,0
1,0,0,-0.279208,-0.374923,0.032336,-0.158043,0,0
1,0,0,-0.243032,-0.551552,0.277487,-0.194462,0,0
0,0,1,0.494246,0.402005,0.253598,-0.059442,0,0
0,0,1,1.38512,1.909925,4.471018,-0.279345,1,0
0,1,0,2.678479,2.744435,1.726075,0.752087,2,1
0,1,0,-0.027066,-0.114649,-0.369075,-0.227035,0,0
0,0,1,1.110253,0.429458,1.410965,0.513185,0,0
1,0,0,0.632866,1.220203,1.261796,-0.156869,0,0
1,0,0,-0.725773,0.607091,0.763494,0.275511,0,0
0,1,0,3.797193,4.638732,4.740611,-0.898654,3,1
0,1,0,4.932853,0.295003,3.590202,0.252664,2,1
0,0,1,-0.688427,0.302897,0.590452,0.063892,0,0
0,1,0,2.062293,0.27817,1.707093,0.054096,0,0
0,1,0,2.274009,3.164012,1.523063,1.495831,1,0
0,1,0,5.18167,6.01093,4.665405,-1.698414,4,1
0,0,1,1.4457,1.101495,1.629385,0.730988,0,0
0,0,1,-0.272459,-0.343116,0.348798,0.214084,0,0
0,1,0,0.773204,0.539108,-0.23279,0.305131,0,0
0,0,1,0.268022,0.121937,-0.15857,-0.038952,0,0
0,0,1,3.702102,0.637517,2.645656,-0.271882,2,1
0,1,0,1.111021,1.308533,3.355645,0.430605,1,0
0,0,1,2.210406,3.650918,1.600554,-0.099722,1,0
1,0,0,1.596296,1.124949,0.93291,0.385278,0,0
1,0,0,4.550106,0.348784,2.625263,-0.100676,2,1
0,1,0,4.43083,0.064466,2.356859,0.227479,1,0
0,0,1,1.709332,0.705514,1.298245,0.169674,0,0
1,0,0,0.773291,3.771905,3.45799,0.284612,2,1
0,1,0,0.025101,0.926438,1.380371,-0.352014,0,0
0,1,0,2.857865,2.30347,1.267854,1.236419,1,0
1,0,0,0.775873,0.346248,2.875042,0.022946,1,0
0,0,1,-0.058159,-0.158513,0.032739,-0.337128,0,0
1,0,0,1.654927,0.529055,3.641876,0.794853,1,0
0,0,1,-0.625476,-0.017846,0.187375,0.079195,0,0
0,0,1,6.182615,4.51036,4.160467,-2.835219,4,1
0,1,0,-0.583193,0.068997,0.619588,0.118837,0,0
1,0,0,0.47174,0.622062,0.320616,-0.091048,0,0
1,0,0,-0.544841,0.234778,0.503247,0.095942,0,0
0,0,1,0.964385,0.910105,0.836131,0.532048,0,0
0,1,0,0.730383,4.020892,1.018403,-3.419041,2,1
0,1,0,1.661344,0.6698,0.9469,0.181883,0,0
0,0,1,2.337559,0.207768,1.565874,0.22462,0,0
0,1,0,2.654941,1.561595,4.263439,0.60775,2,1
0,0,1,1.194693,2.313368,6.845452,0.274571,1,0
0,1,0,5.859334,-0.231897,2.674718,-0.452267,2,1
1,0,0,4.031524,3.873462,3.63372,-2.292116,4,1
0,1,0,0.40165,0.04258,0.264148,-0.30961,0,0
0,0,1,6.4356,7.708332,6.772368,-1.748855,4,1
0,1,0,1.481637,0.291916,1.852311,0.384376,0,0
0,1,0,6.192757,3.243535,4.155676,-0.001576,3,1
0,0,1,-0.361876,-0.309915,-0.008188,0.052033,0,0
0,0,1,-0.976923,-0.006713,0.491815,0.169488,0,0
0,1,0,4.244826,3.050268,4.762266,0.77533,3,1
0,0,1,3.361361,4.759562,3.025043,0.392147,3,1
0,1,0,2.013621,1.932653,3.995629,1.158961,1,0
0,1,0,-0.289912,-0.357765,-0.08772,0.046395,0,0
0,1,0,0.740899,3.253177,1.778108,-4.757576,2,1
0,0,1,0.008686,0.943352,0.500844,0.080375,0,0
0,1,0,2.372582,1.091229,4.814072,0.911556,1,0
0,0,1,0.90066,0.864612,6.457664,0.673081,1,0
0,0,1,-0.312836,0.537433,-0.014765,-0.109154,0,0
0,0,1,2.282009,1.807611,3.579307,0.773966,1,0
0,1,0,1.792268,1.016659,1.381709,-0.090793,0,0
0,0,1,0.751024,0.595771,1.582705,-0.181589,0,0
0,1,0,0.941573,0.179727,-0.07462,0.299475,0,0
0,1,0,2.48027,5.118714,5.161473,-1.706753,3,1
0,1,0,3.114228,1.261801,4.479417,1.876371,3,1
0,0,1,-0.228267,0.074774,-0.155393,0.141478,0,0
1,0,0,3.746162,0.842595,3.957954,0.028403,2,1
0,0,1,0.652089,0.379512,-0.695747,0.488364,0,0
1,0,0,2.497113,2.92875,2.716087,0.501116,2,1
1,0,0,3.636462,-0.234904,3.598769,-0.659669,2,1
0,0,1,0.419181,1.649499,0.190996,0.794301,0,0
0,1,0,0.024599,0.049205,-0.087238,0.138915,0,0
0,0,1,2.033132,0.261096,1.391528,0.443944,0,0
0,0,1,5.23079,5.787186,6.318687,-0.356228,3,1
0,1,0,1.507159,2.50847,2.556865,0.979466,2,1
0,1,0,0.19006,-0.415074,0.269685,-0.118468,0,0
0,0,1,0.851219,0.139545,0.257094,-0.054669,0,0
1,0,0,0.866634,0.176001,-0.469873,-0.127535,0,0
0,0,1,3.219121,0.752626,2.185938,-0.673959,1,0
0,1,0,2.463362,2.951644,-0.367294,-3.296884,2,1
0,0,1,4.034427,1.544761,5.323354,-0.351646,2,1
1,0,0,1.133695,0.81035,6.579287,1.39434,1,0
0,1,0,5.073969,4.793595,4.168788,-1.003786,3,1
0,1,0,1.87166,1.295558,3.737778,1.020257,1,0
0,0,1,4.416173,1.886254,3.988873,3.674135,3,1
0,0,1,2.768403,1.243071,2.227554,0.321518,1,0
0,1,0,0.818994,0.528849,3.703775,0.042076,1,0
1,0,0,0.705381,0.259974,0.944708,0.390601,0,0
0,0,1,2.238923,3.114876,3.450764,0.426697,2,1
0,0,1,-0.193056,-0.291757,0.08831,-0.076181,0,0
0,1,0,0.324644,-0.252199,0.577488,-0.235958,0,0
0,0,1,2.491089,1.385671,5.656891,0.280754,1,0
0,0,1,0.487811,0.244573,0.217097,0.070185,0,0
1,0,0,6.367608,7.136087,5.149344,-0.998625,3,1
1,0,0,0.789403,0.381533,3.402345,0.081575,1,0
0,1,0,0.847311,-0.314791,0.014714,0.589933,0,0
0,1,0,0.108149,0.830015,-0.17065,-0.040369,0,0
0,1,0,4.943108,2.569148,3.824011,-0.707838,3,1
1,0,0,1.210437,0.039657,-0.196371,0.066422,0,0
0,0,1,5.817959,4.722229,4.60685,-0.45183,3,1
0,0,1,0.646235,-0.365305,0.096079,-0.384992,0,0
0,1,0,0.083416,0.016025,-0.259267,-0.111328,0,0
0,0,1,1.5496,3.543394,3.552334,1.038911,2,1
0,0,1,0.989267,1.033619,6.738291,-0.186313,1,0
0,1,0,3.061796,5.865422,3.223132,0.685739,3,1
0,1,0,-0.283574,-0.114409,0.176977,-0.545712,0,0
0,1,0,0.290152,-0.074942,-0.018967,0.094274,0,0
1,0,0,-0.022718,-0.094154,-0.2685,0.238308,0,0
1,0,0,-0.254499,-0.560332,0.284781,-0.154222,0,0
1,0,0,-0.399691,-0.487068,-0.038642,0.181329,0,0
0,1,0,0.290967,-0.041525,0.016657,0.225741,0,0
1,0,0,2.693081,2.107507,5.021101,1.031428,2,1
0,0,1,0.320258,-0.319549,0.327627,-0.175064,0,0
0,1,0,5.627741,5.790594,4.099794,-3.599709,4,1
0,0,1,2.003814,0.326931,1.943181,-0.032081,0,0
1,0,0,0.765246,0.818395,1.035967,0.132862,0,0
0,0,1,4.245667,2.186767,5.674771,-0.698809,2,1
0,0,1,-0.298156,-0.003555,0.780606,0.067136,0,0
1,0,0,-0.159987,0.306876,-0.659463,-0.035788,0,0
1,0,0,-0.410983,0.377641,0.550559,0.00576,0,0
0,0,1,0.124471,0.102474,-0.208277,-0.124541,0,0
0,0,1,0.30622,0.839124,0.717858,0.494843,0,0
0,1,0,0.318513,0.160466,-0.413887,0.190953,0,0
0,0,1,4.515605,5.107926,3.303409,-1.501561,4,1
0,1,0,0.012348,-0.465004,-0.233582,0.093921,0,0
0,1,0,2.523344,0.991651,1.687687,0.233724,1,0
0,0,1,1.602274,0.623778,1.606997,0.582015,0,0
0,0,1,-0.332163,0.409085,0.328099,-0.284288,0,0
0,0,1,0.33235,0.96554,1.617802,0.273168,0,0
0,0,1,0.269948,0.042652,0.715564,0.214267,0,0
0,1,0,0.76431,0.72353,0.386249,-0.144482,0,0
1,0,0,0.234322,0.08587,-0.228075,-0.113909,0,0
0,0,1,1.904986,0.54298,1.628133,-0.001116,0,0
0,0,1,1.000354,0.446186,-0.241397,-0.105702,0,0
1,0,0,0.035766,0.359661,1.271078,0.830558,0,0
0,0,1,1.584265,0.675436,1.639418,0.15956,0,0
0,0,1,1.600955,0.08635,2.420977,0.6536,0,0
0,1,0,-0.200877,-0.40368,-0.075126,-0.021715,0,0
0,1,0,4.16529,4.446596,6.744408,-0.595447,3,1
0,1,0,-0.398074,0.446483,0.010351,-0.013341,0,0
0,1,0,0.113793,0.107411,-0.551031,-0.292548,0,0
0,0,1,4.197675,4.024869,5.189531,-2.427356,4,1
0,0,1,3.948724,2.182053,4.760187,2.426007,3,1
1,0,0,4.431211,4.233777,6.634928,-2.377113,4,1
0,1,0,0.969767,3.178411,5.657468,0.994178,2,1
0,0,1,0.847835,0.204492,0.611896,-0.356875,0,0
0,1,0,2.039549,0.83191,1.484758,0.199336,0,0
0,1,0,0.072268,0.493048,-0.430801,-0.188882,0,0
0,1,0,-0.237749,0.361342,-0.012377,-0.030744,0,0
0,0,1,0.662712,4.437373,1.807573,-2.38802,2,1
0,1,0,0.047271,0.57891,-0.295516,0.376188,0,0
1,0,0,7.699471,2.867065,3.14882,0.125848,3,1
0,0,1,4.480957,2.217356,1.211103,2.490056,2,1
1,0,0,1.202654,0.930429,5.331445,0.561617,1,0
0,1,0,-0.40493,-0.197465,-0.151676,-0.10063,0,0
0,0,1,5.96712,0.423783,3.578515,0.009152,2,1
0,0,1,0.103112,0.726334,0.035332,-0.068297,0,0
1,0,0,1.495306,0.699807,2.920396,0.179096,1,0
1,0,0,0.269891,-0.001234,0.069322,0.308413,0,0
0,1,0,-0.003416,0.243894,0.006802,0.087758,0,0
1,0,0,0.891505,1.193437,1.600748,-0.327222,0,0
1,0,0,5.587754,0.453862,2.614062,-0.334313,2,1
1,0,0,1.002474,3.967123,3.496608,1.509832,3,1
0,1,0,4.824136,0.352689,3.427193,-0.023518,2,1
1,0,0,4.120463,2.409723,3.077746,4.094037,3,1
0,0,1,0.19665,0.182648,-0.092458,0.036561,0,0
0,1,0,-0.291814,0.5452,-0.065901,0.463705,0,0
1,0,0,3.457064,3.889428,4.793814,-1.036088,3,1
0,0,1,0.484787,0.443002,0.885143,-0.095703,0,0
0,0,1,2.93919,3.367374,3.744728,0.432073,3,1
0,1,0,3.870161,0.301385,2.984166,0.071747,2,1
1,0,0,1.489379,0.394561,3.156437,0.198445,1,0
0,1,0,3.555169,5.159655,4.05494,-0.181988,3,1
1,0,0,0.468311,0.209973,-0.128524,-0.266436,0,0
0,0,1,1.384444,-0.340158,0.245872,-0.357844,0,0
0,0,1,0.685493,-0.316733,0.479492,-0.428892,0,0
0,1,0,-0.779049,0.809882,0.655791,0.398517,0,0
0,0,1,1.845184,0.511077,1.47252,-0.069189,0,0
1,0,0,1.365761,0.482605,0.62719,0.341879,0,0
1,0,0,0.573874,0.532993,0.630168,0.241016,0,0
0,0,1,0.36751,-0.029291,-0.409227,0.337286,0,0
1,0,0,1.850239,2.237575,5.362009,0.792098,1,0
1,0,0,0.203313,-0.176364,0.241672,0.151572,0,0
1,0,0,-0.17452,0.266084,0.579723,-0.168145,0,0
1,0,0,1.885573,1.24078,1.901539,0.357491,0,0
1,0,0,-0.060393,0.427191,-0.37255,0.275404,0,0
0,1,0,3.454221,2.403001,2.452666,4.389596,2,1
0,1,0,0.110565,-0.055791,0.146343,-0.129341,0,0
1,0,0,5.628293,3.775377,3.04393,-1.971549,4,1
1,0,0,2.058319,1.183819,5.824386,0.155165,1,0
0,0,1,1.435772,1.265724,6.667949,0.656231,1,0
0,0,1,-0.000178,0.156387,-0.202753,0.121007,0,0
0,0,1,0.934661,-0.136377,0.211659,-0.238573,0,0
0,0,1,0.044843,0.198103,0.040016,-0.318074,0,0
0,1,0,3.64042,4.138726,1.639124,3.752343,3,1
1,0,0,0.415593,-0.3211,0.115193,-0.044709,0,0
0,1,0,1.305276,1.251155,3.60449,-0.06101,1,0
0,1,0,0.224753,0.815882,0.824232,0.435841,0,0
1,0,0,0.57632,-0.116234,0.535433,-0.01102,0,0
1,0,0,3.357834,0.360692,3.987335,0.127068,2,1
0,1,0,0.144338,0.122,1.722665,0.295349,0,0
0,0,1,4.865029,3.727768,5.211398,-1.519869,4,1
0,0,1,3.031089,2.329999,1.889558,1.48718,1,0
1,0,0,-0.250629,0.37475,0.868489,0.024655,0,0
0,1,0,2.608224,1.199363,3.880235,0.168983,2,1
1,0,0,-0.216467,0.260908,0.342022,-0.049071,0,0
0,1,0,3.019621,1.929031,3.917542,0.85455,2,1
1,0,0,1.044474,4.161574,1.501495,-2.575376,2,1
0,1,0,0.15041,-0.025607,2.125293,0.429919,0,0
0,0,1,-0.410439,-0.162215,0.80851,-0.078885,0,0
0,1,0,0.043627,-0.190108,0.072608,0.065096,0,0
0,0,1,0.121502,-0.025486,-0.097379,0.042449,0,0
0,0,1,-0.187936,0.577124,-0.249057,-0.361622,0,0
0,1,0,1.01161,4.598733,2.632683,-3.25087,3,1
0,0,1,0.415677,0.582739,0.72587,0.231694,0,0
1,0,0,5.09003,5.460668,6.697908,-1.763185,4,1
0,1,0,6.593378,0.760284,3.218477,-0.490798,2,1
0,1,0,-0.705289,0.677957,0.221204,-0.092061,0,0
1,0,0,1.175083,-0.021463,0.214664,-0.055428,0,0
1,0,0,0.859473,0.274731,0.117968,-0.094127,0,0
1,0,0,-0.590072,-0.005097,0.502751,-0.037678,0,0
0,0,1,6.150288,8.129159,7.185594,-1.006734,3,1
0,1,0,-0.143066,0.323447,-0.012116,-0.117458,0,0
1,0,0,4.355226,0.06216,4.318634,0.000486,2,1
0,0,1,0.069082,-0.256392,1.114474,-0.295067,0,0
0,0,1,-0.211428,0.099671,-0.09108,0.149856,0,0
0,0,1,0.886701,1.810818,8.595803,0.896555,1,0
0,1,0,0.131677,0.523569,0.580303,0.017074,0,0
1,0,0,3.447309,4.732539,3.872954,-1.07994,3,1
0,0,1,1.932641,3.024476,3.365315,0.602536,2,1
0,0,1,-0.078265,0.332809,0.612298,0.1665,0,0
0,0,1,1.701537,1.532533,5.148444,0.546017,1,0
0,0,1,-0.860673,0.029627,-0.026316,0.059465,0,0
0,0,1,4.206159,0.312183,1.689908,-0.420522,1,0
0,0,1,4.92872,0.242577,4.439773,3.673566,3,1
1,0,0,0.029933,0.400498,0.80052,-0.052668,0,0
1,0,0,1.036267,0.372176,2.116625,0.097912,0,0
0,0,1,4.80482,3.469952,5.419667,-0.449838,3,1
1,0,0,2.991349,0.835849,0.512829,-0.011306,1,0
0,0,1,0.297905,0.283593,-0.697467,0.139402,0,0
1,0,0,0.793467,0.824629,0.435722,-0.391579,0,0
0,1,0,6.63758,7.959028,3.371461,-2.062264,4,1
0,0,1,-0.503774,-0.198741,-0.891711,0.021165,0,0
0,0,1,1.33984,0.822665,1.606628,0.198282,0,0
1,0,0,1.765602,0.831251,1.750295,-0.180494,0,0
0,0,1,0.765697,0.805521,1.111116,0.606303,0,0
0,0,1,4.344697,3.026435,4.125976,-1.446864,3,1
0,0,1,0.584125,0.112568,-0.007159,-0.141809,0,0
0,1,0,3.10643,1.238896,3.068094,0.472114,2,1
0,0,1,-0.487329,0.563654,1.730052,0.478987,0,0
1,0,0,0.25201,0.020881,-0.277349,-0.091543,0,0
0,0,1,0.023956,0.092082,0.270791,-0.064809,0,0
0,0,1,1.535519,-0.053068,1.735405,0.07088,0,0
0,0,1,1.448184,0.678751,1.992091,-0.102842,0,0
0,0,1,4.754512,-0.044317,3.325613,-0.396867,2,1
1,0,0,2.216858,2.557974,6.012247,0.912495,2,1
0,1,0,0.38338,-0.286812,-1.112042,-0.239053,0,0
0,1,0,0.214951,0.196392,-0.637249,-0.16435,0,0
0,1,0,0.911095,0.310159,0.993941,0.093569,0,0
1,0,0,0.521212,0.274206,0.242309,0.275094,0,0
1,0,0,5.587645,4.317675,4.653629,-2.790968,4,1
1,0,0,1.898912,0.970751,1.417241,-0.009834,0,0
1,0,0,3.173477,0.490605,0.469198,0.351266,1,0
1,0,0,4.036471,5.382606,5.423827,-1.502917,4,1
0,0,1,-0.152138,0.342481,-0.297323,0.40212,0,0
1,0,0,2.67079,0.69854,0.875721,-0.181303,1,0
1,0,0,5.213414,0.142741,3.020507,-0.4572,2,1
1,0,0,4.391925,2.69624,4.747943,-1.627125,4,1
1,0,0,4.565949,5.867827,6.407434,-1.840758,4,1
0,1,0,0.964608,0.149757,2.141395,0.112287,0,0
1,0,0,0.557148,0.089817,0.141456,-0.280702,0,0
0,0,1,1.350163,3.898838,2.24856,0.165243,1,0
0,1,0,-0.38417,-0.151008,0.541351,0.062911,0,0
1,0,0,2.920014,2.179167,2.969126,0.930025,2,1
0,1,0,2.366792,0.611214,0.915286,0.005147,0,0
0,1,0,-0.101668,0.269307,0.525337,-0.133138,0,0
1,0,0,4.190597,3.575366,3.884615,-1.535082,4,1
0,1,0,-0.00986,-0.256232,-0.173811,-0.062155,0,0
1,0,0,-0.733985,-0.35493,0.448481,0.005738,0,0
1,0,0,-0.152015,1.683725,2.535522,0.658937,1,0
0,0,1,0.757369,-0.127875,-0.243469,0.055865,0,0
1,0,0,5.08237,0.532899,2.565194,-0.811488,2,1
1,0,0,0.444754,0.155105,-0.190709,-0.146882,0,0
0,1,0,2.435777,3.050562,0.906016,0.122819,1,0
0,1,0,0.051459,-0.068171,0.414913,-0.044319,0,0
0,1,0,2.390517,0.647045,4.753823,0.296396,1,0
1,0,0,0.73189,0.370552,0.219847,0.566404,0,0
1,0,0,6.161653,5.329057,5.224735,-2.353192,4,1
0,0,1,2.271231,1.541934,3.73469,1.587377,2,1
1,0,0,4.875385,0.220041,3.574675,-0.374662,2,1
1,0,0,5.583037,3.303012,5.170498,-3.220538,4,1
0,1,0,1.551578,0.304887,0.374482,0.386247,0,0
0,0,1,2.221149,2.387207,3.323098,0.914199,1,0
1,0,0,1.513029,0.397506,1.466093,-0.128132,0,0
0,1,0,0.681741,3.298365,1.711798,-2.830464,2,1
1,0,0,0.480027,0.131149,-0.646691,-0.037572,0,0
0,0,1,0.40097,0.576056,0.397608,-0.085576,0,0
1,0,0,2.844064,4.622235,4.128211,0.270811,3,1
1,0,0,4.869889,-0.168422,1.822473,-0.398095,1,0
0,1,0,2.433631,3.473411,1.46282,3.033048,2,1
1,0,0,0.79204,0.458658,-0.163953,-0.018343,0,0
0,0,1,0.604758,1.192275,4.793667,0.332304,1,0
0,1,0,5.063164,5.858462,4.28001,-3.144173,4,1
1,0,0,1.55544,0.281771,1.066678,-0.233367,0,0
0,1,0,5.09018,1.027049,3.336719,-0.373481,2,1
1,0,0,1.681195,0.46964,1.841085,0.080849,0,0
0,1,0,1.028586,0.936541,1.715108,-0.000958,0,0
1,0,0,2.811999,2.867019,2.444246,0.355846,2,1
1,0,0,-0.512902,-0.163501,0.230478,-0.214715,0,0
0,0,1,0.562181,-0.080257,0.511598,0.068525,0,0
0,1,0,0.21747,-1.055079,-0.311727,-0.073464,0,0
1,0,0,0.400348,-0.172107,0.195981,-0.067124,0,0
1,0,0,0.932937,-0.474195,0.110418,-0.223918,0,0
1,0,0,0.096821,-0.244156,0.231189,0.12635,0,0
0,0,1,8.601868,6.83674,4.482965,-1.920808,4,1
1,0,0,0.494115,1.964717,2.15384,0.551064,0,0
1,0,0,1.433195,0.391518,0.196732,-0.284992,0,0
0,0,1,0.416038,1.239933,0.335835,0.053961,0,0
0,1,0,0.946029,0.553753,2.296929,1.131159,0,0
0,0,1,0.170299,0.435116,0.270062,-0.416757,0,0
0,0,1,3.3177,0.069825,2.000603,-0.523283,1,0
0,1,0,0.476318,0.744886,2.827806,0.73269,1,0
1,0,0,1.435774,2.736741,0.982044,0.629633,1,0
0,0,1,3.703427,1.758903,3.151176,0.64378,2,1
0,1,0,0.089059,0.487986,-0.743881,0.360322,0,0
0,0,1,-0.737695,0.663307,0.107145,-0.044905,0,0
0,0,1,4.1551,3.367942,5.463188,-1.780659,4,1
1,0,0,0.323945,0.113148,0.605593,0.040093,0,0
0,0,1,0.44232,0.014875,2.128345,0.577961,0,0
0,1,0,-0.372804,0.588697,-0.104543,-0.044831,0,0
1,0,0,5.067708,0.819128,0.709425,0.065928,1,0
0,0,1,3.282832,0.813801,5.188847,0.906402,2,1
0,1,0,-0.037532,0.240823,-0.556124,0.238826,0,0
1,0,0,0.294617,0.870363,0.441612,-0.190784,0,0
0,0,1,2.307445,0.978406,1.733985,-0.132572,0,0
0,0,1,-0.520404,0.068153,0.746224,0.388259,0,0
0,0,1,3.202869,4.625747,4.278053,-0.550355,3,1
0,1,0,0.310023,-0.117747,0.584713,0.206042,0,0
0,0,1,3.456076,2.757781,3.60389,4.81384,4,1
0,0,1,0.303347,-0.347123,-0.093398,-0.169244,0,0
1,0,0,3.415116,6.30682,6.326661,-0.804853,3,1
0,0,1,0.532389,-0.204433,0.588653,0.255288,0,0
0,0,1,3.001093,3.416976,1.438074,1.034947,2,1
0,0,1,3.647669,3.994868,3.922784,-0.573798,3,1
1,0,0,-0.324157,0.147666,-0.128995,-0.01041,0,0
0,1,0,-0.38142,-0.103323,0.036709,-0.006814,0,0
1,0,0,0.709233,-0.352741,0.073411,-0.412086,0,0
0,0,1,0.728983,0.352429,2.649702,-0.418338,1,0
1,0,0,0.267233,1.207241,0.887946,0.485162,0,0
0,1,0,3.629528,7.077593,5.293981,-2.793677,4,1
1,0,0,0.134927,-0.204608,-0.141566,0.19765,0,0
1,0,0,-0.442568,0.093185,-0.348197,0.239328,0,0
0,0,1,-0.689223,-0.108788,-0.493223,0.284093,0,0
0,1,0,-0.959569,-0.023168,-0.075119,-0.379699,0,0
0,0,1,-0.111572,0.477973,1.225775,-0.065851,0,0
0,1,0,-0.326396,0.307922,-0.405229,-0.107405,0,0
1,0,0,0.587286,0.292368,-0.373935,-0.083714,0,0
0,0,1,4.011197,3.786188,1.705333,1.054377,2,1
1,0,0,0.882273,-0.246695,0.698445,0.021003,0,0
1,0,0,0.61874,-0.171983,-0.143242,0.510659,0,0
1,0,0,-0.352915,-0.078461,0.379431,0.23955,0,0
1,0,0,0.066062,-0.602834,0.330901,0.398121,0,0
0,0,1,-0.131971,0.095712,-0.015346,0.061227,0,0
0,0,1,-0.094272,-0.033474,0.250619,-0.214965,0,0
1,0,0,3.884805,3.05692,2.640979,2.704148,4,1
1,0,0,3.226576,1.840932,2.706533,0.420349,2,1
1,0,0,0.746215,-0.53865,0.170747,-0.216327,0,0
1,0,0,0.377073,0.402077,-1.069065,0.16042,0,0
1,0,0,4.490493,3.461608,3.164289,-2.548452,4,1
1,0,0,-0.733536,0.102487,0.283432,-0.019066,0,0
0,1,0,1.847213,2.575578,6.623835,-1.905008,3,1
1,0,0,1.50849,0.321593,0.77086,-0.197759,0,0
0,1,0,-0.096184,-0.110947,0.576779,0.22359,0,0
1,0,0,0.855165,-0.188407,0.132883,-0.100577,0,0
0,0,1,1.450089,0.202983,1.716633,-0.127729,0,0
0,1,0,2.53702,0.752457,6.412379,0.786137,2,1
0,1,0,0.238052,0.188481,-0.891497,0.312563,0,0
0,0,1,0.007586,0.133409,-0.445638,0.105177,0,0
1,0,0,2.231922,0.371825,1.664574,-0.176126,0,0
1,0,0,-0.03582,0.014782,0.204506,0.223682,0,0
1,0,0,5.324824,0.496333,4.582663,-0.30665,2,1
0,0,1,1.938793,1.0968,2.037274,-0.260174,0,0
0,0,1,-0.126058,-0.147416,-0.313463,0.017383,0,0
0,0,1,-0.191755,0.581103,-0.49344,-0.256376,0,0
0,0,1,2.476483,0.708573,1.190793,-0.024289,0,0
1,0,0,1.197673,4.499089,1.176067,-3.079732,2,1
1,0,0,0.55167,0.036254,0.18199,-0.232904,0,0
0,1,0,0.16188,-0.394537,0.049664,-0.098153,0,0
0,0,1,-0.095456,1.244462,1.520359,0.063398,0,0
0,1,0,-0.02879,-0.200505,-0.074182,0.110618,0,0
0,0,1,0.497216,-0.239994,0.52208,0.192598,0,0
0,0,1,2.209548,-0.019486,0.558523,-0.094836,0,0
0,1,0,0.963616,0.530405,1.049352,-0.259312,0,0
1,0,0,1.889848,4.006545,2.815789,0.438825,2,1
1,0,0,0.335011,-0.26821,0.1843,0.056386,0,0
1,0,0,4.279306,3.765999,4.754574,-1.806287,4,1
0,1,0,3.010209,1.005441,3.515463,-0.561145,2,1
0,0,1,2.416506,0.146744,4.955096,-0.464156,1,0
0,1,0,3.180631,-0.200542,4.0528,-0.040386,2,1
0,0,1,-0.196609,0.011042,0.65442,-0.151262,0,0
1,0,0,3.778694,2.516556,4.483506,-0.142605,3,1
0,1,0,4.419912,3.074969,3.787433,-1.949989,4,1
1,0,0,3.612287,3.541434,2.926759,3.580954,4,1
0,0,1,1.263472,-0.5817,0.404387,0.078297,0,0
0,1,0,1.311671,1.103243,1.821559,0.214269,0,0
0,1,0,1.001428,0.643663,1.268848,0.235869,0,0
0,1,0,0.881212,0.46172,1.59718,-0.073115,0,0
0,0,1,3.149572,4.935105,4.295935,-0.848026,3,1
0,1,0,-0.62917,0.338098,-0.601344,0.016096,0,0
1,0,0,2.628758,3.241504,0.586152,-3.282082,3,1
0,0,1,-0.255611,0.272436,-0.127568,-0.167595,0,0
1,0,0,3.893397,2.876899,6.715593,-0.467142,3,1
1,0,0,2.179181,1.03409,4.892018,0.456725,1,0
0,0,1,0.295661,0.152889,0.200087,-0.178482,0,0
0,0,1,0.924427,-0.240626,0.190362,-0.017435,0,0
0,0,1,1.097514,0.284926,2.354339,-0.075329,0,0
0,0,1,0.279483,3.191499,1.211436,-3.701491,2,1
0,1,0,1.32194,0.174867,1.239168,-0.166579,0,0
0,1,0,0.362158,-0.030065,0.055347,0.139602,0,0
0,1,0,5.223291,0.537525,2.960835,0.106733,2,1
0,1,0,5.822897,3.785327,6.191288,-1.403147,3,1
0,0,1,3.858673,1.991038,-0.090706,0.079489,1,0
1,0,0,1.088509,1.696626,2.684571,0.974314,1,0
0,1,0,0.52642,0.38528,0.110474,0.308027,0,0
0,0,1,3.561956,0.462148,2.397286,-0.049018,1,0
1,0,0,0.659353,0.207339,-0.033308,-0.021692,0,0
0,1,0,7.203983,6.073181,5.069177,-1.30102,3,1
0,1,0,5.198494,0.245469,1.946747,-0.086262,1,0
1,0,0,0.959706,0.608672,0.862505,0.324532,0,0
0,1,0,2.861024,5.174901,5.695654,-2.171241,4,1
0,0,1,0.74363,1.103372,2.175961,0.435693,0,0
0,0,1,1.879906,3.79371,2.535237,-3.541193,3,1
0,1,0,0.939118,-0.528906,-0.353245,-0.217515,0,0
0,0,1,5.143902,4.069137,4.158121,-1.792029,4,1
1,0,0,0.573069,0.578467,0.466069,-0.152965,0,0
0,1,0,0.698078,0.009499,2.684112,-0.350938,1,0
1,0,0,0.378998,0.396633,0.255782,-0.119627,0,0
0,1,0,0.461653,0.634881,0.327081,-0.155723,0,0
1,0,0,1.100218,0.079833,4.813215,1.063544,1,0
1,0,0,3.30385,1.466396,2.674507,0.597467,2,1
1,0,0,1.515875,0.76502,1.473373,0.031173,0,0
0,1,0,4.870082,6.117019,3.820445,-1.240894,3,1
0,1,0,5.817244,8.99017,4.987476,-1.153141,3,1
1,0,0,5.726369,5.987041,2.869283,-2.246428,4,1
0,0,1,0.422515,0.540437,-0.085071,0.341837,0,0
0,1,0,0.891044,0.323521,-0.175971,-0.007732,0,0
1,0,0,2.850998,1.4399,5.530741,0.775079,2,1
0,1,0,0.255456,-0.289039,0.075017,-0.181266,0,0
0,0,1,3.985726,0.128596,2.072561,0.158638,1,0
0,0,1,1.573317,0.36478,2.411829,-0.206811,0,0
1,0,0,0.871758,0.376553,0.87637,0.195009,0,0
1,0,0,-0.09761,0.172052,0.500171,-0.065996,0,0
0,1,0,2.265932,-0.149125,1.060397,0.095588,0,0
0,1,0,3.256232,2.19143,2.419373,3.6279,2,1
1,0,0,1.035677,1.258964,1.951559,-0.116332,0,0
1,0,0,4.82678,5.061,4.530666,-1.742587,4,1
0,1,0,0.877533,1.680294,2.28867,0.260274,0,0
0,0,1,-0.59302,0.196501,-0.474764,-0.01383,0,0
0,1,0,1.476382,4.180906,-0.099691,1.690811,2,1
0,0,1,4.346358,3.434263,5.013268,-2.811248,4,1
0,0,1,0.520875,-0.063775,-0.079918,0.085655,0,0
0,1,0,3.155653,0.511182,1.515825,-0.545461,1,0
1,0,0,0.229502,0.799162,0.212818,-0.226589,0,0
1,0,0,4.453391,0.413147,1.883016,-0.250973,1,0
1,0,0,5.912348,7.415474,5.270563,-2.120495,4,1
0,0,1,0.750417,1.724432,1.264918,0.054505,0,0
1,0,0,1.065826,0.464936,0.270923,0.492539,0,0
0,1,0,0.187848,1.146953,2.126669,0.550913,0,0
1,0,0,4.72801,0.869534,2.49265,-0.099932,1,0
0,0,1,-0.135723,0.603848,0.339009,-0.060443,0,0
0,1,0,4.673547,0.155649,3.38186,0.626632,2,1
0,0,1,6.005679,3.717407,5.08056,-0.833768,3,1
0,1,0,1.207253,3.628221,4.77389,0.503615,2,1
0,1,0,1.417311,-0.084204,2.208326,0.358791,0,0
1,0,0,3.311658,1.72557,4.598708,2.63358,3,1
1,0,0,1.866876,1.110619,2.458407,-0.432803,0,0
0,1,0,0.762878,0.128404,-0.720847,-0.038896,0,0
1,0,0,2.123971,6.781813,5.866422,-2.459688,3,1
0,1,0,4.530638,4.941854,2.345941,-0.945302,2,1
0,0,1,1.303299,0.086401,0.891874,0.468947,0,0
0,0,1,-0.375957,1.012896,-0.302532,-0.034592,0,0
0,1,0,0.60316,0.593923,3.046953,-0.097788,1,0
1,0,0,0.321241,-0.313896,-0.008239,-0.285494,0,0
0,0,1,3.687176,3.693546,2.78681,2.463959,4,1
1,0,0,0.933473,1.027904,5.633636,0.166931,1,0
0,1,0,1.92169,4.618273,1.659032,-3.172867,2,1
1,0,0,2.254456,3.76359,2.44068,0.427116,1,0
0,0,1,0.318567,-0.650395,-0.491167,0.082586,0,0
0,0,1,-0.325207,0.255311,1.074977,0.100356,0,0
0,0,1,0.252087,-0.352287,1.607403,0.130879,0,0
1,0,0,6.760315,4.366484,5.545485,-1.501346,4,1
1,0,0,3.415623,0.832043,2.229372,-0.045932,1,0
1,0,0,0.032791,-0.430092,-0.609923,-0.143916,0,0
1,0,0,1.717478,4.813875,2.476409,-2.070605,2,1
0,1,0,1.092042,-0.119917,0.641911,-0.07687,0,0
0,0,1,3.698797,3.590156,4.010411,-1.751718,4,1
0,1,0,-0.128108,-0.203438,0.345796,0.08484,0,0
0,1,0,-0.538474,0.648863,0.288592,0.022551,0,0
1,0,0,2.08727,0.831259,3.253974,0.43806,1,0
1,0,0,-0.38209,0.383898,0.020791,-0.008379,0,0
0,1,0,1.307368,1.646872,6.158226,0.63076,1,0
1,0,0,-0.079078,0.703446,0.128504,-0.212128,0,0
0,0,1,1.406086,0.161645,-0.164002,-0.519726,0,0
0,1,0,1.422196,-0.124307,0.635271,0.163041,0,0
0,0,1,-0.775694,-0.429353,-0.009038,-0.022249,0,0
0,1,0,0.741132,0.244164,2.916359,0.862815,1,0
1,0,0,6.396621,3.396435,3.194837,-1.425666,3,1
0,0,1,2.45962,2.920638,3.019513,1.04773,2,1
1,0,0,2.593798,3.418735,5.142272,4.011785,4,1
0,1,0,2.907528,0.122503,0.724869,-0.536342,1,0
1,0,0,4.890033,6.012997,5.535056,-0.851318,3,1
1,0,0,4.197256,3.104747,3.764861,6.04943,4,1
0,0,1,1.046566,0.949216,1.437513,0.013737,0,0
0,1,0,0.111478,0.495931,-0.236623,-0.029385,0,0
0,1,0,2.955577,3.017864,1.241178,0.650239,2,1
0,1,0,1.562283,5.596427,2.406025,-3.940874,2,1
0,0,1,2.289026,3.738702,3.292578,1.123447,2,1
0,0,1,4.802575,4.377086,4.10064,-1.724018,4,1
0,0,1,-0.374086,-0.548481,0.761088,-0.138042,0,0
1,0,0,2.703489,0.418198,6.058685,0.312656,2,1
0,1,0,4.332294,4.028469,2.255503,0.047948,2,1
0,0,1,2.835072,4.327365,3.77162,-0.231506,3,1
0,0,1,0.884369,-0.297294,-0.275159,0.142193,0,0
0,1,0,1.120612,-0.287815,-0.157746,-0.142973,0,0
0,0,1,4.294317,2.7523,4.309541,-1.496983,3,1
0,1,0,-0.258374,0.501062,0.241501,-0.183631,0,0
1,0,0,0.471509,-0.34821,0.647068,0.190847,0,0
1,0,0,0.281704,0.358336,0.165554,0.040657,0,0
0,0,1,0.676843,0.50344,3.382305,0.240056,1,0
0,0,1,2.472422,0.393397,3.704549,0.45274,1,0
0,1,0,0.735456,5.050788,1.689759,-3.983862,2,1
0,1,0,6.038448,7.214915,8.208469,-0.229283,3,1
1,0,0,0.277604,1.005381,-0.079319,-0.107713,0,0
0,1,0,0.118324,0.155284,0.996528,0.363341,0,0
1,0,0,1.456206,1.077843,3.064573,0.034057,1,0
0,0,1,3.124169,1.771087,5.053843,0.174883,2,1
0,1,0,2.183534,3.900071,1.249017,-2.95583,2,1
0,1,0,2.067852,0.381556,1.763742,-0.374073,0,0
0,1,0,1.160869,0.376163,0.465929,0.259043,0,0
0,0,1,1.011666,1.418283,0.924711,-0.247689,0,0
1,0,0,0.816829,1.116954,5.892002,0.436571,1,0
0,1,0,-0.178249,0.117309,-0.160554,-0.116094,0,0
1,0,0,4.473091,-0.844803,2.378855,-0.564696,1,0
0,0,1,-0.194064,0.596643,-0.367055,-0.331338,0,0
0,0,1,5.554654,5.467729,3.490851,-0.052338,3,1
0,0,1,1.816177,1.021594,2.295679,-0.312477,0,0
0,1,0,-0.144252,0.993955,-0.186396,0.024236,0,0
0,0,1,0.86043,1.495547,3.922494,-0.774473,1,0
0,0,1,2.289791,2.261344,3.150234,0.293907,1,0
0,0,1,1.631385,2.81076,3.920703,-2.441658,3,1
1,0,0,0.559612,-0.478079,-0.230955,0.072234,0,0
0,1,0,0.586079,0.115833,0.108685,0.033377,0,0
0,1,0,-0.052859,0.195836,-0.741002,0.049159,0,0
1,0,0,-0.493994,0.525392,-0.040095,0.000795,0,0
0,0,1,-0.931601,0.044006,-0.293243,-0.00746,0,0
0,0,1,-0.366446,-0.653835,-0.211971,0.080671,0,0
0,1,0,-0.226462,0.023728,-0.207524,-0.028084,0,0
1,0,0,5.829476,0.556384,5.719112,2.907461,3,1
0,0,1,4.714902,1.897845,4.180544,1.174706,2,1
0,0,1,-0.161927,0.050937,-0.20973,0.176421,0,0
0,0,1,5.216026,0.186338,2.400876,-0.087729,1,0
1,0,0,0.750958,-0.317695,-0.235929,-0.077966,0,0
0,1,0,0.92618,1.189423,0.943145,0.219703,0,0
0,0,1,0.61653,0.798222,-0.620358,0.181452,0,0
0,1,0,2.721226,3.036288,2.679922,3.544732,4,1
0,0,1,3.327288,0.69105,3.052398,1.491148,2,1
0,0,1,0.266878,-0.804091,0.237559,-0.124858,0,0
0,0,1,3.826222,1.879963,3.821231,1.278638,2,1
1,0,0,0.505131,1.465084,5.901756,0.285092,1,0
0,0,1,3.711348,0.496527,3.727713,-0.078904,2,1
0,0,1,0.256697,0.16039,0.082788,-0.072024,0,0
0,0,1,1.565027,0.157385,1.141495,-0.034515,0,0
0,1,0,0.067489,0.138252,0.116375,-0.225446,0,0
0,0,1,0.60924,0.086497,-0.138693,-0.0324,0,0
0,0,1,0.624318,0.24467,-0.35379,0.079668,0,0
1,0,0,2.889119,0.491754,4.042775,0.361399,2,1
1,0,0,1.568862,-0.208451,1.091996,0.494233,0,0
1,0,0,3.101789,3.090038,4.46866,2.792433,4,1
0,1,0,4.769855,0.032648,1.129825,-0.219578,1,0
0,1,0,3.169786,0.532504,2.07098,-0.282033,1,0
0,1,0,0.46133,0.803323,-0.639163,-0.122104,0,0
0,0,1,-0.556894,0.36062,-0.7619,-0.236129,0,0
0,1,0,0.968428,0.454104,2.388345,-0.401088,0,0
0,0,1,1.829819,0.283788,1.668556,-0.007686,0,0
1,0,0,0.891826,3.964871,2.365614,-2.449026,2,1
1,0,0,2.414435,0.203609,3.621673,0.90283,1,0
1,0,0,-0.093814,0.746929,-0.129333,0.006144,0,0
0,0,1,5.290343,0.575501,4.531857,-0.104953,2,1
0,0,1,1.793319,0.733229,1.137325,0.267886,0,0
1,0,0,-1.207214,-0.415594,-0.604672,-0.096143,0,0
0,0,1,3.224084,2.117641,3.272068,-1.572853,3,1
1,0,0,0.605558,-0.507807,-0.401552,0.431203,0,0
0,1,0,3.452919,-0.14174,3.563931,0.28325,2,1
0,0,1,0.079661,-0.101409,0.035111,0.353293,0,0
1,0,0,0.975623,-0.179204,-0.013578,-0.015277,0,0
1,0,0,4.216207,-0.097948,4.264919,-0.097853,2,1
0,1,0,2.800128,2.536259,3.512689,4.03463,4,1
1,0,0,4.860543,6.42879,5.304565,-0.807247,3,1
0,0,1,0.780288,4.065833,3.333326,-2.266184,3,1
0,0,1,-0.359535,0.147654,0.22456,-0.101567,0,0
0,1,0,0.184941,0.400418,-0.452411,-0.253041,0,0
1,0,0,2.2202,1.141138,1.736654,0.128232,0,0
0,0,1,0.095423,0.184641,-0.178413,0.011644,0,0
1,0,0,0.911565,0.095397,0.160327,0.253347,0,0
1,0,0,-0.618862,-0.057476,0.305934,-0.000617,0,0
0,0,1,1.331864,-0.609083,1.458136,0.141648,0,0
0,0,1,2.601378,2.63637,7.135562,0.738198,3,1
1,0,0,-1.157998,-0.089709,-0.085089,0.159176,0,0
1,0,0,2.646601,1.647367,2.67129,0.558953,2,1
0,1,0,0.358889,-0.114909,0.13967,0.072305,0,0
1,0,0,2.460926,4.099439,2.896817,-2.486949,3,1
1,0,0,0.670571,0.057038,-0.244618,-0.331545,0,0
1,0,0,6.205384,5.111089,4.031623,-0.443693,3,1
0,1,0,4.583534,4.609624,3.404614,3.674851,4,1
0,0,1,0.423176,0.207176,2.430997,1.058945,0,0
0,1,0,1.184531,3.354121,2.220104,-3.543083,2,1
0,0,1,-0.012678,0.196746,-0.096837,-0.099355,0,0
0,1,0,0.052428,4.608794,0.379524,-3.82917,2,1
1,0,0,0.432371,-0.388714,0.324391,0.043187,0,0
0,0,1,2.147736,0.97838,1.76166,0.291502,0,0
1,0,0,0.938744,2.777702,2.537787,-3.458484,3,1
0,1,0,1.01711,1.607764,1.981111,0.854963,0,0
0,0,1,-0.259779,0.080428,0.013162,-0.443272,0,0
0,0,1,5.729916,4.333043,5.206993,-0.669176,3,1
1,0,0,-0.541977,0.20199,0.645729,0.322024,0,0
0,0,1,1.719317,2.455903,2.805482,0.943663,1,0
0,1,0,0.310274,0.1405,0.093133,0.136917,0,0
1,0,0,0.470483,-0.287539,0.453567,0.434925,0,0
0,1,0,0.027779,1.109433,3.471176,-0.634205,1,0
1,0,0,1.457254,1.05587,7.691829,0.206978,1,0
1,0,0,0.804294,1.179473,1.20475,-0.114606,0,0
0,0,1,0.380826,-0.088044,-0.952063,-0.016316,0,0
1,0,0,2.06806,2.509045,4.221585,0.35449,2,1
0,1,0,0.071833,-0.222747,0.049855,0.386971,0,0
1,0,0,5.325467,6.033696,6.292343,-1.227448,3,1
1,0,0,3.103558,1.388535,3.028539,0.786998,2,1
0,0,1,0.937954,0.643043,2.968216,0.102179,1,0
1,0,0,2.016171,0.653292,2.254712,0.371656,0,0
1,0,0,3.122593,3.133042,2.514825,0.69247,3,1
0,1,0,-0.193931,0.077837,-0.500188,-0.024191,0,0
0,0,1,4.10607,2.939405,3.601966,-0.089808,3,1
1,0,0,0.138872,0.014413,0.247953,-0.018751,0,0
1,0,0,0.638341,1.007559,-0.859846,-0.049232,0,0
0,0,1,-0.210423,-0.150195,0.231148,-0.06678,0,0
1,0,0,1.373458,0.682204,0.783276,0.475279,0,0
1,0,0,-0.416311,-0.163203,-0.020598,0.108403,0,0
0,0,1,4.316598,0.63213,2.969476,-0.057824,2,1
1,0,0,2.935699,0.624302,2.370234,-0.177431,1,0
1,0,0,-0.549455,0.751334,-0.222097,-0.079114,0,0
0,0,1,0.291334,0.314141,-0.197821,-0.053281,0,0
1,0,0,-0.417826,0.006822,0.071684,-0.062468,0,0
1,0,0,-0.310671,0.072805,0.09289,-0.001628,0,0
0,0,1,2.298525,1.331213,5.248208,0.341759,1,0
1,0,0,1.724513,0.240987,5.787608,0.247223,1,0
0,0,1,4.56046,0.92704,2.775179,-0.196378,2,1
0,0,1,-0.668047,-0.444506,-0.40471,0.261817,0,0
0,1,0,2.179496,2.49619,6.017382,-0.31239,1,0
0,1,0,0.214207,0.868773,-0.012269,-0.185057,0,0
0,0,1,4.540468,0.334714,3.655552,0.074435,2,1
0,0,1,0.265328,-0.181993,0.188121,0.117007,0,0
1,0,0,-0.718374,0.326639,0.750854,0.014035,0,0
0,1,0,0.465432,0.587472,-0.303549,-0.097368,0,0
0,0,1,0.419279,0.402208,0.003035,-0.077929,0,0
0,1,0,0.201046,0.403998,0.131017,0.190155,0,0
0,0,1,0.98465,0.012813,1.071827,-0.059604,0,0
0,0,1,3.331421,0.498365,2.845153,0.188879,2,1
0,1,0,4.7729,3.175179,4.215068,3.663463,4,1
1,0,0,6.026282,6.863439,6.383096,-2.011666,4,1
1,0,0,0.772422,-0.165916,2.824654,-0.31313,1,0
1,0,0,3.912399,2.278746,4.20206,2.872029,3,1
0,1,0,2.001894,-0.207844,3.044522,0.153468,1,0
0,1,0,4.186177,-0.059568,2.651155,-0.228893,2,1
1,0,0,4.592942,4.365738,4.43802,-3.367081,4,1
0,1,0,0.646905,-0.668119,0.024979,0.226195,0,0
1,0,0,4.089646,5.11799,4.978824,-1.982748,4,1
0,0,1,-0.547843,0.08222,0.252507,0.091345,0,0
0,1,0,0.734365,1.686049,1.23404,0.28985,0,0
1,0,0,0.296455,-0.172925,0.257036,-0.184663,0,0
1,0,0,3.084384,2.275196,2.457292,0.010021,1,0
0,0,1,1.358279,0.912655,2.176942,0.306798,0,0
0,0,1,1.602594,1.114549,4.269237,-0.705443,1,0
1,0,0,-1.261414,-0.066815,-0.140021,0.002008,0,0
0,1,0,5.025905,4.616768,2.824562,-0.399073,3,1
0,0,1,0.980376,0.485264,0.551935,-0.042346,0,0
1,0,0,-0.6519,-0.432574,-0.056806,-0.070979,0,0
0,0,1,4.739119,1.043935,3.490214,0.090471,2,1
1,0,0,-0.120969,0.871082,-0.443153,-0.075288,0,0
0,0,1,4.351385,4.261122,4.765652,-2.730919,4,1
1,0,0,2.963463,2.911121,2.358821,-0.490697,2,1
1,0,0,-0.189707,-0.165086,0.017815,0.044785,0,0
0,0,1,3.790348,0.594805,0.612524,-0.574484,1,0
0,0,1,0.999872,1.523541,5.410641,0.78273,1,0
1,0,0,-0.034439,-0.461418,-0.295675,0.270328,0,0
1,0,0,2.136457,1.014185,4.524234,0.091894,1,0
0,0,1,-0.203689,0.370389,0.270299,0.199118,0,0
0,0,1,2.077296,1.850945,2.078577,0.645552,0,0
0,1,0,2.458895,2.715884,0.951637,-1.434263,1,0
1,0,0,1.493331,1.022365,1.81775,0.370409,0,0
0,0,1,2.761129,3.963602,4.380024,1.230278,3,1
1,0,0,5.057833,0.605004,3.794648,-0.203178,2,1
1,0,0,0.889972,0.055159,0.292263,0.16422,0,0
1,0,0,1.577269,0.313797,1.444819,0.123569,0,0
1,0,0,-0.73484,0.591902,0.597423,-0.206276,0,0
0,1,0,0.072959,-0.015954,-0.43809,0.111406,0,0
0,1,0,0.210475,0.259527,0.326279,0.040801,0,0
0,1,0,0.632823,0.502084,0.133452,-0.197616,0,0
1,0,0,2.695899,2.351078,3.769843,4.494193,3,1
1,0,0,4.289424,2.327461,2.857934,-2.295648,3,1
1,0,0,2.000283,1.135403,4.866202,-0.191338,1,0
0,1,0,1.208835,1.608975,3.083548,0.773256,1,0
0,0,1,-0.765482,0.273134,0.608,-0.307339,0,0
0,1,0,4.324255,4.517214,6.517746,-0.840791,3,1
0,1,0,0.257168,0.834204,2.073265,0.34884,0,0
0,1,0,3.521974,4.722336,4.887755,3.39012,4,1
1,0,0,2.612358,0.192233,1.671796,-0.005583,1,0
0,1,0,-0.330309,-0.266503,-0.515997,-0.046356,0,0
0,1,0,-0.049586,-0.284985,0.376654,0.094777,0,0
0,0,1,2.316848,-0.217375,2.232019,-0.294295,0,0
0,1,0,-1.345394,-0.470644,0.234793,0.074478,0,0
0,1,0,6.961081,4.747488,4.690568,-1.627001,4,1
1,0,0,3.454598,1.021557,2.656915,1.363845,2,1
0,0,1,0.858497,0.676471,2.118284,0.709823,0,0
1,0,0,0.811582,0.739783,1.812156,-0.500024,0,0
1,0,0,6.726305,6.490629,5.02053,-2.184919,4,1
1,0,0,0.476961,-0.277107,1.938874,0.34343,0,0
0,1,0,-0.415028,-0.152424,-0.307509,-0.025639,0,0
1,0,0,1.136394,0.051838,0.608286,-0.361464,0,0
1,0,0,0.877525,0.423126,2.091563,0.209135,0,0
0,1,0,0.507058,-0.29798,0.144001,-0.121413,0,0
1,0,0,1.936039,3.107248,2.621785,-3.213426,3,1
1,0,0,1.795583,0.745825,1.827911,0.150669,0,0
0,0,1,3.822379,4.440067,4.595493,-0.831834,3,1
0,0,1,-0.734681,0.531596,-0.630368,-0.067741,0,0
1,0,0,-0.43063,0.05212,0.843668,0.06247,0,0
1,0,0,1.463528,0.78417,3.108231,-0.164554,1,0
1,0,0,-0.541683,0.371397,-0.256807,-0.312227,0,0
0,0,1,3.511103,0.880492,1.205982,0.222021,1,0
0,0,1,0.737182,-0.690709,0.571957,0.314712,0,0
1,0,0,-0.257049,0.916978,0.676323,0.208399,0,0
0,1,0,-1.018905,-0.607055,1.029067,-0.100775,0,0
0,1,0,-0.002551,-0.264552,-0.23206,0.214798,0,0
0,1,0,1.693227,0.302906,1.009769,1.13841,0,0
0,1,0,0.040144,0.025831,0.603541,-0.074876,0,0
0,0,1,3.125087,2.787233,3.07364,0.379411,3,1
0,1,0,5.880512,4.866659,5.513085,-1.732444,4,1
1,0,0,1.39987,0.026633,2.429625,0.603889,0,0
1,0,0,-0.247179,-0.07619,0.052065,0.083262,0,0
0,1,0,1.496277,0.543811,0.339372,-0.186184,0,0
0,1,0,0.45933,1.478263,2.310209,1.109702,0,0
0,0,1,0.70231,-0.66561,-0.037597,-0.071387,0,0
0,1,0,0.835918,1.087133,0.886666,-0.312997,0,0
0,1,0,2.265284,1.657739,5.224482,-0.32729,1,0
0,1,0,2.469321,0.650595,1.058514,-0.12688,0,0
1,0,0,1.377516,0.936963,1.60171,-0.368116,0,0
1,0,0,3.562376,4.197286,3.640885,1.480643,3,1
0,0,1,3.213471,-0.304781,2.937032,-0.072178,2,1
0,0,1,2.888114,3.281054,3.386018,1.055843,3,1
0,0,1,2.326277,2.19629,1.729816,-2.731809,1,1
0,1,0,5.200394,3.067361,4.478231,-1.5196,4,1
1,0,0,1.242871,0.016858,4.442491,0.981078,1,0
0,1,0,1.355951,0.140565,1.95743,0.067534,0,0
0,1,0,4.118111,3.083829,0.958579,0.882134,2,1
0,0,1,-0.531059,-0.067776,-0.094246,0.023114,0,0
0,1,0,0.461512,-0.290564,0.551961,0.363535,0,0
1,0,0,-0.199914,0.612579,0.160534,-0.355723,0,0
0,1,0,5.361016,4.352449,4.580472,-0.872048,3,1
0,1,0,2.302151,3.125242,2.040711,-3.650752,2,1
0,0,1,-0.388319,-0.158487,0.753334,-0.188877,0,0
1,0,0,1.37493,0.932952,2.595562,0.089568,1,0
0,0,1,0.265211,0.336438,0.05827,-0.052618,0,0
0,1,0,0.341083,1.898827,3.93841,0.46013,1,0
0,1,0,4.411219,0.563153,2.053923,-0.665977,1,0
1,0,0,2.249495,1.78439,1.736092,0.041007,0,0
0,1,0,1.862684,1.675344,1.599582,0.45992,0,0
1,0,0,4.091877,0.105524,2.444957,-0.261812,1,0
0,1,0,0.004931,0.059994,0.87272,-0.274602,0,0
1,0,0,6.773798,1.703907,2.182209,-0.239204,1,0
0,1,0,0.296971,-0.156401,-0.141688,-0.162453,0,0
1,0,0,1.339436,0.260083,2.740742,-0.57252,1,0
0,0,1,0.837683,0.363463,0.364347,-0.051704,0,0
1,0,0,5.111491,7.310454,7.273087,-1.843962,4,1
0,1,0,-0.165542,0.492091,-0.431714,0.092956,0,0
0,0,1,2.042374,0.485336,3.399308,0.370165,1,0
1,0,0,2.930839,1.953482,2.46807,0.324161,1,0
1,0,0,-0.321613,-0.673011,0.003894,0.005125,0,0
0,1,0,0.501869,0.298932,0.010173,0.171292,0,0
0,1,0,2.58291,-0.041179,1.750849,0.202838,1,0
1,0,0,-0.019648,-0.691294,-0.907851,0.108318,0,0
1,0,0,0.552611,-0.148154,-0.792017,-0.081819,0,0
0,1,0,1.147461,2.637384,1.86392,-2.852278,2,1
0,1,0,0.180827,0.116595,0.701219,0.017165,0,0
1,0,0,0.853599,-0.201159,0.178462,0.026391,0,0
0,0,1,4.807957,4.907817,6.487207,-2.171763,4,1
1,0,0,1.630794,0.816944,2.934102,0.614641,1,0
0,1,0,0.101819,0.093645,-0.448242,-0.079823,0,0
0,0,1,2.167064,6.866543,3.028361,-1.137046,2,1
0,0,1,0.594785,0.778893,1.535614,0.169601,0,0
1,0,0,0.642556,-0.030163,0.607723,-0.166791,0,0
0,1,0,0.174465,0.679267,0.489123,-0.089486,0,0
0,0,1,0.599501,0.667656,2.666621,-0.867242,1,0
0,1,0,0.689613,-0.349974,0.398837,0.264917,0,0
0,0,1,0.329648,-0.42736,-0.11066,-0.26399,0,0
0,0,1,2.335966,0.738718,1.568178,0.157534,0,0
1,0,0,1.296676,0.299664,0.524541,0.282233,0,0
0,1,0,4.380202,5.322569,4.950815,-1.466494,3,1
1,0,0,5.686626,5.089881,6.736018,-2.562983,4,1
0,0,1,-0.063296,0.852689,0.536596,-0.16811,0,0
0,0,1,0.131047,0.19637,0.189921,-0.114943,0,0
0,0,1,2.078427,1.35539,5.359302,0.478779,1,0
0,0,1,0.021058,-0.091146,0.310218,0.124901,0,0
1,0,0,0.196928,-0.335627,-0.23156,0.071059,0,0
0,1,0,5.309315,5.390172,5.727164,-1.222536,3,1
0,0,1,4.911651,5.17308,4.367807,-0.331351,3,1
0,0,1,2.559025,0.292899,0.811914,0.383814,1,0
1,0,0,2.259919,0.410972,1.272249,0.154849,0,0
0,0,1,0.623415,0.648117,2.206847,0.556199,0,0
1,0,0,1.030677,0.474198,-0.21897,0.355669,0,0
0,0,1,1.05118,1.162072,1.910079,0.035605,0,0
0,1,0,0.260758,-0.415119,-0.24499,0.453114,0,0
0,0,1,-0.455574,-0.216476,-0.502408,-0.013925,0,0
0,1,0,7.56712,5.293095,3.114324,-1.367259,3,1
1,0,0,-0.04544,-0.441902,-0.070449,-0.403534,0,0
1,0,0,0.99638,-0.124107,1.481223,-0.525486,0,0
0,1,0,0.350851,0.207298,-0.591751,-0.394649,0,0
0,1,0,4.286236,7.189667,2.664321,-1.459468,3,1
0,1,0,3.302513,0.147495,4.001054,-0.675638,2,1
1,0,0,-0.020389,0.196827,0.149044,-0.050786,0,0
1,0,0,0.032797,-0.428346,0.369728,0.03716,0,0
0,0,1,1.091421,2.601676,3.22401,0.804451,2,1
0,0,1,-0.082571,0.269274,-0.062926,-0.069717,0,0
1,0,0,-0.23369,0.312373,0.274853,0.157253,0,0
0,1,0,2.380908,2.468039,2.314365,0.47524,0,0
1,0,0,4.710516,2.467672,3.761899,3.142753,3,1
0,1,0,6.559575,6.544836,7.819194,-1.773537,4,1
0,0,1,1.684785,0.621352,3.292958,1.19435,1,0
0,1,0,0.992451,2.517332,2.73362,-2.948007,3,1
0,0,1,0.625015,1.217515,2.949177,-0.157122,1,0
0,0,1,2.133242,1.021662,0.424539,0.334859,0,0
1,0,0,-0.504924,0.591818,-0.226869,0.092549,0,0
0,0,1,2.359883,0.818953,1.997383,0.167463,0,0
1,0,0,3.932085,1.78754,3.858903,3.381726,3,1
0,0,1,1.303417,0.062258,1.42318,-0.068578,0,0
1,0,0,1.558917,0.6603,1.150394,-0.199056,0,0
0,0,1,3.445387,2.958845,3.161745,0.410826,3,1
1,0,0,0.759411,0.566721,-0.076612,0.055316,0,0
0,0,1,2.035113,3.396382,3.252595,-0.002972,2,1
0,1,0,1.878896,4.823411,3.568076,2.277189,3,1
0,1,0,1.432679,1.384778,1.812093,0.213684,0,0
0,1,0,0.76088,4.948726,1.791799,-1.427405,1,1
0,1,0,2.465077,1.077501,1.821299,-0.093489,0,0
1,0,0,2.329578,-0.050852,0.150694,0.047936,0,0
0,1,0,-0.049083,0.050896,-0.005801,-0.212919,0,0
0,0,1,0.834742,0.853626,0.159465,-0.08474,0,0
1,0,0,4.208251,0.013474,2.994861,-0.499954,2,1
0,1,0,3.576659,2.478481,3.913279,4.207293,3,1
1,0,0,7.007029,4.025877,5.808837,-0.791667,3,1
0,1,0,0.516311,-0.322439,0.258839,-0.21825,0,0
0,0,1,0.820844,-0.263217,1.6569,-0.097573,0,0
0,0,1,1.517257,2.222678,5.632839,0.464051,1,0
1,0,0,-0.008425,0.260331,0.667167,0.257688,0,0
1,0,0,-0.684909,-0.398935,-0.57312,-0.298439,0,0
0,0,1,0.730941,-0.214973,-0.003309,-0.214028,0,0
0,0,1,0.907592,0.215145,1.092061,0.126964,0,0
0,0,1,0.037781,-0.519778,0.202761,-0.102137,0,0
1,0,0,3.638041,2.315306,4.585055,2.943651,3,1
0,1,0,4.960338,0.581103,2.470666,-0.379341,1,0
1,0,0,2.002479,0.473203,5.620787,0.629072,1,0
0,1,0,1.108124,2.457086,1.636682,0.760674,0,0
0,0,1,-0.713402,0.469169,-0.627007,0.014893,0,0
0,1,0,0.775066,-0.281979,0.186152,0.384819,0,0
1,0,0,1.809796,3.594662,2.334249,-4.049832,2,1
1,0,0,0.813212,1.441644,1.515521,-0.512524,0,0
1,0,0,-0.585035,-0.159144,1.130977,-0.072615,0,0
0,1,0,4.557262,0.597134,3.996535,-0.148217,2,1
0,1,0,2.59988,3.545341,2.645361,-0.951145,3,1
0,1,0,5.356489,5.060893,4.192354,-1.784957,4,1
0,1,0,3.131526,0.704763,2.934982,0.284708,2,1
0,0,1,6.674602,0.085678,2.582771,-0.637327,2,1
0,1,0,1.455142,0.892075,2.957558,-0.078165,1,0
1,0,0,3.329535,3.492969,2.556228,2.063435,4,1
0,0,1,1.224769,1.786383,1.535194,-0.552239,0,0
0,0,1,1.90915,0.675753,1.270341,0.004032,0,0
1,0,0,1.379667,1.666641,2.775354,1.21693,1,0
0,0,1,0.331263,0.312915,0.098788,0.036909,0,0
0,1,0,3.704814,-0.058192,4.916386,-0.145613,2,1
0,1,0,-0.673879,-0.096536,0.024821,-0.253151,0,0
0,1,0,4.447395,4.732119,2.742168,3.679272,4,1
0,0,1,0.46981,1.133935,2.08747,0.031851,0,0
1,0,0,1.897763,4.812334,1.859956,-2.57541,2,1
0,1,0,0.635777,1.189763,2.003251,-0.058743,0,0
1,0,0,1.480437,3.058469,1.03449,-3.784205,2,1
0,1,0,-0.36104,0.010869,0.183423,0.294196,0,0
0,1,0,3.737402,0.372793,3.43007,-0.021054,2,1
0,1,0,0.130748,-0.029827,0.503708,0.02398,0,0
0,1,0,0.617231,0.360818,-0.164194,-0.315406,0,0
1,0,0,0.216372,-0.05669,-0.530555,0.029049,0,0
0,0,1,4.212622,0.263422,2.929998,-0.106188,2,1
0,1,0,-0.179961,0.230115,-0.037523,0.01536,0,0
0,0,1,0.154261,0.519541,-0.103927,-0.051682,0,0
1,0,0,2.631662,0.629653,0.220033,-0.00805,1,0
0,1,0,0.703994,0.488148,0.814347,0.275267,0,0
1,0,0,3.639845,2.978375,4.857817,-2.834201,4,1
0,1,0,2.673736,3.19754,3.375854,-0.023966,3,1
1,0,0,1.769725,0.751286,0.504097,-0.006393,0,0
1,0,0,2.339719,1.016487,5.756619,0.302117,1,0
0,1,0,2.427711,0.28049,4.518961,0.499677,1,0
1,0,0,0.079358,-0.28243,-0.18991,-0.477844,0,0
1,0,0,1.284672,0.313078,1.749015,0.236941,0,0
0,0,1,1.084239,1.045541,2.555049,0.769037,1,0
0,1,0,1.289577,4.667889,2.159122,-2.100252,2,1
0,0,1,3.577371,2.854355,1.706677,0.392324,2,1
1,0,0,1.838886,0.58903,1.699735,-0.735609,0,0
1,0,0,0.451266,-0.018612,-0.292484,0.085646,0,0
0,0,1,0.230444,0.298095,0.146196,-0.329992,0,0
1,0,0,2.168022,-0.193888,0.551275,0.354289,0,0
0,1,0,3.267467,8.001962,7.518906,-2.258345,4,1
0,1,0,0.627044,-0.202247,0.644829,-0.077569,0,0
1,0,0,2.706166,3.449373,3.756425,0.951236,3,1
0,0,1,0.370552,-0.242937,-0.06534,0.236849,0,0
1,0,0,5.203906,4.607772,4.471465,-0.552815,3,1
1,0,0,0.454685,-0.362449,-0.123199,-0.060873,0,0
0,1,0,4.449051,2.631257,2.491118,2.584755,3,1
0,0,1,0.286885,-0.019614,-0.240744,-0.045307,0,0
0,0,1,1.355769,2.465269,6.028498,0.641997,1,0
1,0,0,0.938693,-0.03145,2.22555,-0.178839,0,0
1,0,0,1.21526,1.156894,5.505241,0.011296,1,0
1,0,0,1.296663,1.278272,5.322131,0.199794,1,0
0,0,1,-0.000507,0.973869,0.427273,0.290879,0,0
0,1,0,1.629304,1.571366,7.173134,0.287388,1,0
1,0,0,2.241417,1.138672,3.372025,0.807246,1,0
0,1,0,-0.252966,-0.613094,-0.107612,0.06064,0,0
0,1,0,0.23149,0.593592,0.986473,-0.054524,0,0
0,1,0,1.288297,0.763781,0.263224,-0.298877,0,0
0,1,0,1.081844,2.217803,2.04353,-3.735122,1,1
0,1,0,0.514719,0.377118,0.372342,0.080692,0,0
0,0,1,0.189728,0.606398,0.708177,-0.000987,0,0
0,0,1,3.733161,0.6182,4.891067,-0.821638,2,1
0,0,1,3.81236,5.487162,5.332921,-3.946423,4,1
0,0,1,1.045646,1.746024,2.357576,-2.182763,1,0
1,0,0,4.396593,3.541323,1.979062,1.083842,2,1
0,1,0,-0.012302,0.566697,0.035154,0.207832,0,0
0,0,1,0.643094,0.470474,0.083379,0.055567,0,0
0,0,1,0.711685,0.171115,0.123677,-0.071885,0,0
1,0,0,3.670401,1.678303,3.573919,0.80447,2,1
1,0,0,3.973712,0.599745,3.518867,-0.620026,2,1
1,0,0,7.377439,5.750066,6.506442,-1.665279,4,1
0,0,1,2.776006,4.03712,2.324698,0.297861,2,1
1,0,0,0.089313,-0.037537,-0.129176,-0.061271,0,0
1,0,0,3.374498,0.877876,2.627484,-0.472966,2,1
0,1,0,1.62794,2.817322,3.97023,0.501444,2,1
0,0,1,-0.016253,0.414657,0.431614,-0.414954,0,0
0,0,1,0.262894,0.665556,0.578135,0.462463,0,0
1,0,0,0.477387,0.009987,-0.139181,0.117015,0,0
1,0,0,0.22879,-0.702532,0.562222,-0.073719,0,0
0,1,0,0.824617,1.227306,3.086014,0.216644,1,0
0,1,0,2.142067,2.115256,2.328819,-4.50789,1,1
0,0,1,0.324756,0.60588,0.241989,-0.052349,0,0
1,0,0,1.263712,-0.273492,1.581867,-0.279157,0,0
1,0,0,4.976754,0.430373,2.541326,0.005699,2,1
0,0,1,5.542118,-0.832819,1.108683,-0.269862,1,0
1,0,0,-0.767298,-0.069401,1.635515,0.1662,0,0
0,1,0,3.088354,0.169745,1.402901,-0.305681,1,0
1,0,0,2.4911,1.813542,3.020756,0.83155,1,0
1,0,0,3.111207,0.942544,2.938693,4.065885,3,1
0,1,0,-0.132941,-0.115205,-0.303914,0.288929,0,0
0,0,1,1.064615,0.696667,9.503284,0.34164,1,0
1,0,0,1.25525,2.773481,4.272628,0.055841,2,1
1,0,0,1.292926,0.518939,1.575078,-0.349665,0,0
0,0,1,4.650646,2.869576,2.35455,3.855931,3,1
1,0,0,1.936046,3.712007,2.35545,1.91881,2,1
0,1,0,1.09017,0.412274,1.651706,0.2033,0,0
1,0,0,1.781424,0.454614,1.491958,0.11546,0,0
1,0,0,4.707392,3.473289,4.07446,3.15934,4,1
1,0,0,-0.223225,-0.017409,0.338396,-0.353674,0,0
1,0,0,0.42316,0.300922,-0.070274,-0.081994,0,0
0,0,1,5.36492,0.604889,1.230282,0.272146,1,0
0,0,1,0.23624,-0.555662,0.128985,0.130978,0,0
0,1,0,1.741462,3.909969,1.80354,-4.570436,2,1
1,0,0,-0.626136,-0.475384,-0.011715,0.297482,0,0
0,0,1,0.473988,0.852219,1.953571,0.21091,0,0
0,0,1,5.839379,4.74628,4.596333,-2.639244,4,1
0,0,1,3.652403,4.632437,5.156809,-0.276989,3,1
1,0,0,0.068393,1.295259,0.346627,0.243207,0,0
0,1,0,4.036868,0.853895,-0.449925,0.026625,1,0
1,0,0,0.428052,-0.425359,0.555937,-0.064909,0,0
1,0,0,8.06725,6.679165,5.870576,-2.656067,4,1
1,0,0,4.804391,2.819799,3.211546,-1.302742,3,1
0,1,0,0.79251,1.941927,3.565815,0.18206,1,0
0,1,0,0.789959,0.479757,2.198414,0.448561,0,0
1,0,0,0.876707,0.567869,-0.501365,-0.064635,0,0
0,0,1,0.611367,0.274275,0.185619,-0.185937,0,0
0,1,0,0.693636,0.455083,1.62935,-0.268737,0,0
1,0,0,5.327424,3.101598,2.741734,3.512777,4,1
1,0,0,0.090924,0.637523,-0.441782,-0.117983,0,0
1,0,0,1.772017,0.799292,2.961455,0.193471,1,0
0,0,1,0.873949,0.035443,1.263997,-0.665997,0,0
0,0,1,2.751279,1.616796,5.018588,0.328262,2,1
1,0,0,1.781074,0.575313,6.097821,0.825015,1,0
0,1,0,-0.088569,0.129162,0.359251,0.287617,0,0
1,0,0,3.18396,2.784811,2.037433,0.642161,2,1
1,0,0,1.440551,0.718971,1.880201,0.370943,0,0
0,1,0,2.568559,0.032708,0.787375,-0.045558,1,0
0,0,1,3.741846,0.093892,2.284482,-0.155028,1,0
1,0,0,3.606602,3.989876,5.923185,3.209462,4,1
1,0,0,3.649867,2.997128,1.163446,0.6628,2,1
0,0,1,0.974237,0.526352,3.339656,0.014364,1,0
1,0,0,2.430777,2.291019,3.237998,4.396131,2,1
0,0,1,6.061896,-0.102677,2.557147,0.536553,2,1
1,0,0,-0.608318,-0.419176,0.515648,0.07022,0,0
1,0,0,0.916587,0.952217,2.390754,-0.35268,0,0
0,0,1,1.580118,2.359251,4.155575,0.367735,1,0
1,0,0,-0.270567,-0.324661,0.815135,-0.315247,0,0
0,1,0,4.25745,3.574622,3.674314,2.709795,4,1
0,0,1,-0.093225,0.581324,0.597054,-0.103644,0,0
1,0,0,1.077769,-0.626967,0.050628,0.103913,0,0
1,0,0,3.496681,-0.140448,1.458566,-0.406151,1,0
1,0,0,1.748734,0.19957,0.197189,-0.092693,0,0
1,0,0,-0.330191,0.384384,-0.00109,-0.072784,0,0
0,0,1,1.942685,0.329319,1.503771,0.253255,0,0
0,1,0,0.538829,-0.269251,0.335438,0.069058,0,0
0,1,0,1.242656,4.685922,1.768429,-2.481999,2,1
1,0,0,0.216064,0.009469,0.19369,0.014939,0,0
1,0,0,0.237376,0.079,0.187391,-0.100577,0,0
0,0,1,4.105308,1.108417,2.844487,-0.53484,2,1
1,0,0,0.880789,2.864031,4.864131,0.10671,2,1
0,0,1,0.378248,0.343514,-0.354462,0.246644,0,0
0,0,1,-0.386074,-0.1536,-0.080256,-0.110633,0,0
0,1,0,2.124112,2.230741,4.826905,0.685797,1,0
0,1,0,4.578619,0.222972,3.025823,-0.051218,2,1
0,1,0,3.609587,0.982321,0.872973,-0.299399,1,0
1,0,0,1.353404,1.320439,2.718797,4.271204,2,1
0,1,0,0.936981,0.632994,1.235025,0.231437,0,0
0,1,0,-0.157929,0.826584,0.130519,-0.269272,0,0
0,1,0,1.874168,0.768083,1.448885,-0.015348,0,0
1,0,0,2.016838,1.190622,5.345695,0.937057,1,0
0,1,0,-0.179762,-0.334987,0.735959,-0.077105,0,0
0,1,0,4.518273,1.227118,1.63671,-0.318891,1,0
0,0,1,4.883009,3.475483,6.196703,-1.6726,4,1
1,0,0,0.469482,2.96661,1.201946,-3.018774,2,1
0,0,1,-0.414252,0.008736,0.493458,0.286311,0,0
0,0,1,4.020766,0.352749,1.326427,0.087107,1,0
1,0,0,2.339202,1.03552,1.242816,0.062317,0,0
0,1,0,0.596608,0.478514,0.069024,0.051557,0,0
0,1,0,-0.282867,-0.046771,0.256261,0.015309,0,0
0,0,1,0.340673,-0.170042,-0.121217,-0.380495,0,0
0,1,0,-0.171047,0.7178,-0.121713,-0.096905,0,0
0,1,0,-0.348097,0.74007,0.243219,0.167778,0,0
1,0,0,2.020957,0.58867,1.117335,-0.028911,0,0
0,1,0,3.764555,3.910685,4.80249,-1.861526,4,1
1,0,0,0.747553,-0.469666,0.387876,0.151847,0,0
0,1,0,0.644241,0.942797,2.820606,-0.249502,1,0
1,0,0,0.859246,0.526671,0.011082,0.061295,0,0
0,0,1,0.304216,0.060661,0.538701,0.004839,0,0
1,0,0,-0.227954,0.095739,0.507166,-0.085481,0,0
0,0,1,2.829807,0.476031,0.87637,-0.031349,1,0
1,0,0,0.413753,-0.082611,0.092732,-0.228482,0,0
1,0,0,0.986817,1.86424,8.00239,0.405669,1,0
1,0,0,3.211477,5.275528,1.767319,-2.754748,3,1
0,1,0,0.911026,4.410818,-0.566158,-3.726911,2,1
1,0,0,2.511562,0.317607,5.105925,-0.146441,2,1
0,0,1,1.333535,3.367319,2.64856,0.695029,2,1
0,0,1,-0.862299,-0.024493,-0.193046,-0.102339,0,0
1,0,0,0.007216,0.244689,0.240865,0.1117,0,0
1,0,0,-0.831625,0.780266,-0.200365,-0.430804,0,0
0,0,1,0.684568,4.353316,0.868513,-5.020691,2,1
1,0,0,-0.422715,0.317157,0.287161,-0.391264,0,0
0,1,0,0.152979,-0.132445,-0.047144,0.162308,0,0
0,0,1,-0.624709,0.708183,0.195446,0.158385,0,0
0,0,1,0.837304,1.271858,2.004621,-0.188701,0,0
0,1,0,0.018389,0.148567,-0.27228,-0.278583,0,0
0,1,0,2.51622,2.411458,3.095251,0.603956,2,1
1,0,0,1.583873,-0.02215,0.820214,-0.568123,0,0
0,0,1,0.396972,3.523374,1.531093,-2.984045,2,1
0,0,1,-0.971652,0.174302,0.347621,-0.188511,0,0
0,0,1,1.074064,-0.003043,0.481204,-0.273831,0,0
0,1,0,1.589373,2.115588,2.057756,1.738185,1,0
1,0,0,3.226132,0.653397,5.817313,0.275783,2,1
0,0,1,3.848874,0.441319,3.004797,-0.523942,2,1
0,1,0,0.689907,2.977065,1.978565,-2.012552,2,1
0,0,1,1.483772,2.060905,3.623955,-1.65134,2,1
1,0,0,5.464126,6.882469,5.711648,-1.051399,3,1
0,0,1,1.703744,2.543839,2.31467,-3.697273,2,1
1,0,0,0.674084,0.068362,0.547039,0.064413,0,0
0,0,1,-0.912513,0.679327,-0.103163,-0.098165,0,0
0,0,1,-0.059641,-0.872501,-0.316931,0.191316,0,0
1,0,0,1.612363,-0.09882,1.698043,-0.482709,0,0
0,1,0,-0.874246,0.477233,0.534144,0.007689,0,0
1,0,0,2.814058,-0.053211,-0.036622,0.272508,1,0
0,1,0,3.830311,3.997146,4.278982,1.370548,3,1
1,0,0,2.488846,0.509957,2.169193,-0.46125,0,0
0,1,0,2.59915,4.136413,2.741057,-0.333262,3,1
0,0,1,3.801755,7.78842,8.173296,-1.209642,3,1
0,1,0,3.546782,5.851015,6.791074,-3.508848,4,1
1,0,0,1.52329,2.003916,4.253041,0.254764,1,0
0,0,1,0.312893,0.983273,1.692464,0.13069,0,0
1,0,0,-0.483954,-0.091979,-0.160656,-0.000805,0,0
0,0,1,1.012119,1.272324,2.260754,-0.681865,0,0
0,0,1,1.462956,0.013097,1.206372,0.532059,0,0
0,1,0,0.038297,0.871056,-0.545084,0.520998,0,0
1,0,0,1.249053,4.489136,2.676038,-3.722809,3,1
1,0,0,2.300074,0.585707,2.660932,-0.42123,1,0
0,0,1,0.290695,0.304803,-0.539361,0.448025,0,0
0,0,1,1.03791,2.539762,5.179143,0.17734,2,1
0,0,1,0.656252,3.110084,2.232593,-2.594457,2,1
0,1,0,0.547967,0.543144,-0.121622,0.253847,0,0
0,0,1,0.868552,1.486646,2.512561,-0.456379,1,0
0,1,0,2.089427,0.352383,1.345399,0.195815,0,0
0,0,1,0.998256,0.694806,1.970408,0.35169,0,0
1,0,0,0.139222,0.30839,0.153906,0.0613,0,0
0,0,1,4.19998,0.603367,1.846565,-0.727944,1,0
0,0,1,0.507738,-0.098864,0.439252,-0.046293,0,0
1,0,0,3.351348,3.855211,3.912526,1.601321,4,1
1,0,0,3.011121,3.372651,5.057264,0.61895,3,1
0,0,1,-0.526137,-0.630509,-0.120086,-0.117029,0,0
0,0,1,7.520526,4.115155,5.402764,-1.42925,3,1
0,0,1,1.416984,0.304462,2.024271,0.036823,0,0
0,1,0,1.135488,0.408379,1.468964,0.271276,0,0
1,0,0,1.87448,0.40752,1.280778,0.416279,0,0
1,0,0,3.366258,6.271489,2.630779,-2.105152,4,1
1,0,0,0.487572,0.115008,-0.106493,-0.057605,0,0
0,1,0,-0.402074,0.363599,0.438601,-0.071954,0,0
1,0,0,0.199644,0.31761,0.68031,-0.21626,0,0
0,1,0,-0.093722,-0.385897,0.249554,-0.140177,0,0
1,0,0,0.489605,0.735398,0.653793,-0.090705,0,0
0,0,1,1.195061,0.692595,1.172835,0.333285,0,0
0,0,1,2.771105,3.512925,4.379511,3.288398,4,1
0,0,1,2.064418,2.482467,2.392757,-2.880496,1,1
0,1,0,1.85783,3.781022,4.143628,0.704035,2,1
0,0,1,4.853683,0.218618,2.642963,-0.275021,2,1
1,0,0,0.037338,0.955807,0.000305,-0.397319,0,0
1,0,0,0.185931,0.622444,-0.608192,-0.122723,0,0
0,1,0,4.481446,2.898705,5.037001,3.020222,4,1
1,0,0,5.356678,3.188034,5.190941,-0.974702,3,1
1,0,0,2.683479,0.382128,7.785761,0.535888,2,1
0,1,0,5.420033,6.053826,5.615048,-1.57386,4,1
0,0,1,2.833111,1.984416,3.484488,2.103151,3,1
0,1,0,1.351908,3.833613,1.407115,-3.611214,2,1
1,0,0,0.352752,-0.63183,-0.06153,-0.101552,0,0
1,0,0,2.823552,0.352012,4.736631,0.792535,2,1
1,0,0,3.019238,3.1579,2.43184,-3.024456,3,1
1,0,0,0.37223,0.516419,0.498462,0.044474,0,0
0,1,0,0.651631,-0.17625,0.34828,0.026482,0,0
1,0,0,0.807648,0.010195,1.962982,0.053328,0,0
0,1,0,0.646885,0.012872,0.214825,0.050722,0,0
0,0,1,2.205071,1.956453,2.515929,0.149207,1,0
1,0,0,1.18757,3.979299,2.596351,-0.031332,2,1
1,0,0,1.503151,0.65172,1.64164,0.462593,0,0
0,1,0,1.456779,0.544558,0.266036,-0.248474,0,0
0,1,0,4.894649,5.799345,2.535819,-0.562262,3,1
1,0,0,3.584353,0.696356,3.284891,-0.901839,2,1
1,0,0,2.605277,0.160974,6.098044,1.070137,2,1
0,1,0,-0.94282,0.257924,-0.129601,-0.262526,0,0
1,0,0,0.089879,0.544027,0.032865,0.050434,0,0
0,0,1,0.056056,-0.171235,0.770803,-0.029956,0,0
1,0,0,2.97774,2.789859,1.893573,0.975359,2,1
0,1,0,1.320223,0.194192,1.162489,-0.196834,0,0
1,0,0,2.515075,0.416741,1.10604,0.166043,1,0
0,0,1,0.211444,2.663388,0.844873,-3.214276,2,1
0,0,1,2.292599,3.071674,5.20827,-1.803517,3,1
0,1,0,-0.885641,-0.035245,-0.484124,0.425216,0,0
0,0,1,0.302732,-0.2988,0.166828,-0.023047,0,0
0,1,0,2.643708,-0.477418,0.877834,0.125904,1,0
0,0,1,2.244785,4.414972,2.107376,-2.344314,2,1
0,0,1,0.23082,0.484229,0.849934,-0.325024,0,0
0,0,1,3.304839,2.272107,2.523137,1.332989,2,1
0,0,1,2.229244,3.486432,2.438821,1.07764,1,0
0,1,0,0.994603,-0.124268,0.019939,0.258879,0,0
0,1,0,1.630415,0.522679,1.235284,-0.516908,0,0
1,0,0,-0.094992,0.323022,0.390545,0.415041,0,0
0,0,1,1.343317,1.032318,0.926009,0.185444,0,0
1,0,0,0.656317,0.536407,1.489002,0.37728,0,0
1,0,0,0.293434,-0.459486,-0.012626,0.004644,0,0
0,1,0,-0.578582,0.424743,-0.352818,-0.277245,0,0
0,0,1,3.493176,4.913914,3.249395,-0.711958,3,1
0,0,1,2.541371,0.734998,1.423154,0.380865,1,0
0,0,1,3.605773,2.010034,2.894278,3.670555,3,1
1,0,0,4.770099,5.76973,4.247912,-1.188987,3,1
1,0,0,2.745184,2.798261,2.795744,-2.666938,4,1
0,0,1,0.578801,-0.073939,0.050691,-0.027706,0,0
1,0,0,2.528855,1.046758,0.883094,0.313817,1,0
1,0,0,4.2148,1.984143,3.131537,4.314932,3,1
1,0,0,3.466406,3.062974,3.519026,0.676993,3,1
1,0,0,1.341914,0.463721,1.21103,0.180261,0,0
0,1,0,2.458167,0.781834,1.952819,-0.63251,0,0
1,0,0,0.168718,0.553255,0.661924,0.508021,0,0
0,1,0,-1.205823,-0.102278,-0.117206,-0.154676,0,0
1,0,0,0.718556,0.881537,1.965942,-0.139929,0,0
0,0,1,0.949378,0.153281,-0.198377,-0.340007,0,0
0,1,0,-0.46766,0.373139,-0.409341,0.299779,0,0
1,0,0,-0.089909,0.466828,-0.098522,-0.414815,0,0
0,0,1,4.756877,0.153163,1.774296,0.200769,1,0
0,1,0,0.381553,0.289593,0.335559,0.090841,0,0
0,0,1,0.046322,0.330739,0.48297,-0.228401,0,0
0,1,0,1.279581,0.136775,1.361916,-0.088941,0,0
0,1,0,-0.212542,-0.466607,-0.172037,-0.080104,0,0
0,1,0,2.063906,0.655526,0.930054,-0.349228,0,0
0,1,0,3.248509,1.167454,3.45644,2.914786,3,1
1,0,0,4.085355,3.948935,4.439723,-1.9942,4,1
1,0,0,1.006827,0.592002,1.831309,0.519644,0,0
1,0,0,1.26768,0.224118,0.184597,-0.120028,0,0
1,0,0,1.233091,-0.152119,2.236798,0.594361,0,0
1,0,0,3.04695,0.214372,1.650118,0.447154,1,0
0,0,1,3.099293,0.665895,1.180773,0.252444,1,0
1,0,0,3.810661,1.816205,3.658949,-0.118573,2,1
0,0,1,2.015748,0.605944,1.81054,0.129753,0,0
0,1,0,-0.403871,-0.333262,0.666387,-0.283663,0,0
0,0,1,-0.030778,-0.333171,0.315269,-0.173903,0,0
0,0,1,1.06203,1.371264,4.96487,-0.733879,1,0
0,0,1,-0.834838,-0.084074,-0.003991,0.191357,0,0
0,0,1,1.109191,1.070788,1.991572,1.423487,0,0
0,1,0,2.263062,1.106245,0.4661,0.349351,0,0
0,0,1,4.845799,7.545636,5.265338,-2.314376,4,1
0,1,0,0.359007,0.639643,0.094519,-0.23915,0,0
1,0,0,-0.185343,-0.023144,-0.426703,0.107031,0,0
0,1,0,0.869922,0.880462,0.041131,0.357941,0,0
0,1,0,4.532387,0.097025,0.596105,0.024893,1,0
0,1,0,2.329357,0.27065,0.500167,-0.413883,0,0
1,0,0,0.171349,0.258675,0.078189,-0.083217,0,0
1,0,0,0.407626,-0.054094,0.516151,-0.4043,0,0
0,0,1,0.473542,0.741975,0.582306,0.094048,0,0
0,1,0,1.185111,-0.093611,1.916633,-0.706296,0,0
1,0,0,0.385232,0.894711,0.170214,-0.305245,0,0
0,1,0,0.053491,0.714336,0.28838,-0.195531,0,0
0,0,1,4.969815,7.881963,10.128559,-0.835073,3,1
0,0,1,3.63286,6.851537,6.605327,-2.290272,4,1
0,1,0,0.418362,0.718474,3.879269,-0.472003,1,0
1,0,0,2.009867,0.427311,0.289066,-0.356602,0,0
1,0,0,5.324199,3.927184,5.146337,-1.358661,3,1
0,0,1,0.165395,-0.060102,-0.049841,-0.1285,0,0
0,1,0,-0.410881,-0.678554,0.030106,0.159114,0,0
1,0,0,-0.21978,0.392811,-0.11888,0.004597,0,0
1,0,0,2.482898,0.569184,1.224474,0.319964,0,0
0,1,0,6.462127,4.194843,5.029262,-0.844669,3,1
0,1,0,2.639568,0.197127,0.605241,0.314946,1,0
1,0,0,-0.355311,0.213779,0.042258,0.269048,0,0
0,0,1,0.927214,2.711409,1.608507,-2.938339,2,1
0,1,0,1.958805,0.851027,0.72815,0.306911,0,0
1,0,0,2.178717,0.455881,1.268717,0.479327,0,0
1,0,0,-0.406781,0.260718,0.052606,-0.074322,0,0
0,1,0,4.418333,3.198972,3.550529,-0.430122,3,1
0,0,1,1.315466,0.629843,-0.297932,-0.180562,0,0
0,1,0,0.49655,0.182631,-0.143338,0.074236,0,0
0,1,0,1.417006,1.100381,2.924184,0.171344,1,0
0,1,0,-0.388777,-1.22018,0.421795,0.041791,0,0
1,0,0,-0.227025,0.353736,-0.099365,0.019535,0,0
0,1,0,2.601604,0.652555,4.411619,0.294006,2,1
1,0,0,1.381425,-0.044028,0.848456,0.4914,0,0
0,1,0,1.934479,0.92567,1.061297,0.504137,0,0
0,0,1,3.66062,0.484791,1.648576,4.698544,2,1
0,0,1,-0.521224,0.426087,0.180026,-0.042013,0,0
0,0,1,-0.19066,-0.263425,0.147923,0.389922,0,0
1,0,0,4.913206,7.566254,6.678493,-1.543833,4,1
0,0,1,5.130853,3.534466,3.725317,2.763104,4,1
0,1,0,-0.075543,-0.027194,-0.16845,-0.01811,0,0
0,0,1,6.106562,7.907151,2.184551,-2.159603,3,1
1,0,0,1.286226,4.115669,1.330241,-1.252672,1,1
0,0,1,7.341629,7.681035,6.533455,-0.59901,3,1
1,0,0,0.389844,-0.136302,1.736238,0.360079,0,0
1,0,0,5.531873,5.659782,5.896504,-2.704721,4,1
0,0,1,0.529514,-0.079224,-0.406278,-0.085623,0,0
0,0,1,0.836884,0.290527,0.151759,0.317487,0,0
0,0,1,3.593636,1.535455,2.072398,2.735644,2,1
0,1,0,2.835157,3.5679,1.366873,0.129064,2,1
1,0,0,0.012231,-0.212624,-0.407558,0.030529,0,0
0,0,1,0.570786,0.423473,-0.362982,0.256301,0,0
1,0,0,3.750395,9.17355,5.120998,-0.686915,3,1
0,0,1,3.137124,2.369001,4.633422,0.801712,2,1
0,1,0,2.07648,2.231826,4.761144,0.211243,1,0
0,0,1,0.089935,-0.082544,0.129362,-0.1301,0,0
0,1,0,0.646114,2.232005,1.473048,-3.523928,1,1
0,0,1,0.424764,2.779279,5.887317,0.84603,2,1
0,1,0,1.549335,0.91581,3.105523,0.705886,1,0
0,1,0,1.571285,0.725423,1.917719,-0.186431,0,0
0,0,1,7.047326,5.542946,5.546793,-0.638134,3,1
0,0,1,2.361203,0.373673,2.817116,0.936417,1,0
0,1,0,1.471538,1.117603,0.956465,0.211605,0,0
0,0,1,-1.408061,0.153534,-0.09138,-0.038858,0,0
0,0,1,0.714898,0.323583,-0.119247,-0.000231,0,0
0,1,0,1.059075,1.627859,3.868084,0.088161,1,0
1,0,0,0.142546,0.343594,-0.137752,-0.24972,0,0
0,1,0,-0.749139,-0.207927,-0.481514,-0.39922,0,0
0,0,1,0.478939,0.471184,0.03464,-0.228926,0,0
0,0,1,1.587047,1.669932,2.964236,0.346744,1,0
0,1,0,-0.488665,0.090827,0.630772,0.169509,0,0
1,0,0,0.364968,0.342151,-0.426515,0.303704,0,0
0,1,0,0.030738,-0.208354,-0.315894,-0.479298,0,0
0,0,1,1.850085,1.228655,4.967576,0.138787,1,0
0,1,0,-0.104457,-0.003239,0.142978,0.070054,0,0
1,0,0,0.104352,0.075672,0.113086,0.021824,0,0
1,0,0,3.607152,0.865189,0.528621,0.1433,1,0
0,1,0,1.511134,-0.006039,6.591642,-0.084561,1,0
1,0,0,-0.05961,1.171169,-0.458949,0.25473,0,0
1,0,0,0.899353,0.434113,2.068687,-0.043045,0,0
0,0,1,7.405616,6.187393,6.969907,-1.632737,4,1
1,0,0,0.575961,0.457201,0.208273,0.039478,0,0
1,0,0,-0.21015,0.48739,0.685969,-0.11415,0,0
0,0,1,0.254951,-0.485278,-0.23134,0.030596,0,0
0,0,1,0.59456,-0.471665,-0.253307,0.240697,0,0
0,1,0,1.137883,-0.06725,1.728483,0.525264,0,0
0,1,0,0.359722,-0.185612,0.034845,-0.216078,0,0
1,0,0,1.362726,2.497377,2.948974,4.102678,2,1
0,0,1,-0.591965,-0.487868,-0.086436,0.592713,0,0
0,1,0,3.807213,2.884611,4.371534,-1.602088,4,1
0,0,1,2.637469,2.106002,4.061619,0.224713,2,1
0,0,1,-0.137217,0.5651,0.383166,0.449199,0,0
0,1,0,2.225875,0.742404,1.635956,0.442109,0,0
0,0,1,1.257242,1.422874,1.114448,0.90924,0,0
0,1,0,1.140186,0.844987,2.206041,0.458034,0,0
0,0,1,5.662121,3.702451,3.896971,-0.124712,3,1
0,1,0,3.979736,4.947841,4.421377,-1.121907,3,1
0,0,1,0.08236,0.163196,-0.631706,-0.102175,0,0
0,0,1,0.222158,1.802,1.962441,0.513817,0,0
0,0,1,0.223224,0.347935,0.000995,-0.166297,0,0
1,0,0,-0.368672,0.193901,-0.340185,-0.440594,0,0
1,0,0,1.541591,0.077336,-0.015056,-0.350312,0,0
1,0,0,0.479379,-1.189276,0.437923,0.332685,0,0
0,1,0,2.233146,0.300866,0.744975,0.249386,0,0
0,1,0,0.243373,0.060598,0.51481,-0.180888,0,0
0,0,1,2.992455,1.44217,1.352367,0.253132,1,0
0,0,1,0.086396,0.012005,0.020359,-0.183884,0,0
1,0,0,4.448277,5.804974,3.222008,0.475462,3,1
0,1,0,3.259966,0.810594,3.982107,-0.091744,2,1
1,0,0,4.46866,3.375561,6.164002,3.995251,4,1
0,0,1,-0.939722,-0.357285,-0.107366,0.052672,0,0
0,0,1,5.645422,6.479219,4.596393,-1.833784,4,1
0,1,0,-0.292997,0.31764,-0.190625,0.23428,0,0
0,0,1,0.203152,-0.384169,0.313723,-0.096184,0,0
0,1,0,1.778068,2.998307,3.502538,0.844661,2,1
0,1,0,3.724126,1.448311,4.912087,2.433009,3,1
0,1,0,0.290849,-0.67637,0.003102,0.077023,0,0
1,0,0,0.271654,0.512627,2.780968,1.03765,1,0
1,0,0,2.274756,4.64316,2.786231,0.359621,2,1
1,0,0,0.826549,2.800669,1.839228,-2.013346,2,1
0,0,1,1.59308,0.867871,1.539994,-0.198307,0,0
1,0,0,1.031147,0.43843,-0.161548,-0.03315,0,0
0,1,0,0.128575,1.576018,2.184348,0.453334,0,0
1,0,0,-0.384956,-0.393647,-0.456666,-0.175135,0,0
1,0,0,3.287454,0.308349,3.795702,-0.339915,2,1
0,1,0,-0.242868,1.618396,4.99358,0.143237,1,0
0,1,0,0.379061,0.227329,-0.274933,0.014328,0,0
0,0,1,3.846865,3.122112,5.466143,-1.136928,3,1
0,0,1,1.0134,0.466236,2.47983,-0.153372,0,0
0,1,0,-0.369611,0.724775,-0.313044,0.00637,0,0
0,0,1,0.289942,0.592804,0.379108,-0.122248,0,0
0,1,0,2.583446,1.134251,7.035771,0.22503,2,1
0,1,0,3.488474,2.901272,2.209007,4.210403,3,1
1,0,0,0.295505,-0.104365,-0.53472,0.157423,0,0
1,0,0,1.988411,1.538597,6.389873,0.381858,1,0
1,0,0,0.9468,1.52338,1.733371,-0.586793,0,0
1,0,0,2.541831,-0.360502,1.198308,0.064289,1,0
0,0,1,-0.415958,-0.106768,0.242266,0.326639,0,0
0,1,0,0.487256,0.081531,0.102111,0.052178,0,0
1,0,0,0.448725,-0.188679,-0.291428,-0.040463,0,0
1,0,0,1.415805,0.76117,1.960066,-0.25877,0,0
1,0,0,0.614484,0.355109,2.599497,-0.110792,1,0
1,0,0,4.282394,5.523582,4.662593,-1.780923,4,1
1,0,0,2.031844,0.670162,4.93689,0.412648,1,0
0,1,0,2.755054,2.851387,2.037243,-0.345519,2,1
1,0,0,0.781247,0.661174,-0.64284,0.360524,0,0
0,0,1,-0.12712,0.944204,0.013709,-0.029008,0,0
0,1,0,2.013217,1.215252,2.452768,0.149818,0,0
0,0,1,5.570398,0.503958,3.068874,-0.041151,2,1
0,0,1,0.497197,-0.064349,0.334244,-0.004294,0,0
1,0,0,-0.094927,0.683936,-0.066148,0.02175,0,0
0,1,0,3.108736,2.238325,1.746763,-0.507208,1,0
0,0,1,2.719768,2.257132,2.373502,0.134126,1,0
1,0,0,-0.455352,0.889668,-0.338734,0.195468,0,0
0,0,1,1.09956,1.00525,2.771935,-0.205719,1,0
0,1,0,1.322468,0.935659,1.452927,0.304049,0,0
0,1,0,-0.183427,0.153304,0.85175,-0.148704,0,0
0,1,0,-0.567056,-0.793008,-0.017601,-0.06326,0,0
0,0,1,-0.19262,0.763934,-0.609646,-0.127799,0,0
0,0,1,4.968498,2.890217,5.07298,-2.420143,4,1
1,0,0,5.2528,3.621492,2.95874,-0.017496,3,1
1,0,0,1.874204,0.677965,0.778095,0.129648,0,0
0,1,0,1.685076,1.742129,3.780634,-0.409576,1,0
0,1,0,4.554634,4.773554,6.701112,-1.478391,3,1
0,1,0,7.706126,3.737716,3.878558,-2.191705,4,1
1,0,0,2.837498,1.149234,4.65737,-0.609921,2,1
1,0,0,1.11604,0.889531,0.768289,0.037361,0,0
0,1,0,-0.119964,0.871024,1.136198,0.061786,0,0
1,0,0,2.649368,1.929675,1.129816,0.508204,1,0
1,0,0,1.401784,0.546319,1.101675,0.296958,0,0
1,0,0,0.482843,0.064517,2.735051,0.1941,1,0
0,0,1,5.822112,7.945188,8.427482,-2.20256,4,1
0,1,0,2.823062,8.474245,6.706167,-1.300279,3,1
0,1,0,2.858988,1.081623,4.906826,1.099383,2,1
1,0,0,1.017205,-0.027959,2.031,-0.506145,0,0
0,0,1,-0.669062,0.567972,0.727235,-0.337019,0,0
1,0,0,-0.790042,0.732351,0.250064,-0.641222,0,0
1,0,0,0.949929,0.506101,-0.575145,0.263538,0,0
0,0,1,6.42467,0.457787,2.223725,-0.258671,1,0
0,0,1,1.11865,1.679553,4.790855,-0.642737,1,0
0,0,1,-0.027325,-0.005719,-0.009948,-0.087246,0,0
1,0,0,-0.418567,0.390981,0.358162,0.22139,0,0
1,0,0,3.78308,0.210507,2.666259,-0.044594,2,1
0,0,1,0.960324,2.429925,1.391685,0.504219,0,0
0,1,0,0.22916,0.576028,-0.273646,-0.083024,0,0
0,0,1,5.415456,6.976161,6.745495,-1.83937,4,1
0,1,0,1.001989,0.471909,1.413309,0.307276,0,0
0,0,1,4.039021,4.740803,3.818273,0.635772,3,1
0,0,1,-0.108587,0.470206,0.083009,0.137221,0,0
1,0,0,0.211839,0.539326,0.501481,0.116722,0,0
0,1,0,-0.39165,-0.388286,-0.302091,0.235351,0,0
1,0,0,1.606446,0.327453,0.441942,0.260497,0,0
1,0,0,-0.135717,-0.311283,0.508043,0.193773,0,0
1,0,0,0.228864,0.219886,-0.445884,0.456402,0,0
0,1,0,1.349177,1.610713,6.830244,0.114479,1,0
0,1,0,2.840324,3.353799,4.707209,-1.247989,3,1
0,1,0,0.064476,0.475676,0.525276,0.438815,0,0
0,1,0,0.238288,0.729663,0.069806,0.330938,0,0
0,1,0,0.01962,0.491915,1.059952,-0.434059,0,0
1,0,0,2.698749,2.650685,3.71207,0.107218,3,1
1,0,0,1.294186,4.569576,0.987434,-3.714679,2,1
0,0,1,4.532056,0.606886,1.675498,-0.698413,1,0
0,0,1,1.731526,0.608409,2.953646,0.08113,1,0
0,1,0,3.903455,1.01887,2.404191,0.129428,1,0
1,0,0,2.342427,3.455343,0.667385,-3.738306,2,1
0,0,1,4.505073,4.268815,3.065909,0.204501,3,1
0,1,0,0.676792,0.882999,1.761142,-0.049915,0,0
0,1,0,1.558116,0.84461,1.756756,0.315754,0,0
1,0,0,1.474751,0.465996,0.765839,0.089375,0,0
0,0,1,4.078003,0.02837,2.752838,-0.386514,2,1
1,0,0,-0.039555,0.10797,-0.14993,0.184532,0,0
1,0,0,-0.327473,0.106065,0.532054,0.286078,0,0
1,0,0,0.775246,0.669024,1.592505,-0.394754,0,0
0,1,0,0.935648,0.231256,1.564994,0.377251,0,0
0,1,0,6.730324,6.786365,6.77855,-2.127835,4,1
0,1,0,0.20265,1.286578,4.944983,1.221808,1,0
0,1,0,0.260981,0.494162,-0.065965,-0.10146,0,0
1,0,0,-0.024789,-0.170869,-0.125285,0.012274,0,0
0,1,0,3.129416,2.64926,3.123145,-0.64645,3,1
0,0,1,1.454531,2.734615,0.699074,-2.588063,2,1
0,1,0,4.810595,5.095255,4.787652,-1.074157,3,1
0,1,0,0.45897,0.685312,0.253301,-0.114184,0,0
0,0,1,4.942966,0.282166,3.356627,0.023608,2,1
0,1,0,1.567385,2.202871,3.794827,1.301189,1,0
1,0,0,2.014411,1.403809,1.387038,-0.276703,0,0
0,1,0,-0.296689,0.026068,0.032256,0.290964,0,0
0,0,1,0.199138,0.028336,-0.06509,-0.009602,0,0
0,0,1,3.594205,4.199771,3.423786,-1.466855,3,1
0,1,0,1.833555,0.654601,1.857819,0.852744,0,0
1,0,0,2.119668,2.361001,3.185084,1.124444,1,0
1,0,0,2.094339,3.289079,2.908274,0.777926,2,1
0,0,1,0.282542,0.186577,1.89,0.504509,0,0
0,0,1,-0.45808,1.345867,0.724919,0.319075,0,0
0,0,1,0.988885,3.493371,3.726621,0.428633,2,1
0,0,1,1.025933,0.69548,2.158311,0.125871,0,0
1,0,0,5.387597,5.448974,3.754373,-1.730366,4,1
0,1,0,0.476402,-0.203215,0.380298,0.209965,0,0
0,0,1,1.391506,1.127204,1.647316,0.686465,0,0
0,0,1,1.219626,1.497545,2.061623,-0.589639,0,0
0,1,0,1.627655,0.839616,1.453556,0.062102,0,0
0,1,0,2.10388,2.969329,0.506416,-4.287369,2,1
0,1,0,0.258946,0.54742,-0.316985,0.008161,0,0
1,0,0,-0.185099,0.180425,-0.372006,0.179576,0,0
1,0,0,0.286313,1.352586,3.453519,0.532137,1,0
1,0,0,0.784435,0.873327,1.923922,-0.414373,0,0
1,0,0,-0.118544,0.902495,-0.148518,0.017626,0,0
0,0,1,0.79213,4.026643,3.781823,-2.99385,3,1
0,0,1,0.642899,1.150108,1.236316,0.407721,0,0
1,0,0,0.157395,0.807428,2.445756,-0.248099,0,0
0,0,1,0.103696,-0.367401,0.293225,0.199479,0,0
1,0,0,1.865494,2.980823,2.412465,-2.035692,2,1
1,0,0,-0.560371,-0.03936,-0.659701,-0.137139,0,0
1,0,0,2.331938,1.050486,0.815137,0.364412,0,0
1,0,0,0.417917,0.183581,2.749516,-0.5416,1,0
0,0,1,2.831011,3.310659,3.1406,0.468447,3,1
0,1,0,1.637546,2.15625,2.644149,0.780918,1,0
1,0,0,0.495377,-0.365749,-0.087955,0.054911,0,0
1,0,0,0.552826,0.901982,2.3101,0.512291,0,0
0,1,0,2.80915,3.009725,1.132488,0.45595,2,1
0,0,1,1.078851,-0.202228,0.494401,0.076272,0,0
0,1,0,0.012527,0.13978,0.195547,-0.153204,0,0
1,0,0,2.669171,0.116649,0.941471,-0.182816,1,0
0,1,0,1.324029,1.354435,4.597742,1.368554,1,0
0,1,0,1.607372,0.404631,7.42706,0.321959,1,0
0,0,1,1.694243,4.534747,3.590057,3.716534,3,1
1,0,0,4.19524,0.492891,2.355593,0.996954,1,0
0,0,1,2.63976,1.403598,1.55782,1.037538,1,0
0,0,1,1.57373,0.198876,1.383285,0.500686,0,0
0,1,0,7.057449,4.350297,2.758858,-1.552538,4,1
0,1,0,0.030395,-0.293378,0.513235,-0.076085,0,0
1,0,0,1.032379,4.470191,4.123248,0.342442,2,1
1,0,0,1.921354,2.617881,1.846226,0.632041,1,0
0,1,0,-0.791101,-0.415449,-0.40751,0.136581,0,0
0,1,0,-0.672227,0.022118,0.467885,-0.073724,0,0
0,0,1,-0.620639,-0.32632,0.477915,0.003737,0,0
1,0,0,3.176738,0.451176,5.269924,-0.515291,2,1
1,0,0,0.436895,-0.237725,-0.203558,0.002706,0,0
0,0,1,1.15663,2.974294,2.964098,-0.301095,2,1
0,1,0,1.855756,0.085587,1.664621,-0.5331,0,0
0,1,0,0.076641,0.1626,-0.205365,-0.006432,0,0
0,0,1,0.569061,-0.50125,0.606944,0.005624,0,0
0,1,0,1.043516,0.06039,0.204473,0.345566,0,0
0,1,0,2.068837,0.819964,2.381344,0.266884,0,0
0,0,1,-0.114877,0.998528,7.180943,0.072175,1,0
0,1,0,4.922256,2.256287,3.591906,-1.501155,3,1
0,0,1,-0.380787,0.303292,-0.91059,-0.033774,0,0
0,0,1,5.120034,3.661947,4.324476,2.920997,4,1
1,0,0,1.440356,0.486462,0.349914,0.44721,0,0
1,0,0,4.594606,6.02128,5.401051,-1.704199,4,1
0,1,0,1.264219,2.964803,1.859716,0.269431,1,0
1,0,0,0.986665,1.038441,2.372933,0.415904,0,0
0,1,0,3.478987,2.605587,4.313194,3.030349,4,1
0,0,1,-0.23823,0.666488,0.065993,-0.046472,0,0
0,1,0,3.707785,3.226605,2.402062,3.346137,3,1
0,1,0,4.401196,6.272561,4.02024,-1.459992,3,1
0,0,1,5.150301,0.374016,2.453105,0.288201,1,0
0,0,1,1.691916,0.22865,0.793422,0.221559,0,0
1,0,0,1.348861,3.040423,1.952765,-0.855,1,0
0,0,1,0.335513,0.309861,0.656452,-0.208588,0,0
0,1,0,0.403544,0.182971,0.142666,0.125788,0,0
1,0,0,-0.030441,-0.13603,-0.72555,-0.059117,0,0
1,0,0,1.890518,0.681386,5.051584,0.779231,1,0
1,0,0,3.514794,3.642286,2.259067,2.479914,3,1
1,0,0,0.3377,1.674569,4.498728,1.19775,1,0
0,1,0,2.037201,2.927659,2.28043,-3.830703,2,1
1,0,0,3.134693,2.502641,3.246307,3.718227,4,1
0,1,0,5.435131,3.830101,5.360812,1.000025,3,1
0,1,0,0.155718,-1.111628,-0.058343,-0.013076,0,0
0,1,0,2.901456,1.625773,2.614006,0.238785,2,1
0,1,0,1.098529,3.881615,1.556172,-0.240677,1,0
0,1,0,1.290964,0.243898,2.458683,-0.152955,0,0
0,1,0,3.197032,3.163509,1.70453,-3.894339,3,1
0,0,1,0.933036,0.698962,-0.184888,0.136547,0,0
0,0,1,4.208345,2.289662,3.932598,2.962692,3,1
1,0,0,-0.160596,0.258848,-0.549763,-0.069146,0,0
0,0,1,3.810385,4.557149,3.081932,0.572287,3,1
1,0,0,2.207748,0.800884,4.235688,1.028613,1,0
0,0,1,2.789085,3.517221,1.929638,3.272403,3,1
1,0,0,1.784957,-0.72243,3.89026,1.267183,1,0
0,0,1,0.561023,0.020712,-0.259637,-0.352022,0,0
0,1,0,-0.661706,0.24559,0.111099,-0.278183,0,0
0,1,0,2.069073,0.335837,2.046292,0.037009,0,0
0,0,1,1.901466,0.3274,1.696238,-0.143335,0,0
0,0,1,0.4436,0.015416,-0.365211,0.015448,0,0
1,0,0,0.806883,1.666408,2.283902,0.782747,0,0
0,0,1,1.429855,0.396706,0.953025,0.622623,0,0
0,0,1,0.214111,0.282704,-0.037072,0.148761,0,0
0,0,1,1.139282,0.222809,2.445431,0.641074,0,0
1,0,0,2.942141,3.353716,-0.214987,2.042236,3,1
1,0,0,2.145384,0.81339,1.456995,-0.119942,0,0
1,0,0,2.449722,0.315549,1.799287,0.557877,0,0
0,1,0,0.18026,-0.218747,-0.145403,-0.268531,0,0
0,0,1,-0.080448,0.363557,0.575829,-0.504005,0,0
0,0,1,0.202511,0.778839,2.540812,1.163042,1,0
1,0,0,4.614695,0.137651,2.898136,-0.309904,2,1
1,0,0,2.057314,3.33792,3.059458,0.614594,2,1
0,0,1,0.03105,0.397882,0.029457,-0.022304,0,0
0,0,1,5.385983,1.056306,3.052405,0.508855,2,1
0,0,1,-0.118083,0.574469,0.330371,0.262043,0,0
0,1,0,0.176815,0.224487,-0.721597,-0.232409,0,0
1,0,0,4.88375,1.029888,5.207211,0.267299,2,1
1,0,0,0.300171,0.490405,0.61503,-0.052624,0,0
1,0,0,1.757981,0.468528,0.219014,-0.388637,0,0
0,0,1,0.35619,-0.044383,0.517505,-0.003208,0,0
0,0,1,5.268109,5.397874,7.586271,-2.687539,4,1
0,1,0,0.376016,-0.841621,-0.66935,-0.038637,0,0
1,0,0,5.633708,-0.396959,1.092716,-0.459784,1,0
0,1,0,-0.16821,-0.549932,0.008112,-0.167906,0,0
1,0,0,5.617269,3.900431,4.924571,-1.37027,3,1
0,1,0,2.395039,4.106931,1.476638,1.487086,1,1
0,1,0,4.030396,0.387393,3.056782,-0.603549,2,1
1,0,0,-0.22319,-0.626008,0.053413,-0.051132,0,0
0,1,0,2.478477,-0.718051,1.110049,0.576857,0,0
0,1,0,-0.717313,0.067668,0.618038,-0.365817,0,0
1,0,0,-0.112729,0.395819,-0.074126,0.138405,0,0
1,0,0,1.303446,0.780265,2.180179,0.528946,0,0
0,1,0,2.454562,3.178319,2.720675,4.891535,3,1
0,0,1,4.38891,2.463766,3.059137,0.216168,2,1
0,0,1,1.701728,0.90989,3.100921,-0.168327,1,0
0,0,1,3.529753,3.318818,4.306392,-2.390294,4,1
0,1,0,3.953879,2.741751,2.891514,0.935827,3,1
1,0,0,3.742435,2.473767,5.810761,3.790341,3,1
1,0,0,3.842762,2.030799,3.677023,4.150874,3,1
0,1,0,0.996277,0.158096,-0.478012,0.014937,0,0
0,1,0,-0.271841,-0.182876,0.127408,-0.188457,0,0
0,0,1,5.139049,6.270877,4.820592,-1.06008,3,1
0,0,1,0.406447,3.177707,2.252674,-2.555142,2,1
0,0,1,2.851749,4.64814,3.355082,3.229483,4,1
0,0,1,0.084233,0.14412,-0.666495,-0.113792,0,0
0,0,1,0.904246,1.094036,4.202207,0.271056,1,0
0,0,1,5.372739,0.661747,2.310284,0.283927,1,0
0,0,1,-0.009301,-0.145544,0.68197,0.207164,0,0
0,0,1,-0.316827,0.041599,-0.030857,0.256335,0,0
0,1,0,0.669895,1.282419,1.176407,-0.212088,0,0
0,0,1,1.424965,0.465857,2.29139,0.429159,0,0
0,1,0,2.710006,1.276098,2.789344,0.55817,2,1
0,0,1,0.08808,-0.31636,-0.060844,-0.267502,0,0
0,0,1,-0.780182,-0.240109,-0.148723,0.167276,0,0
0,0,1,1.340884,0.151644,0.603978,-0.00916,0,0
0,1,0,1.565936,1.717133,6.846695,0.444761,1,0
1,0,0,1.51462,1.014378,3.163673,-0.080947,1,0
0,1,0,1.451607,1.656311,1.718418,-0.109666,0,0
0,0,1,0.479721,-0.404795,-0.221982,-0.137644,0,0
0,1,0,0.667679,0.19194,-0.186922,0.064533,0,0
0,1,0,-0.234776,0.172294,0.066924,0.106747,0,0
0,0,1,2.504084,2.273502,4.515214,3.36619,3,1
0,1,0,1.29926,0.472388,1.869595,-0.404282,0,0
0,0,1,-0.694957,0.289998,-0.175826,0.223059,0,0
0,0,1,1.370854,2.661189,0.769254,-3.266297,2,1
0,1,0,0.663055,0.28944,1.272187,-0.210971,0,0
1,0,0,0.781245,0.001374,0.020321,-0.091018,0,0
0,0,1,-0.147058,0.749856,0.391212,0.053451,0,0
1,0,0,0.438006,0.08157,0.076475,-0.06963,0,0
1,0,0,1.747926,1.057903,-0.141955,-0.231441,0,0
0,0,1,3.991265,5.547508,4.07825,0.936421,3,1
0,1,0,-0.120616,0.064594,-0.673674,-0.076087,0,0
1,0,0,2.763217,0.782358,1.587777,0.571625,1,0
0,1,0,0.09262,-0.135795,-0.049927,0.058337,0,0
0,0,1,0.631758,1.23886,2.174084,0.389315,0,0
1,0,0,1.762221,1.321928,2.173562,0.803759,0,0
1,0,0,2.352935,-0.250843,2.332334,-0.285218,0,0
0,1,0,0.675489,0.025332,0.363536,-0.060146,0,0
0,1,0,-0.67915,0.754549,0.376398,0.175463,0,0
1,0,0,-0.177169,0.285561,0.176138,-0.153684,0,0
0,0,1,2.426793,0.426256,0.952215,-0.87529,0,0
0,1,0,1.903982,0.197205,5.347913,-0.386087,1,0
0,1,0,0.569519,0.533361,3.357307,0.71955,1,0
0,0,1,5.941854,0.384798,3.496615,-0.028979,2,1
0,1,0,0.725134,1.371302,1.346552,-1.12567,0,0
0,0,1,3.761657,2.764723,3.464633,1.917218,4,1
0,1,0,1.587462,0.645019,0.985062,0.21135,0,0
0,0,1,0.000158,0.972599,0.137287,0.058267,0,0
1,0,0,-0.386428,0.090991,0.070832,-0.679462,0,0
0,1,0,0.517537,0.660671,-0.477567,-0.248336,0,0
0,1,0,-0.308856,0.156663,0.335573,-0.463362,0,0
0,0,1,1.993902,0.878878,1.416167,0.111928,0,0
0,1,0,4.812465,3.246607,4.12402,1.94414,4,1
0,0,1,2.271261,3.911326,3.757526,4.080079,3,1
0,1,0,1.744004,1.217074,0.781321,-0.169662,0,0
1,0,0,5.694475,5.331102,5.15562,-1.467991,3,1
0,1,0,0.957439,-0.583327,1.880875,0.104377,0,0
1,0,0,3.561396,4.336727,3.942547,1.129555,3,1
0,1,0,2.805049,3.481014,2.888456,-0.366314,3,1
1,0,0,-0.143881,-0.301493,0.172916,0.219747,0,0
0,0,1,2.446761,-0.352443,1.605673,0.147059,0,0
0,0,1,2.905998,3.732218,1.621687,1.386341,2,1
0,0,1,0.058653,0.106609,-0.027562,-0.088414,0,0
1,0,0,2.397195,0.473994,1.2082,0.08129,0,0
1,0,0,1.123141,2.719098,6.388491,1.18957,2,1
0,1,0,2.002488,1.440619,5.768645,-0.673971,1,0
1,0,0,0.443788,0.136915,0.290234,0.397239,0,0
1,0,0,-0.45688,0.0824,0.743097,0.071865,0,0
0,0,1,1.07289,0.431654,2.638588,-0.172982,1,0
0,0,1,0.950091,1.280474,5.994196,-0.442092,1,0
0,1,0,1.724255,1.977439,2.524262,2.411235,2,1
0,1,0,-0.531178,-0.169242,0.349924,-0.329682,0,0
1,0,0,-0.315181,-0.058151,0.255448,-0.039554,0,0
1,0,0,5.927944,6.145734,5.658171,-1.537667,4,1
0,0,1,2.470322,1.361767,2.013566,0.885821,0,0
1,0,0,0.621609,0.233666,0.734582,-0.37171,0,0
0,1,0,4.551738,0.331619,2.396606,-0.216452,1,0
1,0,0,1.423167,4.519736,1.737622,-1.928305,2,1
1,0,0,0.042515,0.201256,0.969401,0.256886,0,0
1,0,0,1.966362,1.531618,3.720808,0.253168,1,0
0,1,0,2.191102,2.106431,2.984966,0.631454,1,0
1,0,0,0.210905,0.189441,0.289175,-0.067876,0,0
0,0,1,3.036683,0.001684,3.505809,0.036891,2,1
0,1,0,4.467019,4.045955,4.779828,-1.629515,4,1
0,1,0,4.296123,3.388012,4.791375,3.752395,4,1
0,1,0,5.126749,0.777922,3.339158,0.231466,2,1
0,1,0,-0.131483,0.615941,0.145466,-0.12571,0,0
0,1,0,1.32957,0.047044,0.596371,-0.561944,0,0
0,1,0,0.858095,0.744514,3.030011,1.11321,1,0
1,0,0,-0.560905,-0.378061,-0.293953,-0.02779,0,0
0,1,0,0.20314,0.924041,-0.083814,0.161459,0,0
1,0,0,0.465089,0.130594,-0.307617,0.194994,0,0
0,1,0,1.920078,1.973442,4.927391,3.068879,2,1
0,0,1,-0.206689,-0.340468,0.745552,0.162014,0,0
0,1,0,-0.508759,0.559444,0.079431,0.114503,0,0
0,1,0,2.083966,0.588617,1.741339,0.231198,0,0
0,0,1,0.929514,0.083245,1.523039,0.701474,0,0
0,0,1,0.33947,0.331075,0.720734,0.127146,0,0
0,1,0,0.096525,0.752135,-0.604265,-0.180765,0,0
1,0,0,0.435896,-0.294502,-0.151053,0.152745,0,0
0,0,1,0.073709,0.193014,0.673932,0.070611,0,0
0,0,1,0.921635,1.218623,1.470607,0.099791,0,0
1,0,0,2.792177,2.218967,2.75997,0.653054,2,1
0,0,1,5.135607,2.032449,3.794953,4.743678,3,1
0,1,0,2.530455,2.851068,2.473349,3.080788,3,1
0,0,1,3.676781,4.607544,1.835207,-2.282262,3,1
1,0,0,0.77932,0.204108,0.337164,-0.046413,0,0
1,0,0,3.222954,3.272063,2.810562,4.31824,4,1
1,0,0,0.976944,1.98857,2.760763,-2.234178,2,1
0,1,0,5.045324,7.36928,4.417712,-0.082953,3,1
0,0,1,-0.512345,0.048454,0.185507,-0.283555,0,0
0,0,1,3.50722,3.402845,3.224864,2.232325,4,1
1,0,0,0.072461,0.566733,1.713796,0.335962,0,0
0,0,1,-0.078269,0.186766,0.471265,-0.21373,0,0
1,0,0,0.012188,-0.022834,0.047202,-0.054526,0,0
1,0,0,1.166438,0.19587,0.679959,0.512372,0,0
0,0,1,1.238248,0.287263,0.655122,0.151738,0,0
0,1,0,2.419975,2.434152,5.791146,0.464269,1,0
0,0,1,0.491977,0.669017,2.484558,0.315688,0,0
0,0,1,4.07433,5.798302,7.786121,-1.931795,4,1
1,0,0,-0.654472,-0.375624,0.211964,0.135086,0,0
0,0,1,-0.366476,-0.120418,0.07398,0.04235,0,0
1,0,0,-0.086221,0.606644,0.193062,0.135865,0,0
0,1,0,5.076039,0.511298,3.974524,-0.378234,2,1
1,0,0,1.685933,2.221898,1.317669,-3.438433,1,1
0,1,0,5.702108,7.194052,8.034787,-1.377612,3,1
1,0,0,2.020668,0.971685,5.566168,-0.419231,1,0
0,0,1,0.97735,-0.032903,0.227964,0.325912,0,0
0,0,1,4.012326,6.64366,5.602708,-1.652304,4,1
0,1,0,-0.05032,0.350606,-0.350903,-0.047203,0,0
1,0,0,4.333838,0.199552,3.051295,-0.973065,2,1
0,1,0,-0.057078,-0.124193,0.122291,0.108497,0,0
1,0,0,1.150223,-0.075943,3.19748,0.734011,1,0
0,1,0,0.708429,0.372782,1.528835,0.077192,0,0
1,0,0,6.445016,4.097797,3.26013,-1.225737,3,1
1,0,0,3.741613,4.8479,4.194037,-0.242662,3,1
0,0,1,1.021736,0.0331,-0.019839,0.095748,0,0
0,0,1,2.215871,3.332524,2.024149,0.070972,1,0
1,0,0,2.27747,0.314984,1.061106,0.108171,0,0
1,0,0,1.660037,0.888335,2.868284,0.387342,1,0
1,0,0,1.331853,3.116743,1.008019,-1.665074,2,1
1,0,0,0.396413,0.23662,0.431823,0.772328,0,0
0,1,0,0.539042,1.658668,5.648406,-0.16336,1,0
0,1,0,0.686076,0.102448,0.679059,-0.574484,0,0
0,1,0,1.701776,1.622503,2.125661,0.522403,0,0
0,0,1,0.287767,0.181084,-0.206485,-0.073585,0,0
1,0,0,0.258058,-0.176918,-0.1313,-0.181676,0,0
0,1,0,-0.340893,-0.022587,0.170121,-0.105655,0,0
0,0,1,1.321983,0.786901,1.54512,0.006039,0,0
1,0,0,4.921143,5.45973,3.426194,-0.184286,3,1
1,0,0,5.195862,-0.234948,1.211117,-0.341501,1,0
1,0,0,0.793066,0.29721,1.01144,0.449869,0,0
0,1,0,3.226805,0.481689,2.605431,-0.507061,2,1
0,0,1,-0.280418,-0.238298,-0.487173,0.095969,0,0
0,0,1,1.328337,1.753009,5.511134,0.538681,1,0
0,1,0,1.768957,3.779055,3.720953,-2.371387,3,1
0,1,0,4.52543,5.524558,4.833765,-2.110047,4,1
0,0,1,-0.548629,-0.258225,-0.604557,-0.163682,0,0
0,1,0,1.048495,2.383723,1.261831,-4.41905,1,1
1,0,0,0.503724,-0.229635,0.524217,-0.174207,0,0
1,0,0,-0.399785,-0.149528,0.089823,0.218566,0,0
0,0,1,3.192895,3.403434,3.352884,1.835418,4,1
0,0,1,0.052926,-0.017403,0.221454,0.008812,0,0
0,1,0,4.510919,3.252069,4.013018,2.761469,4,1
1,0,0,1.749819,5.79854,4.279159,0.211102,2,1
0,1,0,1.131098,3.094005,1.60591,-3.25665,2,1
0,0,1,0.160201,0.462036,0.110868,0.009035,0,0
0,0,1,2.701909,1.791643,2.596913,-0.066261,2,1
0,1,0,0.309687,-0.184457,0.34001,0.118942,0,0
0,1,0,2.001034,0.620124,2.396481,0.42581,0,0
0,0,1,2.101082,1.009577,1.462199,-0.071294,0,0
0,0,1,0.483093,0.753815,-0.258151,0.121015,0,0
0,0,1,-0.539572,0.419434,-0.22005,0.106085,0,0
1,0,0,0.007872,0.123099,-0.432431,0.224025,0,0
0,1,0,5.659856,4.91669,3.633031,-1.280333,3,1
0,1,0,3.599538,5.177516,1.598037,0.026053,2,1
0,1,0,0.213904,0.370932,0.123887,-0.568943,0,0
0,1,0,6.373101,7.867643,5.994384,-1.906583,4,1
1,0,0,0.7601,-0.68964,0.092359,-0.253309,0,0
0,1,0,-0.054185,0.1108,0.182728,-0.638207,0,0
1,0,0,1.132622,0.916028,-0.094726,0.095172,0,0
0,1,0,0.10109,-0.264032,-0.354621,-0.035471,0,0
1,0,0,-0.071292,-0.736842,-0.522479,0.14603,0,0
0,0,1,2.36935,0.638706,2.16903,-0.036778,0,0
0,1,0,0.205795,3.706132,2.929114,-2.335078,3,1
1,0,0,1.529318,3.484771,0.965331,-2.263221,2,1
0,0,1,0.229536,-0.179649,-0.025238,0.350778,0,0
1,0,0,1.721971,1.253566,5.967327,-0.005947,1,0
1,0,0,0.554664,-0.288197,0.261937,-0.096478,0,0
1,0,0,0.366254,-0.047851,-0.168625,0.221329,0,0
1,0,0,1.668295,1.408766,0.623706,0.224105,0,0
1,0,0,4.163448,2.849936,2.616129,2.949644,4,1
0,0,1,0.550088,0.50156,0.993752,0.153804,0,0
0,0,1,1.655881,0.554407,2.82684,0.590243,1,0
0,1,0,1.567637,0.588885,1.582973,0.902107,0,0
1,0,0,-0.121944,0.347207,0.092541,0.361984,0,0
0,1,0,5.41876,2.558253,7.08359,-1.500958,4,1
1,0,0,0.225823,-0.171626,0.1643,-0.083645,0,0
0,1,0,0.743187,0.280977,2.419286,0.315136,0,0
0,1,0,5.395486,-0.257851,2.27969,0.39454,1,0
0,0,1,4.069974,4.794181,4.928419,-0.302996,3,1
1,0,0,8.450275,6.234359,6.841057,-1.254469,3,1
0,0,1,1.076805,0.929428,2.377895,0.194981,0,0
0,1,0,0.446851,0.139631,-0.28306,0.142144,0,0
0,0,1,1.367352,1.702089,1.927788,-0.698353,0,0
1,0,0,0.734265,0.797326,1.800039,-0.326864,0,0
0,1,0,0.274286,0.246463,0.034896,-0.011003,0,0
1,0,0,1.977688,0.792367,3.832069,-0.679348,1,0
0,0,1,2.236445,3.004118,1.290519,1.081591,1,0
0,0,1,0.537886,-0.29304,0.069987,-0.042856,0,0
0,1,0,6.513866,5.457004,6.504514,-1.529061,4,1
1,0,0,1.779828,0.591053,2.834479,0.148376,1,0
1,0,0,3.074649,1.676391,4.506756,1.201454,2,1
0,1,0,0.960725,-0.213501,-0.143553,0.162317,0,0
1,0,0,2.712534,3.594887,3.219991,3.973751,4,1
0,1,0,5.67623,7.312831,3.113657,-0.739922,3,1
0,1,0,0.624796,-0.265915,6.419543,0.157776,1,0
1,0,0,4.475785,5.543317,3.674828,-1.204655,3,1
0,0,1,1.484877,0.06278,0.658487,-0.063114,0,0
0,1,0,0.583714,3.997539,1.303984,-2.862632,2,1
1,0,0,0.28124,0.796988,0.569209,-0.265251,0,0
0,1,0,2.836884,2.167113,5.09288,-0.089458,2,1
0,1,0,4.870993,0.14148,3.030284,0.398563,2,1
1,0,0,-0.513683,-0.051111,-0.359913,-0.198197,0,0
0,1,0,2.157818,2.014954,2.716507,0.733041,1,0
0,0,1,-0.020725,-0.383841,-0.033792,0.191246,0,0
1,0,0,-0.141807,-0.411163,-0.261526,0.263251,0,0
0,1,0,4.81236,2.954668,3.250253,-1.873887,4,1
1,0,0,0.461649,0.268559,0.294013,0.43316,0,0
0,0,1,3.091758,1.892826,4.140609,3.967988,3,1
0,1,0,1.024122,2.523046,1.641566,1.315289,1,0
1,0,0,2.217701,0.579653,1.399456,-0.181275,0,0
0,0,1,1.743244,3.001677,2.731226,-3.276147,3,1
1,0,0,5.085686,3.493432,5.403325,-1.275722,3,1
0,0,1,1.285178,0.540931,0.137209,-0.145872,0,0
0,1,0,1.070448,3.216471,1.714589,-2.866837,2,1
1,0,0,2.243718,0.34959,1.470324,-0.198081,0,0
1,0,0,3.903419,5.489816,4.672701,-0.847913,3,1
1,0,0,-0.147693,0.453341,-0.036323,0.063044,0,0
0,0,1,-0.355701,0.07377,0.441588,-0.215738,0,0
0,0,1,3.191338,2.844841,5.089218,3.435715,4,1
0,0,1,0.810189,-0.369268,-0.146464,0.204831,0,0
0,0,1,1.784285,4.143901,1.497905,-3.197651,2,1
0,1,0,0.432123,-0.18681,0.694861,0.155916,0,0
0,1,0,2.481455,0.680535,1.785321,-0.493769,0,0
0,1,0,0.872288,0.794949,0.875899,0.578897,0,0
0,0,1,1.882887,1.345133,5.901383,-0.062225,1,0
1,0,0,-1.078868,0.444539,-0.75409,-0.318771,0,0
0,1,0,1.12501,-0.139925,0.116228,0.068838,0,0
0,1,0,-0.099692,0.463119,0.467506,0.026457,0,0
1,0,0,-0.12295,1.536087,1.214092,-1.486211,0,0
0,0,1,-0.003042,0.241653,0.114478,0.133914,0,0
1,0,0,1.205558,0.265058,0.571412,-0.109539,0,0
0,1,0,0.189811,-0.298991,0.108383,0.071895,0,0
0,0,1,-0.916763,-0.522772,-0.49141,0.150336,0,0
0,1,0,-0.289909,0.421594,0.295699,0.033154,0,0
0,1,0,0.909476,-0.629116,-0.29177,-0.377753,0,0
1,0,0,4.690634,0.596075,2.191668,-0.664686,1,0
0,1,0,-0.405518,0.009074,0.715189,0.271573,0,0
1,0,0,2.191948,0.520834,0.48545,-0.46681,0,0
0,1,0,6.524901,6.034533,4.383446,0.5458,3,1
0,0,1,0.666635,0.301658,0.170776,-0.048209,0,0
0,1,0,1.193872,0.986584,3.373707,0.117852,1,0
0,0,1,-0.304281,-0.153877,-0.476895,-0.140424,0,0
0,1,0,1.619643,2.382303,2.158371,-3.187499,1,1
0,0,1,2.570257,0.60911,3.149312,-0.187063,2,1
1,0,0,0.253391,-0.151107,0.712728,-0.091738,0,0
0,1,0,7.880122,5.10411,6.864493,-2.750591,4,1
0,1,0,0.144947,-0.018642,-0.112793,-0.030445,0,0
1,0,0,-0.533481,0.271447,-0.019965,0.022238,0,0
1,0,0,6.545884,4.713278,6.139874,-2.620724,4,1
0,0,1,3.717136,2.435936,3.752848,3.467858,3,1
0,0,1,1.371027,0.518123,0.227707,-0.354842,0,0
0,0,1,3.341237,2.282046,2.110972,2.708508,2,1
0,1,0,0.839326,2.00524,1.438774,0.48471,0,0
1,0,0,0.700244,-0.226407,-0.156612,-0.02989,0,0
0,1,0,0.767922,0.24269,0.179663,-0.128068,0,0
0,1,0,1.308517,0.476422,2.240637,-0.056531,0,0
0,0,1,-0.320074,-0.29087,0.438802,-0.28777,0,0
0,1,0,0.393898,0.538168,0.165341,0.113232,0,0
1,0,0,0.002515,0.096126,-0.16468,-0.086668,0,0
0,1,0,5.477663,0.350697,4.275494,-0.246531,2,1
0,1,0,4.147556,3.872793,2.43314,3.842719,3,1
0,0,1,4.151862,-0.087007,2.59987,-0.020772,2,1
0,1,0,1.715286,0.238132,2.846048,0.964408,1,0
1,0,0,0.933333,0.846527,0.065492,0.063193,0,0
0,1,0,1.486823,0.366433,4.149114,1.478917,1,0
1,0,0,3.59348,5.224356,5.519596,-1.638381,4,1
0,1,0,2.888311,5.224669,5.894272,-2.550262,4,1
1,0,0,-0.964778,0.511731,0.365912,-0.113103,0,0
0,0,1,4.105278,7.052257,3.614359,-1.499687,3,1
0,1,0,0.044995,-0.399456,0.649885,-0.194783,0,0
1,0,0,-0.269679,-0.28887,-0.027818,0.121211,0,0
1,0,0,2.67601,2.760058,0.912504,1.566295,3,1
0,0,1,4.588804,3.372303,3.616145,1.220028,3,1
1,0,0,1.298617,1.072527,1.526231,-0.174693,0,0
0,0,1,0.582292,0.786067,-0.083867,-0.105625,0,0
1,0,0,5.206697,2.048721,3.887991,-1.454992,2,1
0,0,1,-0.257396,0.276433,-0.242896,0.268431,0,0
0,1,0,-0.049961,-0.300153,-0.286631,-0.550406,0,0
0,0,1,0.339264,-0.532127,0.341832,0.243761,0,0
1,0,0,1.199386,0.240356,0.976737,-0.33093,0,0
0,0,1,0.832682,-0.130248,0.380658,0.188372,0,0
0,1,0,1.799998,0.544959,5.018927,0.473422,1,0
0,1,0,0.744893,0.335588,0.157158,0.320999,0,0
0,0,1,0.138682,0.082257,-0.663156,-0.158788,0,0
0,1,0,1.671462,1.45609,3.525188,-0.136135,1,0
0,0,1,-0.169271,0.154682,0.120812,0.041966,0,0
0,0,1,0.611552,-0.486159,2.792641,1.109741,1,0
0,0,1,5.335086,4.123387,3.686834,-1.879852,4,1
0,1,0,3.639634,3.067689,4.653202,4.297367,4,1
1,0,0,0.433247,0.648583,0.255087,0.377273,0,0
0,0,1,1.650754,2.799283,4.086268,2.024304,3,1
0,0,1,0.707727,-0.320137,-0.01535,0.059662,0,0
1,0,0,5.379053,6.782158,9.033032,-0.702538,3,1
1,0,0,0.588649,0.755166,1.972327,0.118161,0,0
0,1,0,0.251099,0.610009,0.799762,-0.04332,0,0
0,0,1,3.908457,3.146763,2.486201,3.568692,3,1
0,0,1,4.343608,0.199193,1.865731,-0.691076,1,0
0,0,1,1.167642,0.564825,2.326083,-0.006058,0,0
0,0,1,3.341066,1.109214,2.054587,-0.397161,1,0
1,0,0,3.499563,0.788337,4.298741,2.643225,3,1
0,0,1,0.946996,2.330374,1.733075,-2.315451,1,0
1,0,0,4.925155,1.386728,3.814361,-0.715352,2,1
0,1,0,1.517492,0.506258,0.627244,-0.035167,0,0
0,1,0,1.790763,-0.378334,1.594415,0.262321,0,0
1,0,0,0.196104,1.101122,0.307485,0.004945,0,0
0,1,0,0.536986,-0.041626,1.493587,-0.137047,0,0
0,1,0,0.974713,0.112218,-0.489282,-0.080355,0,0
0,0,1,2.066592,2.842435,1.830694,-2.506813,2,1
0,0,1,0.288128,-0.044444,-0.374622,-0.00132,0,0
0,1,0,0.639382,0.795989,4.421334,0.527906,1,0
1,0,0,2.300204,4.40569,0.91222,0.337375,1,1
1,0,0,-0.055858,0.878062,2.690531,0.008915,1,0
0,1,0,4.479579,6.230122,3.587848,-2.609614,4,1
0,1,0,-0.277593,-0.311436,-0.300814,-0.158629,0,0
0,1,0,0.369389,0.222726,-0.029572,0.135524,0,0
1,0,0,6.033714,0.334781,2.576884,-0.421898,2,1
0,0,1,1.686204,1.097802,1.443456,0.203018,0,0
1,0,0,3.304219,2.845073,4.271951,1.354759,3,1
0,1,0,0.301039,-0.184232,0.358554,0.236724,0,0
0,0,1,-0.029108,-0.232914,0.563258,-0.034779,0,0
0,0,1,0.073219,-0.205311,0.224112,-0.042725,0,0
0,0,1,0.16079,0.138991,0.816527,0.072529,0,0
0,1,0,2.553552,3.845654,1.80265,0.852545,2,1
0,1,0,1.329892,3.100885,1.465869,-2.985377,2,1
1,0,0,2.284766,0.479713,1.614292,0.505475,0,0
0,1,0,2.362595,1.857608,4.032945,0.266576,1,0
0,1,0,1.229657,3.495805,3.013478,-2.454757,3,1
1,0,0,-0.677391,0.693083,0.098342,0.166337,0,0
0,0,1,2.80811,0.687057,1.37029,-0.359535,1,0
1,0,0,4.83528,5.837728,6.551141,-1.460959,3,1
1,0,0,2.954348,4.76443,4.533209,-2.067369,4,1
0,0,1,0.916223,-0.263289,-0.477786,0.103914,0,0
0,1,0,5.692385,4.788086,7.810876,-2.071656,4,1
0,0,1,3.72632,1.203202,1.142356,-0.419536,1,0
0,0,1,4.301266,3.271745,3.148986,2.812331,4,1
1,0,0,1.550483,0.218187,1.260369,0.365572,0,0
1,0,0,-0.091236,0.494286,0.026165,0.145871,0,0
0,0,1,2.445327,1.78278,7.633124,1.077989,1,0
0,1,0,-0.788554,0.626531,-0.375598,-0.212882,0,0
1,0,0,0.636827,0.217146,-0.173688,-0.019482,0,0
0,0,1,1.372203,4.894379,1.927398,-3.467105,2,1
1,0,0,0.780586,3.532609,3.298691,-1.655479,3,1
1,0,0,7.037189,6.030388,4.907425,-0.980978,3,1
1,0,0,0.060983,0.12161,0.018598,0.002758,0,0
1,0,0,4.496676,2.789782,3.613661,2.221117,4,1
0,0,1,1.680933,-0.246883,0.060226,0.255921,0,0
0,0,1,-0.125288,0.616544,0.701583,0.178404,0,0
0,0,1,1.925564,0.428382,5.668586,0.501896,1,0
1,0,0,-0.461239,0.440959,0.358998,0.31775,0,0
0,0,1,3.755531,5.35534,2.488219,-1.440974,2,1
0,1,0,5.994841,5.214794,6.054549,-1.713366,4,1
0,1,0,6.712389,4.992706,6.294456,-2.131736,4,1
0,1,0,2.251767,2.167628,1.57486,-2.522115,1,1
0,1,0,6.569631,6.329503,4.400773,-2.909978,4,1
1,0,0,0.65758,0.619554,-0.456239,0.141096,0,0
0,0,1,0.638701,0.215488,-0.176601,0.023097,0,0
0,0,1,0.837513,-0.246749,0.00683,-0.195692,0,0
1,0,0,2.436299,3.371644,2.913749,3.853307,3,1
0,0,1,3.313503,6.729813,3.148716,-0.766379,3,1
0,1,0,2.283784,2.929669,6.103762,1.365041,2,1
0,1,0,0.099238,-0.015016,-0.664968,-0.093773,0,0
0,0,1,0.037398,-0.284524,0.307778,-0.272617,0,0
0,1,0,3.673915,2.176979,2.125017,3.415512,2,1
0,1,0,3.917161,0.246064,4.148433,-1.076245,2,1
1,0,0,5.91081,4.795189,5.993155,-1.994624,4,1
1,0,0,0.480931,0.74682,0.575968,-0.293837,0,0
0,0,1,0.2329,0.958736,3.511088,0.496875,1,0
0,1,0,2.557525,3.583859,4.231188,1.344414,3,1
1,0,0,0.08677,-0.28899,0.475491,0.006166,0,0
0,1,0,2.375048,0.85683,1.766743,0.15997,0,0
0,0,1,0.447497,0.663797,0.093965,-0.052136,0,0
0,1,0,3.64847,4.92046,5.44959,-3.079406,4,1
0,1,0,-0.692764,0.355482,0.23725,-0.425445,0,0
0,1,0,1.904086,3.697566,2.551571,-3.240129,3,1
1,0,0,0.069007,-0.10903,0.851932,-0.230296,0,0
0,0,1,-0.135177,0.555344,-0.012864,-0.129367,0,0
1,0,0,-0.229576,1.126642,2.50401,-0.414182,1,0
0,1,0,1.074207,3.35166,3.011785,-2.949173,3,1
1,0,0,1.337792,0.814563,1.919027,0.264364,0,0
0,1,0,5.044898,1.546458,3.090736,0.919456,2,1
0,0,1,0.50787,0.126754,0.041801,0.108109,0,0
0,0,1,0.023761,0.277087,0.313269,0.152238,0,0
0,0,1,2.828946,1.087604,8.171333,-0.173255,2,1
0,1,0,0.935793,-0.033002,-0.048051,-0.171788,0,0
0,0,1,0.723183,0.34563,1.800793,-0.215705,0,0
1,0,0,6.522541,5.549493,5.58258,-1.348041,3,1
0,0,1,0.256394,0.48691,0.217408,-0.092443,0,0
0,0,1,4.285403,6.234077,5.072138,-2.236792,4,1
0,1,0,-0.408408,0.457232,0.861617,0.014508,0,0
0,1,0,3.945818,2.89413,4.631927,0.011079,3,1
0,0,1,3.796462,2.47372,3.077856,0.287576,2,1
0,1,0,1.897348,1.723891,1.048343,0.811409,0,0
1,0,0,4.337355,3.430425,4.842486,1.191509,3,1
0,1,0,6.065105,6.86986,3.652175,-0.365602,3,1
0,1,0,-0.000883,-0.146246,0.322743,0.294075,0,0
1,0,0,-0.197674,0.112129,0.014882,0.182191,0,0
0,1,0,-0.108819,0.26344,-0.068126,-0.020526,0,0
0,1,0,0.871359,0.801968,0.60824,0.138699,0,0
0,0,1,0.29095,0.226841,0.671914,0.200088,0,0
0,0,1,0.908887,0.217152,-0.555513,-0.127381,0,0
0,1,0,0.176207,-0.111506,0.196333,0.106071,0,0
0,1,0,5.418027,0.391463,2.783154,0.046227,2,1
1,0,0,1.014923,1.646169,1.72104,0.169427,0,0
0,1,0,-0.310747,0.091517,0.029463,0.02771,0,0
0,0,1,5.945696,2.088635,7.102809,-1.094624,2,1
0,0,1,0.799212,-0.013266,-0.252972,-0.027961,0,0
1,0,0,5.191223,5.617152,4.069891,-1.852981,4,1
0,1,0,3.353232,3.207483,3.806735,-1.311255,3,1
0,0,1,1.112482,2.622682,2.956874,1.018004,2,1
1,0,0,6.431261,2.758432,2.167742,-1.277637,2,1
0,0,1,-0.414143,-0.066343,0.974047,-0.093336,0,0
1,0,0,1.157824,-0.208804,-0.175527,-0.09922,0,0
0,1,0,-0.306402,-0.148409,0.740365,0.243715,0,0
1,0,0,0.310539,0.634983,0.975029,0.178785,0,0
0,0,1,-0.132183,0.549165,-0.377455,-0.327827,0,0
0,1,0,4.507741,0.478827,1.336551,-0.004151,1,0
0,0,1,1.113834,0.889414,7.641347,0.238976,1,0
1,0,0,-0.001536,0.174599,0.290758,0.071548,0,0
1,0,0,0.289937,0.133048,0.567875,0.071937,0,0
0,1,0,-0.661356,0.076634,1.313178,-0.243015,0,0
0,1,0,-0.217826,0.084127,0.08847,0.004074,0,0
0,0,1,1.417972,0.738613,2.358654,0.298289,0,0
0,0,1,4.632038,6.872243,8.251785,-1.037503,3,1
1,0,0,1.230253,3.478,4.030398,-2.411865,3,1
0,1,0,0.039094,0.551418,-0.71785,-0.349342,0,0
1,0,0,4.523014,-0.375813,1.288165,-0.253485,1,0
0,0,1,2.961656,2.563585,2.508729,4.575082,4,1
0,0,1,-0.02756,1.031997,-0.516717,-0.271723,0,0
1,0,0,-0.749185,0.759856,0.684742,-0.023572,0,0
0,1,0,-0.22099,-0.060131,0.009146,-0.252841,0,0
0,0,1,2.742402,0.919692,2.450358,-0.060107,1,0
1,0,0,0.338961,-0.035574,0.094852,-0.039974,0,0
0,0,1,6.185632,4.616248,4.162605,-0.437072,3,1
0,0,1,3.951834,-0.097107,2.191902,0.29235,1,0
1,0,0,0.108218,0.147644,-0.227759,-0.095623,0,0
0,1,0,0.938727,0.160921,-0.119434,0.017243,0,0
1,0,0,0.229452,0.49732,0.250011,-0.199294,0,0
0,0,1,0.309361,-0.233873,-0.084705,-0.044837,0,0
0,1,0,0.403712,-0.606584,0.196551,-0.102877,0,0
0,0,1,2.544756,2.843748,2.316267,0.767293,2,1
0,0,1,0.048329,1.6917,0.684027,1.135633,0,0
0,1,0,5.698957,0.641789,3.104231,-0.011975,2,1
0,1,0,0.076314,-0.55041,0.14241,-0.343641,0,0
0,1,0,-0.707804,-0.646713,-0.137965,0.180667,0,0
1,0,0,1.069788,0.079864,0.660996,-0.283885,0,0
1,0,0,-0.224319,0.690104,1.072745,0.012286,0,0
1,0,0,0.287873,1.127192,-0.156165,0.188865,0,0
0,1,0,2.572783,1.730826,1.124474,-1.208026,1,0
1,0,0,2.146753,0.34222,1.349791,-0.338702,0,0
0,0,1,3.409655,3.121748,3.612001,0.608338,3,1
0,1,0,-0.048254,0.298718,-0.33022,0.074531,0,0
1,0,0,4.104742,3.145858,2.28625,1.487369,2,1
0,1,0,2.348636,-0.265307,3.88853,-0.54076,1,0
0,0,1,2.992198,3.069388,2.235794,3.398635,3,1
1,0,0,0.850045,0.494812,0.233945,0.061813,0,0
1,0,0,-0.180281,0.427789,-0.046496,-0.278357,0,0
1,0,0,0.532895,0.462038,-0.0729,0.092356,0,0
1,0,0,-0.017383,-0.218775,0.501196,-0.084549,0,0
1,0,0,2.85689,2.960324,3.489852,-2.822658,4,1
0,1,0,3.553879,2.662718,4.432782,1.973618,4,1
0,0,1,-0.97807,-0.147444,0.226658,-0.108812,0,0
0,0,1,-0.092665,-0.639907,-1.02726,-0.147002,0,0
0,0,1,4.899312,0.127788,5.295956,0.095539,2,1
0,0,1,5.366099,8.473877,7.844807,-1.810724,4,1
0,1,0,1.899857,0.434139,1.157398,-0.526699,0,0
1,0,0,-0.010486,-0.251866,-0.161323,-0.238776,0,0
1,0,0,0.42291,0.680784,-0.041127,-0.293587,0,0
0,0,1,2.418278,0.489507,0.699372,-0.301022,0,0
1,0,0,0.624014,-0.021885,0.163915,0.021688,0,0
1,0,0,0.389139,0.71001,1.693022,-0.425457,0,0
0,1,0,0.325635,-0.049859,-0.002261,0.059963,0,0
0,0,1,2.460671,0.208326,2.99004,1.042768,1,0
0,1,0,3.978993,0.885312,2.480859,-0.096587,1,0
0,1,0,6.517243,4.030409,4.884355,-1.483835,3,1
0,0,1,1.695746,3.456771,4.004497,-0.663204,2,1
1,0,0,2.510416,5.672703,5.634005,-1.327808,3,1
1,0,0,3.481749,2.915194,2.837673,4.823806,4,1
0,1,0,1.142138,2.286772,3.518367,-4.368325,2,1
1,0,0,2.295757,4.996371,5.028606,-1.616279,3,1
0,0,1,0.63114,-0.016666,0.148928,-0.142155,0,0
1,0,0,0.481513,0.19927,0.419104,-0.174497,0,0
0,0,1,1.576738,0.799949,0.041304,-0.081584,0,0
0,1,0,3.888283,2.719649,1.753182,1.213629,2,1
1,0,0,3.401012,2.221547,3.634679,4.725558,3,1
1,0,0,1.253154,0.627656,1.652239,0.424855,0,0
0,0,1,0.151519,-0.460347,-0.385412,-0.161096,0,0
1,0,0,1.182027,0.629055,0.495659,0.10718,0,0
1,0,0,0.422533,1.258705,2.794365,-0.000173,1,0
1,0,0,-0.578629,-0.023001,0.993955,0.008692,0,0
0,0,1,1.488797,2.186975,3.637476,0.939684,1,0
0,1,0,2.08417,3.246011,3.27595,2.813675,3,1
0,1,0,-0.45324,0.314586,-0.063203,-0.291873,0,0
1,0,0,0.055655,-0.280397,0.481345,0.087531,0,0
1,0,0,-0.069859,0.147707,-0.212276,-0.209479,0,0
1,0,0,4.759471,4.690884,3.803769,-1.569603,4,1
1,0,0,2.205657,1.672077,4.459947,0.576772,1,0
1,0,0,-0.292382,0.951458,-0.169011,0.259855,0,0
0,0,1,4.44312,2.416129,7.217893,-0.118357,2,1
0,0,1,4.041976,-0.013212,3.078002,-0.477185,2,1
0,0,1,2.174758,0.901047,2.381357,0.216819,0,0
1,0,0,-0.028147,-0.248793,0.179282,-0.1895,0,0
1,0,0,0.897887,2.455935,2.630436,-2.290661,2,1
0,1,0,3.46264,3.69169,3.233858,5.005421,4,1
1,0,0,0.358911,0.542913,0.072811,0.168415,0,0
1,0,0,-0.485952,0.597637,-0.142091,0.132184,0,0
0,0,1,0.114824,-0.178093,0.278668,0.041136,0,0
0,1,0,1.431016,1.788876,2.351424,0.56324,0,0
0,1,0,-0.249316,0.624878,0.690512,0.06573,0,0
0,1,0,0.636658,0.177462,0.338619,-0.171588,0,0
0,0,1,0.539795,1.038774,2.238575,0.257677,0,0
0,0,1,1.036713,-0.409183,2.030126,0.184339,0,0
0,0,1,-0.042815,2.112386,2.064124,-2.36607,1,0
0,0,1,3.628844,3.581063,2.828426,1.068778,3,1
0,0,1,0.594137,4.721233,3.076184,-2.583854,3,1
0,0,1,0.732852,0.760927,-0.04068,0.13415,0,0
1,0,0,4.77832,0.104539,1.648027,0.211334,1,0
1,0,0,0.510806,0.168793,0.335397,0.079272,0,0
1,0,0,2.459408,0.340564,2.559098,0.003279,1,0
0,1,0,3.774114,0.2578,1.648393,-0.224893,1,0
1,0,0,4.591703,7.074784,7.742976,-1.433418,3,1
0,0,1,1.152578,0.996585,2.970818,-0.001633,1,0
0,0,1,3.734817,4.696676,4.983213,0.132943,3,1
0,1,0,3.165718,-0.044531,3.226714,0.369434,2,1
0,0,1,0.091607,0.070947,-0.249676,0.075624,0,0
0,0,1,0.569235,0.150038,0.016476,0.293132,0,0
0,1,0,4.70114,0.463293,1.760096,-0.402466,1,0
1,0,0,0.332398,0.02254,-0.950768,-0.301769,0,0
0,1,0,3.892563,2.519937,5.022735,-0.525772,3,1
1,0,0,0.265347,-0.156702,0.747208,-0.055179,0,0
0,1,0,0.984281,1.976398,2.085371,-2.547236,1,1
0,0,1,1.097101,-0.169324,-0.374877,0.088588,0,0
0,0,1,-0.47247,0.139634,-0.392535,0.001276,0,0
1,0,0,5.354057,2.968317,7.103201,-2.056896,4,1
0,1,0,-0.26295,-0.161708,-0.028134,-0.221872,0,0
1,0,0,-0.343064,-0.004345,-0.246658,0.114734,0,0
0,1,0,0.43299,0.1761,-0.177031,-0.51728,0,0
1,0,0,1.074456,2.149613,2.813293,0.211781,1,0
1,0,0,2.700535,1.453929,4.508871,-1.203861,2,1
0,0,1,2.251848,5.892765,3.149059,-0.99832,2,1
0,0,1,1.429471,0.697016,1.522403,0.409584,0,0
0,0,1,5.002707,5.130938,5.436865,-1.253653,3,1
0,0,1,1.424561,2.038163,0.160074,-3.484374,1,1
0,1,0,1.284513,2.570086,4.971598,0.366269,2,1
1,0,0,1.836145,2.949934,1.259602,-2.692178,2,1
0,1,0,4.922986,3.671228,2.768413,1.972984,4,1
0,1,0,2.662072,1.148093,4.572274,-0.489998,2,1
1,0,0,-0.968159,0.671805,-0.246591,-0.265124,0,0
1,0,0,3.021397,0.930483,7.693375,0.120643,2,1
0,1,0,3.559746,0.318739,1.181437,-0.457245,1,0
0,0,1,1.366203,-0.102703,-0.276723,0.656882,0,0
0,0,1,1.295857,0.042204,-0.156197,0.563841,0,0
1,0,0,4.576064,1.035054,3.206941,-0.282719,2,1
0,0,1,6.322935,3.871264,7.629094,-0.56496,3,1
1,0,0,8.052294,4.065548,1.394576,-1.226657,2,1
1,0,0,0.018553,0.138053,-0.43529,0.012311,0,0
0,1,0,4.154836,4.334853,5.622435,-1.831864,4,1
0,1,0,2.17265,2.649465,4.320658,0.780853,2,1
0,1,0,0.931376,0.138448,-0.732716,-0.13685,0,0
0,0,1,4.664913,1.725702,5.217555,-0.857515,2,1
0,1,0,6.915284,7.172528,2.750686,-2.801135,4,1
1,0,0,-0.23952,-0.083491,0.230815,-0.252484,0,0
1,0,0,0.694051,0.25182,1.006012,0.098081,0,0
0,1,0,3.034515,2.01607,2.932605,1.235102,2,1
0,0,1,-0.764822,-0.094384,-0.25918,-0.17322,0,0
