is_auth,is_order,is_payment,z_latency,z_errors,z_warns,traffic_delta,anomaly_count,label
1,0,0,2.405,12.865,9.783,0.092,2,1
0,1,0,-0.089,0.186,-0.462,-0.074,0,0
0,0,1,-1.435,-0.013,0.358,-0.037,0,0
0,1,0,9.642,0.267,5.271,0.014,2,1
0,0,1,6.274,0.04,6.898,5.344,3,1
0,0,1,-0.258,-0.347,0.597,0.051,0,0
0,0,1,-0.651,-0.168,0.288,-0.061,0,0
0,0,1,6.832,-0.296,7.128,5.372,3,1
0,1,0,-0.721,-0.347,-0.227,-0.073,0,0
0,1,0,12.074,0.236,4.507,-0.006,2,1
1,0,0,0.57,-0.081,-0.684,0.008,0,0
0,0,1,-0.835,0.042,0.203,0.064,0,0
1,0,0,0.579,-0.03,0.487,0.029,0,0
0,0,1,1.646,53.947,19.13,-0.079,2,1
0,1,0,0.166,-0.014,0.314,0.018,0,0
0,1,0,5.638,0.7,7.723,3.625,3,1
1,0,0,-0.7,-0.094,-0.292,0.085,0,0
0,1,0,0.602,0.105,0.228,0.053,0,0
0,1,0,2.668,16.216,18.824,0.045,3,1
0,0,1,2.178,0.246,-0.003,-0.099,0,0
0,1,0,0.745,0.285,-0.445,-0.035,0,0
0,1,0,0.337,-0.192,0.323,0.054,0,0
0,1,0,8.86,-0.062,4.59,0.011,2,1
0,0,1,0.536,0.329,-0.085,-0.143,0,0
1,0,0,6.794,-0.39,6.817,-0.276,2,1
0,0,1,0.153,0.744,-0.4,0.109,0,0
0,1,0,-1.244,0.341,0.209,0.009,0,0
0,1,0,0.439,0.068,0.26,-0.038,0,0
1,0,0,9.839,-0.006,3.771,-0.075,2,1
1,0,0,4.416,0.204,8.193,3.555,3,1
0,0,1,1.161,0.503,0.511,0.032,0,0
1,0,0,1.241,0.824,0.54,0.045,0,0
0,1,0,0.282,0.13,0.043,-0.06,0,0
0,0,1,3.803,-0.101,4.657,3.563,3,1
0,0,1,6.786,0.495,2.881,0.012,2,1
0,0,1,-0.924,-0.353,0.079,-0.078,0,0
1,0,0,-0.458,-0.356,-0.8,0.03,0,0
0,0,1,-0.884,0.1,-0.243,0.119,0,0
0,0,1,0.268,0.309,0.227,-0.059,0,0
0,0,1,-1.519,0.082,-0.074,-0.028,0,0
1,0,0,1.876,12.53,11.936,-0.002,2,1
1,0,0,1.299,0.396,-0.489,-0.139,0,0
0,1,0,1.786,-0.277,0.591,2.717,1,0
0,0,1,-0.848,0.172,0.241,0.096,0,0
0,0,1,10.016,-0.184,5.404,5.828,3,1
1,0,0,1.315,-0.254,-0.393,-0.115,0,0
0,0,1,0.031,0.021,-0.022,0.148,0,0
0,0,1,-1.448,0.192,0.31,0.026,0,0
0,1,0,-0.862,0.029,0.148,0.014,0,0
0,0,1,5.039,1.227,17.025,-0.156,2,1
1,0,0,0.193,0.207,-0.194,0.058,0,0
0,0,1,3.682,1.464,16.289,0.077,2,1
1,0,0,0.4,0.694,-0.8,0.055,0,0
1,0,0,1.485,0.227,0.403,0.105,0,0
0,1,0,2.696,13.336,15.77,0.045,3,1
0,1,0,-0.157,-0.173,-0.162,0.065,0,0
0,1,0,-0.293,0.089,0.036,-0.061,0,0
1,0,0,-0.046,0.176,-0.133,-0.055,0,0
0,1,0,1.567,-0.32,-0.002,-0.062,0,0
0,1,0,0.12,0.325,0.226,-0.008,0,0
0,0,1,-0.41,0.058,0.717,0.08,0,0
0,0,1,-0.243,-0.667,-0.4,0.007,0,0
0,1,0,-1.541,-0.327,-0.082,0.005,0,0
1,0,0,-0.713,0.013,0.017,-0.03,0,0
0,0,1,0.09,-0.012,0.175,0.107,0,0
0,1,0,0.138,0.252,-0.546,0.11,0,0
0,1,0,0.113,-0.277,-0.463,0.035,0,0
1,0,0,0.503,-0.127,0.367,-0.073,0,0
0,0,1,0.058,-0.527,-0.021,-0.021,0,0
0,0,1,5.424,1.525,11.493,-0.051,2,1
0,1,0,0.574,-0.185,-0.759,0.254,0,0
0,0,1,1.231,0.384,0.628,-0.102,0,0
1,0,0,2.763,32.274,16.851,0.016,3,1
0,0,1,0.871,0.309,0.366,0.147,0,0
1,0,0,5.717,1.073,14.112,-0.064,2,1
1,0,0,8.355,0.286,5.41,4.209,3,1
0,0,1,0.656,0.389,-0.176,-0.018,0,0
0,1,0,-0.73,-0.101,0.503,0.004,0,0
0,0,1,2.115,0.004,-0.192,-0.048,0,0
0,1,0,-1.657,-0.577,0.764,-0.03,0,0
1,0,0,2.863,1.003,13.546,-0.057,2,1
0,0,1,0.007,-0.179,-0.008,-0.046,0,0
0,1,0,1.877,-0.308,0.136,-0.039,0,0
0,1,0,0.617,0.596,0.239,-0.122,0,0
0,0,1,-0.58,0.377,0.202,0.091,0,0
0,0,1,1.82,-0.261,0.03,-0.025,0,0
0,1,0,3.949,1.413,13.815,-0.031,2,1
0,1,0,0.468,-0.12,0.212,0.011,0,0
0,1,0,2.376,16.723,15.47,0.042,2,1
1,0,0,0.319,-0.188,-0.069,0.082,0,0
0,0,1,7.253,0.133,4.369,0.037,2,1
0,0,1,1.391,0.385,0.513,0.055,0,0
0,0,1,0.684,0.616,0.943,-0.03,0,0
0,0,1,0.023,-0.548,-0.031,0.133,0,0
0,0,1,0.208,-0.161,0.77,2.329,1,0
1,0,0,-0.506,0.051,0.106,0.032,0,0
1,0,0,10.326,-0.182,4.264,0.099,2,1
0,1,0,-0.751,0.006,0.955,2.108,1,0
0,0,1,0.45,-0.102,0.272,0.145,0,0
0,0,1,-0.324,-0.1,-0.4,0.031,0,0
0,0,1,-0.132,-0.145,-0.4,0.218,0,0
0,1,0,2.008,0.619,13.837,-0.021,1,1
0,1,0,-1.366,0.145,0.654,0.036,0,0
0,0,1,-1.665,0.694,-0.132,-0.052,0,0
0,1,0,0.693,0.207,0.487,0.05,0,0
0,0,1,1.113,-0.283,-0.4,-0.023,0,0
0,1,0,2.938,5.745,13.929,0.046,3,1
0,0,1,5.275,29.765,8.388,0.015,3,1
0,0,1,-1.463,-0.514,0.206,0.003,0,0
1,0,0,0.181,-0.281,-0.235,-0.059,0,0
0,1,0,-0.138,0.142,-0.047,-0.026,0,0
0,0,1,4.352,-0.288,10.336,-0.183,2,1
1,0,0,4.03,-0.495,11.811,-0.338,2,1
1,0,0,9.844,-0.147,5.83,0.102,2,1
0,0,1,9.001,0.323,5.336,-0.048,2,1
0,0,1,-0.49,-0.362,-0.165,0.068,0,0
0,0,1,-0.659,0.141,-0.4,0.082,0,0
0,0,1,0.759,-0.242,0.1,-0.129,0,0
0,0,1,0.432,0.082,0.121,-0.023,0,0
1,0,0,-1.866,0.015,-0.369,0.088,0,0
0,0,1,2.841,1.238,17.227,-0.046,2,1
0,1,0,-1.19,-0.26,0.263,0.083,0,0
1,0,0,-1.031,-0.257,0.24,-0.099,0,0
0,0,1,5.591,-0.021,8.619,2.815,3,1
1,0,0,1.031,-0.256,-0.253,0.045,0,0
1,0,0,-0.912,0.256,-0.603,0.087,0,0
1,0,0,-1.512,-0.276,0.511,-0.037,0,0
0,0,1,-1.846,-0.375,-0.4,0.074,0,0
0,0,1,7.117,-0.107,7.504,-0.273,2,1
0,1,0,6.834,-0.667,5.453,4.624,3,1
0,0,1,-0.155,0.128,0.192,0.02,0,0
0,0,1,7.502,0.202,6.721,-0.058,2,1
0,1,0,1.379,0.099,0.289,-0.061,0,0
1,0,0,-0.367,-0.279,0.385,-0.064,0,0
0,1,0,4.737,0.118,6.206,-0.243,2,1
0,0,1,3.924,-0.059,7.893,5.391,3,1
1,0,0,1.165,0.479,-0.505,-0.081,0,0
0,1,0,8.717,-0.081,6.796,4.847,3,1
0,1,0,1.099,0.359,-0.261,-0.052,0,0
0,1,0,0.652,-0.369,0.24,-0.071,0,0
0,0,1,2.947,1.408,12.458,-0.043,2,1
0,1,0,0.404,0.283,0.44,-0.124,0,0
0,1,0,7.438,-0.355,5.921,0.074,2,1
0,1,0,6.411,0.01,9.774,-0.209,2,1
1,0,0,-2.002,0.086,1.085,-0.02,0,0
1,0,0,1.951,0.051,0.428,-0.116,0,0
0,1,0,-0.603,-0.177,-0.508,-0.033,0,0
1,0,0,6.448,0.024,8.452,-0.119,2,1
0,1,0,1.183,0.006,1.345,3.259,1,0
0,0,1,5.537,0.221,6.89,5.332,3,1
0,1,0,7.031,0.091,3.163,0.111,2,1
1,0,0,5.507,-0.067,3.571,0.141,2,1
0,0,1,0.92,-0.667,-0.4,0.126,0,0
0,0,1,-1.419,0.333,-0.145,0.001,0,0
0,1,0,4.838,1.306,14.955,0.078,2,1
0,1,0,0.935,-0.264,0.499,0.007,0,0
0,1,0,-1.389,-0.246,-0.49,-0.095,0,0
0,0,1,7.428,0.09,4.521,-0.036,2,1
1,0,0,0.258,-0.21,0.032,0.079,0,0
0,1,0,0.269,0.164,-0.04,-0.121,0,0
1,0,0,-1.897,0.562,-0.327,-0.013,0,0
0,1,0,2.349,0.885,18.715,-0.021,1,1
0,0,1,2.379,-0.074,-0.4,0.007,0,0
0,1,0,4.08,1.564,14.843,-0.045,2,1
0,0,1,-0.534,0.177,0.267,0.088,0,0
0,0,1,0.874,0.071,0.258,0.158,0,0
0,0,1,-1.119,0.284,-0.4,0.005,0,0
0,0,1,-0.727,-0.015,0.46,-0.014,0,0
0,1,0,0.005,0.165,0.22,-0.039,0,0
0,1,0,-0.83,-0.264,0.958,3.022,1,0
1,0,0,5.886,0.041,4.956,5.847,3,1
1,0,0,0.857,-0.234,-0.062,-0.029,0,0
0,1,0,1.256,0.192,1.031,-0.005,0,0
0,0,1,3.987,-0.078,11.581,-0.206,2,1
0,0,1,11.942,0.094,3.761,-0.001,2,1
0,0,1,3.583,46.328,16.638,0.159,3,1
1,0,0,7.405,-0.073,6.673,-0.165,2,1
0,0,1,-1.002,0.071,0.047,-0.089,0,0
1,0,0,1.225,0.14,0.2,-0.037,0,0
1,0,0,1.867,1.161,14.653,0.053,1,1
1,0,0,7.945,-0.019,6.228,3.36,3,1
1,0,0,1.098,0.159,0.383,0.01,0,0
0,1,0,10.411,0.241,5.534,0.151,2,1
1,0,0,0.616,0.013,-0.021,0.023,0,0
0,0,1,6.929,-0.365,5.184,0.032,2,1
0,1,0,-0.346,0.277,0.022,-0.135,0,0
0,0,1,10.251,0.169,3.431,-0.126,2,1
0,1,0,-0.2,0.333,-0.211,0.049,0,0
0,0,1,-0.205,-0.016,1.344,2.595,1,0
0,1,0,-0.48,-0.406,0.038,-0.036,0,0
0,1,0,0.242,-0.112,0.235,0.036,0,0
1,0,0,0.929,-0.009,-0.192,-0.023,0,0
1,0,0,0.538,0.197,0.515,0.032,0,0
1,0,0,-0.378,-0.242,0.016,0.056,0,0
1,0,0,4.517,1.607,13.037,-0.015,2,1
0,1,0,-0.379,0.108,0.575,-0.186,0,0
0,1,0,0.375,-0.217,0.511,0.082,0,0
1,0,0,0.003,0.327,0.094,0.205,0,0
1,0,0,5.395,1.394,16.431,0.209,2,1
0,1,0,-0.792,-0.132,-0.284,0.012,0,0
0,1,0,2.098,-0.335,-0.453,0.063,0,0
0,0,1,0.402,0.009,-0.264,0.108,0,0
0,0,1,1.277,-0.183,1.419,2.179,1,0
0,1,0,0.432,0.185,0.139,-0.074,0,0
0,1,0,0.579,0.301,0.57,-0.074,0,0
1,0,0,0.962,-0.196,0.402,0.129,0,0
0,0,1,5.459,1.089,16.858,0.023,2,1
0,0,1,-1.027,-0.003,-0.224,-0.04,0,0
0,0,1,0.506,-0.593,-0.4,-0.109,0,0
1,0,0,2.451,2.097,14.486,-0.075,2,1
1,0,0,-0.525,-0.063,-0.628,-0.042,0,0
1,0,0,0.655,-0.014,0.028,0.063,0,0
1,0,0,5.655,0.03,3.568,0.094,2,1
0,0,1,-1.498,0.047,-0.372,0.032,0,0
1,0,0,0.25,-0.4,0.572,-0.071,0,0
0,1,0,6.374,0.288,7.464,5.881,3,1
0,1,0,1.997,-0.036,0.246,2.611,1,0
0,1,0,0.52,-0.084,0.185,-0.037,0,0
1,0,0,-0.685,0.271,-0.633,-0.012,0,0
0,1,0,3.037,1.217,10.851,-0.078,2,1
1,0,0,0.236,-0.073,1.965,2.379,1,0
0,0,1,2.73,22.378,16.471,-0.041,3,1
0,1,0,-0.986,0.362,-0.46,0.085,0,0
0,1,0,1.87,13.626,8.945,0.044,2,1
0,0,1,-1.735,-0.055,0.386,0.077,0,0
0,1,0,1.76,-0.048,0.683,0.1,0,0
0,1,0,6.456,-0.266,4.608,3.017,3,1
0,0,1,-0.051,0.02,0.058,-0.026,0,0
0,1,0,0.36,-0.184,0.163,0.022,0,0
0,0,1,5.465,-0.058,4.402,3.072,3,1
0,0,1,-1.233,0.105,-0.4,-0.063,0,0
0,1,0,11.605,0.13,5.262,0.004,2,1
1,0,0,1.336,-0.169,-0.269,-0.02,0,0
0,1,0,-0.179,-0.137,-0.054,-0.199,0,0
0,0,1,0.851,-0.208,0.546,0.092,0,0
1,0,0,-0.178,0.047,0.707,-0.071,0,0
0,1,0,0.447,0.458,0.594,-0.06,0,0
1,0,0,2.153,21.693,13.205,-0.093,2,1
0,1,0,-0.941,0.432,0.76,0.069,0,0
0,1,0,-0.298,0.362,0.04,-0.114,0,0
1,0,0,0.94,0.03,0.961,-0.069,0,0
0,0,1,4.239,1.032,14.995,-0.066,2,1
1,0,0,-0.15,0.099,0.066,0.033,0,0
0,0,1,-0.205,-0.241,0.027,-0.181,0,0
1,0,0,0.104,0.217,-0.386,0.063,0,0
0,0,1,4.907,0.874,10.683,-0.075,2,1
0,0,1,1.312,-0.219,-0.238,0.012,0,0
0,0,1,4.503,0.859,13.147,-0.032,2,1
0,0,1,1.168,-0.068,0.709,-0.047,0,0
0,0,1,1.931,-0.001,-0.304,-0.032,0,0
1,0,0,0.022,0.68,0.181,0.055,0,0
1,0,0,0.754,0.34,0.965,3.092,1,0
0,1,0,0.949,-0.087,-0.21,0.015,0,0
1,0,0,0.745,0.015,-0.8,0.076,0,0
0,0,1,4.215,-0.092,7.52,3.08,3,1
1,0,0,3.659,0.031,2.139,2.601,3,0
0,0,1,-1.238,0.297,-0.4,-0.036,0,0
0,1,0,0.814,-0.232,-0.766,0.023,0,0
0,0,1,-0.281,-0.046,0.316,-0.097,0,0
0,0,1,-1.942,-0.225,-0.133,0.049,0,0
0,0,1,0.826,-0.139,0.168,0.144,0,0
0,0,1,6.446,-0.149,7.154,4.451,3,1
0,1,0,-0.44,-0.176,-0.022,0.103,0,0
0,0,1,-0.17,0.051,0.349,-0.041,0,0
0,1,0,-1.229,0.068,0.055,-0.104,0,0
0,1,0,0.766,-0.122,-0.56,0.087,0,0
1,0,0,3.234,0.34,-0.651,-0.014,1,0
1,0,0,8.327,-0.026,3.214,4.492,3,1
0,0,1,0.147,-0.274,0.205,-0.055,0,0
0,0,1,0.203,0.117,1.126,-0.012,0,0
0,0,1,-0.389,-0.369,-0.224,-0.158,0,0
0,0,1,-0.898,0.097,0.296,-0.119,0,0
0,0,1,11.542,-0.041,6.196,-0.205,2,1
1,0,0,-0.649,0.073,0.384,0.097,0,0
0,1,0,-1.51,-0.171,0.06,0.069,0,0
0,1,0,4.916,13.746,17.182,-0.015,3,1
0,1,0,7.195,0.064,3.841,0.002,2,1
1,0,0,5.257,-0.161,3.676,-0.047,2,1
0,0,1,-1.372,-0.109,-0.186,0.044,0,0
0,0,1,-0.308,0.092,0.941,3.369,1,0
1,0,0,2.023,0.975,11.969,0.003,1,1
1,0,0,8.494,0.203,1.663,0.038,1,1
1,0,0,0.411,-0.112,1.393,2.81,1,0
0,0,1,3.468,59.204,8.698,0.093,3,1
0,0,1,1.646,-0.092,-0.4,0.048,0,0
1,0,0,-0.457,0.123,0.29,-0.04,0,0
0,0,1,1.531,37.065,17.068,0.054,2,1
1,0,0,1.218,0.081,0.383,0.029,0,0
0,0,1,-1.823,0.574,0.088,-0.029,0,0
0,0,1,0.013,0.215,-0.202,-0.119,0,0
0,0,1,5.846,-0.182,5.035,3.815,3,1
1,0,0,1.417,-0.01,-0.429,-0.071,0,0
1,0,0,0.084,-0.081,-0.452,0.031,0,0
0,1,0,-0.528,-0.03,0.339,0.119,0,0
1,0,0,5.744,0.194,7.82,-0.236,2,1
1,0,0,4.67,1.083,14.98,0.074,2,1
1,0,0,7.513,-0.222,5.094,4.302,3,1
0,1,0,11.038,0.005,1.581,0.008,1,1
1,0,0,4.107,1.552,10.734,0.057,2,1
0,0,1,0.644,0.013,0.957,-0.002,0,0
0,1,0,9.674,-0.149,3.385,-0.022,2,1
1,0,0,3.912,0.135,4.852,5.491,3,1
0,0,1,0.527,0.006,0.124,-0.016,0,0
0,1,0,0.664,-0.147,-0.083,0.084,0,0
0,1,0,1.38,-0.301,-0.108,0.031,0,0
0,0,1,0.111,-0.116,0.238,0.051,0,0
0,0,1,-0.828,0.115,0.085,0.044,0,0
1,0,0,1.144,-0.218,0.096,-0.025,0,0
0,0,1,-2.002,-0.317,0.06,-0.056,0,0
0,1,0,0.589,-0.077,0.28,0.078,0,0
0,1,0,-0.03,-0.074,-0.017,0.209,0,0
0,0,1,8.622,0.308,1.501,-0.056,1,1
0,1,0,-0.506,8.832,8.294,-0.099,2,1
1,0,0,0.522,0.031,-0.425,0.024,0,0
0,0,1,0.886,-0.199,0.089,-0.013,0,0
1,0,0,0.534,-0.118,0.449,-0.053,0,0
0,1,0,5.555,1.173,17.22,-0.075,2,1
1,0,0,6.702,1.617,11.558,0.075,2,1
1,0,0,1.707,30.318,12.48,-0.198,2,1
0,0,1,8.187,-0.518,7.133,3.268,3,1
0,0,1,3.279,49.303,12.423,0.058,3,1
0,0,1,11.815,0.379,5.712,0.032,2,1
1,0,0,0.313,0.199,-0.8,-0.09,0,0
0,1,0,-0.346,0.315,0.528,0.144,0,0
1,0,0,0.754,0.299,0.313,-0.083,0,0
0,0,1,0.669,-0.248,-0.329,-0.096,0,0
0,1,0,0.82,0.242,0.245,2.682,1,0
1,0,0,8.481,-0.141,6.045,5.919,3,1
1,0,0,3.782,1.399,15.135,-0.066,2,1
0,0,1,-0.167,0.112,-0.4,-0.002,0,0
1,0,0,2.215,15.814,10.764,-0.045,2,1
0,0,1,0.874,-0.143,-0.4,0.047,0,0
0,1,0,-0.571,-0.2,-0.253,0.037,0,0
1,0,0,-0.221,-0.044,0.633,0.128,0,0
0,1,0,-0.38,0.369,-0.402,-0.1,0,0
0,0,1,-2.115,-0.039,0.482,-0.07,0,0
0,0,1,0.224,0.416,-0.07,0.066,0,0
0,0,1,8.144,0.092,5.421,0.013,2,1
1,0,0,1.554,-0.259,0.012,0.126,0,0
0,0,1,-1.21,-0.202,0.666,-0.024,0,0
0,1,0,-0.591,0.088,-0.471,0.014,0,0
0,0,1,1.523,0.297,0.484,-0.021,0,0
1,0,0,-0.61,0.371,-0.307,0.088,0,0
0,1,0,0.299,0.232,-0.292,-0.129,0,0
0,0,1,2.559,1.793,12.151,0.179,2,1
0,1,0,-0.478,-0.379,-0.918,-0.013,0,0
0,0,1,5.398,0.36,5.453,5.587,3,1
1,0,0,5.438,1.418,16.653,0.047,2,1
0,1,0,-0.687,0.016,-0.587,-0.003,0,0
0,1,0,4.144,1.116,14.163,0.026,2,1
1,0,0,0.163,-0.061,0.397,0.017,0,0
1,0,0,1.642,0.149,-0.8,-0.09,0,0
0,1,0,7.934,-0.423,3.316,0.13,2,1
0,1,0,-0.306,-0.349,0.328,0.031,0,0
1,0,0,0.315,-0.129,0.203,-0.024,0,0
0,0,1,0.117,-0.089,1.243,3.049,1,0
0,0,1,-0.321,-0.069,0.62,-0.033,0,0
0,1,0,10.395,-0.002,6.527,0.097,2,1
0,1,0,0.722,0.387,-0.062,-0.033,0,0
1,0,0,1.48,0.015,-0.339,0.077,0,0
0,1,0,1.126,0.015,0.074,0.018,0,0
0,1,0,-0.399,-0.028,-0.22,0.066,0,0
0,0,1,1.011,-0.344,-0.035,-0.121,0,0
1,0,0,-0.885,0.109,0.453,0.054,0,0
0,1,0,-0.198,-0.063,0.05,-0.011,0,0
0,1,0,-3.315,0.427,-0.324,0.008,0,0
1,0,0,-2.195,0.692,0.102,0.069,0,0
0,0,1,4.875,46.591,15.265,0.039,3,1
0,1,0,-0.574,-0.202,-0.554,-0.196,0,0
1,0,0,-0.021,12.909,14.783,0.048,2,1
0,1,0,-0.454,-0.028,0.405,0.04,0,0
0,0,1,-0.493,0.133,-0.094,-0.103,0,0
0,1,0,8.434,0.128,7.789,3.329,3,1
1,0,0,12.746,0.004,6.242,-0.089,2,1
1,0,0,1.45,-0.096,0.046,-0.024,0,0
0,0,1,0.297,-0.481,-0.4,-0.013,0,0
0,1,0,-1.113,-0.258,-0.28,0.104,0,0
1,0,0,2.967,-0.055,1.135,2.442,2,0
0,1,0,1.599,0.135,0.182,-0.123,0,0
0,0,1,4.545,0.813,14.992,0.182,2,1
0,0,1,1.459,-0.043,0.333,0.062,0,0
1,0,0,-0.378,-0.269,-0.359,0.007,0,0
0,1,0,0.306,0.17,0.761,-0.085,0,0
0,1,0,4.169,14.239,8.828,-0.037,3,1
0,1,0,-0.993,-0.11,0.423,-0.125,0,0
0,1,0,-0.716,-0.482,0.255,0.048,0,0
1,0,0,7.396,0.352,4.253,5.81,3,1
0,0,1,7.272,0.005,5.333,4.889,3,1
1,0,0,-0.083,-0.427,0.107,-0.009,0,0
0,0,1,0.053,-0.057,0.497,-0.025,0,0
0,1,0,0.185,-0.406,-0.15,0.033,0,0
0,0,1,0.179,0.08,0.361,-0.093,0,0
0,1,0,0.903,0.042,0.212,0.135,0,0
0,1,0,7.855,-0.079,8.348,2.623,3,1
0,1,0,9.634,0.149,3.621,-0.046,2,1
0,0,1,3.7,0.714,16.945,-0.03,2,1
1,0,0,2.752,22.896,20.354,-0.059,3,1
0,1,0,9.3,-0.239,5.856,-0.079,2,1
0,1,0,4.973,0.329,8.328,5.359,3,1
0,0,1,-0.045,-0.589,0.247,-0.036,0,0
0,1,0,3.465,15.201,11.084,0.037,3,1
1,0,0,0.615,0.218,0.342,-0.057,0,0
1,0,0,-1.369,0.135,-0.218,-0.014,0,0
0,0,1,4.945,57.549,10.664,-0.053,3,1
0,0,1,-0.303,0.352,-0.4,-0.042,0,0
0,0,1,5.244,33.329,12.357,-0.063,3,1
1,0,0,8.199,0.159,7.121,5.857,3,1
0,0,1,8.326,-0.385,5.272,0.05,2,1
0,1,0,-0.605,0.012,0.115,0.149,0,0
0,1,0,8.932,0.05,4.881,2.693,3,1
0,0,1,-1.487,0.373,-0.364,0.057,0,0
1,0,0,7.787,0.579,2.762,0.1,2,1
0,1,0,3.397,6.069,15.05,0.032,3,1
1,0,0,6.353,0.097,6.89,5.569,3,1
0,1,0,1.213,-0.277,-0.136,-0.106,0,0
0,0,1,-0.41,-0.014,-0.223,0.077,0,0
0,1,0,0.212,0.166,-0.399,-0.139,0,0
1,0,0,-2.601,-0.153,-0.647,0,0,0
1,0,0,-0.779,-0.299,0.113,0.097,0,0
1,0,0,6.423,-0.303,4.221,0.042,2,1
0,1,0,7.799,-0.014,7.182,3.744,3,1
0,0,1,0.245,-0.228,-0.021,0.011,0,0
1,0,0,-0.895,-0.195,0.854,-0.088,0,0
1,0,0,4.265,25.715,17.827,0.031,3,1
0,0,1,0.12,0.018,-0.257,0.097,0,0
0,0,1,3.241,44.405,19.394,0.009,3,1
0,0,1,-1.753,-0.034,0.165,-0.039,0,0
1,0,0,0.216,0.045,1.519,1.954,1,0
0,1,0,-0.587,0.004,0.807,-0.186,0,0
0,0,1,-0.355,0.43,-0.067,0.075,0,0
0,0,1,14.63,-0.027,4.518,-0.07,2,1
0,0,1,-0.132,0.133,0.882,0.053,0,0
0,1,0,8.219,-0.094,5.5,-0.048,2,1
1,0,0,0.963,0.153,0.184,0.046,0,0
1,0,0,0.774,0.045,0.825,3.298,1,0
0,1,0,2.534,-0.237,0.644,2.948,2,0
0,1,0,8.967,0.04,3.822,4.563,3,1
0,0,1,5.837,1.349,12.844,0.228,2,1
1,0,0,7.045,-0.572,6.169,-0.173,2,1
1,0,0,0.684,-0.247,0.505,0.005,0,0
0,0,1,1.234,-0.307,-0.029,-0.022,0,0
1,0,0,4.725,-0.381,7.859,4.365,3,1
1,0,0,9.545,-0.23,6.989,3.902,3,1
0,1,0,0.39,-0.472,-0.734,0.088,0,0
0,1,0,-0.458,0.03,0.398,0.03,0,0
0,1,0,1.065,0.07,0.453,-0.002,0,0
0,0,1,0.482,0.291,-0.265,-0.019,0,0
1,0,0,0.315,21.279,8.667,-0.021,2,1
0,0,1,1.05,0.161,-0.31,0.011,0,0
1,0,0,2.584,29.318,8.708,-0.009,3,1
0,1,0,5.164,1.4,14.366,-0.058,2,1
0,0,1,-0.023,-0.108,0.03,0.011,0,0
0,1,0,6.217,0.266,6.622,2.551,3,1
0,1,0,-0.586,0.006,0.91,-0.074,0,0
1,0,0,0.401,-0.169,0.055,0.039,0,0
0,1,0,3.47,1.085,14.872,0.028,2,1
0,1,0,1.503,-0.013,0.432,3.342,1,0
1,0,0,-0.199,-0.325,0.445,-0.028,0,0
0,0,1,6.95,-0.208,5.749,-0.269,2,1
0,0,1,-0.557,0.069,-0.4,-0.025,0,0
0,0,1,-0.795,-0.05,0.31,0.085,0,0
0,0,1,-0.192,-0.191,-0.4,0.015,0,0
1,0,0,-0.7,-0.066,0.13,0.092,0,0
1,0,0,9.441,-0.102,7.258,5.468,3,1
0,1,0,-0.393,-0.077,-0.154,-0.125,0,0
1,0,0,1.633,-0.074,-0.259,-0.047,0,0
0,1,0,-0.187,-0.163,-0.012,-0.011,0,0
0,0,1,-0.545,0.1,0.169,-0.075,0,0
0,0,1,3.43,1.683,11.315,0.109,2,1
0,1,0,0.539,0.569,0.376,0.028,0,0
0,1,0,4.286,-0.171,6.858,3.641,3,1
0,1,0,0.562,-0.287,-0.112,0.116,0,0
0,1,0,3.731,-0.115,9.307,-0.229,2,1
0,1,0,0.869,-0.14,0.205,0.106,0,0
0,1,0,-2.505,0.172,0.514,0.163,0,0
1,0,0,9.819,0.285,2.61,-0.038,2,1
1,0,0,0.598,-0.307,-0.388,-0.007,0,0
0,0,1,3.729,1.124,10.141,-0.018,2,1
0,1,0,1.971,-0.026,-0.221,0.019,0,0
0,0,1,4.396,1.323,10.691,0.137,2,1
1,0,0,0.174,-0.184,0.181,0.063,0,0
0,0,1,0.309,0.098,-0.179,-0.118,0,0
1,0,0,-0.754,0.183,-0.079,-0.08,0,0
0,1,0,3.924,1.338,18.865,-0.02,2,1
1,0,0,-0.535,-0.111,-0.296,-0.013,0,0
0,1,0,5.275,0.369,5.353,-0.062,2,1
1,0,0,0.441,-0.104,1.17,2.219,1,0
0,0,1,5.106,0.258,7.017,-0.124,2,1
0,0,1,1.667,0.243,0.033,0,0,0
1,0,0,-0.874,-0.008,0.463,0.063,0,0
0,1,0,-0.878,-0.169,0.049,0.097,0,0
0,0,1,2.135,25.647,13.075,0.062,2,1
0,1,0,4.865,-0.103,4.777,3.793,3,1
0,0,1,-0.294,0.125,-0.4,-0.071,0,0
0,0,1,-1.338,0.069,0.523,-0.056,0,0
0,1,0,-0.201,0.16,-0.714,0,0,0
1,0,0,0.148,-0.091,-0.397,-0.007,0,0
0,1,0,-0.668,-0.03,-0.009,0.049,0,0
0,0,1,1.283,0.112,0.476,0.008,0,0
0,0,1,0.108,-0.151,-0.113,0.069,0,0
0,0,1,-0.801,-0.18,-0.252,-0.008,0,0
0,1,0,7.844,0.179,2.895,0.117,2,1
1,0,0,-0.623,-0.217,-0.719,-0.056,0,0
0,1,0,-0.932,0.103,1.171,-0.032,0,0
1,0,0,3.876,1.42,14.068,0.046,2,1
1,0,0,0.836,0.072,-0.041,2.329,1,0
0,1,0,5.468,1.156,14.072,-0.017,2,1
0,1,0,0.25,-0.206,-0.353,0.046,0,0
0,1,0,-0.218,0.024,-0.134,0.183,0,0
1,0,0,6.273,-0.117,5.961,3.757,3,1
0,1,0,-0.095,-0.379,0.458,-0.05,0,0
0,1,0,-0.607,0.64,0.073,0.023,0,0
0,1,0,1.258,-0.217,0.067,0.012,0,0
1,0,0,1.509,-0.201,0.565,-0.054,0,0
1,0,0,0.088,0.256,-0.008,-0.026,0,0
1,0,0,0.532,0.075,-0.176,-0.174,0,0
0,0,1,-1.983,0.225,0.141,-0.108,0,0
1,0,0,4.948,1.805,13.001,0.021,2,1
0,1,0,7.505,0.528,3.728,-0.075,2,1
0,0,1,-1.541,-0.484,-0.106,-0.044,0,0
0,1,0,-1.918,-0.059,-0.425,-0.055,0,0
0,1,0,1.549,0.229,0.033,0.063,0,0
1,0,0,4.534,0.994,12.759,0.05,2,1
0,1,0,0.055,0.507,-0.25,0.111,0,0
1,0,0,-0.021,-0.285,-0.21,0.161,0,0
0,1,0,5.391,0.592,8.295,2.613,3,1
0,0,1,-1.01,0.256,-0.372,0.066,0,0
0,0,1,-0.271,-0.16,-0.071,0.057,0,0
1,0,0,7.695,-0.149,6.69,5.775,3,1
0,0,1,0.286,0.155,0.51,-0.068,0,0
0,0,1,-0.552,-0.485,0.369,-0.062,0,0
1,0,0,1.162,-0.009,0.586,-0.041,0,0
0,0,1,1.057,-0.041,-0.4,-0.071,0,0
1,0,0,5.109,1.529,18.398,-0.056,2,1
0,1,0,0.09,-0.214,-0.697,0.073,0,0
1,0,0,0.036,-0.343,-0.141,0.069,0,0
0,0,1,9.838,-0.102,4.954,3.559,3,1
0,1,0,0.045,17.262,18.175,-0.125,2,1
0,0,1,5.474,-0.426,11.349,-0.362,2,1
1,0,0,-0.014,-0.172,-0.638,0.205,0,0
0,0,1,0.243,0.182,-0.4,-0.115,0,0
0,1,0,8.5,-0.505,4.714,3.857,3,1
0,1,0,5.955,1.749,10.315,0.102,2,1
1,0,0,3.528,-0.243,0.633,1.942,2,0
0,0,1,3.101,63.537,14.067,-0.06,3,1
0,0,1,1.754,-0.667,-0.4,-0.004,0,0
0,1,0,4.215,-0.218,6.635,3.748,3,1
0,1,0,0.392,10.809,8.431,-0.08,2,1
0,1,0,4.889,1.426,14.244,-0.005,2,1
0,1,0,1.003,0.075,0.097,0.033,0,0
0,0,1,3.788,0.972,11.72,-0.037,2,1
1,0,0,5.313,29.442,11.964,-0.058,3,1
0,1,0,7.672,-0.386,8.022,5.474,3,1
0,1,0,-0.528,-0.172,-0.319,-0.072,0,0
0,1,0,-0.965,0.028,0.705,-0.071,0,0
0,0,1,-0.102,-0.048,1.178,0.107,0,0
1,0,0,0.658,0.766,0.451,-0.007,0,0
1,0,0,-0.106,-0.02,0.288,0.073,0,0
0,1,0,0.025,0.494,0.206,-0.148,0,0
0,0,1,0.882,-0.227,-0.4,0.004,0,0
1,0,0,0.333,0.08,-0.8,-0.02,0,0
1,0,0,-1.191,0.032,0.302,0.08,0,0
1,0,0,3,15.559,19.171,0.015,3,1
1,0,0,3.718,-0.138,4.508,3.051,3,1
1,0,0,-0.848,0.162,-0.58,-0.032,0,0
0,1,0,0.309,-0.287,1.285,0.02,0,0
0,1,0,0.791,0.274,0.325,-0.118,0,0
0,1,0,0.655,0.002,1.93,3.181,1,0
0,1,0,2.532,11.823,12.826,0,3,1
1,0,0,-0.247,-0.667,0.752,-0.054,0,0
0,0,1,12.291,-0.324,2.788,0.023,2,1
0,0,1,1.896,42.875,14.156,0.037,2,1
0,1,0,6.95,0.636,6.641,0.044,2,1
1,0,0,1.286,0.07,0.851,1.802,1,0
0,1,0,3.64,-0.246,5.391,-0.285,2,1
0,0,1,0.034,46.57,9.42,-0.015,2,1
0,0,1,8.715,0.314,5.912,0.052,2,1
1,0,0,-0.511,0.343,-0.285,-0.049,0,0
0,1,0,1.753,6.135,8.609,0.052,2,1
0,0,1,-1.67,0.56,0.9,0.023,0,0
0,0,1,11.467,0.012,4.917,0.003,2,1
1,0,0,0.024,-0.141,-0.279,-0.008,0,0
0,1,0,9.673,0.203,2.48,0.034,2,1
0,0,1,0.782,62.402,10.37,0.098,2,1
0,1,0,5.053,0.149,4.93,-0.11,2,1
1,0,0,5.45,1.559,16.574,-0.026,2,1
0,0,1,6.819,0.159,10.945,-0.132,2,1
0,0,1,3.2,43.619,10.505,-0.116,3,1
1,0,0,-0.425,-0.242,0.16,0.017,0,0
0,1,0,-1.135,-0.033,0.067,0.066,0,0
0,1,0,3.162,0.995,9.657,0.063,2,1
0,1,0,0.319,0.118,-0.583,0.016,0,0
0,0,1,2.501,1.132,9.915,0.088,2,1
1,0,0,0.377,-0.157,-0.117,0.065,0,0
0,0,1,-1.533,-0.667,-0.4,0.034,0,0
0,1,0,-0.066,-0.342,0.817,0.001,0,0
0,0,1,0.089,-0.137,0.222,0.099,0,0
1,0,0,-0.412,-0.437,0.431,0.106,0,0
1,0,0,-0.515,-0.284,0.143,-0.045,0,0
0,1,0,9.824,0.449,3.071,-0.003,2,1
1,0,0,0.65,-0.474,0.095,-0.025,0,0
1,0,0,-1.224,0.301,-0.006,-0.193,0,0
0,0,1,0.377,0.122,0.1,2.472,1,0
1,0,0,-0.507,-0.019,0.949,0.101,0,0
0,0,1,1.028,-0.18,-0.2,-0.044,0,0
0,1,0,1.426,-0.322,1.07,2.459,1,0
0,1,0,-1.478,0.089,0.406,0.028,0,0
0,1,0,-2.154,0.336,0.396,-0.115,0,0
0,1,0,-1.525,-0.137,-0.056,0.06,0,0
0,0,1,-0.054,-0.209,-0.081,-0.028,0,0
0,0,1,3.78,1.659,17.264,-0.043,2,1
0,0,1,-0.964,0.085,-0.126,-0.038,0,0
0,1,0,-1.255,0.087,-0.755,0.106,0,0
0,0,1,-2.055,0.137,-0.4,-0.027,0,0
1,0,0,1.274,-0.166,0.459,0.086,0,0
0,1,0,-1.27,-0.069,0.733,-0.004,0,0
1,0,0,0.105,-0.039,-0.327,0.087,0,0
1,0,0,2.281,1.556,19.402,-0.011,1,1
0,0,1,-0.544,-0.351,0.06,-0.114,0,0
0,0,1,2.492,0.097,-0.181,-0.018,0,0
0,1,0,-0.253,0.074,-0.236,0.12,0,0
1,0,0,2.006,1.501,13.658,0.085,1,1
1,0,0,9.35,-0.028,5.522,4.35,3,1
0,1,0,-0.726,-0.222,-0.264,0.05,0,0
0,1,0,0.903,-0.06,-0.139,0.057,0,0
0,0,1,0.939,0.201,-0.249,-0.07,0,0
0,0,1,-0.525,-0.097,-0.363,-0.056,0,0
0,0,1,-0.226,0.087,0.216,-0.092,0,0
0,0,1,2.526,27.416,18.098,0.062,3,1
0,0,1,-1.018,0.057,0.485,-0.129,0,0
0,0,1,0.231,0.263,-0.4,-0.007,0,0
1,0,0,-0.425,-0.287,0.04,0.035,0,0
0,1,0,0.43,-0.568,-0.276,0.048,0,0
1,0,0,5.441,-0.273,7.044,5.138,3,1
0,1,0,-1.104,-0.352,-0.088,0.092,0,0
1,0,0,0.006,0.226,0.469,-0.044,0,0
0,1,0,0.56,0.035,0.371,-0.182,0,0
1,0,0,0.533,-0.463,-0.154,0.026,0,0
1,0,0,4.142,1.406,11.546,-0.001,2,1
0,1,0,0.838,-0.511,-0.158,0.04,0,0
0,1,0,1.686,0.561,0.892,2.477,1,0
0,0,1,0.195,0.216,0.531,-0.011,0,0
1,0,0,0.488,9.691,13.323,-0.03,2,1
0,1,0,1.292,0.282,0.021,0.041,0,0
0,0,1,2.382,-0.152,1.351,3.363,1,0
0,0,1,-0.118,0.827,-0.4,-0.015,0,0
0,1,0,-0.236,0.057,-0.069,-0.066,0,0
0,0,1,-0.731,-0.167,-0.129,-0.139,0,0
0,0,1,6.324,-0.064,7.564,-0.155,2,1
0,1,0,9.542,-0.261,4.861,-0.169,2,1
0,0,1,2.881,0.75,13.737,-0.139,2,1
1,0,0,0.496,-0.123,-0.35,0.033,0,0
0,1,0,1.379,0.266,0.447,0.014,0,0
1,0,0,5.128,0.138,7.532,3.07,3,1
1,0,0,-1.688,-0.369,0.007,-0.052,0,0
0,1,0,0.046,0.002,-0.125,0.01,0,0
0,0,1,-0.86,0.107,0.323,0.149,0,0
0,0,1,0.063,-0.092,-0.274,-0.064,0,0
0,0,1,-0.224,-0.304,-0.4,0.015,0,0
1,0,0,6.073,-0.022,4.779,5.874,3,1
0,1,0,0.418,0.365,-0.36,-0.037,0,0
1,0,0,0.344,-0.239,0.067,0.015,0,0
1,0,0,-0.547,0.077,-0.307,-0.009,0,0
0,0,1,3.657,0.969,13.737,0.041,2,1
0,0,1,-2.129,0.238,-0.09,-0.082,0,0
0,1,0,-1.474,0.013,-0.349,0.096,0,0
0,1,0,1.392,0.002,-1.08,-0.048,0,0
0,1,0,0.756,0.18,0.07,-0.028,0,0
0,1,0,5.115,-0.628,5.62,5.627,3,1
0,0,1,1.063,-0.28,-0.142,-0.083,0,0
0,1,0,13.049,-0.158,4.037,0.02,2,1
0,1,0,-1.783,0.439,-0.516,-0.06,0,0
0,1,0,1.939,1.259,18.216,-0.032,1,1
1,0,0,-0.461,-0.498,0.224,0.018,0,0
1,0,0,7.76,-0.276,2.587,0.013,2,1
0,0,1,0.455,-0.397,0.273,-0.125,0,0
1,0,0,9.111,0.757,4.427,-0.017,2,1
0,1,0,4.864,-0.228,5.036,-0.072,2,1
0,1,0,9.138,-0.136,5.244,4.798,3,1
1,0,0,0.775,0.118,0.441,0.031,0,0
0,0,1,0.749,-0.284,-0.087,-0.016,0,0
1,0,0,5.009,10.401,10.019,-0.011,3,1
1,0,0,0.726,0.373,-0.675,-0.08,0,0
0,0,1,0.525,43.129,14.499,-0.169,2,1
0,0,1,2.383,-0.243,1.383,3.319,1,0
1,0,0,-0.336,0.046,0.255,-0.049,0,0
0,0,1,4.709,-0.148,6.905,4.244,3,1
0,0,1,8.458,0.258,4.798,-0.024,2,1
1,0,0,-0.861,-0.04,-0.366,-0.093,0,0
0,1,0,-0.564,-0.051,-0.17,0.076,0,0
0,0,1,0.202,0.232,-0.4,-0.008,0,0
1,0,0,-0.623,0.382,0.572,-0.044,0,0
1,0,0,4.071,-0.232,4.078,2.552,3,1
0,1,0,-0.009,-0.147,0.29,-0.059,0,0
1,0,0,2.939,21.186,20.377,-0.055,3,1
0,0,1,-0.015,0.164,0.628,-0.013,0,0
1,0,0,0.245,0.066,-0.339,0.04,0,0
1,0,0,0.199,-0.201,0.313,0.031,0,0
0,0,1,-0.994,0.018,-0.4,-0.095,0,0
1,0,0,-0.831,0.046,0.3,-0.038,0,0
0,1,0,0.47,-0.402,-0.307,0.065,0,0
0,1,0,4.048,0.812,9.537,-0.009,2,1
1,0,0,2.388,1.303,16.437,0.048,1,1
0,0,1,3.727,64.099,14.192,-0.001,3,1
0,1,0,1.771,-0.12,-0.294,-0.009,0,0
0,1,0,0.823,0.474,-0.53,-0.028,0,0
0,0,1,0.122,-0.45,0.52,0.058,0,0
0,0,1,2.422,35.188,9.047,0.077,2,1
1,0,0,-1.54,0.102,0.312,-0.082,0,0
0,0,1,6.87,-0.512,3.381,0.062,2,1
1,0,0,-1.682,-0.667,-0.154,0.043,0,0
0,1,0,8.408,0.117,3.378,0.095,2,1
1,0,0,1.693,-0.245,0.858,0.113,0,0
0,1,0,1.247,-0.033,-0.227,0.032,0,0
0,1,0,-0.27,0.009,-0.697,0.07,0,0
1,0,0,2.465,0.372,0.315,-0.073,0,0
1,0,0,-0.256,0.112,0.419,0.115,0,0
1,0,0,5.431,0.045,8.01,4.809,3,1
1,0,0,-1.414,0.282,-0.385,-0.096,0,0
0,0,1,-1.802,0.069,-0.4,0.031,0,0
0,1,0,-0.469,-0.186,-0.571,0.009,0,0
0,1,0,0.852,-0.199,0.243,0.011,0,0
0,1,0,2.594,0.123,-0.19,-0.114,1,0
0,0,1,7.156,0.053,6.824,3.764,3,1
0,0,1,6.823,-0.03,5.351,3.184,3,1
0,0,1,2.582,37.676,10.816,-0.021,3,1
1,0,0,4.907,1.414,13.337,-0.004,2,1
0,1,0,0.2,-0.25,0.804,2.342,1,0
0,1,0,0.579,-0.002,0.479,0.168,0,0
1,0,0,-0.035,0.123,-0.8,0.125,0,0
0,1,0,0.04,-0.126,-0.395,-0.229,0,0
0,0,1,-0.66,0.368,-0.335,-0.046,0,0
0,1,0,7.651,0.491,2.817,0.01,2,1
0,0,1,-0.044,-0.033,1.929,2.914,1,0
1,0,0,-0.039,0.167,0.051,0.134,0,0
1,0,0,0.247,-0.392,0.431,0.032,0,0
0,0,1,-1.085,0.147,0.039,-0.077,0,0
0,1,0,0.075,0.301,0.426,0.013,0,0
0,1,0,-1.067,0.2,0.325,0.039,0,0
0,1,0,4.471,-0.054,8.785,-0.195,2,1
0,0,1,-0.341,0.004,0.72,-0.001,0,0
1,0,0,1.487,22.612,18.537,0.011,2,1
0,0,1,-0.093,-0.024,0.199,0.032,0,0
0,0,1,-0.384,-0.067,-0.159,0.015,0,0
0,0,1,1.145,-0.085,0.46,0.134,0,0
0,1,0,3.508,0.304,4.354,4.27,3,1
0,0,1,1.403,53.364,15.157,-0.018,2,1
0,1,0,1.139,0.549,-0.146,-0.104,0,0
0,1,0,0.259,0.173,-0.18,-0.032,0,0
0,0,1,3.941,-0.291,7.242,5.734,3,1
1,0,0,6.723,0.024,8.914,2.661,3,1
0,1,0,-1.112,-0.371,-0.117,0.066,0,0
0,1,0,-0.149,0.025,-0.647,-0.023,0,0
0,0,1,1.06,0.352,0.407,1.982,1,0
1,0,0,-0.623,0.11,1.269,0.09,0,0
0,0,1,0.315,-0.35,-0.4,-0.018,0,0
1,0,0,2.35,-0.194,2.141,2.115,2,0
1,0,0,7.232,0.197,4.069,-0.055,2,1
0,0,1,0.186,0.026,-0.4,0.05,0,0
0,0,1,1.862,0.691,0.09,0.025,0,0
0,0,1,0.821,-0.085,-0.157,0.146,0,0
0,1,0,2.504,1.362,12.636,-0.004,2,1
0,0,1,0.126,-0.476,-0.041,0.116,0,0
0,0,1,1.151,-0.061,0.698,0.076,0,0
0,0,1,1.199,-0.119,3.018,1.947,2,0
0,1,0,3.572,0.281,6.106,3.6,3,1
0,0,1,11.211,0.124,6.169,-0.1,2,1
1,0,0,0.268,0.552,0.92,0.123,0,0
0,0,1,2.618,21.143,14.366,0.188,3,1
1,0,0,1.024,0.308,0.828,-0.059,0,0
1,0,0,0.067,-0.516,-0.222,0.054,0,0
0,0,1,3.35,1.768,11.774,-0.015,2,1
0,0,1,0.697,0.23,0.062,0.117,0,0
1,0,0,-1.495,0.105,-0.529,-0.003,0,0
0,1,0,0.16,-0.383,-0.048,-0.004,0,0
0,0,1,-0.415,-0.595,-0.163,-0.058,0,0
0,1,0,-0.392,-0.062,-0.422,0.07,0,0
0,0,1,-0.36,-0.304,-0.03,-0.039,0,0
0,1,0,7.043,-0.286,4.678,3.989,3,1
1,0,0,-1.891,-0.17,0.284,0.091,0,0
0,0,1,0.629,0.202,0.116,-0.033,0,0
1,0,0,1.514,-0.327,-0.262,-0.109,0,0
0,0,1,0.191,0.198,0.41,-0.01,0,0
0,0,1,1.13,1.108,13.075,-0.101,1,1
0,1,0,2.885,1.18,13.148,-0.115,2,1
0,0,1,2.765,1.595,11.797,0.009,2,1
0,0,1,-1.257,-0.022,-0.094,0.138,0,0
0,1,0,-0.075,0.169,-0.544,0.022,0,0
0,0,1,1.538,-0.087,0.032,0.017,0,0
0,1,0,-1.753,0.094,0.687,0.086,0,0
0,1,0,5.14,0.239,7.071,3.546,3,1
1,0,0,6.693,-0.174,7.706,-0.195,2,1
0,0,1,0.482,-0.2,-0.4,-0.074,0,0
0,1,0,2.519,0.085,0.243,3.303,2,0
0,0,1,6.11,-0.147,5.03,-0.025,2,1
0,1,0,3.272,-0.318,1.459,2.091,2,0
0,1,0,-0.63,-0.1,0.839,-0.014,0,0
0,1,0,-0.914,0.055,-0.825,-0.02,0,0
0,1,0,-2.012,-0.212,-0.056,0.056,0,0
0,1,0,0.287,0.334,0.483,0.127,0,0
1,0,0,1.253,13.187,19.157,-0.072,2,1
0,1,0,-0.728,0.204,0.712,0.042,0,0
0,1,0,-0.956,0.225,-0.142,-0.025,0,0
0,0,1,0.016,-0.1,0.025,0.114,0,0
0,0,1,1.952,31.433,19.272,0.058,2,1
1,0,0,-1.59,-0.083,0.085,-0.011,0,0
0,1,0,0.229,0.008,-0.764,-0.11,0,0
0,0,1,4.333,1.257,17.971,0.053,2,1
1,0,0,-0.686,0.287,0.327,-0.019,0,0
0,1,0,9.051,0.254,7.285,4.499,3,1
1,0,0,0.574,-0.092,0.83,-0.161,0,0
1,0,0,0.24,-0.187,-0.466,0.016,0,0
0,1,0,3.882,13.572,10.74,0.109,3,1
0,0,1,2.209,-0.301,-0.279,0.074,0,0
0,1,0,-1.422,-0.002,0.187,0.034,0,0
1,0,0,-0.73,-0.128,-0.096,-0.005,0,0
0,0,1,1.589,-0.292,0.266,0.002,0,0
0,1,0,1.314,-0.325,-0.6,0.09,0,0
0,1,0,0.715,0.04,-0.518,2.684,1,0
0,0,1,5.237,1.589,10.563,0.037,2,1
0,0,1,1.473,0.009,-0.4,-0.116,0,0
0,1,0,-2.17,-0.184,0.503,-0.025,0,0
0,0,1,4.279,22.985,19.555,0.012,3,1
0,1,0,2.456,1.148,12.905,-0.115,1,1
0,0,1,1.711,-0.048,0.9,0.075,0,0
0,1,0,6.987,0.141,4.049,0.117,2,1
0,1,0,-1.55,0.079,-0.591,0.061,0,0
1,0,0,-0.783,-0.32,0.391,0.291,0,0
0,1,0,0.287,0.438,0.565,0.154,0,0
0,0,1,0.388,0.396,-0.4,0.051,0,0
0,1,0,-0.676,0.095,0.712,0.033,0,0
0,1,0,1.125,7.084,11.436,-0.189,2,1
0,0,1,3.397,1.724,16.083,0.085,2,1
0,0,1,-0.524,-0.336,-0.4,-0.189,0,0
0,0,1,1.807,0.101,0.42,0.044,0,0
1,0,0,1.419,0.328,-0.33,-0.063,0,0
0,0,1,8.238,0.403,3.792,4.853,3,1
1,0,0,4.496,-0.002,7.354,5.846,3,1
0,0,1,-0.501,-0.459,0.216,-0.032,0,0
1,0,0,1.049,-0.356,0.052,-0.009,0,0
0,1,0,0.396,-0.101,0.967,-0.018,0,0
1,0,0,0.583,0.392,-0.8,0.003,0,0
0,0,1,8.039,-0.17,7.095,3.029,3,1
0,0,1,1.92,50.396,17.91,0.041,2,1
0,0,1,9.729,-0.182,3.157,0.07,2,1
0,0,1,10.962,-0.068,5.937,-0.136,2,1
1,0,0,9.906,-0.247,2.461,-0.043,2,1
0,0,1,-0.067,-0.328,0.131,-0.039,0,0
1,0,0,-0.18,0.218,-0.24,-0.072,0,0
0,1,0,-1.339,0.069,0.113,-0.025,0,0
1,0,0,1.06,0.043,1.09,-0.047,0,0
0,0,1,1.073,1.063,18.977,0.17,1,1
0,0,1,3.5,1.185,17.043,-0.11,2,1
0,0,1,3.595,34.552,16.082,0.13,3,1
1,0,0,5.693,0.366,2.321,0.073,2,1
0,1,0,-1.547,-0.328,0.038,0.021,0,0
0,1,0,7.886,0.388,6.772,-0.342,2,1
0,0,1,1.985,1.547,12.215,0.105,1,1
0,0,1,1.188,0.04,0.544,0.006,0,0
1,0,0,-0.999,0.214,0.225,-0.015,0,0
0,0,1,-0.612,0.108,0.109,-0.048,0,0
0,1,0,0.02,-0.044,-0.678,-0.055,0,0
1,0,0,-0.375,-0.207,0.595,-0.099,0,0
0,0,1,1.342,0.168,-0.4,0.022,0,0
0,1,0,-0.556,-0.003,0.689,0.085,0,0
0,0,1,1.226,0.276,0.005,0.007,0,0
0,1,0,-0.736,-0.038,-0.911,0.115,0,0
0,1,0,0.702,0.216,-0.091,0.132,0,0
0,0,1,-0.477,0.077,0.112,0.062,0,0
1,0,0,-0.419,-0.116,0.238,0.117,0,0
0,1,0,3.826,1.167,16.13,0.088,2,1
0,1,0,2.86,1.441,17.713,-0.092,2,1
0,1,0,-1.039,-0.102,-0.186,0.063,0,0
0,1,0,0.744,-0.088,0.821,-0.016,0,0
0,1,0,0.627,-0.337,0.131,0.094,0,0
1,0,0,0.171,-0.065,-0.008,-0.072,0,0
0,1,0,0.378,0.171,-0.845,0,0,0
1,0,0,-0.763,-0.016,0.533,-0.074,0,0
0,1,0,0.006,-0.368,0.24,-0.038,0,0
0,1,0,11.153,-0.007,1.934,0.146,1,1
1,0,0,-0.295,0.152,-0.8,-0.066,0,0
0,0,1,1.084,0.401,0.27,-0.044,0,0
0,0,1,9.624,0,3.44,-0.014,2,1
1,0,0,6.492,0.165,4.547,0,2,1
1,0,0,0.377,-0.111,0.373,-0.087,0,0
0,1,0,-1.833,-0.251,0.816,0.053,0,0
0,0,1,1.161,24.887,13.649,-0.107,2,1
0,1,0,1.74,5.699,17.708,-0.01,2,1
0,0,1,2.799,1.179,16.596,-0.08,2,1
1,0,0,7.689,-0.212,4.009,5.568,3,1
0,1,0,-0.915,0.374,-0.067,0.149,0,0
1,0,0,-1.754,-0.111,-0.296,0.107,0,0
0,1,0,2.149,0.38,4.772,3.514,2,1
0,1,0,5.227,0.181,6.127,3.777,3,1
1,0,0,2.276,1.52,11.835,-0.012,1,1
0,1,0,10.688,0.511,3.819,0.049,2,1
1,0,0,1.32,-0.044,-0.8,-0.025,0,0
0,1,0,-0.016,-0.341,0.162,-0.078,0,0
0,1,0,1.906,0.253,-0.621,0.067,0,0
0,1,0,1.651,0.185,-0.019,0.143,0,0
0,0,1,1.685,33.578,9.847,-0.067,2,1
0,1,0,0.227,0.099,0.557,0.02,0,0
1,0,0,-0.015,0.483,0.04,-0.058,0,0
0,1,0,0.878,0.08,0.112,0.076,0,0
0,1,0,0.345,0.054,0.591,0.015,0,0
0,0,1,-1.727,0.519,-0.259,-0.08,0,0
1,0,0,-1.544,0.009,0.791,-0.003,0,0
1,0,0,-0.922,-0.436,0.289,-0.012,0,0
1,0,0,0.053,0.126,-0.1,-0.033,0,0
0,1,0,5.493,-0.266,9.28,-0.244,2,1
0,1,0,0.327,-0.026,0.095,0.072,0,0
0,1,0,6.888,-0.028,5.59,4.987,3,1
0,0,1,-0.067,0.277,1.483,1.84,1,0
0,0,1,1.712,0.066,0.12,-0.032,0,0
0,0,1,-0.292,0.406,2.012,2.355,2,0
0,1,0,6.233,1.334,13.855,0.089,2,1
1,0,0,6.316,0.192,4.024,4.373,3,1
0,0,1,0.357,-0.235,0.009,-0.014,0,0
0,1,0,-0.545,-0.028,0.067,-0.108,0,0
0,0,1,1.812,-0.244,0.129,0.158,0,0
0,1,0,0.677,-0.126,-0.588,0.037,0,0
0,1,0,-1.139,0.177,-0.3,0.065,0,0
0,1,0,0.766,-0.057,-0.274,0.063,0,0
0,1,0,-0.683,-0.253,0.884,-0.132,0,0
0,1,0,8.055,0.276,6.373,-0.112,2,1
0,0,1,-0.422,0.518,-0.203,0.086,0,0
1,0,0,1.77,0.637,-0.086,-0.036,0,0
0,1,0,-0.392,0.427,1.487,-0.024,0,0
1,0,0,2.63,16.569,13.47,-0.009,3,1
0,1,0,2.259,-0.1,-0.28,-0.104,0,0
0,1,0,-0.658,0.071,0.167,-0.104,0,0
0,1,0,-1.236,-0.271,0.489,-0.152,0,0
0,0,1,0.209,0.231,0.036,0.068,0,0
0,1,0,-0.531,-0.417,-0.186,0.062,0,0
1,0,0,1.066,-0.073,-0.617,0.061,0,0
0,0,1,3.62,53.581,17.236,0.148,3,1
0,1,0,0.934,0.26,0.054,0.041,0,0
0,1,0,-0.514,0.016,0.028,0.052,0,0
0,1,0,-1.398,-0.134,-0.102,0.115,0,0
1,0,0,0.304,0.154,-0.166,0.07,0,0
0,1,0,0.58,13.193,15.098,0.073,2,1
0,0,1,-0.397,0.011,1.357,-0.058,0,0
1,0,0,2.978,16.201,13.627,0.104,3,1
1,0,0,3.262,2.041,17.075,-0.018,3,1
1,0,0,0.507,13.629,19.212,-0.012,2,1
1,0,0,1.364,-0.208,0.954,0.016,0,0
0,0,1,0.611,0.318,0.406,0.032,0,0
0,1,0,-1.218,0.245,0.513,0.003,0,0
0,0,1,5.797,0.155,6.414,-0.175,2,1
1,0,0,6.031,0.305,5.907,4.962,3,1
0,0,1,-0.027,-0.398,-0.4,0.079,0,0
0,1,0,-1.25,0.108,-0.341,-0.019,0,0
0,1,0,3.606,5.081,16.427,-0.109,3,1
1,0,0,7.283,-0.113,1.904,-0.012,1,1
1,0,0,0.237,-0.057,-0.07,-0.067,0,0
1,0,0,4.524,0.188,7.44,-0.363,2,1
0,1,0,1.79,-0.442,-0.014,-0.019,0,0
0,0,1,7.986,-0.31,11.059,-0.254,2,1
1,0,0,0.857,1.178,19.018,-0.016,1,1
1,0,0,5.826,1.295,16.528,-0.077,2,1
0,1,0,-0.574,0.06,-0.027,0.065,0,0
1,0,0,5.89,0.765,17.85,-0.042,2,1
1,0,0,2.026,0.052,0.216,0.015,0,0
0,0,1,-0.849,0.142,-0.09,-0.074,0,0
0,0,1,5.013,-0.143,4.776,3.711,3,1
0,0,1,0.195,-0.04,0.235,0.066,0,0
0,1,0,-0.3,-0.569,-0.091,-0.084,0,0
1,0,0,4.961,-0.07,5.377,0.137,2,1
0,1,0,5.721,0.224,7.947,-0.338,2,1
1,0,0,2.785,1.241,12.761,-0.001,2,1
0,0,1,1.332,-0.245,0.001,-0.058,0,0
1,0,0,5.067,-0.305,4.797,0.11,2,1
0,1,0,5.3,0.226,7.008,3.462,3,1
1,0,0,0.047,-0.187,1.178,3.127,1,0
0,1,0,1.251,-0.305,0.541,0.002,0,0
0,1,0,1.978,7.115,16.109,-0.033,2,1
1,0,0,-1.222,0.01,-0.211,-0.03,0,0
0,1,0,-0.798,-0.204,0.224,0.033,0,0
0,1,0,7.696,-0.082,6.23,0.006,2,1
0,1,0,-1.062,-0.168,0.119,-0.007,0,0
1,0,0,1.101,-0.082,0.209,0.209,0,0
1,0,0,4.61,1.44,14.138,0.046,2,1
0,0,1,-0.272,-0.527,-0.04,-0.161,0,0
0,1,0,0.44,-0.036,0.398,-0.126,0,0
0,0,1,0.874,-0.237,0.734,0.007,0,0
0,1,0,-0.831,0.237,0.138,-0.086,0,0
0,1,0,1.41,-0.101,-0.168,-0.036,0,0
1,0,0,-1.561,-0.461,0.53,0.007,0,0
0,1,0,6.993,-0.591,6.754,-0.043,2,1
1,0,0,1.18,0.263,-0.412,-0.011,0,0
0,0,1,3.876,1.229,11.039,-0.101,2,1
0,0,1,3.009,29.367,9.292,-0.013,3,1
1,0,0,7.971,0.359,3.85,5.655,3,1
0,0,1,1.39,0.289,0.586,-0.005,0,0
0,0,1,6.225,0.141,8.825,-0.275,2,1
0,0,1,0.769,-0.07,-0.4,-0.104,0,0
1,0,0,2.301,-0.343,0.009,-0.059,0,0
0,0,1,0.527,0.238,0.175,0.002,0,0
0,1,0,8.947,-0.361,3.221,-0.115,2,1
0,0,1,1.534,0.099,-0.4,0.033,0,0
1,0,0,-0.637,0.133,0.337,0.12,0,0
0,1,0,-0.418,-0.454,-0.224,0.079,0,0
0,1,0,-0.513,-0.236,0.817,-0.049,0,0
0,1,0,0.383,11.539,21.331,-0.103,2,1
1,0,0,-0.828,-0.164,-0.188,-0.093,0,0
1,0,0,0.272,0.036,0.532,0.005,0,0
1,0,0,1.88,0.093,0.17,-0.036,0,0
1,0,0,-1.526,-0.274,-0.733,-0.014,0,0
1,0,0,2.313,28.305,14.059,0.141,2,1
0,0,1,-0.035,0.031,-0.269,-0.126,0,0
1,0,0,-0.846,0.059,0.596,-0.033,0,0
1,0,0,2.217,0.349,0.152,0.056,0,0
0,1,0,5.27,-0.054,10.085,5.913,3,1
0,0,1,-1.19,0.294,0.353,-0.065,0,0
0,0,1,8.101,-0.505,5.903,5.844,3,1
0,0,1,1.506,0.386,-0.4,-0.113,0,0
0,1,0,4.233,0.781,15.833,0.089,2,1
0,0,1,-0.694,-0.375,-0.4,-0.013,0,0
0,0,1,0.229,20.899,17.994,-0.137,2,1
0,1,0,2.774,1.089,16.197,-0.065,2,1
1,0,0,-0.167,-0.09,-0.165,0.055,0,0
0,1,0,9.017,0.551,4.098,0.181,2,1
0,0,1,0.417,0.303,1.024,3.173,1,0
0,0,1,1.249,0.231,-0.003,-0.001,0,0
1,0,0,8.837,0.409,3.874,0.015,2,1
1,0,0,2.33,-0.349,-0.015,-0.046,0,0
1,0,0,1.108,-0.529,-0.348,0.005,0,0
0,1,0,1.958,-0.026,1.023,-0.094,0,0
1,0,0,8.857,-0.039,5.276,4.056,3,1
0,1,0,-1.182,-0.125,0.841,0.017,0,0
1,0,0,-0.186,0.014,-0.03,-0.059,0,0
0,1,0,6.144,1.274,12.137,0.05,2,1
0,1,0,1.934,8.929,16.911,-0.08,2,1
1,0,0,-0.009,0.051,-0.548,0.149,0,0
0,0,1,1.688,0.055,-0.019,-0.001,0,0
0,1,0,-0.538,0.146,-0.791,-0.12,0,0
0,1,0,-0.766,0.159,0.514,-0.002,0,0
1,0,0,-0.939,0.124,0.257,0.067,0,0
1,0,0,0.507,-0.16,0.189,0.038,0,0
0,1,0,-1.356,-0.146,0.746,0.143,0,0
1,0,0,-0.353,-0.504,-0.075,0.045,0,0
0,0,1,0.929,-0.142,1.266,1.89,1,0
0,1,0,3.492,0.833,12.475,0.065,2,1
1,0,0,0.845,-0.1,0.387,0.146,0,0
0,1,0,0.406,0.097,-0.503,-0.059,0,0
0,0,1,5.494,-0.178,10.563,-0.174,2,1
0,1,0,0.536,0.388,-0.02,0.025,0,0
0,0,1,-1.196,-0.111,-0.4,0.002,0,0
1,0,0,7.162,-0.358,8.201,-0.216,2,1
0,1,0,-0.473,-0.422,0.837,0.021,0,0
0,0,1,0.067,0.14,-0.4,-0.02,0,0
0,1,0,5.617,0.16,5.299,0.047,2,1
0,1,0,5.979,0.149,11.644,-0.327,2,1
0,1,0,2.072,-0.153,1.623,1.927,1,0
0,1,0,0.142,0.455,-1.106,0.084,0,0
0,0,1,0.412,0.626,0.131,0.057,0,0
0,0,1,1.089,-0.124,-0.36,-0.033,0,0
1,0,0,0.437,0.349,-0.106,-0.249,0,0
0,0,1,0.563,0.212,-0.355,-0.088,0,0
0,0,1,0.513,-0.011,-0.4,0.017,0,0
0,1,0,4.899,-0.176,5.411,4.843,3,1
0,0,1,0.367,41.408,18.859,0.078,2,1
0,1,0,0.802,-0.388,0.219,-0.022,0,0
0,1,0,-0.779,-0.396,-0.524,0.004,0,0
0,1,0,-0.542,0.045,0.671,-0.052,0,0
0,0,1,0.078,0.029,0.781,-0.095,0,0
1,0,0,0.417,-0.136,0.41,-0.029,0,0
0,1,0,-1.253,-0.137,-0.282,0.156,0,0
0,1,0,-0.704,-0.031,-0.412,0.023,0,0
0,0,1,-0.146,-0.019,-0.4,0.018,0,0
0,1,0,0.591,-0.213,-0.715,-0.153,0,0
1,0,0,1.017,-0.045,0.106,-0.045,0,0
0,1,0,0.742,0.063,0.285,0.002,0,0
0,1,0,0.916,0.057,0.434,3.019,1,0
0,1,0,8.748,0.429,5.329,-0.01,2,1
0,1,0,5.783,-0.345,8.372,4.721,3,1
0,0,1,0.249,0.376,-0.359,-0.059,0,0
0,0,1,1.381,-0.055,0.678,-0.017,0,0
1,0,0,0.053,-0.14,0.356,0.017,0,0
1,0,0,0.129,-0.346,0.121,-0.057,0,0
0,1,0,8.097,-0.105,3.137,-0.045,2,1
0,1,0,4.77,0.034,2.675,-0.084,2,1
0,1,0,2.909,1.395,17.23,-0.011,2,1
0,1,0,0.757,0.064,-0.313,0.043,0,0
0,0,1,5.462,0.952,13.445,0.094,2,1
1,0,0,0.741,-0.151,-0.093,0.107,0,0
0,0,1,1.223,-0.212,-0.4,-0.045,0,0
0,1,0,-0.725,-0.08,0.392,-0.047,0,0
0,1,0,-1.22,-0.249,0.089,-0.13,0,0
1,0,0,2.653,0.08,-0.383,2.041,2,0
0,1,0,5.733,0.19,10.169,-0.202,2,1
0,1,0,3.205,15.734,13.247,0.132,3,1
0,1,0,-1.932,0.296,-0.513,-0.005,0,0
1,0,0,6.26,-0.115,5.29,0.107,2,1
1,0,0,11.228,0.082,3.587,-0.036,2,1
0,1,0,-1.383,-0.185,0.668,0.003,0,0
1,0,0,4.314,0.216,7.18,4.302,3,1
1,0,0,0.673,-0.173,0.358,0.013,0,0
0,0,1,-0.168,-0.08,-0.4,0.018,0,0
0,1,0,1.622,0.075,-0.572,-0.096,0,0
0,1,0,1.471,0.229,-0.791,-0.047,0,0
1,0,0,1.23,-0.269,-0.319,-0.001,0,0
0,1,0,-1.216,-0.104,0.337,-0.057,0,0
0,1,0,6.023,0.135,11.205,-0.26,2,1
0,1,0,5.545,0.05,6.886,5.941,3,1
0,0,1,0.282,-0.577,0.074,0.008,0,0
0,1,0,0.014,-0.041,-0.298,0.008,0,0
0,0,1,2.551,27.669,16.636,0.066,3,1
0,0,1,8.178,0.287,5.913,3.579,3,1
0,0,1,0.564,0.158,0.105,0.063,0,0
0,0,1,-0.487,-0.31,0.424,-0.086,0,0
0,0,1,0.062,-0.309,0.129,-0.029,0,0
0,0,1,0.737,-0.32,-0.088,-0.029,0,0
0,1,0,1.455,-0.26,0.344,-0.11,0,0
1,0,0,0.029,-0.061,-0.543,-0.123,0,0
1,0,0,-0.873,0.048,-0.8,0.066,0,0
1,0,0,7.231,-0.054,7.578,4.282,3,1
1,0,0,4.549,1.656,15.572,-0.008,2,1
0,1,0,-0.691,0.576,0.391,0.053,0,0
1,0,0,-0.242,-0.436,0.373,0.09,0,0
1,0,0,5.127,0.846,13.264,0.093,2,1
0,0,1,2.096,1.875,11.691,-0.065,1,1
1,0,0,2.929,0.06,0.804,-0.063,1,0
0,1,0,-1.198,-0.459,0.053,-0.043,0,0
0,1,0,4.3,1.114,15.201,0.114,2,1
0,0,1,-0.571,-0.052,-0.392,-0.077,0,0
1,0,0,0.332,0.429,-0.394,-0.01,0,0
1,0,0,6.167,0.436,2.641,0.024,2,1
1,0,0,1.3,0.197,-0.632,0.061,0,0
0,0,1,0.643,-0.104,-0.025,-0.084,0,0
1,0,0,-0.063,0.551,0.412,0.024,0,0
0,0,1,-0.07,-0.332,0.829,0.124,0,0
1,0,0,-0.532,0.396,-0.247,0.124,0,0
1,0,0,5.079,-0.195,7.726,-0.392,2,1
0,0,1,3.612,1.028,9.605,0.146,2,1
1,0,0,6.509,-0.106,5.337,5.849,3,1
1,0,0,-2.123,-0.325,0.394,0.049,0,0
1,0,0,-1.929,0.104,1.133,-0.077,0,0
1,0,0,1.535,1.084,17.857,-0.033,1,1
0,0,1,0.034,0.145,-0.047,0.042,0,0
0,1,0,3.665,10.307,20.371,0.033,3,1
0,0,1,-0.437,0.084,0.063,-0.004,0,0
1,0,0,8.16,-0.104,7.668,5.471,3,1
0,1,0,0.175,-0.431,-0.005,0.034,0,0
0,1,0,-0.588,0.024,-0.546,-0.149,0,0
0,1,0,0.688,-0.276,-0.959,0.1,0,0
0,1,0,2.225,0.275,0.387,-0.08,0,0
0,1,0,3.105,7.917,14.689,-0.026,3,1
1,0,0,1.951,-0.168,0.587,1.967,1,0
1,0,0,-0.852,0.138,0.113,-0.028,0,0
0,1,0,11.553,0.138,4.634,0.012,2,1
0,0,1,0.875,-0.24,-0.371,0.061,0,0
1,0,0,-0.19,-0.177,-0.285,-0.153,0,0
0,1,0,-0.112,0.427,0.237,0.003,0,0
0,0,1,0.719,-0.575,0.373,1.915,1,0
0,0,1,0.028,-0.338,0.273,0.055,0,0
0,1,0,-1.606,0.097,0.135,0.078,0,0
0,0,1,5.191,1.389,10.847,-0.021,2,1
0,1,0,1.378,0.277,0.245,2.806,1,0
0,0,1,-1.184,-0.038,0.042,-0.109,0,0
0,0,1,4.598,0.024,3.188,0.035,2,1
0,1,0,-1.156,0.144,-0.098,0.022,0,0
0,0,1,-2.409,-0.135,-0.136,0.118,0,0
0,1,0,0.382,0.014,-1.198,-0.028,0,0
0,1,0,0.332,-0.02,-0.61,0.031,0,0
0,0,1,-0.573,-0.027,0.503,-0.021,0,0
0,0,1,-0.189,-0.261,0.187,-0.051,0,0
0,1,0,0.272,0.186,-1.387,0.004,0,0
0,0,1,0.654,0.11,0.26,2.209,1,0
1,0,0,5.308,-0.008,8.259,3.57,3,1
0,1,0,-1.563,0.125,0.306,0.005,0,0
0,0,1,7.002,-0.126,4.563,0.156,2,1
0,0,1,8.369,0.262,3.249,-0.152,2,1
0,0,1,-0.649,0.247,0.567,0.175,0,0
0,1,0,1.483,10.365,18.475,0.03,2,1
1,0,0,-0.134,-0.08,0.262,0.056,0,0
0,0,1,11.78,0.741,6.436,0.087,2,1
0,1,0,5.594,2.242,15.667,-0.01,3,1
1,0,0,-0.446,-0.15,-0.045,-0.063,0,0
1,0,0,9.161,0.335,4.842,3.602,3,1
0,0,1,2.422,57.22,16.875,0.073,2,1
0,0,1,1.261,34.747,12.723,-0.087,2,1
0,0,1,4.644,-0.101,8.532,-0.243,2,1
1,0,0,0.251,0.235,-0.359,-0.1,0,0
1,0,0,-0.997,0.112,0.368,0.059,0,0
0,1,0,2.695,5.507,10.503,-0.121,3,1
0,0,1,-0.458,0.428,0.021,-0.012,0,0
0,1,0,4.325,0.23,6.942,3.386,3,1
1,0,0,0.143,-0.169,0.228,0.09,0,0
0,1,0,-0.056,0.499,0.011,0.124,0,0
1,0,0,0.637,0.187,-0.391,0.049,0,0
1,0,0,3.907,-0.636,5.238,4.559,3,1
0,0,1,-1.973,-0.059,0.056,-0.137,0,0
1,0,0,-0.604,-0.327,-0.002,0.102,0,0
0,1,0,0.393,0.163,-0.07,0.091,0,0
1,0,0,3.451,1.023,13.689,0.003,2,1
0,0,1,11.029,0.239,3.308,-0.035,2,1
0,0,1,-0.792,0.101,-0.02,0.026,0,0
1,0,0,-0.201,0.166,-0.221,-0.035,0,0
0,1,0,10.708,0.184,5.915,5.291,3,1
0,1,0,4.465,1.921,10.793,0.114,2,1
1,0,0,0.586,0.184,-0.34,-0.088,0,0
0,0,1,-0.397,0.28,0.302,0.085,0,0
0,1,0,0.262,-0.131,0.247,0.076,0,0
0,0,1,-0.17,0.221,0.056,0.254,0,0
0,1,0,1.434,0.028,-0.141,0.009,0,0
1,0,0,5.804,1.274,16.889,-0.061,2,1
0,1,0,0.802,-0.189,-0.9,0.099,0,0
0,0,1,7.633,-0.02,8.053,5.56,3,1
1,0,0,0.412,-0.154,-0.114,0.129,0,0
1,0,0,1.347,20.927,16.812,0.023,2,1
1,0,0,-0.805,0.07,-0.239,0.014,0,0
0,1,0,0.819,-0.164,0.322,0.121,0,0
0,0,1,5.815,0.203,7.737,-0.304,2,1
0,1,0,4.935,8.084,9.062,-0.044,3,1
0,0,1,-2.313,-0.121,0.127,-0.031,0,0
1,0,0,5.162,1.362,11.871,-0.154,2,1
0,1,0,11.073,0.038,3.823,0.069,2,1
1,0,0,-0.783,-0.118,-0.627,0.076,0,0
0,0,1,-0.157,-0.161,-0.272,0.039,0,0
1,0,0,6.432,-0.235,4.358,-0.094,2,1
1,0,0,0.594,0.269,0.538,-0.217,0,0
0,0,1,7.021,0.349,5.678,4.732,3,1
0,1,0,0.559,-0.251,-1.065,-0.261,0,0
0,0,1,-0.521,0.392,-0.4,-0.143,0,0
0,0,1,2.566,51.98,12.046,0.046,3,1
1,0,0,4.292,1.608,11.316,0.149,2,1
0,0,1,-0.443,-0.021,-0.177,-0.068,0,0
0,0,1,4.402,1.234,12.14,-0.038,2,1
1,0,0,-1.491,0.402,-0.412,0.051,0,0
1,0,0,3.444,1.266,11.268,0.128,2,1
1,0,0,0.388,-0.308,0.522,-0.086,0,0
1,0,0,0.09,-0.165,-0.43,0.11,0,0
0,1,0,2.762,10.928,10.936,-0.182,3,1
0,0,1,0.569,-0.092,1.294,2.561,1,0
0,1,0,0.904,-0.002,0.41,0.054,0,0
0,1,0,1.96,13.959,7.706,-0.019,2,1
0,1,0,9.817,0.151,7.679,2.585,3,1
1,0,0,6.649,-0.225,3.74,0.115,2,1
0,1,0,-0.053,0.156,-0.005,-0.043,0,0
0,1,0,-1.009,0.178,0.21,0.154,0,0
0,0,1,-1.758,0.138,0.25,0.23,0,0
0,0,1,0.381,-0.185,0.149,-0.181,0,0
0,1,0,-0.451,-0.433,1.489,-0.093,0,0
0,0,1,0.714,-0.253,-0.268,-0.128,0,0
1,0,0,0.284,-0.059,-0.358,-0.248,0,0
0,1,0,0.816,0.234,0.191,0.002,0,0
0,0,1,-1.779,0.265,0.387,0.053,0,0
0,0,1,5.578,0.123,5.632,0.067,2,1
0,1,0,-0.275,-0.417,0.132,-0.056,0,0
0,0,1,6.715,0.129,3.071,0.008,2,1
0,0,1,5.031,-0.162,3.888,-0.029,2,1
0,1,0,5.672,-0.153,5.72,-0.011,2,1
0,1,0,2.608,6.544,14.299,-0.014,3,1
0,0,1,1.544,0.063,-0.4,-0.15,0,0
1,0,0,-0.126,-0.14,-0.357,-0.049,0,0
0,1,0,-1.84,0.069,1.273,-0.07,0,0
1,0,0,4.457,1.243,14.415,-0.004,2,1
0,0,1,-0.578,-0.345,-0.4,0.039,0,0
0,0,1,7.569,0.138,11.045,-0.4,2,1
1,0,0,-0.297,0.068,-0.262,-0.008,0,0
0,1,0,3.232,1.479,17.563,-0.049,2,1
1,0,0,-0.246,0.332,-0.158,-0.023,0,0
0,0,1,0.635,-0.585,1.408,0.076,0,0
0,0,1,4.583,30.798,7.879,0.013,3,1
1,0,0,0.148,0.362,-0.627,-0.121,0,0
0,0,1,-0.024,0.665,0.134,0.145,0,0
0,1,0,-0.48,-0.203,0.461,0.042,0,0
1,0,0,-0.894,0.194,0.068,-0.017,0,0
0,1,0,0.873,-0.571,-0.334,0.146,0,0
1,0,0,-1.196,0.35,-0.342,-0.042,0,0
0,1,0,4.649,1.069,17.658,-0.053,2,1
1,0,0,0.16,-0.087,-0.303,0.135,0,0
0,1,0,3.563,-0.567,1.127,2.844,2,0
0,1,0,6.234,0.4,3.534,0.034,2,1
0,1,0,2.621,9.739,14.117,-0.053,3,1
0,0,1,0.197,-0.17,-0.225,-0.018,0,0
0,1,0,-0.9,-0.006,0.583,-0.141,0,0
0,0,1,5.445,-0.047,4.696,3.838,3,1
1,0,0,0.392,-0.058,-0.431,0.119,0,0
0,1,0,4.401,11.932,11.016,-0.035,3,1
1,0,0,0.214,0.266,0.132,0.082,0,0
0,1,0,0.846,0.108,0.312,-0.096,0,0
0,0,1,0.004,-0.228,0.175,-0.089,0,0
0,0,1,0.513,-0.642,0.399,-0.062,0,0
0,0,1,0.13,-0.34,-0.287,0.051,0,0
0,1,0,0.023,0.146,0.577,-0.064,0,0
0,1,0,2.554,-0.223,1.12,-0.205,1,0
0,1,0,-0.56,0.131,0.051,-0.008,0,0
0,1,0,8.799,-0.015,4.521,4.142,3,1
1,0,0,-0.465,0.185,-0.154,0.243,0,0
0,0,1,4.904,0.195,6.268,2.578,3,1
0,1,0,1.529,0.086,-0.343,0.039,0,0
1,0,0,7.485,-0.219,4.557,3.442,3,1
1,0,0,1.117,0.688,-0.028,-0.083,0,0
0,0,1,0.301,-0.137,0.222,0.029,0,0
0,1,0,7.964,-0.312,3.949,4.752,3,1
0,1,0,3.688,13.217,18.354,-0.036,3,1
0,1,0,0.035,0.052,0.031,0.077,0,0
0,0,1,-1.234,-0.128,-0.4,0.11,0,0
0,0,1,-0.56,0.023,-0.4,-0.128,0,0
0,1,0,0.287,-0.003,-0.051,0.013,0,0
0,1,0,4.957,-0.142,3.951,3.651,3,1
0,1,0,0.025,-0.042,0.146,0.005,0,0
0,1,0,4.112,1.254,14.078,-0.063,2,1
1,0,0,-0.603,-0.124,-0.343,-0.149,0,0
1,0,0,3.544,19.136,8.703,-0.03,3,1
0,0,1,2.921,0.113,0.86,2.21,2,0
0,0,1,-1.054,-0.101,0.489,0.108,0,0
0,1,0,0.554,-0.383,0.196,0.018,0,0
0,1,0,1.221,-0.05,-0.663,0.044,0,0
0,1,0,-0.637,-0.004,-0.378,-0.075,0,0
0,1,0,4.279,1.293,16.659,0.131,2,1
0,1,0,5.601,1.553,10.498,0.039,2,1
1,0,0,0.183,0.157,0.135,0.065,0,0
0,0,1,-1.298,0.334,0.139,0.024,0,0
0,1,0,2.036,-0.233,1.25,2.39,1,0
1,0,0,6.483,0.053,6.94,3.522,3,1
1,0,0,-0.165,0.214,0.05,0.129,0,0
1,0,0,1.078,0.224,-0.197,-0.08,0,0
0,1,0,-0.644,0.295,0.025,-0.062,0,0
0,1,0,8.629,0.064,6.337,3.552,3,1
1,0,0,-0.592,0.008,0.643,-0.054,0,0
0,0,1,3.326,59.634,18.759,0.057,3,1
0,0,1,2.196,0.585,0.053,-0.074,0,0
0,1,0,0.552,-0.076,-0.805,-0.085,0,0
0,0,1,-0.073,-0.557,0.245,0.007,0,0
0,0,1,4.191,-0.241,7.32,5.925,3,1
1,0,0,1.103,0.232,0.095,0.017,0,0
0,0,1,-1.817,-0.282,-0.321,-0.012,0,0
0,1,0,-0.258,-0.003,0.209,-0.023,0,0
1,0,0,0.165,-0.068,0.279,-0.073,0,0
1,0,0,-0.681,0.197,0.608,0.062,0,0
0,0,1,-1.239,-0.05,-0.191,0.135,0,0
0,1,0,0.702,-0.311,0.252,0.125,0,0
1,0,0,5.376,0.026,6.701,-0.11,2,1
0,0,1,1.387,0.338,-0.17,-0.047,0,0
0,1,0,2.403,14.739,13,-0.068,2,1
1,0,0,-0.542,0.187,0.53,0.128,0,0
1,0,0,3.786,0.733,12.572,-0.155,2,1
0,1,0,9.158,0.242,2.924,0.057,2,1
1,0,0,-0.897,-0.283,0.355,0.023,0,0
0,1,0,7.448,0.322,4.903,4.523,3,1
1,0,0,-0.593,-0.372,-0.182,0.002,0,0
0,1,0,2.263,0.153,-0.726,-0.051,0,0
0,1,0,5.106,0.258,7.079,5.174,3,1
0,0,1,0.297,-0.201,0.063,0.019,0,0
1,0,0,3.53,0.944,9.674,0.09,2,1
1,0,0,1.545,-0.137,0.108,0.051,0,0
1,0,0,-0.15,-0.268,0.182,-0.017,0,0
0,0,1,-0.464,-0.247,0.49,0.034,0,0
0,0,1,6.958,-0.542,6.528,-0.24,2,1
0,0,1,-0.935,-0.204,-0.4,0.053,0,0
1,0,0,0.043,0.085,0.711,0,0,0
0,0,1,0.417,0.082,0.441,-0.032,0,0
1,0,0,2.294,-0.01,-0.19,-0.009,0,0
1,0,0,-0.1,-0.123,0.405,-0.026,0,0
0,0,1,8.254,-0.176,4.677,0.006,2,1
0,1,0,6.18,-0.122,7.459,3.256,3,1
1,0,0,9.399,0.195,8.278,3.927,3,1
1,0,0,-0.985,0.008,-0.585,0.04,0,0
1,0,0,0.89,-0.102,-0.8,0.153,0,0
0,0,1,0.805,0.602,0.868,0.04,0,0
1,0,0,5.047,0.992,16.057,0.081,2,1
0,0,1,-0.932,-0.264,-0.254,0.005,0,0
0,1,0,6.16,0.375,8.664,3.558,3,1
0,1,0,0.351,0.084,0.705,0.106,0,0
0,0,1,0.668,-0.277,0.311,0.107,0,0
0,1,0,0.294,-0.159,-0.031,0.096,0,0
0,0,1,0.168,0.059,0.032,0.101,0,0
1,0,0,6.176,-0.36,9.771,-0.345,2,1
1,0,0,7.227,0.232,7.229,5.022,3,1
1,0,0,0.047,-0.105,0.517,2.08,1,0
0,0,1,-0.835,0.274,-0.102,0.044,0,0
0,1,0,-0.627,0.169,-0.874,-0.123,0,0
0,0,1,0.403,0.195,0.234,-0.002,0,0
1,0,0,-2.08,-0.288,0.085,-0.121,0,0
0,1,0,-0.864,-0.165,0.077,0.012,0,0
0,0,1,-0.934,-0.125,0.552,-0.01,0,0
1,0,0,4.814,0.472,5.494,-0.266,2,1
0,0,1,-0.54,0.312,-0.4,0.023,0,0
0,1,0,3.126,7.243,13.208,0.074,3,1
0,0,1,0.145,0.125,-0.232,-0.047,0,0
0,0,1,-0.314,-0.438,0.626,0.069,0,0
1,0,0,4.403,-0.276,8.929,-0.167,2,1
0,1,0,0.02,0.011,-0.157,-0.021,0,0
0,0,1,-0.4,0.175,0.516,0.037,0,0
0,0,1,0.851,-0.073,0.591,-0.017,0,0
0,0,1,4.118,1.176,16.458,-0.048,2,1
0,0,1,-1.845,0.304,0.537,0.018,0,0
1,0,0,-0.884,-0.048,-0.162,0.168,0,0
0,1,0,5.087,7.712,15.597,0.04,3,1
1,0,0,-0.213,-0.164,0.363,2.437,1,0
0,1,0,0.086,-0.075,-0.391,-0.021,0,0
1,0,0,1.543,-0.379,0.514,2.977,1,0
0,1,0,12.88,0.263,6.12,0.073,2,1
0,0,1,0.231,-0.087,0.205,0.055,0,0
0,0,1,-2.123,-0.448,-0.4,-0.008,0,0
0,1,0,5.495,-0.171,9.569,-0.167,2,1
0,0,1,-0.983,0.27,0.033,-0.089,0,0
0,0,1,0.79,-0.238,-0.4,-0.059,0,0
1,0,0,-0.725,-0.448,-0.8,0.044,0,0
0,1,0,-0.415,-0.076,-0.54,-0.025,0,0
0,1,0,0.535,-0.035,0.957,2.874,1,0
1,0,0,2.729,1.28,18.384,-0.113,2,1
1,0,0,2.197,-0.254,-0.132,0.07,0,0
0,0,1,6.036,0.137,11.152,-0.246,2,1
0,0,1,8.292,0.495,3.618,-0.072,2,1
0,0,1,-0.316,0.352,-0.079,0.128,0,0
0,0,1,1.082,0.335,0.055,-0.081,0,0
1,0,0,3.754,1.266,15.871,-0.058,2,1
0,0,1,6.845,-0.258,8.105,-0.346,2,1
0,0,1,0.609,-0.561,0.2,0.028,0,0
0,1,0,-0.123,0.306,1.064,0.053,0,0
0,0,1,0.211,-0.061,1.758,2.98,1,0
0,1,0,2.436,-0.474,0.161,-0.029,0,0
0,0,1,-0.164,0.185,-0.032,-0.012,0,0
0,1,0,0.464,-0.531,-0.287,-0.092,0,0
0,0,1,-1.762,0.031,-0.4,-0.066,0,0
0,0,1,1.59,68.9,14.281,-0.065,2,1
1,0,0,-0.371,-0.035,-0.317,0.091,0,0
0,0,1,0.471,0.141,0.915,-0.121,0,0
1,0,0,3.043,16.03,20.271,0.079,3,1
1,0,0,0.796,0.287,-0.428,-0.012,0,0
0,1,0,-0.2,-0.297,0.706,-0.122,0,0
0,0,1,1.773,1.337,11.069,-0.064,1,1
1,0,0,-1.698,-0.033,0.591,0.089,0,0
0,0,1,1.195,0.506,0.297,2.743,1,0
1,0,0,0.335,0.091,-0.074,0.004,0,0
0,0,1,1.129,-0.133,0.398,0.006,0,0
0,0,1,-0.691,-0.653,-0.4,0,0,0
0,1,0,0.174,0.379,0.478,0.009,0,0
1,0,0,1.597,0.074,0.126,-0.071,0,0
0,0,1,1.491,-0.173,0.223,-0.024,0,0
0,1,0,2.458,0.25,0.37,-0.011,0,0
0,0,1,0.776,0.518,0.748,-0.028,0,0
1,0,0,7.22,1.794,14.981,-0.034,2,1
0,1,0,2.23,0.203,-0.475,-0.065,0,0
0,1,0,0.402,-0.09,0.45,-0.072,0,0
1,0,0,1.086,0.471,-0.8,-0.147,0,0
1,0,0,6.425,0.106,4.958,4.817,3,1
1,0,0,0.528,0.479,1.012,0.116,0,0
1,0,0,-1.549,-0.305,0.186,0.004,0,0
1,0,0,0.912,0.145,-0.8,-0.096,0,0
1,0,0,-0.122,-0.667,-0.021,-0.074,0,0
0,1,0,0.667,-0.058,-0.424,-0.094,0,0
0,0,1,9.805,0.39,5.896,0.021,2,1
0,1,0,5.485,0.171,6.116,4.855,3,1
0,0,1,0.38,-0.216,0.247,0.075,0,0
0,0,1,-0.613,0.238,-0.4,-0.036,0,0
1,0,0,7.123,0.062,8.481,-0.289,2,1
0,0,1,6.178,-0.032,6.067,4.86,3,1
0,0,1,-0.295,-0.07,0.207,-0.044,0,0
1,0,0,-0.114,0.169,0.351,0.033,0,0
0,1,0,-0.041,0.018,0.579,0.052,0,0
0,0,1,-0.881,0.325,0.205,0.002,0,0
0,1,0,-0.495,0.231,-0.305,-0.056,0,0
1,0,0,1.867,0.088,-0.06,-0.025,0,0
0,1,0,-1.116,0.542,-0.406,0.009,0,0
0,0,1,8.573,0.312,5.192,-0.079,2,1
1,0,0,4.337,32.495,10.139,-0.083,3,1
1,0,0,1.227,0.048,0.088,0.06,0,0
1,0,0,1.226,0.734,-0.083,-0.012,0,0
1,0,0,6.831,-0.05,5.692,5.962,3,1
1,0,0,2.182,1.249,14.657,0.053,1,1
0,0,1,-0.655,-0.054,0.05,-0.017,0,0
1,0,0,3.635,0.243,4.247,5.758,3,1
1,0,0,-1.026,-0.456,0.29,-0.054,0,0
0,0,1,0.307,0.345,-0.244,-0.074,0,0
0,0,1,1.582,-0.186,0.449,0.047,0,0
0,0,1,-0.975,0.183,-0.4,-0.131,0,0
0,1,0,1.838,1.795,15.376,0.05,1,1
1,0,0,-0.776,0.255,-0.192,-0.087,0,0
0,1,0,2.396,1.363,9.077,-0.124,1,1
0,1,0,0.035,0.171,-1.246,0.016,0,0
0,1,0,1.885,0.213,0.763,-0.1,0,0
0,1,0,1.481,0.182,-1.21,0.035,0,0
0,0,1,0.004,-0.115,0.877,-0.008,0,0
0,0,1,-0.386,-0.114,-0.4,-0.018,0,0
0,0,1,0.086,0.21,0.226,0.037,0,0
0,1,0,7.206,0.4,5.818,0.052,2,1
1,0,0,-0.853,-0.133,0.561,0.04,0,0
1,0,0,0.776,0.291,-0.616,-0.031,0,0
1,0,0,9.223,0.146,2.141,0.15,2,1
0,1,0,2.598,1.486,14.93,-0.029,2,1
1,0,0,-0.186,-0.077,-0.004,0.014,0,0
0,0,1,1.862,-0.112,1.704,3.308,1,0
0,0,1,-0.162,-0.185,0.085,-0.022,0,0
0,1,0,3.257,12.235,9.125,-0.097,3,1
1,0,0,-0.251,0.076,-0.021,0.008,0,0
0,1,0,0.691,0.62,0.149,0.103,0,0
0,0,1,0.571,0.113,-0.4,-0.013,0,0
1,0,0,6.385,0.256,5.494,3.22,3,1
0,1,0,0.353,0.048,-0.792,-0.186,0,0
0,0,1,-1.098,-0.163,0.129,-0.024,0,0
1,0,0,0.029,0.096,-0.003,0.037,0,0
0,1,0,0.018,-0.041,-0.923,-0.058,0,0
1,0,0,0.311,-0.291,-0.628,-0.006,0,0
0,1,0,0.79,0.257,-0.085,-0.012,0,0
0,0,1,-0.655,0.09,-0.4,0.085,0,0
1,0,0,-0.6,0.157,0.136,-0.095,0,0
1,0,0,0.472,-0.153,-0.353,0.043,0,0
0,1,0,1.538,1.813,13.568,0.101,1,1
0,0,1,-1.78,0.426,-0.4,0.057,0,0
0,1,0,1.253,-0.207,0.209,0.026,0,0
0,1,0,-0.577,-0.392,-0.107,0.168,0,0
1,0,0,6.461,-0.222,5.897,2.605,3,1
1,0,0,0.727,0.069,0.353,0.114,0,0
1,0,0,6.716,-0.04,7.514,4.406,3,1
0,1,0,-0.41,0.488,-0.514,-0.086,0,0
0,0,1,1.934,62.547,15.418,0.067,2,1
0,0,1,8.127,-0.014,5.506,-0.057,2,1
0,1,0,-0.304,0.293,0.317,-0.06,0,0
0,0,1,0.954,0.078,-0.336,0.061,0,0
0,0,1,7.004,-0.375,6.222,5.52,3,1
0,1,0,4.213,-0.05,5.666,4.559,3,1
0,0,1,1.651,0.129,0.392,-0.039,0,0
1,0,0,-0.981,0.175,0.722,0.007,0,0
1,0,0,0.6,0.068,0.206,-0.006,0,0
0,1,0,5.659,1.27,10.254,-0.002,2,1
0,0,1,10.975,-0.667,4.399,0.116,2,1
0,0,1,0.299,0.019,1.021,-0.093,0,0
0,1,0,-1.679,-0.006,0.418,0.024,0,0
0,0,1,-0.985,-0.255,-0.4,-0.027,0,0
0,1,0,8.701,-0.288,5.21,4.06,3,1
1,0,0,0.958,0.122,0.743,-0.021,0,0
1,0,0,-0.841,0.187,0.323,0.064,0,0
1,0,0,0.409,-0.023,0.348,-0.122,0,0
0,0,1,3.091,0.71,11.527,0.024,2,1
0,1,0,-0.754,0.045,0.822,-0.032,0,0
1,0,0,8.384,0.06,5.053,5.646,3,1
1,0,0,-0.925,-0.096,-0.209,-0.063,0,0
1,0,0,-0.154,0.499,0.227,-0.014,0,0
0,1,0,3.748,13.854,7.929,-0.052,3,1
0,1,0,-1.248,0.027,-1.036,0.105,0,0
0,0,1,0.438,0.067,0.689,-0.173,0,0
0,0,1,1.166,0.181,0.324,-0.107,0,0
1,0,0,8.593,0.045,4.18,5.69,3,1
0,1,0,1.574,-0.103,0.197,0.1,0,0
0,0,1,-0.093,-0.23,0.336,0.019,0,0
0,0,1,0.601,0.055,-0.072,-0.081,0,0
1,0,0,7.094,-0.175,5.511,0.001,2,1
1,0,0,0.064,-0.416,-0.31,0.084,0,0
1,0,0,2.271,-0.618,1.295,2.443,1,0
0,0,1,5.91,-0.161,10.056,-0.238,2,1
0,0,1,0.157,0.15,0.265,-0.095,0,0
0,1,0,6.261,-0.258,9.926,-0.137,2,1
0,0,1,-0.565,-0.42,0.683,-0.03,0,0
1,0,0,-0.918,-0.195,-0.065,0.08,0,0
0,1,0,0.838,0.196,0.414,2.111,1,0
0,0,1,10.141,0.06,3.912,0.067,2,1
1,0,0,1.11,0.116,-0.76,0.02,0,0
0,1,0,-0.305,-0.033,0.148,-0.035,0,0
1,0,0,-0.746,0.261,-0.437,-0.083,0,0
0,0,1,9.852,0.061,7.905,4.59,3,1
1,0,0,2.38,25.173,15.688,-0.064,2,1
0,0,1,0.787,0.356,-0.245,0.121,0,0
0,1,0,0.326,-0.084,0.581,0.09,0,0
0,1,0,6.997,-0.029,2.207,0.034,2,1
0,0,1,-0.482,-0.042,0.132,0.042,0,0
0,0,1,11.201,0.002,3.938,2.899,3,1
0,1,0,2.33,0.019,0.412,-0.028,0,0
0,1,0,0.323,0.303,-0.053,0.008,0,0
0,1,0,0.363,-0.25,-0.197,-0.178,0,0
1,0,0,4.229,29.587,18.068,-0.026,3,1
0,0,1,2.941,52.921,9.633,-0.007,3,1
1,0,0,5.165,1.907,13.685,0.011,2,1
0,1,0,-1.222,0.18,0.134,-0.054,0,0
1,0,0,2.379,-0.163,0.323,0.071,0,0
0,0,1,9.146,0.002,3.409,0.066,2,1
0,0,1,-0.553,0.28,0.28,-0.293,0,0
0,0,1,11.404,-0.049,5.006,-0.05,2,1
0,0,1,1.145,0.458,-0.137,-0.004,0,0
0,0,1,5.307,1.331,12.103,0.079,2,1
0,0,1,2.052,-0.183,0.38,3.254,1,0
0,0,1,2.055,-0.231,-0.244,-0.088,0,0
0,1,0,3.763,14.043,18.779,-0.012,3,1
0,1,0,-0.23,-0.345,0.689,-0.04,0,0
0,0,1,-0.334,0.122,-0.011,0.07,0,0
1,0,0,12.497,-0.139,3.836,-0.05,2,1
1,0,0,5.913,-0.007,7.009,3.382,3,1
1,0,0,-0.628,0.078,0.445,-0.104,0,0
0,0,1,0.998,-0.282,-0.4,-0.142,0,0
0,1,0,8.479,0.304,7.268,3.042,3,1
0,0,1,-0.85,0,0.586,-0.11,0,0
0,0,1,0.201,36.546,15.415,-0.087,2,1
0,0,1,2.315,0.166,0.657,-0.1,0,0
0,0,1,5.856,-0.168,4.813,2.875,3,1
1,0,0,1.763,-0.004,-0.103,-0.1,0,0
1,0,0,-1.316,-0.024,0.092,0.059,0,0
0,1,0,-1.202,0.036,0.131,0.097,0,0
0,0,1,-1.485,0.375,0.093,-0.119,0,0
1,0,0,-0.688,0.083,-0.406,-0.036,0,0
0,0,1,0.289,-0.209,-0.4,-0.075,0,0
1,0,0,1.17,19.404,11.578,0.068,2,1
1,0,0,1.059,0,-0.433,-0.039,0,0
0,0,1,-2.441,0.235,0.535,0.027,0,0
1,0,0,-0.417,0.725,0.095,0.007,0,0
0,1,0,0.624,-0.127,0.358,-0.076,0,0
1,0,0,7.948,0.031,3.063,0.056,2,1
0,1,0,-0.317,-0.077,0.022,0.073,0,0
0,0,1,-1.287,0.023,0.445,0.091,0,0
1,0,0,0.575,-0.329,-0.8,0.011,0,0
1,0,0,8.289,-0.284,5.079,-0.137,2,1
0,1,0,-0.592,-0.257,0.619,0.007,0,0
1,0,0,7.119,-0.19,2.363,-0.043,2,1
0,0,1,2.004,0.175,-0.165,-0.015,0,0
1,0,0,4.193,-0.099,4.891,4.466,3,1
0,1,0,-1.279,0.365,0.728,0.099,0,0
0,1,0,-1.049,-0.322,0.407,0.03,0,0
0,1,0,5.477,0.165,6.804,3.9,3,1
1,0,0,2.541,-0.213,0.643,2.449,2,0
1,0,0,-1.091,0.113,1.035,-0.094,0,0
0,1,0,0.837,0.026,-0.331,-0.012,0,0
0,0,1,3.053,62.846,10.555,0.079,3,1
0,1,0,6.438,1.022,17.416,-0.04,2,1
0,1,0,4.28,1.088,12.773,0.01,2,1
0,1,0,2.201,0.593,0.364,0.07,0,0
0,0,1,5.027,1.612,16.635,-0.001,2,1
1,0,0,-2.455,0.519,0.117,0.049,0,0
1,0,0,0.911,0.083,0.166,0.039,0,0
0,1,0,0.758,-0.037,-0.274,0.004,0,0
0,1,0,-1.345,0.245,-0.573,0.001,0,0
1,0,0,-0.295,0.175,-0.8,-0.107,0,0
0,1,0,0.977,-0.085,0.526,0.062,0,0
0,0,1,-0.481,-0.122,-0.313,0.099,0,0
0,1,0,0.082,-0.058,0.265,-0.071,0,0
1,0,0,0.396,-0.268,0.713,0.012,0,0
0,0,1,1.291,-0.302,-0.276,0.096,0,0
0,1,0,1.712,0.006,0.21,3.14,1,0
1,0,0,-0.06,-0.156,0.388,-0.081,0,0
0,1,0,5.232,-0.042,5.988,5.94,3,1
0,0,1,-1.611,0.274,0.808,0.053,0,0
0,1,0,-0.493,-0.189,-0.213,-0.07,0,0
0,0,1,0.216,-0.152,-0.092,0.134,0,0
1,0,0,0.56,-0.175,0.641,0.027,0,0
0,0,1,-1.226,-0.078,0.044,0.093,0,0
0,1,0,3.977,0.952,13.643,-0.038,2,1
0,0,1,1.339,-0.012,0.319,-0.035,0,0
0,1,0,-2.606,-0.35,-0.624,0.052,0,0
1,0,0,-0.435,0.539,0.336,2.18,1,0
1,0,0,0.777,-0.013,0.906,0.214,0,0
0,1,0,9.322,-0.017,5.604,0.079,2,1
0,0,1,-0.408,0.156,0.357,0.011,0,0
1,0,0,-1.244,0.104,-0.283,-0.007,0,0
0,1,0,4.332,1.237,11.506,-0.142,2,1
0,0,1,1.088,0.367,1.495,0.044,0,0
1,0,0,-0.35,-0.071,-0.666,0.109,0,0
0,1,0,0.439,0.31,0.617,-0.003,0,0
0,1,0,0.562,0.157,-0.524,0.051,0,0
0,0,1,0.202,0.199,0.414,-0.033,0,0
0,1,0,3.485,13.739,15.832,-0.029,3,1
0,1,0,4.713,1.324,10.601,0.017,2,1
0,1,0,6.978,0.24,4.945,-0.047,2,1
1,0,0,3.413,15.139,18.358,-0.161,3,1
0,1,0,0.894,-0.071,-0.67,0.032,0,0
0,0,1,8.926,-0.3,6.335,3.187,3,1
0,1,0,4.413,6.679,17.472,-0.172,3,1
0,1,0,0.171,0.241,0.63,-0.045,0,0
0,1,0,-1.467,-0.094,0.391,-0.023,0,0
0,1,0,9.618,0.151,6.794,3.361,3,1
0,0,1,-0.485,0.115,-0.081,-0.049,0,0
0,1,0,0.414,0.139,-0.245,0.061,0,0
1,0,0,1.309,0.367,0.122,0.031,0,0
1,0,0,0.806,-0.106,-0.114,-0.164,0,0
0,0,1,-0.806,0.125,-0.033,0.03,0,0
0,1,0,8.725,0.345,5.251,3.881,3,1
0,0,1,0.293,-0.045,0.037,-0.149,0,0
0,0,1,0.445,0.151,-0.162,-0.06,0,0
1,0,0,5.928,-0.084,6.436,-0.241,2,1
0,1,0,0.194,0.593,0.565,0.012,0,0
0,1,0,5.797,-0.063,8.037,-0.25,2,1
1,0,0,0.945,0.02,0.849,-0.173,0,0
0,1,0,2.337,-0.057,-0.154,3.068,1,0
1,0,0,-0.26,0.018,0.266,0.024,0,0
0,1,0,-0.158,-0.472,0.19,0.099,0,0
0,0,1,0.984,0.085,-0.4,-0.005,0,0
0,1,0,-0.259,0.318,-0.719,0.114,0,0
0,0,1,0.05,0.016,0.522,-0.076,0,0
0,1,0,0.546,0.371,0.714,1.815,1,0
0,1,0,2.032,1.384,15.347,-0.003,1,1
0,0,1,3.767,60.567,15.019,0.034,3,1
0,0,1,-0.239,-0.429,1.203,2.567,1,0
0,1,0,8.071,0.097,5.308,3.053,3,1
1,0,0,11.987,-0.224,4.163,0.08,2,1
0,1,0,2.463,11.667,19.219,0.002,2,1
1,0,0,4.498,-0.132,5.974,4.087,3,1
0,0,1,10.152,-0.547,5.882,4.886,3,1
0,1,0,-1.745,-0.114,0.893,0.062,0,0
0,1,0,-0.537,-0.542,0.029,0.12,0,0
1,0,0,0.889,-0.062,0.583,0.029,0,0
1,0,0,-0.952,0.086,-0.765,0.192,0,0
1,0,0,-0.691,-0.082,0.29,0.09,0,0
1,0,0,1.197,-0.206,0.375,0.008,0,0
0,0,1,-0.053,0.086,-0.4,0.085,0,0
0,0,1,-0.364,-0.288,-0.4,0.054,0,0
1,0,0,8.382,0.045,4.999,5.799,3,1
0,0,1,7.042,-0.233,8.568,5.616,3,1
1,0,0,-0.419,-0.098,0.029,-0.191,0,0
1,0,0,-0.382,-0.223,0.153,-0.021,0,0
1,0,0,2.084,0.037,0.04,-0.027,0,0
1,0,0,2.048,-0.338,0.095,0.07,0,0
0,1,0,3.625,0.303,5.37,2.895,3,1
1,0,0,2.239,28.947,14,0.064,2,1
0,1,0,-0.421,-0.384,0.833,0.067,0,0
0,1,0,2.651,16.333,11.314,-0.069,3,1
0,0,1,0.471,-0.141,0.63,0.169,0,0
0,0,1,4.88,1.514,12.516,-0.042,2,1
1,0,0,0.666,-0.108,0.075,-0.083,0,0
0,1,0,2.64,0.964,11.838,0.019,2,1
1,0,0,5.504,-0.072,11.332,-0.182,2,1
0,1,0,0.077,0.011,-0.031,0.045,0,0
1,0,0,2.82,14.567,10.529,-0.03,3,1
0,1,0,2.964,1.089,11.795,0.038,2,1
1,0,0,5.686,1.519,16.702,-0.103,2,1
1,0,0,1.172,-0.232,1.676,1.969,1,0
0,1,0,-1.716,-0.319,-0.263,0.072,0,0
1,0,0,4.694,1.393,10.113,0.03,2,1
1,0,0,2.01,28.608,9.742,-0.013,2,1
1,0,0,0.096,0.23,0.634,0.225,0,0
0,0,1,-0.367,0.061,0.91,-0.02,0,0
0,0,1,0.621,-0.074,-0.313,-0.05,0,0
0,1,0,1.857,-0.036,1.268,3.139,1,0
1,0,0,2.92,1.588,12.661,-0.011,2,1
0,1,0,0.043,-0.013,-0.073,0.022,0,0
0,1,0,6.2,-0.221,10.361,-0.163,2,1
0,0,1,-1.527,-0.26,0.182,0.014,0,0
0,1,0,4.525,-0.394,3.915,2.907,3,1
0,1,0,0.065,-0.004,-0.73,-0.081,0,0
1,0,0,3.941,0.175,8.088,3.336,3,1
1,0,0,-3.005,-0.123,-0.167,0.057,0,0
0,1,0,-0.91,-0.353,-1.18,-0.029,0,0
0,1,0,0.729,-0.03,-0.531,-0.116,0,0
1,0,0,-0.458,-0.365,0.754,-0.051,0,0
1,0,0,1.023,0.034,0.234,-0.028,0,0
0,1,0,-0.16,-0.258,0.513,-0.147,0,0
1,0,0,-1.063,0.598,-0.761,-0.047,0,0
1,0,0,-2.143,-0.19,-0.121,-0.031,0,0
0,0,1,-1.172,-0.019,-0.4,-0.142,0,0
0,1,0,0.204,0.094,-0.482,-0.058,0,0
0,1,0,1.978,15.691,19.414,0.195,2,1
1,0,0,1.476,-0.207,-0.692,-0.109,0,0
1,0,0,1.989,0.366,-0.208,0.032,0,0
0,1,0,2.4,-0.186,0.794,2.826,1,0
1,0,0,11.251,-0.374,3.933,0.012,2,1
1,0,0,0.771,-0.095,0.192,0.056,0,0
1,0,0,-1.137,-0.212,-0.33,0.058,0,0
0,1,0,0.382,0.082,0.166,0.026,0,0
1,0,0,-0.356,0.019,0.324,0.071,0,0
0,1,0,-0.954,-0.042,0.253,-0.049,0,0
0,0,1,0.074,-0.08,-0.243,-0.149,0,0
1,0,0,-0.695,0.392,-0.289,-0.019,0,0
0,1,0,11.75,0.378,5.587,0.11,2,1
0,1,0,3.316,0.509,-0.725,0,1,0
1,0,0,1.032,13.396,17.092,-0.056,2,1
0,1,0,-0.329,-0.522,0.308,-0.107,0,0
0,0,1,5.788,1.196,10.775,0.021,2,1
0,0,1,4.216,0.207,6.305,3.698,3,1
0,0,1,-0.022,0.187,-0.4,-0.035,0,0
0,0,1,-0.144,0.066,-0.267,-0.243,0,0
0,0,1,-0.506,0.032,0.398,-0.085,0,0
0,1,0,1.113,-0.29,-0.369,0.041,0,0
1,0,0,12.399,-0.109,5.598,0.098,2,1
0,0,1,6.635,0.292,3.601,0.063,2,1
0,0,1,1.549,66.324,13.256,-0.051,2,1
1,0,0,7.506,-0.115,5.826,3.426,3,1
1,0,0,-2.403,-0.055,0.253,0.07,0,0
1,0,0,4.149,0.02,6.668,-0.154,2,1
0,1,0,-1.032,-0.407,0.742,0.158,0,0
1,0,0,0.931,0.227,1.283,2.054,1,0
0,1,0,1.612,0.343,0.28,-0.016,0,0
0,0,1,-0.56,0.077,-0.105,0.027,0,0
1,0,0,-0.728,-0.129,0.456,0.056,0,0
0,0,1,9.051,0.018,4.671,-0.001,2,1
0,0,1,2.225,-0.155,-0.4,0.004,0,0
0,0,1,0.088,-0.293,-0.2,0.089,0,0
0,0,1,1.299,-0.39,0.925,-0.019,0,0
0,1,0,-0.385,-0.141,0.299,0,0,0
1,0,0,-1.571,-0.069,-0.263,-0.071,0,0
0,0,1,1.302,0.221,-0.082,0.007,0,0
1,0,0,2.719,31.89,9.516,0.115,3,1
0,1,0,3.656,1.389,12.742,0.019,2,1
0,0,1,-1.368,0.493,0.109,-0.132,0,0
0,1,0,0.68,0.432,-0.796,0.029,0,0
0,0,1,-0.783,0.228,0.037,0.016,0,0
0,0,1,-0.174,-0.234,-0.224,0.08,0,0
1,0,0,3.358,1.572,16.887,0.074,2,1
0,0,1,6.573,-0.106,7.758,5.202,3,1
0,0,1,0.843,-0.154,0.91,2.289,1,0
0,1,0,-1.264,-0.088,0.487,0.018,0,0
1,0,0,1.874,31.958,12.015,0.14,2,1
0,0,1,7.842,-0.023,1.868,-0.001,1,1
1,0,0,3.633,18.917,17.367,-0.134,3,1
0,1,0,-2.077,0.167,0.791,0.01,0,0
0,0,1,2.555,1.306,10.369,-0.032,2,1
0,1,0,-1.267,0.11,0.181,-0.037,0,0
0,1,0,-0.598,-0.092,0.011,0.049,0,0
1,0,0,1.439,-0.571,0.016,-0.167,0,0
0,0,1,7.57,-0.005,7.795,5.419,3,1
0,0,1,2.528,45.934,13.881,-0.091,3,1
1,0,0,4.226,0.359,6.257,4.15,3,1
0,0,1,5.855,0.115,6.674,5.409,3,1
0,0,1,4.462,1.334,17.572,-0.037,2,1
1,0,0,2.794,1.778,13.565,0.004,2,1
0,0,1,6.56,-0.338,6.815,3.467,3,1
0,0,1,0.515,0.445,-0.373,-0.018,0,0
0,1,0,0.698,0.14,0.077,0.026,0,0
0,0,1,5.681,-0.273,3.186,-0.016,2,1
1,0,0,-0.028,-0.189,-0.035,0.074,0,0
0,0,1,0.497,-0.131,-0.146,0,0,0
1,0,0,1.647,-0.114,-0.397,-0.005,0,0
0,1,0,-0.521,0.331,0.5,-0.01,0,0
0,0,1,-2.193,-0.469,0.083,0.096,0,0
0,0,1,-0.914,0.022,0.228,0.061,0,0
1,0,0,-0.581,0.135,-0.033,-0.052,0,0
0,0,1,0.678,0.038,1.062,-0.13,0,0
0,1,0,1.074,-0.074,1.358,1.806,1,0
0,0,1,0.171,-0.261,0.325,-0.004,0,0
1,0,0,-1.542,0.169,0.059,0.013,0,0
0,1,0,1.978,-0.076,0.516,-0.013,0,0
0,1,0,5.548,0.094,7.824,-0.142,2,1
0,1,0,-1.009,-0.172,0.073,-0.177,0,0
1,0,0,1.375,0.213,0.603,0.017,0,0
0,0,1,1.578,-0.306,1.742,2.312,1,0
0,0,1,6.038,-0.06,5.345,5.525,3,1
0,1,0,5.695,1.483,11.689,-0.043,2,1
1,0,0,3.93,1.374,16.005,0.046,2,1
0,0,1,2.605,1.414,13.355,0.229,2,1
1,0,0,7.414,-0.226,6.799,-0.166,2,1
1,0,0,14.356,0.176,4.476,-0.059,2,1
0,0,1,0.612,0.117,2.631,2.693,2,0
1,0,0,6.978,-0.321,3.263,0.046,2,1
1,0,0,8.769,0.453,6.588,4.163,3,1
0,1,0,0.342,0.306,-0.64,0.121,0,0
1,0,0,0.105,0.149,-0.8,0.088,0,0
1,0,0,-0.255,0.368,-0.394,0.026,0,0
0,1,0,1.32,-0.352,0.211,0.021,0,0
1,0,0,-0.121,0.496,-0.232,0.114,0,0
0,1,0,7.749,-0.184,3.99,0.113,2,1
1,0,0,3.4,31.767,8.842,0.011,3,1
0,0,1,4.453,1.203,13.336,-0.097,2,1
1,0,0,5.166,0.005,6.219,-0.344,2,1
1,0,0,-0.564,-0.093,-0.252,-0.098,0,0
1,0,0,5.619,-0.219,11.874,-0.234,2,1
0,0,1,-1.487,-0.118,0.374,0.063,0,0
1,0,0,6.416,1.626,10.253,-0.005,2,1
1,0,0,-0.684,0.305,0.311,0.008,0,0
0,0,1,-0.381,-0.107,-0.304,-0.016,0,0
0,0,1,0.546,0.052,0.124,0.131,0,0
0,0,1,-0.294,0.524,-0.012,2.627,1,0
1,0,0,0.369,0.358,-0.8,0.111,0,0
0,1,0,-0.697,0.129,0.435,0.01,0,0
0,0,1,2.731,1.456,9.92,0.06,2,1
0,1,0,0.664,0.161,1.059,3.31,1,0
1,0,0,2.205,0.995,12.265,-0.099,1,1
0,1,0,-1.292,0.317,0.452,-0.017,0,0
1,0,0,-2.482,0.209,-0.197,-0.042,0,0
0,1,0,0.39,0.135,-0.147,0.04,0,0
0,1,0,0.322,-0.43,0.346,-0.097,0,0
0,0,1,5.837,-0.245,6.834,5.871,3,1
0,0,1,2.099,0.154,0.586,2.904,1,0
1,0,0,2.255,18.179,15.926,-0.014,2,1
1,0,0,-0.711,0.109,-0.232,0.078,0,0
0,1,0,4.878,1.765,17.069,-0.06,2,1
0,0,1,1.017,-0.003,-0.1,0.003,0,0
0,0,1,0.945,-0.03,0.06,-0.023,0,0
0,1,0,8.232,-0.077,5.254,0.058,2,1
0,1,0,-0.891,-0.062,-0.193,0.171,0,0
1,0,0,0.465,-0.2,-0.392,0.015,0,0
0,0,1,6.923,0.286,6.11,4.3,3,1
1,0,0,6.694,0.05,3.38,-0.014,2,1
1,0,0,0.214,11.454,9.739,0.075,2,1
0,0,1,-0.607,-0.069,0.454,0.051,0,0
0,1,0,0.108,-0.182,0.7,-0.003,0,0
0,1,0,8.742,0.121,7.747,5.054,3,1
1,0,0,7.05,0.01,5.037,-0.021,2,1
0,0,1,-1.074,-0.174,0.525,0.102,0,0
0,1,0,-0.176,-0.557,0.505,0.001,0,0
1,0,0,6.389,-0.242,11.29,-0.134,2,1
0,0,1,-0.315,-0.037,-0.4,0.037,0,0
0,0,1,0.882,-0.143,-0.4,0.058,0,0
1,0,0,2.092,24.792,11.589,0.144,2,1
0,1,0,0.379,0.051,-0.641,0.149,0,0
0,0,1,-0.385,-0.157,0.15,0.018,0,0
1,0,0,-0.232,-0.437,0.602,-0.005,0,0
0,0,1,-2.024,-0.302,-0.4,0.216,0,0
0,0,1,2.345,0.225,0.697,2.113,1,0
0,1,0,3.117,10.015,9.176,-0.06,3,1
0,0,1,-0.857,0.381,-0.217,-0.051,0,0
0,0,1,7.386,0.562,4.262,4.28,3,1
1,0,0,2.126,1.231,13.323,-0.019,1,1
0,0,1,-0.085,-0.139,-0.4,0.071,0,0
1,0,0,1.234,0.16,-0.172,0.048,0,0
1,0,0,0.817,-0.372,-0.559,-0.031,0,0
0,1,0,1.307,0.076,0.049,0.15,0,0
0,0,1,1.562,-0.286,0.108,-0.15,0,0
0,1,0,-0.573,-0.142,0.808,-0.124,0,0
0,1,0,0.351,0.017,0.507,0.111,0,0
1,0,0,4.239,22.577,7.932,-0.025,3,1
1,0,0,0.003,-0.085,0.186,-0.037,0,0
0,1,0,1.374,0.147,-0.713,0.085,0,0
1,0,0,9.788,-0.27,3.341,0.011,2,1
0,0,1,3.692,0.153,4.79,5.575,3,1
1,0,0,-0.888,-0.114,-0.71,0.06,0,0
0,0,1,0.363,-0.225,-0.4,-0.029,0,0
0,1,0,7.858,0.106,3.092,0.053,2,1
0,0,1,2.156,-0.071,-0.115,-0.017,0,0
0,1,0,7.212,0.497,10.095,-0.193,2,1
0,1,0,5.957,0.206,5.402,4.286,3,1
0,0,1,0.807,-0.192,0.428,3.412,1,0
0,0,1,2.115,-0.095,0.113,-0.042,0,0
0,0,1,0.685,0.173,0.074,0.131,0,0
0,1,0,-0.833,0.067,0.527,-0.004,0,0
1,0,0,-0.59,0.199,-0.328,0.014,0,0
1,0,0,-0.2,0.126,-0.13,0.215,0,0
0,1,0,4.961,6.366,14.56,0.112,3,1
1,0,0,-0.289,-0.285,0.139,-0.077,0,0
0,1,0,3.7,1.927,12.258,0.009,2,1
0,1,0,9.821,-0.046,3.011,-0.08,2,1
1,0,0,-0.777,-0.465,-0.493,0.116,0,0
0,0,1,-0.57,0.173,-0.4,0.052,0,0
0,0,1,-2.124,-0.344,-0.4,0.006,0,0
0,1,0,5.083,1.286,15.745,-0.056,2,1
0,1,0,0.724,0.786,0.063,-0.087,0,0
0,1,0,-1.53,-0.199,0.27,0.013,0,0
0,0,1,3.185,0,1.806,2.368,2,0
0,0,1,1.571,-0.171,1.459,-0.021,0,0
0,1,0,3.841,9.506,10.858,-0.034,3,1
1,0,0,6.31,-0.124,2.674,-0.051,2,1
0,1,0,0.175,-0.301,0.992,0.117,0,0
0,0,1,0.443,0.293,0.096,0.106,0,0
0,0,1,0.31,-0.074,-0.4,0.121,0,0
1,0,0,-0.089,0.241,-0.28,0.032,0,0
0,0,1,-0.551,-0.371,-0.108,0.1,0,0
0,1,0,4,0.639,3.463,-0.071,2,1
0,1,0,3.711,1.612,16.082,-0.123,2,1
0,1,0,-0.953,-0.391,0.952,0.018,0,0
0,1,0,-1.021,0.557,0.248,-0.035,0,0
0,0,1,4.447,1.054,13.77,-0.045,2,1
1,0,0,1.51,-0.271,0.067,-0.076,0,0
1,0,0,3.572,23.47,12.68,0.015,3,1
1,0,0,1.232,23.863,15.366,0.127,2,1
0,0,1,5.385,-0.287,4.842,-0.035,2,1
1,0,0,-0.887,-0.11,-0.149,0.187,0,0
0,1,0,0.85,-0.029,0.387,0.06,0,0
0,1,0,-1.207,-0.087,-0.164,-0.105,0,0
0,1,0,-0.331,-0.081,0.521,0.019,0,0
0,1,0,0.364,0.104,0.213,-0.047,0,0
0,1,0,4.973,1.305,12.824,-0.162,2,1
0,0,1,-1.49,-0.142,-0.4,0.154,0,0
0,1,0,3.267,1.438,11.75,0.018,2,1
0,0,1,-2.674,-0.028,0.011,0.043,0,0
1,0,0,0.149,-0.164,-0.64,-0.169,0,0
0,0,1,-0.355,0.216,0.262,-0.036,0,0
0,1,0,-0.906,0.08,-0.122,0.004,0,0
0,0,1,-2.181,0.368,-0.4,-0.076,0,0
0,0,1,5.586,-0.385,5.892,5.807,3,1
0,1,0,9.218,-0.641,2.831,0.03,2,1
0,1,0,2.185,-0.072,1.603,2.211,1,0
1,0,0,0.362,-0.469,-0.662,0.151,0,0
1,0,0,-0.683,0.155,-0.007,-0.072,0,0
1,0,0,6.379,0.221,5.992,3.374,3,1
1,0,0,5.676,21.222,17.019,0.027,3,1
1,0,0,8.061,-0.193,4.878,5.623,3,1
1,0,0,6.701,0.136,7.015,5.151,3,1
1,0,0,-1.075,0.275,0.279,-0.051,0,0
0,1,0,0.32,0.134,0.125,0.094,0,0
1,0,0,5.233,0.117,4.662,3.934,3,1
1,0,0,3.114,0.76,16.423,-0.048,2,1
0,1,0,-0.013,-0.257,-0.15,-0.179,0,0
1,0,0,6.685,0.237,5.935,4.621,3,1
1,0,0,5.753,0.202,4.755,2.535,3,1
0,0,1,-0.947,-0.369,-0.161,-0.173,0,0
0,0,1,0.086,-0.271,0.14,0.068,0,0
0,0,1,-0.229,-0.081,-0.141,-0.123,0,0
1,0,0,4.868,0.998,16.617,-0.003,2,1
0,0,1,0.83,0.11,0.202,-0.136,0,0
0,0,1,6.373,-0.072,4.741,5.046,3,1
0,1,0,-0.771,-0.252,0.263,0.052,0,0
1,0,0,3.83,1.548,12.954,0.111,2,1
1,0,0,-1.112,-0.177,-0.026,-0.098,0,0
1,0,0,9.755,-0.061,3.684,-0.031,2,1
0,0,1,-0.705,0.112,0.642,-0.046,0,0
0,1,0,0.736,-0.319,-0.189,-0.046,0,0
0,1,0,-0.101,-0.33,-0.547,-0.083,0,0
1,0,0,0.565,-0.206,0.258,0.012,0,0
0,0,1,4.75,1.903,17.709,0.011,2,1
1,0,0,6.702,-0.291,4.163,-0.276,2,1
0,0,1,1.171,0.245,0.836,2,1,0
0,1,0,0.199,-0.004,-0.465,-0.123,0,0
1,0,0,1.302,-0.157,-0.8,-0.024,0,0
1,0,0,2.037,-0.377,-0.548,0.039,0,0
0,1,0,0.806,-0.148,0.243,-0.038,0,0
0,0,1,2.476,44.318,14.01,0.014,2,1
0,1,0,0.117,-0.095,-0.189,0,0,0
0,1,0,0.547,0.192,-0.559,0.082,0,0
1,0,0,-0.382,0.31,-0.315,0.004,0,0
1,0,0,4.378,0.242,7.688,-0.164,2,1
1,0,0,2.065,-0.364,-0.8,-0.056,0,0
0,1,0,7.264,-0.268,3.703,-0.02,2,1
0,0,1,-0.462,0.249,0.1,-0.155,0,0
0,1,0,8.685,-0.046,1.685,0.181,1,1
0,0,1,-1.314,-0.086,-0.4,0.005,0,0
0,1,0,0.379,-0.159,-0.507,0.027,0,0
0,0,1,1.235,-0.158,0.234,-0.289,0,0
0,1,0,0.637,0.061,0.872,0.074,0,0
0,1,0,7.599,-0.054,3.361,-0.027,2,1
1,0,0,-1.361,-0.402,-0.408,-0.053,0,0
1,0,0,3.615,0.208,7.871,5.245,3,1
0,1,0,0.235,0.05,0.584,-0.15,0,0
0,0,1,0.328,0.028,-0.209,0.047,0,0
0,1,0,-0.53,0.183,-0.36,0.043,0,0
1,0,0,-0.391,0.001,0.841,0.003,0,0
0,1,0,1.061,15.879,10.025,-0.022,2,1
0,1,0,8.742,-0.667,12.206,-0.367,2,1
1,0,0,-2.524,-0.302,-0.347,-0.003,0,0
0,1,0,8.815,-0.225,4.278,5.402,3,1
0,0,1,0.611,0.251,0.008,-0.022,0,0
0,0,1,0.383,0.281,-0.4,-0.008,0,0
1,0,0,7.223,0.175,1.958,-0.128,1,1
1,0,0,5.267,0.007,10.611,-0.104,2,1
0,1,0,-0.719,-0.042,-0.109,-0.081,0,0
0,1,0,7.199,0.018,5.627,-0.104,2,1
0,0,1,0.101,-0.148,0.304,-0.144,0,0
0,0,1,-2.453,0.434,-0.224,0.09,0,0
1,0,0,0.034,0.079,-0.8,0.011,0,0
0,1,0,0.182,-0.145,-0.028,-0.101,0,0
0,0,1,0.005,-0.44,0.189,-0.048,0,0
1,0,0,-1.655,-0.215,0.466,0.021,0,0
1,0,0,4.836,-0.068,8.703,-0.152,2,1
0,1,0,-0.011,0.027,-0.182,-0.024,0,0
1,0,0,-0.195,-0.037,-0.214,-0.031,0,0
1,0,0,-0.811,0.617,-0.256,0.001,0,0
0,0,1,8.16,0.187,4.112,-0.015,2,1
1,0,0,2.666,27.803,12.432,0.005,3,1
0,0,1,2.412,0.973,14.453,0.03,1,1
0,1,0,0.708,-0.4,-0.352,-0.132,0,0
0,1,0,8.89,0.094,3.945,4.516,3,1
0,0,1,8.79,-0.451,6.672,5.26,3,1
0,0,1,-2.233,0.037,0.941,-0.018,0,0
0,0,1,3.787,1.016,16.685,-0.049,2,1
0,1,0,-1.07,-0.228,-0.075,-0.034,0,0
0,1,0,0.43,0.057,-0.185,-0.054,0,0
1,0,0,1.74,-0.44,0.145,-0.017,0,0
1,0,0,0.249,0.117,-0.623,-0.112,0,0
0,0,1,0.864,0.071,0.439,-0.072,0,0
0,0,1,0.459,-0.103,-0.4,-0.028,0,0
1,0,0,10.785,-0.162,1.914,0.231,1,1
0,1,0,2.823,6.1,19.219,0.015,3,1
0,0,1,-0.086,-0.234,-0.29,0.052,0,0
1,0,0,-0.346,-0.41,-0.475,0.04,0,0
1,0,0,2.432,16.167,12.563,-0.133,2,1
1,0,0,0.73,0.045,0.351,-0.039,0,0
0,1,0,0.166,-0.103,0.333,-0.065,0,0
1,0,0,4.648,17.867,14.538,-0.088,3,1
0,1,0,-0.275,-0.275,-0.145,0.04,0,0
0,0,1,-1.14,0.099,-0.182,0.088,0,0
0,1,0,0.404,-0.021,0.75,0.081,0,0
0,1,0,-0.844,-0.448,0.105,-0.119,0,0
1,0,0,6.094,-0.213,11.941,-0.158,2,1
1,0,0,-0.127,-0.126,-0.156,-0.095,0,0
1,0,0,-0.143,-0.029,-0.049,0.048,0,0
0,1,0,0.446,-0.089,0.373,0.015,0,0
0,1,0,0.747,0.129,0.748,0.048,0,0
0,1,0,1.852,-0.09,0.548,0.068,0,0
0,1,0,0.107,-0.134,0.123,-0.119,0,0
1,0,0,-0.499,-0.248,-0.583,0.042,0,0
0,1,0,-0.378,-0.357,-0.46,0.068,0,0
1,0,0,1.119,-0.283,0.659,-0.121,0,0
0,0,1,-0.519,0.109,-0.4,-0.111,0,0
0,0,1,3.495,1.291,11.544,0.104,2,1
0,1,0,0.572,-0.519,-0.507,-0.04,0,0
0,1,0,0.29,0.369,0.411,-0.029,0,0
0,1,0,-0.931,-0.138,-0.409,0.004,0,0
0,1,0,-1.037,-0.267,0.253,0.05,0,0
0,1,0,5.894,-0.054,5.826,4.228,3,1
0,1,0,3.373,0.04,1.363,2.075,2,0
0,0,1,-0.627,-0.107,-0.017,-0.072,0,0
0,1,0,9.846,-0.135,4.935,-0.078,2,1
0,0,1,0.94,-0.412,0.627,-0.003,0,0
0,0,1,-0.389,0.21,0.145,-0.01,0,0
0,1,0,0.101,0.016,0.43,0.011,0,0
0,1,0,1.044,15.487,9.064,-0.045,2,1
0,1,0,-0.719,-0.144,0.472,-0.004,0,0
0,1,0,0.795,0.194,-0.793,0.042,0,0
0,0,1,6.088,0.366,8.3,3.877,3,1
0,1,0,0.906,-0.171,1.596,2.315,1,0
1,0,0,3.805,1.519,10.94,0.042,2,1
0,1,0,7.016,-0.069,11.418,-0.331,2,1
0,1,0,0.009,0.229,-0.108,0.092,0,0
0,1,0,1.72,1.527,14.4,-0.072,1,1
1,0,0,-1.354,0.521,-0.374,-0.089,0,0
0,1,0,-0.338,0.201,0.387,-0.072,0,0
0,1,0,1.453,-0.667,-0.08,-0.121,0,0
0,0,1,0.425,0.54,-0.02,-0.001,0,0
0,0,1,6.84,0.05,6.695,5.349,3,1
0,1,0,0.231,0.323,0.098,-0.027,0,0
1,0,0,-0.582,-0.184,0.022,0.125,0,0
0,0,1,-0.339,26.375,14.064,-0.008,2,1
0,1,0,1.184,-0.017,0.667,-0.111,0,0
1,0,0,7.421,-0.404,4.092,-0.027,2,1
0,1,0,-1.72,0.173,0.254,-0.041,0,0
1,0,0,-0.013,0.194,0.032,0.027,0,0
0,1,0,-0.376,-0.073,-0.469,-0.015,0,0
1,0,0,0.9,0.058,0.201,0.027,0,0
0,1,0,3.895,1.152,11.075,-0.092,2,1
1,0,0,7.257,0.063,8.1,4.625,3,1
0,1,0,-1.516,-0.583,-0.514,0.144,0,0
0,1,0,2.241,1.121,13.894,-0.068,1,1
1,0,0,-0.375,0.123,1.01,0.199,0,0
0,1,0,-0.147,0.004,0.467,0.027,0,0
1,0,0,4.431,21.077,13.611,0.04,3,1
1,0,0,0.733,-0.043,-0.221,-0.019,0,0
0,1,0,-0.294,0.303,1.062,0.012,0,0
1,0,0,1.285,0.119,-0.003,-0.069,0,0
1,0,0,4.392,1.514,11.593,0.086,2,1
1,0,0,5.898,0.346,5.998,-0.034,2,1
0,0,1,-0.257,-0.149,0.553,-0.087,0,0
0,1,0,-0.438,-0.224,0.533,0.074,0,0
0,1,0,7.746,-0.461,9.802,-0.337,2,1
0,0,1,0.179,0.32,-0.4,0.044,0,0
0,1,0,0.234,0.036,0.432,0.004,0,0
0,0,1,6.39,-0.352,4.894,5.456,3,1
1,0,0,1.954,2.078,17.56,0.019,2,1
0,0,1,1.448,0.551,0.004,2.651,1,0
0,0,1,-0.301,0.216,-0.064,0.089,0,0
1,0,0,-0.378,0.285,0.108,0.052,0,0
0,1,0,0.378,0.443,-0.059,0.027,0,0
0,1,0,1.538,0.492,-0.006,0.038,0,0
0,1,0,1.012,0.258,0.67,0.059,0,0
0,0,1,0.544,0.202,-0.4,0.007,0,0
1,0,0,-0.414,0.057,0.435,-0.093,0,0
0,0,1,5.431,0.017,6.291,4.387,3,1
1,0,0,6.853,-0.256,6.044,5.709,3,1
0,1,0,1.248,0.375,0.692,-0.081,0,0
1,0,0,1.515,-0.59,0.046,0.147,0,0
0,1,0,-0.636,5.833,14.094,0.043,2,1
0,0,1,6.427,-0.315,9.828,-0.351,2,1
0,0,1,3.238,64.476,9.792,-0.025,3,1
1,0,0,-0.67,0.01,-0.8,0.18,0,0
0,0,1,-0.206,-0.22,-0.078,0.018,0,0
0,1,0,-0.875,0.629,0.13,0.001,0,0
0,1,0,0.193,-0.136,-0.254,-0.006,0,0
1,0,0,7.585,0.288,4.968,-0.062,2,1
0,0,1,7.243,-0.229,5.645,4.957,3,1
0,1,0,-1.512,-0.211,0.46,0.009,0,0
1,0,0,7.583,-0.389,5.588,-0.167,2,1
1,0,0,-1.158,-0.126,0.819,0.146,0,0
0,1,0,-0.815,0.034,0.647,0.067,0,0
0,1,0,1.252,0.046,-0.336,-0.026,0,0
0,1,0,-0.047,0.142,0.17,0.013,0,0
0,1,0,5.376,0.16,7.501,5.602,3,1
1,0,0,10.351,0.022,4.917,0.027,2,1
0,1,0,0.574,-0.047,-0.837,-0.016,0,0
1,0,0,-0.849,-0.059,0.493,-0.024,0,0
0,0,1,2.416,0.177,0.678,2.232,1,0
1,0,0,1.54,-0.02,-0.339,0.113,0,0
0,1,0,4.018,0.316,7.126,5.242,3,1
0,0,1,6.749,-0.025,6.284,4.939,3,1
1,0,0,7.304,-0.228,5.353,2.637,3,1
1,0,0,-0.568,0.11,0.035,-0.087,0,0
0,1,0,0.44,0.025,-0.085,-0.04,0,0
0,0,1,-0.654,-0.096,-0.018,-0.087,0,0
0,1,0,10.556,0.711,2.706,0.072,2,1
1,0,0,-2.323,0.005,-0.072,-0.058,0,0
0,0,1,0.447,0.222,-0.221,0.014,0,0
1,0,0,6.12,-0.045,6.093,-0.32,2,1
1,0,0,2.63,1.894,11.951,0.056,2,1
0,0,1,-1.003,0.192,-0.014,-0.145,0,0
0,1,0,4.734,-0.164,7.606,-0.141,2,1
1,0,0,0.928,-0.606,-0.103,0.031,0,0
1,0,0,-0.951,-0.111,0.137,-0.055,0,0
0,0,1,0.694,-0.421,-0.248,-0.06,0,0
1,0,0,5.573,-0.002,9.163,-0.217,2,1
1,0,0,-1.576,0.039,0.425,0.075,0,0
1,0,0,0.489,0.051,-0.03,0.082,0,0
0,0,1,2.095,-0.304,0.296,0.022,0,0
0,1,0,1.087,-0.301,0.215,2.428,1,0
1,0,0,6.468,-0.035,9.325,-0.137,2,1
0,0,1,1.889,-0.337,0.207,0.006,0,0
0,1,0,4.923,-0.187,3.692,0.095,2,1
0,0,1,0.011,-0.112,-0.4,0.07,0,0
0,1,0,6.188,-0.222,8.762,-0.179,2,1
0,1,0,-1.963,-0.354,0.324,0.04,0,0
1,0,0,4.659,-0.055,6.602,-0.113,2,1
1,0,0,-0.136,-0.042,0.264,-0.024,0,0
0,1,0,2.255,1.26,11.585,-0.002,1,1
1,0,0,6.151,-0.074,8.555,-0.137,2,1
0,1,0,0.244,-0.007,0.521,-0.025,0,0
0,1,0,0.937,0.076,-0.357,0.029,0,0
0,1,0,-0.653,-0.545,-0.597,0.03,0,0
1,0,0,0.495,0.403,0.13,0.05,0,0
0,0,1,1.79,-0.119,-0.285,0.06,0,0
0,1,0,4.874,1.583,13.421,-0.049,2,1
0,0,1,6.804,0.074,2.286,0.066,2,1
0,0,1,0.392,-0.047,-0.048,-0.079,0,0
1,0,0,0.402,-0.244,-0.743,-0.067,0,0
0,0,1,2.976,0.133,6.974,4.728,3,1
0,0,1,0.912,0.062,0.222,0.123,0,0
0,0,1,-0.618,0.51,-0.085,0.076,0,0
1,0,0,9.887,-0.096,4.301,0.164,2,1
1,0,0,0.593,0.482,0.707,-0.015,0,0
1,0,0,0.903,0.508,0.252,-0.003,0,0
0,1,0,4.167,-0.377,3.962,0.055,2,1
0,1,0,2.1,0.374,1.738,2.482,1,0
0,0,1,6.327,0.066,4.194,2.816,3,1
1,0,0,11.719,-0.241,1.977,0.002,1,1
1,0,0,4.516,-0.029,5.329,-0.082,2,1
0,0,1,-0.778,0.297,0.232,-0.148,0,0
0,0,1,1.517,-0.008,0.108,-0.001,0,0
0,0,1,-0.297,0.066,-0.4,0.206,0,0
0,1,0,-1.576,0.197,0.089,-0.021,0,0
0,1,0,0.109,6.628,14.1,-0.023,2,1
1,0,0,6.488,-0.097,6.114,3.061,3,1
0,0,1,-1.472,-0.059,0.182,0.01,0,0
1,0,0,0.292,-0.667,0.196,0.074,0,0
1,0,0,8.958,-0.165,5.399,0.144,2,1
1,0,0,-0.566,0.272,0.584,-0.013,0,0
0,1,0,12.337,0.043,6.012,-0.006,2,1
1,0,0,2.344,21.009,19.664,-0.074,2,1
0,1,0,2.717,16.208,12.295,-0.075,3,1
0,0,1,-0.097,0.465,0.523,-0.06,0,0
1,0,0,10.016,-0.084,4.086,-0.099,2,1
0,1,0,-0.12,-0.222,0.165,-0.021,0,0
0,1,0,0.322,0.147,-0.153,0.026,0,0
1,0,0,1.523,-0.176,-0.8,-0.009,0,0
0,1,0,-0.453,-0.282,0.599,-0.042,0,0
0,1,0,2.973,1.166,15.667,-0.003,2,1
0,1,0,3.933,1.184,15.142,0.129,2,1
0,0,1,-0.857,0.079,-0.4,0.058,0,0
0,0,1,1.187,-0.286,0.038,-0.168,0,0
0,1,0,-1.893,0.415,0.681,-0.124,0,0
0,0,1,-0.409,-0.536,-0.148,0.126,0,0
1,0,0,-0.93,-0.179,-0.131,-0.019,0,0
0,1,0,5.496,0.204,4.871,5.79,3,1
0,0,1,5.071,1.731,10.715,-0.04,2,1
0,1,0,1.6,0.067,-0.269,-0.009,0,0
0,1,0,1.354,10.245,19.45,0.013,2,1
1,0,0,5.34,-0.074,7.779,4.175,3,1
1,0,0,0.24,0.274,0.191,-0.005,0,0
0,0,1,-1.472,0.22,0.795,1.881,1,0
0,1,0,0.892,0.138,-0.473,-0.009,0,0
1,0,0,0.725,-0.631,0.926,-0.054,0,0
1,0,0,-0.079,0.621,0.077,0.04,0,0
1,0,0,-0.994,-0.248,-0.527,0.076,0,0
1,0,0,-0.006,-0.032,0.56,0.058,0,0
1,0,0,0.164,-0.01,0.376,0.125,0,0
1,0,0,-0.034,0.33,0.136,0.03,0,0
0,0,1,5.18,1.552,14.498,0.006,2,1
0,0,1,0.614,-0.069,0.739,0.065,0,0
1,0,0,1.092,0.192,0.254,0.113,0,0
0,1,0,-1.494,-0.379,0.317,0.076,0,0
0,0,1,0.86,32.799,18.204,-0.052,2,1
0,1,0,0.818,0.15,-0.385,0.166,0,0
1,0,0,0.414,-0.253,-0.236,0.033,0,0
1,0,0,0.035,0.158,0.584,0.169,0,0
0,0,1,-0.896,-0.077,-0.019,-0.023,0,0
0,1,0,0.061,-0.019,0.353,0.03,0,0
0,0,1,1.154,-0.117,0.523,0.173,0,0
0,1,0,-0.666,-0.077,0.065,-0.026,0,0
1,0,0,0.239,-0.086,0.56,-0.013,0,0
0,0,1,4.985,1.087,10.447,0.037,2,1
0,0,1,7.625,-0.296,9.499,-0.229,2,1
0,1,0,1.745,-0.151,-0.504,0.106,0,0
1,0,0,0.467,0.841,0.209,-0.036,0,0
0,1,0,8.778,-0.265,7.027,2.937,3,1
0,1,0,-2.111,-0.597,-0.488,-0.029,0,0
0,0,1,-0.732,-0.016,-0.097,-0.142,0,0
0,1,0,0.929,-0.126,-0.952,0.037,0,0
0,0,1,4.896,0.79,11.294,-0.075,2,1
1,0,0,0.199,0.129,-0.136,-0.122,0,0
0,1,0,3.95,1.38,15.448,0.049,2,1
0,1,0,0.057,0.206,-0.235,-0.068,0,0
0,1,0,7.065,-0.16,5.056,2.919,3,1
0,1,0,1.546,0.477,-0.644,-0.105,0,0
0,0,1,5.16,0.063,6.88,5.011,3,1
0,0,1,5.325,-0.027,5.99,4.932,3,1
1,0,0,5.032,0.18,4.799,4.504,3,1
1,0,0,0.028,-0.198,-0.259,0.018,0,0
1,0,0,4.046,1.337,16.182,0.033,2,1
0,0,1,-0.941,0.429,-0.235,-0.005,0,0
0,1,0,-0.727,-0.037,0.081,-0.05,0,0
0,0,1,7.285,0.237,9.673,-0.18,2,1
0,1,0,0.212,-0.528,0.993,3.117,1,0
0,0,1,-0.983,-0.239,-0.321,0.042,0,0
1,0,0,-0.28,-0.056,-0.585,0.125,0,0
1,0,0,-0.426,-0.167,0.487,0.009,0,0
0,0,1,0.343,-0.256,0.422,-0.046,0,0
0,0,1,3.713,1.294,10.682,0.016,2,1
1,0,0,0.395,-0.408,-0.356,0.07,0,0
0,1,0,0.668,-0.116,0.027,0.083,0,0
0,1,0,-0.654,0.277,0.232,0.065,0,0
1,0,0,1.912,0.473,-0.589,-0.093,0,0
0,0,1,0.093,-0.386,-0.4,-0.026,0,0
1,0,0,-0.927,0.229,0.372,-0.021,0,0
0,0,1,0.492,0.364,0.548,0.016,0,0
0,1,0,-0.893,-0.496,-0.445,-0.13,0,0
0,0,1,4.727,30.389,10.554,0.087,3,1
0,0,1,6.439,0.248,7.589,5.767,3,1
0,1,0,1.121,0.333,1.161,-0.159,0,0
0,0,1,-0.516,-0.116,0.122,-0.013,0,0
1,0,0,1.18,-0.623,0.566,3.476,1,0
0,1,0,6.623,-0.478,4.685,5.1,3,1
0,0,1,-0.013,0.184,-0.4,0.016,0,0
1,0,0,0.246,0.068,0.115,-0.041,0,0
1,0,0,-0.207,-0.007,0.127,2.38,1,0
0,1,0,0.344,-0.236,-0.635,-0.054,0,0
0,1,0,5.253,-0.071,8.452,-0.142,2,1
0,1,0,2.158,-0.197,-0.562,-0.065,0,0
0,1,0,0.102,0.261,0.332,0.071,0,0
0,1,0,3.577,-0.421,0.657,2.635,2,0
0,1,0,1.371,0.039,1.68,2.048,1,0
1,0,0,-0.252,0.075,0.678,0.084,0,0
0,0,1,1.594,-0.084,-0.4,-0.158,0,0
0,0,1,7.218,-0.049,5.896,2.734,3,1
0,1,0,0.885,0.283,0.105,-0.059,0,0
0,1,0,9.273,-0.087,3.125,0.175,2,1
1,0,0,8.416,0.261,5.286,5.394,3,1
1,0,0,5.871,0.01,3.488,-0.088,2,1
1,0,0,-0.607,-0.341,0.488,-0.071,0,0
0,1,0,0.514,0.496,0.845,0.021,0,0
0,0,1,-0.579,-0.113,-0.4,0.008,0,0
1,0,0,-0.62,0.392,-0.352,-0.045,0,0
0,1,0,-1.466,-0.508,-0.711,0.034,0,0
0,1,0,-0.768,-0.537,0.079,-0.194,0,0
1,0,0,0.054,-0.232,0.3,-0.108,0,0
0,0,1,8.041,0.105,3.811,-0.11,2,1
0,1,0,0.366,0.492,0.151,0.077,0,0
0,0,1,-1.365,-0.145,0.56,-0.002,0,0
0,1,0,5.147,-0.211,4.795,0.047,2,1
0,1,0,0.483,0.133,0.463,0.046,0,0
0,1,0,1.759,-0.02,0.769,2.96,1,0
1,0,0,-1.028,0.535,0.776,-0.008,0,0
0,0,1,0.138,-0.297,-0.4,0.101,0,0
0,1,0,-1.388,-0.157,0.166,0.041,0,0
0,1,0,7.019,0.14,10.722,-0.291,2,1
1,0,0,-1.61,-0.371,-0.481,0.016,0,0
0,1,0,-0.223,-0.101,-0.298,-0.098,0,0
0,0,1,0.761,0.382,-0.4,0.04,0,0
0,1,0,-1.555,0.747,0.42,0.06,0,0
0,1,0,7.686,-0.265,5.655,0.01,2,1
0,0,1,0.888,-0.01,0.537,-0.019,0,0
0,1,0,0.09,-0.033,-0.309,0.063,0,0
1,0,0,-0.571,-0.297,1.16,3.217,1,0
1,0,0,-1.19,0.475,-0.459,0.084,0,0
0,1,0,3.954,1.114,13.225,-0.012,2,1
1,0,0,-0.173,-0.124,-0.536,-0.076,0,0
1,0,0,-0.508,-0.188,0.091,-0.228,0,0
0,0,1,1.774,62.62,15.961,0.041,2,1
0,1,0,5.567,1.839,15.874,0.077,2,1
0,0,1,0.457,0.025,-0.4,-0.073,0,0
0,1,0,-0.606,0.022,0.448,-0.096,0,0
1,0,0,0.701,0.166,0.067,0.132,0,0
0,1,0,-0.469,0.039,0.142,2.889,1,0
0,0,1,4.584,1.131,16.736,0.121,2,1
0,1,0,-0.153,-0.004,0.088,0.015,0,0
0,0,1,1.039,-0.054,0.399,3.422,1,0
1,0,0,6.332,0.093,9.017,-0.272,2,1
0,0,1,-0.712,0.12,-0.267,0.136,0,0
0,1,0,1.487,0.199,0.044,0.117,0,0
1,0,0,5.308,0.162,9.215,-0.356,2,1
0,1,0,1.495,0.085,-1.022,0.026,0,0
0,1,0,-0.351,0.178,0.182,0.116,0,0
0,1,0,-0.075,-0.14,-0.372,0.072,0,0
0,1,0,6.021,0.322,8.051,5.269,3,1
0,1,0,0.002,-0.667,-0.566,-0.018,0,0
0,0,1,-0.028,0.54,-0.309,0.177,0,0
0,0,1,7.4,-0.268,4.615,-0.117,2,1
0,0,1,9.364,0.248,4.72,-0.058,2,1
1,0,0,4.05,20.886,9.874,0.113,3,1
0,0,1,-0.44,0.459,-0.111,0.038,0,0
0,1,0,2.287,14.055,13.002,0.045,2,1
1,0,0,9.624,0.065,5.319,0.042,2,1
0,1,0,1.305,-0.36,0.482,0.068,0,0
0,0,1,-1.577,-0.088,0.706,-0.132,0,0
0,0,1,6.011,-0.657,4.659,2.881,3,1
0,0,1,1.277,0.137,0.345,0.077,0,0
0,1,0,-0.338,-0.334,-0.484,-0.031,0,0
1,0,0,0.371,0.081,0.063,-0.003,0,0
0,0,1,11.89,0.065,3.673,-0.013,2,1
0,0,1,-0.816,-0.559,-0.201,0.031,0,0
0,0,1,-1.281,0.465,-0.4,-0.072,0,0
0,1,0,7.028,-0.34,8.833,4.702,3,1
1,0,0,0.729,-0.254,0.479,0.029,0,0
0,0,1,-1.671,-0.23,-0.037,-0.024,0,0
1,0,0,0.076,-0.071,0.037,0.023,0,0
1,0,0,-0.511,-0.21,-0.028,-0.05,0,0
0,1,0,-0.706,0.016,0.884,0.028,0,0
0,0,1,7.039,0.169,8.311,-0.213,2,1
0,1,0,-0.254,-0.075,-0.36,-0.11,0,0
0,0,1,0.715,0.277,-0.129,0.116,0,0
1,0,0,-0.909,0.477,-0.665,0.156,0,0
1,0,0,-0.019,0.04,-0.753,0.063,0,0
0,0,1,5.676,0.169,5.901,4.312,3,1
0,1,0,0.797,0.124,-0.191,-0.14,0,0
1,0,0,0.184,-0.328,1.239,0.131,0,0
1,0,0,8.125,0.525,6.702,4.839,3,1
0,1,0,-0.562,0.046,0.398,-0.001,0,0
1,0,0,-0.502,-0.147,0.734,-0.008,0,0
0,0,1,3.298,0.929,10.814,-0.016,2,1
1,0,0,0.08,-0.307,-0.057,-0.059,0,0
0,0,1,-0.106,21.953,9.413,0.084,2,1
0,0,1,0.165,-0.667,-0.4,-0.02,0,0
0,0,1,0.443,0.076,0.445,-0.016,0,0
0,0,1,4.66,1.459,13.913,-0.147,2,1
0,0,1,6.296,-0.667,10.161,-0.195,2,1
0,0,1,9.47,-0.234,8.238,3.13,3,1
0,0,1,0.645,-0.044,0.002,-0.032,0,0
0,0,1,0.418,-0.168,0.082,0.022,0,0
1,0,0,1.591,0.019,0.064,0.044,0,0
1,0,0,0.266,-0.603,0.325,-0.055,0,0
0,1,0,-0.466,0.024,-0.089,-0.025,0,0
0,1,0,8.506,0.002,6.655,4.979,3,1
0,0,1,4.693,1.282,12.887,-0.016,2,1
0,0,1,2.205,0.226,-0.009,1.936,1,0
0,1,0,-1.333,-0.169,-0.168,-0.034,0,0
0,0,1,0.879,0.105,-0.35,-0.111,0,0
1,0,0,2.076,1.043,13.822,0.218,1,1
0,0,1,0.838,-0.393,-0.081,-0.033,0,0
0,0,1,4.505,-0.239,3.641,-0.028,2,1
0,0,1,0.622,-0.11,0.018,-0.108,0,0
0,1,0,4.059,1.335,15.414,-0.026,2,1
1,0,0,-1.815,-0.165,-0.167,0.007,0,0
1,0,0,-1.665,-0.263,0.053,0.011,0,0
1,0,0,1.346,0.097,-0.143,0.143,0,0
0,1,0,0.467,-0.292,-0.076,-0.014,0,0
1,0,0,4.1,1.664,12.698,-0.137,2,1
1,0,0,0.832,0.143,0.416,-0.081,0,0
1,0,0,-1.007,-0.412,-0.056,0.084,0,0
0,1,0,4.385,0.319,5.764,5.083,3,1
0,1,0,-0.919,-0.249,0.427,-0.011,0,0
0,0,1,1.407,-0.098,0.759,3.39,1,0
0,1,0,0.806,0.031,0.621,2.935,1,0
0,1,0,7.497,0.006,5.528,4.513,3,1
1,0,0,-0.388,-0.346,-0.187,-0.076,0,0
0,1,0,1.537,-0.091,0,-0.007,0,0
0,0,1,2.349,-0.093,0.474,0.09,0,0
1,0,0,3.937,0.893,9.728,-0.105,2,1
0,1,0,-1.918,0.397,0.083,-0.019,0,0
0,1,0,6.49,-0.506,6.653,5.179,3,1
1,0,0,-0.022,0.39,-0.693,-0.025,0,0
1,0,0,4.712,1.333,11.113,0.039,2,1
0,1,0,-0.744,0.083,-0.983,0.063,0,0
0,0,1,2.391,1.446,17.922,0.059,1,1
1,0,0,4.05,30.195,12.766,0.135,3,1
0,0,1,3.159,1.428,11.339,-0.008,2,1
1,0,0,2.099,19.548,19.94,-0.127,2,1
0,1,0,1.007,-0.58,0.34,0.14,0,0
1,0,0,5.589,-0.194,7.488,4.153,3,1
0,1,0,-0.812,-0.466,0.435,-0.045,0,0
0,1,0,1.04,6.201,7.964,-0.113,2,1
0,1,0,0.99,-0.292,-0.302,0.244,0,0
0,1,0,3.155,0.691,16.972,-0.032,2,1
1,0,0,0.402,0.437,0.234,-0.045,0,0
1,0,0,2.246,19.271,10.782,0.117,2,1
1,0,0,0.808,0.03,-0.402,-0.062,0,0
0,0,1,0.895,-0.019,-0.273,0.067,0,0
0,1,0,0.943,-0.222,0.001,0.048,0,0
0,1,0,7.3,0.069,5.443,4.761,3,1
0,0,1,5.256,0.021,2.186,-0.021,2,1
1,0,0,0.383,0.276,-0.072,0.105,0,0
1,0,0,4.862,0.483,9.901,-0.278,2,1
1,0,0,-0.51,-0.337,0.018,-0.057,0,0
0,0,1,4.641,0.858,11.633,0.007,2,1
0,1,0,6.138,15.493,19.191,0.105,3,1
0,0,1,1.703,0.172,-0.389,-0.021,0,0
0,0,1,4.05,35.162,18.323,0.042,3,1
0,0,1,-0.298,0.514,-0.024,0.053,0,0
0,1,0,5.168,1.023,18.749,0.118,2,1
1,0,0,0.003,0.191,0.332,-0.208,0,0
0,0,1,-0.948,-0.548,-0.159,-0.013,0,0
1,0,0,0.021,-0.278,0.3,-0.097,0,0
0,1,0,3.508,1.547,15.11,0.007,2,1
1,0,0,0.102,-0.34,-0.09,0.03,0,0
1,0,0,1.057,0.016,0.187,-0.016,0,0
0,1,0,0.512,0.4,-0.25,0.025,0,0
1,0,0,4.232,0.715,17.744,0.013,2,1
0,1,0,-0.897,-0.023,-0.368,-0.044,0,0
0,0,1,11.223,0.052,4.442,0.04,2,1
0,1,0,10.346,0.299,3.745,-0.05,2,1
1,0,0,-1.841,-0.012,-0.004,-0.047,0,0
0,1,0,0.772,-0.061,0.135,0.062,0,0
0,1,0,-1.065,-0.185,0.017,0.009,0,0
0,0,1,-0.56,-0.341,0.025,-0.141,0,0
0,1,0,-0.007,0.413,-0.284,-0.05,0,0
1,0,0,5.39,1.354,9.909,0.102,2,1
1,0,0,5.143,-0.016,4.348,0.075,2,1
1,0,0,0.927,0.169,-0.53,0.015,0,0
0,0,1,1.759,-0.367,0.216,0.103,0,0
1,0,0,0.134,-0.455,-0.781,-0.069,0,0
1,0,0,-1.605,0.167,-0.093,0.203,0,0
0,0,1,0.894,-0.351,-0.4,-0.041,0,0
0,1,0,1.19,-0.048,-0.266,-0.071,0,0
0,1,0,1.081,-0.437,0.224,0.067,0,0
0,1,0,2.46,11.446,8.082,-0.064,2,1
0,1,0,0.581,-0.117,-0.507,0.032,0,0
1,0,0,-0.616,0.128,-0.8,0.023,0,0
1,0,0,0.008,-0.089,0.191,-0.011,0,0
1,0,0,-0.148,-0.45,-0.345,-0.011,0,0
0,1,0,-1.791,-0.152,-0.087,0.061,0,0
0,0,1,1.852,-0.157,-0.4,-0.096,0,0
1,0,0,-1.067,0.323,-0.8,0.07,0,0
0,1,0,6.672,0.499,8.664,4.037,3,1
1,0,0,0.93,0.227,0.214,-0.115,0,0
0,0,1,4.392,1.251,15.162,-0.096,2,1
0,0,1,0.861,0.23,0.611,3.37,1,0
1,0,0,-0.376,-0.497,0.862,0.094,0,0
1,0,0,3.545,0.991,16.534,0.001,2,1
1,0,0,0.105,0.435,-0.567,-0.086,0,0
1,0,0,4.249,1.547,16.745,-0.044,2,1
1,0,0,7.728,0.334,4.925,4.48,3,1
0,0,1,1.288,0.428,-0.4,-0.031,0,0
1,0,0,-1.217,0.032,-0.583,0.172,0,0
1,0,0,2.987,1.446,11.637,0.067,2,1
1,0,0,0.083,-0.133,0.148,-0.157,0,0
0,1,0,5.261,-0.277,6.786,5.508,3,1
0,1,0,0.698,-0.025,0.131,0.091,0,0
0,1,0,0.063,-0.12,-0.178,0.195,0,0
0,0,1,6.892,-0.366,3.622,3.752,3,1
0,0,1,2.087,0.456,0.439,-0.019,0,0
0,0,1,1.428,-0.232,-0.156,-0.132,0,0
0,1,0,-1.012,-0.096,0.695,0.062,0,0
0,0,1,-0.191,0.227,0.382,0.102,0,0
1,0,0,0.945,-0.215,-0.356,-0.034,0,0
0,0,1,1.23,0.065,-0.165,0.139,0,0
0,0,1,-1.298,-0.262,-0.202,0.063,0,0
0,0,1,0.793,0.411,1.264,3.099,1,0
0,0,1,6.537,-0.569,10.879,-0.144,2,1
0,1,0,0.202,0.016,0.012,0.05,0,0
0,0,1,-0.379,0.216,0.087,0.001,0,0
0,1,0,-1.721,-0.168,0.543,-0.149,0,0
0,0,1,-1.699,-0.167,0.225,-0.14,0,0
1,0,0,4.688,1.224,10.012,0.014,2,1
1,0,0,-0.164,0.098,0.506,-0.048,0,0
0,1,0,10.09,0.046,1.586,-0.006,1,1
0,0,1,1.292,-0.109,-0.312,-0.07,0,0
0,0,1,0.401,0.059,0.39,0.188,0,0
0,0,1,1.569,-0.043,-0.091,-0.173,0,0
0,0,1,0.501,0.135,-0.021,-0.004,0,0
1,0,0,-2.095,-0.364,0.014,0.106,0,0
0,1,0,2.797,0.914,10.024,-0.004,2,1
0,1,0,10.859,0.17,3.761,-0.11,2,1
0,0,1,1.99,0.261,-0.4,0.139,0,0
0,1,0,-0.641,-0.191,-0.135,-0.174,0,0
1,0,0,0.239,-0.037,-0.001,0.084,0,0
1,0,0,3.421,0.144,4.99,3.733,3,1
1,0,0,-0.214,0.35,0.196,-0.041,0,0
0,1,0,2.971,6.543,9.242,-0.029,3,1
0,0,1,5.645,0.023,7.905,3.748,3,1
0,0,1,2.515,-0.399,-0.4,-0.041,1,0
0,0,1,3.678,60.605,14.771,-0.121,3,1
0,0,1,1.441,-0.102,0.692,2.636,1,0
0,0,1,0.944,0.153,-0.119,-0.077,0,0
1,0,0,8.331,-0.007,4.249,5.24,3,1
0,1,0,3.548,1.034,15.678,-0.036,2,1
1,0,0,-0.021,-0.267,-0.34,-0.022,0,0
1,0,0,3.842,0.826,16.958,-0.003,2,1
1,0,0,1.135,-0.274,0.355,0.021,0,0
1,0,0,4.712,-0.039,1.237,0.167,1,1
0,1,0,4.075,10.098,17.199,-0.052,3,1
0,1,0,-1.411,0.576,-0.161,-0.043,0,0
0,1,0,-1.455,-0.157,0.361,-0.07,0,0
0,0,1,-0.244,-0.385,-0.108,-0.008,0,0
0,1,0,0.563,0.324,0.205,0.041,0,0
1,0,0,-0.354,-0.337,-0.4,-0.061,0,0
0,1,0,-0.494,0.088,0.43,0.079,0,0
0,1,0,7.588,-0.159,4.159,4.251,3,1
1,0,0,-0.735,-0.019,0.994,-0.091,0,0
1,0,0,0.724,0.016,-0.147,0.038,0,0
1,0,0,-1.495,-0.371,-0.021,-0.083,0,0
0,0,1,0.984,-0.448,0.582,-0.034,0,0
0,1,0,-0.189,-0.18,0.79,-0.016,0,0
1,0,0,-1.382,0.149,0.741,0.086,0,0
1,0,0,-1.203,0.098,-0.8,0.001,0,0
1,0,0,0,0.499,-0.207,-0.123,0,0
1,0,0,0.076,-0.39,0.525,0.042,0,0
1,0,0,2.941,18.5,17.607,-0.172,3,1
0,1,0,8.741,-0.074,3.511,-0.016,2,1
0,0,1,0.388,0.693,0.629,-0.033,0,0
0,1,0,1.471,0.165,0.034,-0.087,0,0
0,1,0,0.447,0.263,0.894,2.625,1,0
0,1,0,-0.598,0.032,0.57,0.129,0,0
1,0,0,-0.186,0.084,0.1,0.055,0,0
0,0,1,0.457,0.216,-0.4,0.117,0,0
0,1,0,0.461,0.164,0.237,-0.068,0,0
1,0,0,-0.336,-0.327,0.177,-0.082,0,0
0,0,1,1.574,0.055,-0.243,-0.037,0,0
1,0,0,8.901,0.062,6.966,4.673,3,1
1,0,0,3.33,1.218,16.503,-0.119,2,1
1,0,0,0.128,0.197,-0.164,2.995,1,0
1,0,0,0.446,-0.24,0.74,-0.014,0,0
0,1,0,1.512,-0.091,0.655,2.319,1,0
1,0,0,3.867,-0.225,5.802,5.894,3,1
0,1,0,-0.235,-0.093,0.209,0.087,0,0
0,1,0,8.825,0.282,6.524,-0.016,2,1
0,1,0,6.959,1.303,15.642,-0.001,2,1
1,0,0,0.395,-0.143,0.203,0.066,0,0
0,1,0,0.437,-0.181,0.552,-0.085,0,0
0,0,1,1.144,-0.362,-0.4,-0.043,0,0
1,0,0,3.389,1.647,14.037,0.011,2,1
0,0,1,-0.582,0.115,0.78,-0.014,0,0
0,1,0,1.41,0.499,-1.088,-0.083,0,0
0,1,0,0.763,-0.134,0.847,0.017,0,0
0,0,1,1.497,-0.1,0.823,2.828,1,0
0,0,1,-1.772,-0.476,0.956,-0.114,0,0
1,0,0,6.193,-0.36,8.195,5.553,3,1
0,1,0,0.025,0.546,0.525,-0.097,0,0
0,1,0,1.3,-0.215,0.475,-0.089,0,0
0,1,0,-0.039,-0.039,-0.033,0.09,0,0
0,1,0,2.662,14.466,10.666,-0.082,3,1
0,0,1,-0.568,-0.278,0.777,0.016,0,0
0,0,1,0.915,0.238,0.094,0.173,0,0
1,0,0,8.084,-0.189,2.754,0.156,2,1
0,0,1,5.709,1.178,12.056,-0.105,2,1
0,1,0,-0.469,0.216,-0.779,-0.06,0,0
1,0,0,-1.8,-0.466,0.852,0.019,0,0
0,1,0,0.974,-0.01,0.313,-0.145,0,0
0,0,1,0.716,0.239,-0.4,0.069,0,0
1,0,0,-1.284,-0.42,-0.046,-0.027,0,0
0,0,1,-0.33,0.175,0.474,0.122,0,0
1,0,0,0.393,0.222,-0.508,0.044,0,0
1,0,0,2.554,0.055,0.334,0.066,1,0
1,0,0,4.283,16.457,9.952,0.039,3,1
1,0,0,1.169,-0.181,0.111,-0.145,0,0
1,0,0,4.265,0.19,5.734,5.277,3,1
1,0,0,4.892,1.715,16.27,0.077,2,1
0,1,0,5.946,0.154,6.854,5.179,3,1
0,1,0,6.45,0.203,5.768,-0.385,2,1
0,0,1,0.594,0.179,0.087,-0.099,0,0
0,1,0,1.639,10.215,13.573,-0.124,2,1
0,0,1,1.098,-0.085,0.123,-0.042,0,0
1,0,0,2.286,10.83,17.167,-0.121,2,1
0,0,1,-0.194,-0.03,0.159,0.038,0,0
0,0,1,0.545,-0.309,0.252,0.077,0,0
0,0,1,4.46,1.198,15.095,0.065,2,1
0,0,1,-1.625,-0.208,-0.173,0.013,0,0
0,1,0,1.827,-0.304,-0.129,-0.052,0,0
0,1,0,4.781,-0.186,4.632,0.149,2,1
1,0,0,0.505,0.038,-0.16,0.044,0,0
0,0,1,-1.356,0.542,0.102,0.049,0,0
0,1,0,4.496,13.576,14.385,0.027,3,1
1,0,0,1.951,0.247,0.809,-0.108,0,0
1,0,0,-0.237,0.054,1.588,2.419,1,0
0,0,1,3.054,2.06,16.651,-0.008,3,1
1,0,0,0.795,0.146,-0.454,0.021,0,0
0,1,0,0.701,-0.034,-0.347,0.052,0,0
0,1,0,1.514,0.063,-0.23,1.998,1,0
0,0,1,8.779,0.271,3.105,0.134,2,1
0,1,0,-0.072,0,0.607,2.195,1,0
1,0,0,3.02,27.904,20.404,-0.035,3,1
0,1,0,0.219,-0.062,0.284,0.022,0,0
0,0,1,5.523,-0.667,4.12,-0.096,2,1
1,0,0,-1.255,-0.051,-0.571,-0.092,0,0
0,0,1,-1.17,0.005,0.422,-0.044,0,0
1,0,0,-0.846,0.078,-0.8,-0.169,0,0
0,0,1,1.623,61.916,13.193,-0.003,2,1
0,1,0,-0.726,-0.086,-0.718,0.021,0,0
0,0,1,3.523,53.944,8.107,0.067,3,1
0,0,1,6.575,-0.038,5.577,3.772,3,1
0,0,1,8.015,0.002,3.915,0.013,2,1
1,0,0,0.343,-0.11,0.515,-0.086,0,0
0,1,0,0.856,-0.02,0.853,1.89,1,0
0,0,1,-0.315,0.41,1.349,-0.011,0,0
0,0,1,2.95,64.778,8.679,0.045,3,1
0,0,1,1.114,-0.308,0.007,2.549,1,0
0,0,1,-0.054,0.438,-0.23,-0.079,0,0
0,0,1,2.191,0.001,-0.4,0.057,0,0
0,0,1,-0.135,0.19,0.673,2.426,1,0
0,0,1,0.063,-0.032,0.328,0.121,0,0
1,0,0,-0.93,0.691,0.283,-0.162,0,0
0,1,0,-0.183,-0.34,0.448,-0.009,0,0
0,0,1,7.365,1.029,12.149,-0.052,2,1
0,0,1,3.876,0.177,6.088,3.193,3,1
0,1,0,1.127,9.077,18.316,0.11,2,1
1,0,0,5.919,0.367,9.096,-0.215,2,1
0,0,1,3.565,1.741,10.949,-0.098,2,1
0,1,0,1.705,-0.125,1.556,1.868,1,0
0,0,1,0.308,-0.024,-0.389,-0.064,0,0
1,0,0,-0.52,-0.466,0.071,-0.041,0,0
0,0,1,1.443,1.106,11.548,0.051,1,1
1,0,0,-0.802,0.198,1.167,2.295,1,0
0,1,0,2.215,12.563,18.171,0.182,2,1
0,1,0,0.595,0.406,0.736,3.144,1,0
0,1,0,-0.366,0.268,-0.025,-0.008,0,0
0,0,1,7.065,-0.153,7.898,-0.256,2,1
1,0,0,0.212,0.13,-0.6,-0.021,0,0
0,1,0,2.851,-0.047,6.683,3.66,3,1
1,0,0,-2.222,-0.03,0.501,-0.014,0,0
0,0,1,1.037,-0.317,-0.177,0.058,0,0
1,0,0,-0.151,0.249,0.172,-0.011,0,0
1,0,0,0.177,0.059,0.302,-0.115,0,0
0,1,0,-1.806,0.004,-0.425,0.169,0,0
1,0,0,-1.209,-0.009,0.002,-0.097,0,0
0,1,0,3.859,1.178,17.653,0.003,2,1
0,1,0,-1.791,0.499,0.176,0.037,0,0
1,0,0,0.291,0.029,0.03,-0.073,0,0
1,0,0,-1.457,0.089,0.064,-0.082,0,0
1,0,0,-0.293,-0.454,-0.005,-0.168,0,0
0,0,1,-1.525,0.066,0.686,-0.008,0,0
0,1,0,-0.692,-0.605,0.079,0.008,0,0
0,1,0,3.94,1.143,15.469,0.027,2,1
1,0,0,0.97,0.152,0.236,-0.008,0,0
0,0,1,-0.946,-0.121,0.898,0.04,0,0
1,0,0,5.248,1.364,16.767,-0.059,2,1
1,0,0,-1.594,0.803,-0.015,-0.171,0,0
1,0,0,4.039,1.712,14.392,-0.059,2,1
0,1,0,1.779,-0.104,-0.785,0.134,0,0
0,0,1,2.816,57.655,13.386,0.017,3,1
0,1,0,-1.851,-0.362,-0.163,-0.154,0,0
0,1,0,-1.738,0.102,0.095,0.023,0,0
0,1,0,-0.71,0.016,0.225,0.01,0,0
0,0,1,3.909,32.095,15.45,0.169,3,1
0,1,0,0.371,0.03,0.031,0.044,0,0
0,0,1,0.223,-0.204,-0.138,-0.118,0,0
0,0,1,0.05,0.24,0.085,-0.009,0,0
1,0,0,1.395,0.38,-0.126,-0.164,0,0
0,1,0,-0.191,-0.121,1.393,-0.006,0,0
0,1,0,-0.029,0.039,0.848,0.04,0,0
0,1,0,0.874,-0.008,0.6,-0.027,0,0
0,1,0,-1.956,-0.424,0.594,-0.047,0,0
0,1,0,8.204,0.055,7.393,3.478,3,1
0,1,0,0.193,0.049,0.589,0.007,0,0
0,1,0,10.286,-0.034,6.167,4.892,3,1
1,0,0,0.204,-0.132,-0.102,-0.043,0,0
0,1,0,-1.011,0.273,-0.129,0.086,0,0
0,1,0,-0.773,-0.037,0.38,0.027,0,0
0,0,1,-0.073,0.16,0.675,-0.032,0,0
0,1,0,1.193,-0.25,0.422,0.045,0,0
1,0,0,10.385,-0.185,3.087,-0.058,2,1
0,1,0,13.051,0.222,2.073,0.014,2,1
0,1,0,-0.459,-0.067,-0.305,0.052,0,0
1,0,0,-0.017,-0.131,0.751,0.072,0,0
1,0,0,-0.625,-0.336,-0.465,0.017,0,0
0,1,0,2.001,17.152,16.897,0.038,2,1
0,0,1,-0.137,0.105,-0.4,0.186,0,0
0,0,1,-0.472,0.086,-0.4,0.069,0,0
0,0,1,7.611,-0.379,4.73,2.502,3,1
0,0,1,1.118,-0.126,0.347,0.033,0,0
0,0,1,2.781,0.47,-0.014,3.222,2,0
0,1,0,-0.232,-0.204,0.81,-0.014,0,0
0,1,0,2.885,1.599,11.434,-0.082,2,1
1,0,0,0.313,-0.166,0.559,-0.043,0,0
0,0,1,-0.087,48.315,13.243,-0.044,2,1
0,0,1,12.276,0.522,5.315,0.094,2,1
0,0,1,-0.473,-0.467,0.429,-0.12,0,0
0,1,0,0.435,0.731,-0.377,0.01,0,0
0,1,0,-0.995,0.42,0.059,0.018,0,0
0,1,0,-0.054,0.806,-0.059,-0.008,0,0
1,0,0,1.328,0.144,-0.8,0.033,0,0
0,1,0,-0.189,0.073,0.622,-0.032,0,0
0,0,1,4.454,0.231,6.297,-0.169,2,1
1,0,0,-1.104,0.065,0.181,-0.16,0,0
1,0,0,2.32,1.653,16.889,-0.013,1,1
0,0,1,-0.121,0.415,1.003,-0.081,0,0
0,0,1,1.627,1.269,15.724,-0.064,1,1
0,0,1,8.257,-0.014,3.734,-0.196,2,1
0,0,1,-1.018,0.081,-0.14,0.007,0,0
0,0,1,0.544,0.11,-0.4,0.032,0,0
0,0,1,1.085,-0.285,0.413,0.131,0,0
1,0,0,1.02,-0.352,-0.616,-0.194,0,0
1,0,0,4.867,31.593,17.829,0,3,1
1,0,0,-0.004,0.626,-0.352,-0.034,0,0
0,0,1,0.389,-0.109,-0.4,0.01,0,0
1,0,0,6.046,-0.182,6.267,5.329,3,1
0,1,0,0.413,0.055,0.282,0.011,0,0
1,0,0,0.466,-0.353,-0.02,-0.051,0,0
0,0,1,3.8,44.059,9.278,0.107,3,1
0,0,1,3.228,54.579,12.768,0.04,3,1
0,1,0,0.996,-0.375,0.77,0.114,0,0
1,0,0,5.707,-0.128,6.799,5.376,3,1
0,1,0,-0.365,0.063,-0.379,-0.127,0,0
0,0,1,-0.509,-0.015,-0.4,-0.098,0,0
0,1,0,9.912,-0.145,4.319,0.037,2,1
0,0,1,1.636,37.992,7.892,0.239,2,1
0,1,0,1.307,15.639,15.598,-0.132,2,1
0,0,1,0.19,-0.315,-0.109,-0.134,0,0
0,0,1,8.162,0.066,7.111,2.577,3,1
0,0,1,0.103,0.701,0.498,-0.172,0,0
1,0,0,2.155,20.211,10.315,0.187,2,1
0,1,0,1.262,-0.181,0.443,0.08,0,0
0,1,0,6.457,0.404,5.732,-0.085,2,1
1,0,0,0.574,-0.19,-0.595,0.057,0,0
1,0,0,-0.157,-0.408,0.217,-0.04,0,0
1,0,0,1.713,-0.298,-0.71,0.021,0,0
0,1,0,4.251,1.597,11.125,-0.112,2,1
0,0,1,2.088,0.067,0.194,0.095,0,0
0,1,0,5.686,0.102,5.412,-0.347,2,1
0,0,1,-1.864,-0.311,-0.4,-0.064,0,0
0,0,1,0.346,0.332,0.11,-0.031,0,0
0,0,1,11.677,0.077,2.392,0.126,2,1
1,0,0,0.82,-0.171,0.443,-0.097,0,0
1,0,0,0.019,0.308,-0.8,0.072,0,0
0,0,1,0.145,0.408,-0.16,-0.013,0,0
0,0,1,1.094,-0.135,-0.4,0.103,0,0
1,0,0,0.527,-0.265,-0.07,0.198,0,0
0,1,0,0.444,7.276,13.887,-0.091,2,1
0,1,0,-0.034,0.423,0.507,0.06,0,0
0,1,0,5.75,-0.09,8.64,-0.332,2,1
0,0,1,-1.641,0.244,-0.4,-0.064,0,0
0,1,0,-0.324,0.407,-0.026,-0.168,0,0
0,1,0,1.288,-0.01,-0.112,0.038,0,0
1,0,0,9.266,0.199,6.015,5.445,3,1
0,1,0,1.576,-0.093,2.249,2.267,2,0
0,1,0,2.52,1.065,10.571,-0.056,2,1
0,0,1,-0.261,-0.232,0.089,0.098,0,0
0,1,0,2.471,0.959,16.814,-0.084,1,1
0,1,0,0.479,0.078,-0.083,0.045,0,0
0,1,0,0.213,15.882,17.01,-0.12,2,1
0,1,0,2.622,1.164,10.411,0.033,2,1
0,0,1,4.386,0.221,6.766,-0.358,2,1
0,0,1,1.62,-0.114,-0.4,-0.061,0,0
0,1,0,-1.14,0.224,-0.188,0.012,0,0
0,1,0,-0.985,0.142,0.955,0.013,0,0
1,0,0,-0.383,0.172,-0.8,-0.017,0,0
0,0,1,5.291,-0.342,4.835,-0.053,2,1
1,0,0,3.56,0.842,10.316,-0.007,2,1
1,0,0,0.832,0.044,0.15,0.03,0,0
0,0,1,0.528,-0.077,0.223,-0.016,0,0
0,0,1,4.194,1.274,10.241,-0.065,2,1
0,1,0,1.977,15.723,13,0.036,2,1
0,1,0,3.522,1.097,12.706,-0.094,2,1
0,0,1,0.258,-0.588,0.055,0.1,0,0
0,0,1,1.131,22.356,17.663,0.135,2,1
0,0,1,4.993,33.736,12.947,0.114,3,1
0,0,1,-2.414,0.084,-0.233,0.006,0,0
1,0,0,-2.284,0.356,0.342,0.094,0,0
1,0,0,-1.614,0.278,0.312,0.03,0,0
1,0,0,1.871,0.124,-0.094,0.211,0,0
0,1,0,0.795,-0.514,-0.199,-0.049,0,0
0,1,0,2.534,1.347,12.455,-0.045,2,1
0,0,1,-0.79,0.295,0.745,-0.13,0,0
0,1,0,2.984,7.267,8.966,0.107,3,1
1,0,0,4.548,1.45,16.555,0.029,2,1
1,0,0,2.112,0.413,0.432,3.369,1,0
1,0,0,0.964,-0.276,-0.206,0.055,0,0
0,0,1,4.459,30.275,7.771,-0.14,3,1
0,0,1,-0.261,0.46,-0.109,0.023,0,0
0,1,0,4.576,0.296,4.44,3.437,3,1
0,1,0,-0.266,0.442,0.278,-0.12,0,0
0,0,1,6.187,30.405,11.568,0.099,3,1
0,1,0,0.117,0.194,-0.473,0.025,0,0
0,0,1,-0.01,0.116,0.401,-0.039,0,0
1,0,0,1.706,-0.117,0.139,0.066,0,0
0,0,1,-1.073,0.386,0.363,0.112,0,0
0,1,0,-1.507,-0.092,0.354,-0.05,0,0
1,0,0,0.777,-0.227,-0.091,0.033,0,0
0,0,1,6.351,-0.021,4.801,3.276,3,1
1,0,0,0.485,-0.124,1.061,3.408,1,0
0,0,1,1.586,-0.432,0.101,0.107,0,0
0,1,0,2.775,0.176,1.572,3.061,2,0
0,0,1,2.021,-0.31,0.884,0.079,0,0
0,1,0,-0.965,-0.423,-0.164,0.054,0,0
0,0,1,-0.611,0.368,0.185,0.081,0,0
0,0,1,6.963,-0.199,4.721,5.248,3,1
1,0,0,5.415,0.306,11.734,-0.124,2,1
0,0,1,5.954,0.405,8.853,-0.4,2,1
1,0,0,-0.682,0.059,0.184,-0.007,0,0
0,1,0,0.673,0.149,-0.224,-0.064,0,0
1,0,0,10.267,0.397,1.77,0.073,1,1
1,0,0,-0.88,-0.352,-0.252,0.026,0,0
1,0,0,4.608,-0.05,8.959,-0.272,2,1
1,0,0,5.044,1.812,11.639,-0.019,2,1
1,0,0,6.115,1.107,12.403,-0.096,2,1
1,0,0,1.086,0.215,-0.399,-0.043,0,0
0,1,0,3.826,0.16,10.998,-0.119,2,1
1,0,0,1.044,0.204,-0.456,-0.03,0,0
0,1,0,1.152,0.176,-0.69,-0.038,0,0
0,1,0,11.815,0.044,4.428,-0.082,2,1
0,1,0,3.159,1.052,17.597,-0.153,2,1
0,0,1,9.886,0.107,2.694,0.047,2,1
0,0,1,9.399,-0.336,6.069,2.614,3,1
1,0,0,2.059,-0.345,-0.8,-0.079,0,0
0,1,0,0.099,-0.086,0.144,0.07,0,0
1,0,0,4.73,1.928,17.085,-0.028,2,1
0,1,0,-1.159,0.032,0.062,0.079,0,0
0,0,1,0.013,0.111,0.055,-0.045,0,0
1,0,0,4.772,1.55,10.959,-0.016,2,1
1,0,0,2.726,1.554,11.33,-0.012,2,1
0,1,0,-1.208,0.048,-0.106,-0.041,0,0
0,0,1,5.979,0.048,6.514,-0.15,2,1
0,1,0,2.555,1.157,13.13,0.135,2,1
0,1,0,0.489,-0.246,0.158,0.194,0,0
1,0,0,-0.54,0.332,-0.8,0.022,0,0
0,0,1,1.097,0.163,1.045,-0.049,0,0
0,1,0,-1.584,0.312,0.203,-0.064,0,0
0,0,1,8.707,0.311,4.485,0.063,2,1
0,0,1,4.596,43.208,20.325,0.141,3,1
1,0,0,-0.133,-0.609,-0.273,0.059,0,0
0,0,1,1.295,0.189,0.289,0.032,0,0
1,0,0,7.736,0.353,4.931,5.925,3,1
1,0,0,0.089,-0.259,-0.564,0.043,0,0
1,0,0,0.234,0.033,0.206,3.226,1,0
1,0,0,-0.496,0.062,-0.15,0.008,0,0
0,0,1,7.078,0.098,5.465,-0.109,2,1
0,1,0,1.143,-0.185,-0.77,0.056,0,0
0,0,1,-1.952,0.001,0.118,-0.062,0,0
1,0,0,-0.713,0.405,-0.8,-0.106,0,0
0,0,1,1.448,1.006,9.4,0.01,1,1
1,0,0,0.288,-0.078,1.561,3.278,1,0
1,0,0,0.213,-0.044,0.167,0.049,0,0
1,0,0,10.564,-0.136,4.936,-0.113,2,1
0,0,1,11.099,-0.334,2.124,-0.025,2,1
0,1,0,1.014,-0.087,0.436,0.071,0,0
0,1,0,0.845,0.575,1.961,3.302,1,0
0,0,1,0.322,-0.363,0.113,-0.042,0,0
1,0,0,-0.921,0.118,-0.8,-0.088,0,0
0,1,0,-0.894,-0.351,0.021,0.038,0,0
0,0,1,-1.8,-0.06,-0.01,0.072,0,0
0,1,0,0.374,-0.316,-0.364,-0.081,0,0
0,1,0,1.789,0.299,-1.121,0.056,0,0
0,1,0,2.191,-0.569,0.883,0.11,0,0
0,1,0,-2.35,0.03,0.701,-0.015,0,0
0,1,0,8.652,-0.238,6.898,2.838,3,1
1,0,0,3.178,1.326,11.184,0.116,2,1
1,0,0,-1.323,0.436,-0.156,0.006,0,0
0,1,0,1.422,11.768,10.949,-0.145,2,1
1,0,0,-0.075,-0.077,0.196,2.707,1,0
1,0,0,11.379,-0.077,4.727,-0.029,2,1
0,0,1,1.195,0.396,0.81,-0.085,0,0
1,0,0,8.987,0.112,2.634,0.03,2,1
0,1,0,6.885,0.245,6.293,4.647,3,1
1,0,0,-1.214,0.017,0.902,-0.007,0,0
1,0,0,1.473,0.273,0.656,-0.024,0,0
0,1,0,-1.368,0.226,-1.425,-0.018,0,0
0,0,1,1.126,-0.585,-0.349,-0.012,0,0
1,0,0,-0.797,-0.581,-0.325,-0.002,0,0
0,0,1,5.988,-0.231,7.14,-0.1,2,1
0,1,0,1.353,-0.018,0.089,-0.105,0,0
0,0,1,-1.103,0.256,0.918,0.03,0,0
0,0,1,-0.086,0.18,0.422,0.05,0,0
0,0,1,0.061,0.084,0.402,-0.023,0,0
0,0,1,6.325,0.36,7.427,4.111,3,1
0,1,0,0.79,0.103,0.739,0.072,0,0
0,1,0,-1.458,0.162,0.635,0.047,0,0
0,0,1,-0.324,-0.287,-0.4,-0.18,0,0
0,0,1,9.427,0.109,5.842,-0.106,2,1
0,1,0,3.538,1.199,17.867,-0.098,2,1
1,0,0,-0.609,32.718,10.453,0.059,2,1
0,0,1,2.438,36.77,9.907,0.116,2,1
1,0,0,-3.181,-0.239,0.172,-0.069,0,0
1,0,0,-0.567,-0.065,-0.238,0.005,0,0
1,0,0,0.86,-0.485,-0.242,-0.058,0,0
0,1,0,0.48,-0.241,1.361,2.943,1,0
1,0,0,0.198,0.131,-0.142,0.061,0,0
0,1,0,-1.142,-0.456,-0.193,-0.013,0,0
0,0,1,3.153,33.542,10.398,0.035,3,1
0,1,0,-0.023,-0.213,0.287,0.09,0,0
0,1,0,0.959,0.311,-1.316,2.694,1,0
1,0,0,6.383,0.102,3.675,5.475,3,1
0,1,0,1.208,0.425,0.208,2.474,1,0
0,0,1,-0.05,-0.249,-0.26,-0.107,0,0
0,1,0,8.734,0.147,5.155,0.024,2,1
1,0,0,-1.455,0.233,-0.107,-0.057,0,0
0,0,1,4.807,1.395,16.022,-0.074,2,1
0,1,0,1.619,0.053,0.208,-0.07,0,0
0,0,1,0.348,-0.333,-0.044,-0.052,0,0
0,0,1,8.946,0.234,4.99,-0.005,2,1
1,0,0,6.549,-0.667,5.779,4.026,3,1
0,1,0,-1.446,0.332,-0.264,0.157,0,0
0,1,0,0.598,0.497,0.381,-0.05,0,0
1,0,0,2.825,25.216,19.43,0.007,3,1
1,0,0,1.223,0.496,-0.065,-0.176,0,0
0,1,0,11.351,-0.063,3.844,0.092,2,1
0,0,1,-1.057,0.018,0.2,-0.014,0,0
0,0,1,-0.294,0.073,-0.4,-0.082,0,0
0,1,0,0.766,-0.029,0.106,0.197,0,0
0,0,1,-2.216,0.572,-0.4,-0.042,0,0
0,0,1,-0.571,30.289,20.392,0.173,2,1
0,1,0,4.375,0.314,4.16,-0.029,2,1
0,0,1,0.244,-0.098,-0.044,-0.123,0,0
0,0,1,7.798,0.862,4.491,5.51,3,1
1,0,0,-0.995,0.235,-0.054,-0.037,0,0
1,0,0,-0.047,-0.196,-0.454,-0.034,0,0
1,0,0,10.447,0.558,6.18,0.002,2,1
0,0,1,0.401,0.403,0.182,-0.021,0,0
1,0,0,8.893,-0.02,5.281,5.337,3,1
1,0,0,0.089,0.116,0.138,-0.007,0,0
1,0,0,9.91,0.05,5.865,5.758,3,1
1,0,0,-1.562,0.381,0.121,0.035,0,0
0,1,0,0.103,0.122,0.759,0.059,0,0
1,0,0,6.65,-0.373,9.784,-0.244,2,1
1,0,0,0.729,0.309,-0.172,-0.012,0,0
0,0,1,6.106,0.083,8.361,4.731,3,1
0,1,0,-0.11,0.102,-0.07,0.002,0,0
0,1,0,-1.037,0.06,-0.59,0.072,0,0
0,1,0,1.909,-0.055,0.518,-0.073,0,0
0,0,1,0.015,-0.178,0.136,0.037,0,0
0,0,1,7.401,0.263,3.835,0.031,2,1
0,0,1,5.916,0.067,7.201,-0.352,2,1
1,0,0,1.954,0.184,-0.625,0.007,0,0
1,0,0,0.09,-0.058,0.825,0.009,0,0
1,0,0,6.661,-0.077,6.43,5.029,3,1
1,0,0,0.693,-0.084,-0.315,-0.02,0,0
1,0,0,-0.78,0.072,-0.277,0.079,0,0
0,0,1,0.484,0.019,0.219,-0.068,0,0
1,0,0,0.183,-0.007,0.479,0.054,0,0
0,0,1,5.741,-0.022,4.254,-0.058,2,1
0,0,1,2.213,0.196,0.535,2.71,1,0
1,0,0,-0.733,-0.251,0.211,-0.016,0,0
0,1,0,4.583,12.332,10.574,-0.122,3,1
0,0,1,5.331,25.6,16.711,0.193,3,1
0,1,0,7.061,0.274,4.857,0.131,2,1
0,0,1,6.354,-0.018,4.629,-0.09,2,1
0,1,0,-1.036,-0.038,-0.01,0.067,0,0
0,0,1,1.233,-0.145,0.631,0.056,0,0
0,0,1,-0.588,0.083,0.08,0.108,0,0
0,1,0,3.062,0.25,-0.115,2.442,2,0
0,0,1,-0.291,0.14,-0.239,0.076,0,0
0,0,1,-0.109,0.116,-0.357,-0.019,0,0
0,0,1,-1.225,-0.017,-0.158,-0.108,0,0
0,0,1,9.354,0.298,5.537,-0.101,2,1
0,0,1,3.21,49.845,20.15,0.013,3,1
1,0,0,1.176,21.842,7.839,-0.04,2,1
1,0,0,1.115,18.362,14.428,-0.008,2,1
0,1,0,-0.588,0.01,0.293,-0.132,0,0
0,0,1,-0.551,0.092,0.004,-0.002,0,0
1,0,0,0.898,-0.311,0.075,0.036,0,0
0,1,0,1.513,0.257,0.368,0.037,0,0
0,0,1,2.595,67.411,8.15,-0.022,3,1
0,1,0,0.005,-0.026,0.325,0.035,0,0
0,0,1,-1.253,0.381,-0.218,0.138,0,0
0,0,1,6.313,0.555,2.696,0.075,2,1
1,0,0,-0.587,0.168,-0.074,0.023,0,0
0,0,1,7.116,-0.039,4.94,3.035,3,1
1,0,0,2.481,0.251,0.533,-0.097,0,0
0,0,1,-0.057,-0.104,-0.313,0.008,0,0
0,0,1,-0.684,-0.181,0.31,-0.08,0,0
0,0,1,1.219,0.039,0.116,-0.008,0,0
0,0,1,-0.105,0.141,0.328,0.017,0,0
0,1,0,-0.102,-0.085,-0.201,-0.025,0,0
1,0,0,-0.977,0.106,0.86,0.077,0,0
1,0,0,-0.257,0.036,-0.034,0.084,0,0
0,0,1,1.178,0.105,-0.337,-0.016,0,0
1,0,0,0.217,0.438,-0.581,-0.001,0,0
1,0,0,1.297,-0.141,-0.36,0.096,0,0
0,0,1,1.554,-0.481,-0.4,-0.162,0,0
1,0,0,-0.109,0.285,0.528,0.039,0,0
1,0,0,1.79,0.401,-0.339,-0.084,0,0
0,1,0,7.534,0.201,4.428,-0.104,2,1
0,1,0,2.372,8.666,19.531,-0.041,2,1
0,0,1,1.106,-0.265,-0.4,-0.08,0,0
1,0,0,6.492,0.199,3.339,0.066,2,1
0,1,0,0.032,0.166,0.46,0.008,0,0
0,0,1,-0.473,-0.062,0.655,0.027,0,0
0,0,1,-0.29,-0.623,-0.005,0.173,0,0
0,1,0,-1.12,-0.427,0.395,0.04,0,0
0,0,1,0.969,23.024,14.069,-0.078,2,1
0,1,0,5.388,0.051,10.603,-0.369,2,1
0,1,0,3.842,11.804,9.815,0.08,3,1
0,0,1,3.317,38.165,8.149,0.045,3,1
0,0,1,1.438,39.969,14.001,0.023,2,1
1,0,0,1.135,-0.055,0.096,0.001,0,0
1,0,0,10.605,-0.207,2.322,-0.026,2,1
0,1,0,6.221,0.333,7.83,3.716,3,1
1,0,0,4.827,0.247,2.812,-0.029,2,1
1,0,0,5.262,1.667,17.966,0.016,2,1
0,0,1,6.067,0.277,7.908,-0.283,2,1
1,0,0,5.445,0.18,9.959,-0.286,2,1
0,0,1,2.885,24.318,12.49,-0.087,3,1
1,0,0,5.407,-0.445,6.783,2.983,3,1
1,0,0,-0.805,-0.095,0.155,0.013,0,0
1,0,0,0.642,0.104,0.29,0.058,0,0
0,0,1,6.528,0.025,5.545,3.986,3,1
1,0,0,4.448,1.303,9.545,0.062,2,1
0,0,1,6.677,0.497,6.749,-0.215,2,1
0,0,1,-0.7,-0.213,0.7,0.102,0,0
1,0,0,4.315,0.062,4.518,0.049,2,1
0,0,1,-0.089,0.377,-0.087,0.095,0,0
1,0,0,-0.881,-0.179,0.078,-0.073,0,0
0,0,1,1.24,-0.144,-0.203,0.086,0,0
1,0,0,7.128,-0.053,6.817,-0.251,2,1
0,0,1,-1.079,0.032,0.23,0.053,0,0
0,0,1,2.962,2.133,14.94,0.129,3,1
0,1,0,-0.888,-0.316,0.306,-0.005,0,0
0,0,1,-0.85,-0.321,0.346,0.063,0,0
0,1,0,5.09,0.348,10.404,-0.389,2,1
1,0,0,1.267,0.403,0.429,0.018,0,0
0,1,0,6.034,-0.022,7.288,4.18,3,1
0,0,1,1.126,-0.269,0.36,-0.049,0,0
0,1,0,-0.067,-0.342,0.437,-0.023,0,0
0,0,1,0.089,-0.202,-0.027,0.007,0,0
0,1,0,0.119,0.061,-0.335,-0.065,0,0
0,0,1,3.627,1.486,15.028,-0.109,2,1
0,1,0,2.32,-0.14,1.656,2.736,1,0
0,0,1,2.22,-0.352,-0.4,0.001,0,0
0,1,0,-0.639,-0.293,0.36,-0.01,0,0
0,0,1,0.959,-0.159,-0.4,0.017,0,0
1,0,0,1.713,20.311,16.582,0.104,2,1
1,0,0,-0.532,-0.368,-0.216,0.01,0,0
0,0,1,2.434,-0.031,1.091,1.946,1,0
1,0,0,7.586,0.102,7.914,5.55,3,1
1,0,0,0.852,-0.057,-0.521,0.016,0,0
0,1,0,5.101,0.085,9.436,-0.343,2,1
0,1,0,3.733,6.278,13.866,0.009,3,1
0,1,0,-1.25,-0.053,-0.712,-0.173,0,0
0,1,0,10.808,-0.667,2.271,0.07,2,1
0,1,0,3.327,1.336,16.77,0.017,2,1
0,0,1,1.571,44.577,10.565,0.036,2,1
0,0,1,-1.918,0.303,-0.017,0.091,0,0
1,0,0,-0.204,0.336,-0.212,0.004,0,0
0,1,0,6.696,-0.23,6.316,5.509,3,1
1,0,0,8.324,0.221,4.272,5.152,3,1
0,0,1,-0.8,0.257,0.118,0.001,0,0
1,0,0,0.113,-0.453,0.313,-0.045,0,0
0,1,0,1.67,9.192,13.826,-0.143,2,1
1,0,0,-1.869,0.272,0.233,0.027,0,0
0,1,0,5.414,0.012,2.72,-0.004,2,1
0,1,0,10.367,0.03,2.457,0.011,2,1
0,1,0,6.781,0.054,11.355,-0.336,2,1
0,1,0,-0.789,0.099,0.532,-0.008,0,0
0,1,0,4.557,1.198,17.047,-0.01,2,1
0,0,1,0.548,0.022,0.023,-0.007,0,0
0,0,1,-1.109,-0.667,0.423,0.061,0,0
0,0,1,3.236,1.425,16.56,-0.085,2,1
0,1,0,-0.01,0.356,-0.181,-0.062,0,0
0,0,1,5.685,0.352,9.259,-0.148,2,1
1,0,0,2.876,27.955,8.616,0.029,3,1
0,1,0,-0.962,0.311,-0.193,-0.011,0,0
0,0,1,3.737,1.116,18.819,-0.026,2,1
0,1,0,1.387,-0.011,1.114,3.483,1,0
1,0,0,-1.001,0.101,0.129,-0.022,0,0
1,0,0,0.461,-0.245,1.051,3.355,1,0
0,0,1,-0.339,-0.163,0.374,-0.078,0,0
0,0,1,1.396,0.364,-0.149,0.08,0,0
0,1,0,-0.463,-0.667,0.149,-0.069,0,0
0,1,0,1.16,0.093,-0.28,-0.068,0,0
1,0,0,10.867,0.265,3.965,0.144,2,1
1,0,0,0.59,-0.041,0.874,2.021,1,0
0,0,1,0.312,-0.309,0.598,0.004,0,0
0,1,0,0.283,-0.245,-0.945,0.005,0,0
0,0,1,-0.872,-0.448,0.345,0.104,0,0
1,0,0,-1.183,-0.348,-0.254,0.004,0,0
0,0,1,5.183,1.228,15.638,-0.084,2,1
0,1,0,0.715,-0.365,0.443,0.095,0,0
0,0,1,0.135,-0.162,0.024,-0.023,0,0
0,0,1,0.395,0.283,0.027,-0.025,0,0
1,0,0,0.265,0.5,-0.481,0.202,0,0
0,1,0,8.921,0.247,2.937,-0.019,2,1
1,0,0,-0.747,-0.068,0.966,-0.026,0,0
0,0,1,1.18,27.544,13.795,0.111,2,1
0,0,1,4.708,-0.205,4.877,5.588,3,1
1,0,0,2.986,22.823,15.618,0.056,3,1
1,0,0,-0.723,0.126,0.085,0.088,0,0
0,1,0,0.199,-0.319,0.122,-0.072,0,0
1,0,0,0.399,-0.088,1.539,1.973,1,0
0,0,1,-0.608,0.566,-0.182,0.037,0,0
0,0,1,1.29,-0.234,-0.106,-0.051,0,0
0,0,1,-0.786,0.125,0.642,0.018,0,0
1,0,0,-0.56,-0.176,0.24,0.094,0,0
1,0,0,1.756,0.253,0.341,-0.178,0,0
0,1,0,1.918,0.542,0.589,-0.049,0,0
1,0,0,-0.703,-0.394,0.11,-0.059,0,0
1,0,0,3.636,1.202,14.639,-0.122,2,1
0,1,0,0.678,-0.031,0.02,-0.064,0,0
1,0,0,0.056,0.318,0.222,0.114,0,0
0,0,1,-0.577,0.398,0.713,-0.025,0,0
1,0,0,4.804,0.739,14.811,-0.012,2,1
0,0,1,1.46,0.144,-0.4,0.104,0,0
0,0,1,-0.22,-0.12,-0.04,-0.001,0,0
0,0,1,5.579,-0.048,5.659,-0.14,2,1
0,0,1,2.132,-0.293,0.154,0.11,0,0
1,0,0,6.139,-0.02,4.894,3.104,3,1
0,1,0,2.143,1.555,17.232,0.013,1,1
0,0,1,0.992,-0.389,0.318,-0.002,0,0
1,0,0,-1.875,-0.135,-0.514,-0.023,0,0
1,0,0,-0.983,0.069,0.13,-0.127,0,0
0,0,1,-0.155,0.059,0.48,-0.021,0,0
0,0,1,0.05,21.258,11.705,0.004,2,1
0,0,1,4.268,0.971,14.934,-0.035,2,1
0,1,0,10.43,0.405,3.501,0.01,2,1
0,0,1,-3.164,0.048,0.21,0.104,0,0
0,1,0,9.619,-0.127,4.389,-0.127,2,1
1,0,0,0.194,-0.423,-0.478,-0.142,0,0
0,1,0,1.316,0.058,-0.196,-0.065,0,0
1,0,0,-1.415,0.366,-0.608,0.016,0,0
0,1,0,1.443,0.06,-0.722,3.241,1,0
1,0,0,-1.757,0.321,0.531,0,0,0
0,0,1,-1.248,-0.086,0.289,-0.109,0,0
0,0,1,0.938,0.454,0.938,-0.023,0,0
1,0,0,7.627,0.556,2.913,-0.097,2,1
1,0,0,0.987,-0.328,-0.555,0,0,0
0,0,1,0.44,-0.07,-0.045,0.134,0,0
0,0,1,12.859,-0.071,3.053,-0.028,2,1
1,0,0,1.577,30.443,12.656,-0.002,2,1
0,1,0,-1.072,0.021,-0.63,0.039,0,0
0,1,0,1.287,0.009,0.357,0.031,0,0
0,1,0,0.838,0.3,0.32,0.009,0,0
0,1,0,-0.022,0.403,0.135,0.09,0,0
0,1,0,-1.535,-0.35,0.185,-0.003,0,0
0,0,1,8.287,-0.045,3.747,2.714,3,1
1,0,0,1.153,17.515,8.466,0.074,2,1
0,0,1,4.868,-0.365,3.474,0.034,2,1
0,0,1,-0.93,-0.048,-0.367,0.037,0,0
0,0,1,-0.616,0.139,0.486,-0.035,0,0
0,1,0,0.499,-0.129,-0.169,-0.063,0,0
0,0,1,1.989,34.66,12.345,0.069,2,1
1,0,0,-0.829,-0.43,-0.086,-0.209,0,0
1,0,0,0.36,-0.594,0.63,-0.092,0,0
0,0,1,10.921,0.077,3.504,0.164,2,1
0,1,0,0.307,0.23,0.711,-0.059,0,0
0,1,0,9.38,0.118,5.295,2.797,3,1
1,0,0,0.235,0.274,0.227,0.126,0,0
0,1,0,2.459,-0.314,0.168,2.879,1,0
1,0,0,2.267,18.588,13.184,-0.058,2,1
0,0,1,-1.151,-0.131,-0.4,0,0,0
0,1,0,0.458,0.179,0.215,-0.047,0,0
0,0,1,0.337,0.112,0.034,-0.044,0,0
0,0,1,-1.126,0.539,0.42,-0.048,0,0
1,0,0,-0.321,-0.032,0.75,-0.042,0,0
1,0,0,1.069,-0.183,0.512,-0.08,0,0
1,0,0,10.128,-0.407,4.071,0.04,2,1
0,1,0,1.673,0.383,0.597,0.1,0,0
1,0,0,0.022,0.493,-0.517,-0.085,0,0
0,0,1,-0.716,-0.009,0.017,-0.093,0,0
1,0,0,-0.085,0.563,-0.006,-0.076,0,0
0,0,1,-0.997,-0.126,-0.282,0.031,0,0
0,0,1,-1.27,-0.402,-0.035,0.101,0,0
0,1,0,0.845,0.183,0.068,0.086,0,0
0,0,1,13.458,0.065,5.054,-0.046,2,1
1,0,0,-0.82,0.257,0.557,-0.162,0,0
0,1,0,0.943,0.012,1.919,2.263,1,0
1,0,0,0.685,0.155,0.343,2.741,1,0
1,0,0,-1.44,-0.122,-0.8,0.066,0,0
0,0,1,0.549,-0.034,-0.4,-0.115,0,0
0,1,0,4.989,1.534,13.351,0.095,2,1
0,1,0,5.867,1.323,14.195,-0.045,2,1
0,1,0,-0.403,0.237,0.132,0.047,0,0
1,0,0,0.478,-0.204,0.516,0.027,0,0
0,1,0,1.433,-0.517,-0.223,0.124,0,0
0,1,0,-0.861,-0.406,-0.27,0.045,0,0
0,0,1,9.58,0.002,4.812,-0.039,2,1
0,1,0,0.472,-0.195,-0.093,-0.14,0,0
0,1,0,2.387,-0.097,0.226,0.036,0,0
1,0,0,-0.309,0.088,0.557,0.199,0,0
1,0,0,7.056,0.015,5.674,0.035,2,1
0,0,1,3.748,1.204,13.37,0.004,2,1
0,1,0,-0.999,0.033,-0.738,0.068,0,0
0,0,1,1.278,0.269,0.14,-0.043,0,0
0,1,0,6.053,0.036,5.491,0.007,2,1
0,1,0,0.833,5.188,15.757,0.084,2,1
0,0,1,0.444,-0.182,-0.201,-0.08,0,0
0,1,0,0.687,-0.051,-0.106,-0.047,0,0
1,0,0,1.549,1.408,18.409,0.032,1,1
1,0,0,5.853,0.607,11.604,0.055,2,1
0,1,0,2.361,14.928,14.333,-0.082,2,1
0,1,0,4.209,1.436,16.044,-0.018,2,1
0,0,1,1.316,0.039,0.38,0.124,0,0
0,0,1,5.063,1.472,10.49,-0.105,2,1
1,0,0,-1.821,0.37,-0.237,-0.013,0,0
0,1,0,3.814,1.416,15.595,0.104,2,1
1,0,0,-0.091,-0.061,-0.041,0.053,0,0
0,1,0,-0.606,0.189,-0.468,-0.096,0,0
0,0,1,0.998,-0.251,-0.395,-0.092,0,0
0,0,1,5.794,-0.023,7.853,-0.144,2,1
0,1,0,0.139,-0.046,-0.194,-0.025,0,0
0,0,1,0.186,-0.017,0.637,-0.019,0,0
0,0,1,3.263,1.478,13.332,-0.099,2,1
0,0,1,6.219,-0.141,8.827,-0.108,2,1
1,0,0,-0.953,0.003,0.024,0.018,0,0
0,1,0,-0.094,0.186,0.491,0.106,0,0
0,1,0,0.188,15.246,8.474,-0.025,2,1
0,0,1,2.738,33.841,13.833,-0.08,3,1
1,0,0,1.136,-0.235,0.233,0.179,0,0
1,0,0,3.38,1.787,17.26,0.044,2,1
0,0,1,7.325,0.044,3.932,-0.054,2,1
0,1,0,6.462,0.413,5.236,4.928,3,1
0,1,0,3.588,8.729,20.466,-0.14,3,1
0,1,0,-0.235,0.033,0.465,0.035,0,0
0,1,0,9.165,0.365,5.769,0.041,2,1
0,1,0,1.101,0.25,0.472,-0.034,0,0
0,0,1,0.983,0.079,0.077,2.267,1,0
0,0,1,0.676,0.114,0.297,-0.115,0,0
0,0,1,4.325,0.346,4.984,0.003,2,1
0,0,1,1.107,48.578,15.758,0.071,2,1
1,0,0,-0.513,0.314,0.868,0.033,0,0
0,1,0,1.854,7.012,12.063,-0.145,2,1
1,0,0,-0.93,0.106,-0.574,0.168,0,0
1,0,0,4.725,22.591,20.482,0.068,3,1
0,0,1,-1.07,-0.063,0.319,0.124,0,0
0,0,1,1.048,0.331,-0.29,-0.014,0,0
1,0,0,2.105,1.797,10.407,0.064,1,1
0,1,0,1.497,0.331,-0.849,-0.072,0,0
0,1,0,-0.901,-0.032,-0.066,0.112,0,0
0,1,0,-2.337,0.322,0.322,0.028,0,0
0,1,0,1.398,0.033,0.709,2.468,1,0
0,0,1,6.396,-0.1,3.076,0.015,2,1
1,0,0,-0.092,0.292,-0.449,0.062,0,0
0,0,1,-1.06,-0.492,-0.4,0.095,0,0
1,0,0,4.971,1.217,10.51,0.115,2,1
1,0,0,1.89,-0.272,-0.008,-0.181,0,0
0,1,0,-1.088,0.085,0.644,0.149,0,0
0,1,0,6.719,-0.319,3.795,0.118,2,1
0,0,1,-0.007,-0.252,0.169,0.021,0,0
0,0,1,5.643,-0.2,6.818,-0.192,2,1
1,0,0,0.011,-0.018,0.372,0.034,0,0
0,0,1,-1.067,-0.468,0.046,0.013,0,0
0,0,1,5.624,0.147,4.61,4.236,3,1
0,0,1,6.807,-0.137,11.382,-0.163,2,1
1,0,0,0.308,-0.246,-0.37,-0.127,0,0
0,1,0,-0.64,0.409,-0.702,0.014,0,0
0,1,0,2.061,1.267,16.049,-0.041,1,1
1,0,0,0.148,-0.018,0.6,-0.172,0,0
0,0,1,0.228,-0.307,-0.204,0.091,0,0
1,0,0,4.215,0.147,5.358,5.71,3,1
0,1,0,1.621,-0.24,0.104,-0.153,0,0
1,0,0,-1.223,0.288,-0.8,-0.109,0,0
0,1,0,-0.447,-0.318,1.222,-0.134,0,0
1,0,0,-1.2,0.292,0.145,0.099,0,0
1,0,0,9.379,-0.268,5.394,0.031,2,1
0,0,1,-0.431,0.28,0.153,-0.012,0,0
0,1,0,0.466,0.392,0.077,-0.087,0,0
0,0,1,1.378,-0.325,-0.4,0.15,0,0
0,0,1,-1.329,-0.061,-0.4,-0.048,0,0
0,0,1,1.746,0.275,1.103,3.155,1,0
0,1,0,-0.299,-0.085,0.818,0.057,0,0
1,0,0,0.523,0.182,-0.708,0.122,0,0
0,0,1,1.659,0.035,2.118,3.377,2,0
0,1,0,-0.347,-0.16,-0.01,-0.011,0,0
0,0,1,5.08,-0.139,7.915,3.398,3,1
0,1,0,-0.643,-0.171,0.086,-0.031,0,0
0,1,0,-1.305,-0.125,1.118,-0.061,0,0
1,0,0,-0.725,-0.092,0.468,0.141,0,0
0,0,1,3.475,58.521,16.99,0.042,3,1
0,1,0,-0.938,-0.357,-0.253,-0.061,0,0
1,0,0,3.228,19.746,9.337,0.122,3,1
0,0,1,-0.969,-0.075,-0.073,0.171,0,0
0,1,0,0.543,0.349,0.481,-0.008,0,0
1,0,0,0.956,-0.169,-0.307,0,0,0
0,1,0,0.943,0.228,-0.271,-0.016,0,0
0,0,1,0.532,-0.667,-0.378,-0.119,0,0
0,0,1,3.75,1.919,14.938,-0.009,2,1
1,0,0,-0.604,-0.231,-0.252,-0.052,0,0
1,0,0,5.047,1.559,17.103,-0.023,2,1
0,1,0,0.549,0.295,-0.147,-0.091,0,0
1,0,0,5.875,0.019,7.808,3.016,3,1
0,1,0,1.178,0.412,0.597,1.931,1,0
0,0,1,1.096,41.76,22.539,0.023,2,1
1,0,0,-0.463,-0.189,0.69,0.161,0,0
0,0,1,10.743,0.289,2.168,0.019,2,1
1,0,0,2.567,12.469,9.203,0.066,3,1
0,1,0,4.519,2.04,15.718,-0.102,3,1
1,0,0,1.478,0.058,0.809,-0.006,0,0
0,0,1,-0.767,-0.147,-0.135,-0.03,0,0
0,0,1,0.214,0.08,-0.263,0.015,0,0
1,0,0,0.681,0.016,-0.441,0.039,0,0
1,0,0,-1.436,0.166,-0.12,0.092,0,0
0,1,0,4.182,10.531,19.295,-0.026,3,1
0,1,0,2.747,16.078,14.882,-0.054,3,1
1,0,0,0.328,0.105,-0.566,-0.027,0,0
0,1,0,1.401,-0.193,-0.103,-0.003,0,0
1,0,0,-0.683,-0.238,-0.496,-0.067,0,0
0,0,1,3.223,51.534,20.761,-0.089,3,1
0,1,0,7.644,-0.142,8.043,2.821,3,1
0,1,0,0.103,0.528,-0.314,-0.049,0,0
0,0,1,6.793,0.041,5.353,3.46,3,1
0,0,1,-1.189,0.519,-0.285,-0.082,0,0
0,0,1,0.332,-0.529,0.77,-0.04,0,0
0,0,1,11.702,-0.014,5.252,-0.008,2,1
1,0,0,-0.856,-0.422,-0.199,0.083,0,0
1,0,0,-0.982,-0.456,-0.511,-0.003,0,0
0,1,0,1.034,0.042,-0.642,0.033,0,0
0,0,1,-0.677,0.408,0.12,-0.105,0,0
0,0,1,0.582,-0.352,-0.4,-0.012,0,0
1,0,0,6.975,0.061,6.559,5.714,3,1
0,0,1,1.818,20.388,19.606,-0.026,2,1
0,1,0,6.448,-0.106,3.339,-0.062,2,1
0,0,1,6.77,0.043,10.245,-0.39,2,1
0,0,1,-0.188,0.48,0.332,-0.092,0,0
0,0,1,0.872,0.146,0.029,-0.11,0,0
1,0,0,2.316,34.356,12.566,0.121,2,1
0,1,0,-1.266,-0.242,1.257,-0.056,0,0
1,0,0,1.479,24.505,7.736,0.188,2,1
1,0,0,1.799,-0.135,-0.55,-0.03,0,0
0,0,1,1.503,-0.326,-0.354,0.074,0,0
0,0,1,2.029,-0.104,1.993,2.295,1,0
0,0,1,-0.604,-0.258,1.22,-0.17,0,0
0,0,1,1.181,-0.045,0.919,2.736,1,0
0,1,0,-0.453,0.168,0.105,-0.044,0,0
0,1,0,-0.14,-0.062,0.421,-0.057,0,0
0,0,1,11.472,-0.399,3.644,0.027,2,1
1,0,0,-0.051,-0.03,-0.8,-0.051,0,0
0,0,1,0.045,-0.511,-0.4,-0.074,0,0
1,0,0,2.423,-0.25,-0.192,-0.031,0,0
0,0,1,10.295,-0.039,5.197,-0.108,2,1
0,0,1,0.384,-0.199,0.424,2.245,1,0
1,0,0,-0.879,-0.194,-0.145,0.024,0,0
1,0,0,-0.734,-0.18,-0.795,0.019,0,0
0,1,0,-0.176,0.079,0.408,-0.127,0,0
0,0,1,0.338,-0.356,-0.132,0.034,0,0
0,1,0,5.99,-0.318,6.095,-0.111,2,1
0,0,1,6.443,0.231,9.361,-0.203,2,1
1,0,0,-0.843,-0.238,-0.682,-0.137,0,0
1,0,0,0.585,0.332,0.077,0,0,0
0,1,0,4.482,1.294,11.329,-0.133,2,1
0,1,0,0.994,0.261,-0.624,0.026,0,0
0,1,0,1.051,-0.272,-0.498,0.085,0,0
0,0,1,4.611,1.128,10.174,0.014,2,1
0,1,0,0.05,-0.163,0.139,0.074,0,0
0,0,1,-0.695,-0.46,0.172,-0.04,0,0
0,0,1,5.301,0.36,7.947,3.416,3,1
1,0,0,0.791,0.222,0.419,0.077,0,0
1,0,0,5.925,0.109,8.045,3.766,3,1
1,0,0,3.771,0.932,14.192,-0.087,2,1
0,1,0,6.067,0.223,10.733,-0.161,2,1
0,0,1,-1.949,-0.049,0.36,0.017,0,0
1,0,0,2.394,13.618,15.351,0.004,2,1
0,0,1,2.026,-0.065,1.056,3.238,1,0
1,0,0,0.83,0.042,0.664,-0.095,0,0
0,0,1,4.163,1.121,17.893,0.093,2,1
0,1,0,0.87,0.08,0.948,0.035,0,0
1,0,0,0.186,-0.208,-0.63,0.025,0,0
0,1,0,-0.809,0.316,0.142,0.051,0,0
0,1,0,-0.634,-0.228,0.947,0.086,0,0
0,1,0,6.439,0.973,12.714,-0.054,2,1
0,0,1,-0.386,-0.033,0.321,-0.112,0,0
0,0,1,-0.772,0.599,-0.021,0.029,0,0
0,0,1,4.921,0.643,5.791,3.039,3,1
0,1,0,-0.722,-0.091,0.265,-0.186,0,0
1,0,0,-0.229,0.415,-0.096,-0.099,0,0
0,1,0,-0.079,0.199,0.407,0.053,0,0
0,0,1,1.403,-0.374,0.769,2.982,1,0
0,1,0,0.733,0.21,0.245,-0.219,0,0
0,1,0,1.013,0.083,0.283,-0.073,0,0
0,0,1,-0.748,0.295,-0.4,0.092,0,0
0,0,1,0.082,-0.164,-0.4,-0.057,0,0
0,1,0,-0.378,-0.344,0.045,-0.074,0,0
0,0,1,0.377,0.037,0.176,0.053,0,0
1,0,0,0.062,0.156,-0.449,-0.03,0,0
0,0,1,-0.422,0.183,-0.4,0.056,0,0
0,0,1,5.948,-0.106,7.517,2.645,3,1
0,0,1,3.793,1.89,11.835,-0.09,2,1
1,0,0,6.408,0.209,6.286,5.401,3,1
1,0,0,-2.13,0.101,-0.167,-0.178,0,0
0,0,1,11.459,-0.431,4.207,0.107,2,1
0,1,0,7.43,-0.016,3.625,0.066,2,1
0,1,0,6.25,0.035,10.786,-0.305,2,1
0,0,1,-1.998,0.016,0.327,0.057,0,0
1,0,0,0.967,-0.064,-0.331,0.046,0,0
0,0,1,1.737,1.529,10.696,0.003,1,1
1,0,0,12.033,-0.143,3.766,0.066,2,1
0,1,0,3.266,7.602,10.279,0.103,3,1
1,0,0,7.165,0.358,7.443,4.434,3,1
0,1,0,7.952,-0.136,3.79,4.458,3,1
0,0,1,0.672,-0.134,0.473,0.117,0,0
1,0,0,8.244,-0.149,4.175,4.884,3,1
0,1,0,1.044,0.09,0.749,0.018,0,0
0,0,1,3.764,1.1,13.776,-0.043,2,1
1,0,0,7.699,0.216,6.299,2.988,3,1
0,0,1,-1.24,0.52,0.323,-0.022,0,0
0,0,1,-0.265,0.101,0.206,-0.035,0,0
0,1,0,8.733,-0.045,7.085,2.722,3,1
1,0,0,7.745,0.01,3.768,0.159,2,1
0,1,0,-0.32,-0.647,-0.039,0.019,0,0
0,1,0,8.587,-0.136,3.763,0.002,2,1
0,1,0,0.195,0.293,0.703,-0.055,0,0
0,0,1,9.588,0.178,6.881,5.086,3,1
0,1,0,1.985,0.266,0.274,2.834,1,0
0,0,1,5.915,0.249,7.11,4.088,3,1
0,1,0,-0.365,0.163,0.085,0.091,0,0
0,1,0,1.769,0.109,1.906,2.757,1,0
1,0,0,2.084,-0.013,0.874,2.521,1,0
1,0,0,-0.932,0.057,0.331,0.065,0,0
0,1,0,-0.599,0.314,0.153,0.056,0,0
1,0,0,6.417,0.033,6.479,-0.309,2,1
1,0,0,3.265,29.787,7.602,-0.006,3,1
0,1,0,-0.165,-0.068,0.222,0.031,0,0
0,0,1,4.202,0.051,7.559,2.691,3,1
1,0,0,0.726,0.078,-0.097,-0.072,0,0
0,1,0,-2.186,-0.227,-0.242,-0.16,0,0
0,0,1,-1.256,-0.435,0.744,0.002,0,0
1,0,0,1.287,0.039,-0.328,-0.009,0,0
0,1,0,-0.207,-0.296,-0.394,-0.031,0,0
0,0,1,-0.237,0.289,-0.4,-0.041,0,0
1,0,0,-1.263,-0.269,0.112,-0.04,0,0
0,1,0,1.531,5.179,10.968,0.064,2,1
0,0,1,-1.338,-0.276,0.04,0.009,0,0
1,0,0,0.168,-0.293,0.575,-0.109,0,0
0,0,1,5.294,1.259,13.555,-0.023,2,1
1,0,0,0.577,-0.2,-0.273,-0.032,0,0
0,0,1,1.069,-0.047,0.381,3.264,1,0
0,1,0,6.173,-0.154,10.818,-0.34,2,1
0,1,0,4.672,0.803,13.34,0.093,2,1
0,0,1,0.532,-0.067,0.519,0.077,0,0
1,0,0,-0.711,0.066,-0.22,0.196,0,0
1,0,0,5.696,0.113,8.275,-0.303,2,1
1,0,0,0.289,-0.003,0.27,-0.094,0,0
0,0,1,7.899,-0.318,7.22,4.028,3,1
0,0,1,0.3,0.143,0.401,-0.008,0,0
0,0,1,1.49,0.454,0.479,-0.031,0,0
1,0,0,0.106,0.004,-0.054,-0.081,0,0
1,0,0,1.867,-0.013,0.859,0.004,0,0
1,0,0,4.786,1.523,11.18,0.006,2,1
1,0,0,1.919,0.117,0.139,-0.102,0,0
0,1,0,0.236,-0.53,0.06,-0.081,0,0
0,0,1,0.197,0.076,0.259,0.081,0,0
0,0,1,-0.124,-0.101,0.481,-0.205,0,0
1,0,0,0.935,0.457,0.486,0.115,0,0
0,0,1,6.461,0.474,10.248,-0.225,2,1
1,0,0,-0.875,0.119,0.4,0.071,0,0
0,1,0,10.595,-0.384,5.427,-0.005,2,1
1,0,0,0.357,0.183,1.102,3.225,1,0
1,0,0,9.268,-0.503,5.766,2.872,3,1
0,1,0,-0.198,-0.198,0.12,-0.035,0,0
0,1,0,2.041,14.844,18.465,-0.047,2,1
1,0,0,1.917,-0.012,-0.62,0.086,0,0
1,0,0,-0.198,-0.361,0.468,0.021,0,0
0,0,1,1.481,56.635,12.774,-0.018,2,1
0,1,0,5.305,0.369,6.227,3.118,3,1
0,0,1,2.905,0.194,-0.085,0.116,1,0
1,0,0,0.769,18.253,12.79,0.154,2,1
1,0,0,2.036,-0.556,0.042,0.031,0,0
0,0,1,0.169,-0.261,-0.092,-0.136,0,0
1,0,0,0.208,0.751,0.25,0.142,0,0
1,0,0,-0.194,-0.158,0.557,-0.073,0,0
0,0,1,2.573,0.261,-0.4,0.027,1,0
0,1,0,0.542,0.017,-0.215,0.086,0,0
0,1,0,1.164,-0.111,-0.007,0.035,0,0
1,0,0,-2.067,0.026,0.02,0.068,0,0
0,1,0,0.046,0.058,-0.229,-0.109,0,0
0,1,0,-1.026,0.025,0.778,0.009,0,0
1,0,0,-1.34,0.074,-0.529,-0.108,0,0
0,0,1,0.989,0.237,0.25,0.079,0,0
1,0,0,0.2,0.198,-0.438,0.086,0,0
0,0,1,0.903,40.378,16.921,-0.015,2,1
1,0,0,4.485,-0.073,2.226,-0.062,2,1
0,1,0,1.293,8.266,20.051,-0.039,2,1
0,0,1,8.061,-0.152,3.683,-0.099,2,1
0,1,0,-0.084,0.172,0.904,-0.048,0,0
0,0,1,-0.811,-0.141,-0.176,-0.032,0,0
0,0,1,-0.177,0.004,0.688,0.023,0,0
0,0,1,0.428,0.11,0.359,-0.083,0,0
1,0,0,8.291,0.272,6.003,3.056,3,1
1,0,0,6.966,0.251,7.711,3.031,3,1
0,0,1,-1.719,0.161,-0.313,-0.078,0,0
1,0,0,2.816,1.476,14.515,-0.114,2,1
1,0,0,0.415,-0.36,0.061,-0.078,0,0
0,0,1,-0.411,0.091,0.548,0.006,0,0
0,1,0,6.991,0.306,5.445,2.737,3,1
0,0,1,1.29,0.309,0.235,-0.004,0,0
0,1,0,0.017,-0.307,0.137,-0.025,0,0
1,0,0,0.859,0.086,-0.082,0.078,0,0
0,0,1,-1.387,-0.418,-0.059,-0.014,0,0
0,0,1,2.87,1.078,17.367,-0.044,2,1
1,0,0,10.757,0.072,5.293,-0.027,2,1
0,0,1,-1.089,-0.087,0.349,-0.01,0,0
0,0,1,-1.168,-0.278,-0.4,0.028,0,0
0,1,0,7.335,-0.344,8.314,4.817,3,1
1,0,0,0.181,-0.114,-0.063,-0.116,0,0
0,1,0,1.287,0.299,-0.229,0.115,0,0
0,1,0,0.475,-0.171,0.306,0.045,0,0
0,0,1,-0.366,0.155,-0.053,-0.07,0,0
1,0,0,-0.152,0.338,0.343,-0.163,0,0
1,0,0,0.931,0.213,0.148,0.032,0,0
0,1,0,0.322,0.641,-0.085,0.139,0,0
0,0,1,-0.476,-0.667,0.572,-0.042,0,0
1,0,0,3.349,0.795,14.816,0.067,2,1
1,0,0,4.77,-0.093,3.415,3.781,3,1
0,0,1,0.697,0.123,0.148,-0.028,0,0
0,0,1,0.551,0.024,0.225,-0.053,0,0
0,0,1,3.06,26.757,20.318,-0.072,3,1
0,0,1,0.31,0.51,-0.211,0.028,0,0
0,1,0,5.709,0.394,4.708,-0.114,2,1
0,0,1,2.968,37.323,12.926,0.01,3,1
1,0,0,1.243,-0.471,-0.374,0.038,0,0
1,0,0,2.905,1.268,16.389,-0.107,2,1
1,0,0,-0.087,0.002,-0.095,-0.014,0,0
0,1,0,0.854,-0.03,-0.15,-0.032,0,0
0,1,0,-0.893,0.012,1.627,2.602,1,0
1,0,0,6.048,-0.034,6.911,-0.265,2,1
0,0,1,-1.42,0.175,0.639,-0.008,0,0
0,0,1,1.1,0.372,-0.367,-0.052,0,0
1,0,0,1.923,26.587,8.048,0.107,2,1
0,1,0,5.888,-0.048,4.713,5.062,3,1
1,0,0,2.814,0.113,-0.135,0.1,1,0
1,0,0,5.429,29.652,14.958,-0.012,3,1
1,0,0,5.996,-0.194,4.326,3.695,3,1
0,1,0,3.424,1.458,14.756,0.057,2,1
1,0,0,3.607,23.127,17.099,-0.071,3,1
1,0,0,8.075,0.141,6.881,-0.176,2,1
0,1,0,-1.106,0.113,-0.374,0.143,0,0
1,0,0,4.608,1.476,12.884,-0.001,2,1
0,0,1,0.085,0.203,-0.202,0.028,0,0
0,1,0,8.406,-0.177,3.293,0.049,2,1
0,0,1,0.502,0.549,-0.014,3.119,1,0
0,0,1,-0.018,-0.178,-0.367,-0.063,0,0
0,1,0,0.687,-0.331,0.245,0.011,0,0
0,1,0,2.482,0.242,-0.2,-0.057,0,0
0,0,1,0.85,63.202,14.079,0.063,2,1
0,0,1,2.059,0.372,0.342,0.062,0,0
0,0,1,3.408,63.516,14.885,-0.029,3,1
0,1,0,0.364,-0.185,-0.261,0.138,0,0
0,1,0,5.255,0.924,13.194,-0.031,2,1
1,0,0,5.472,-0.024,4.61,4.247,3,1
0,1,0,0.191,0.052,0.661,-0.104,0,0
0,1,0,-0.846,0.468,-0.025,0.018,0,0
0,0,1,7.662,0.069,8.027,4.806,3,1
0,1,0,-0.899,-0.004,0.027,-0.093,0,0
1,0,0,0.621,-0.349,0.153,0.055,0,0
0,0,1,1.267,0.081,0.645,-0.056,0,0
0,1,0,-0.851,0.237,-0.626,-0.042,0,0
0,1,0,6.988,-0.364,6.335,0.008,2,1
0,1,0,-2.826,-0.136,-0.221,-0.019,0,0
0,1,0,1.494,0.1,0.156,0.096,0,0
0,0,1,9.923,-0.252,7.214,4.319,3,1
0,1,0,0.301,0.369,0.79,-0.095,0,0
0,0,1,4.045,1.238,9.804,0.023,2,1
0,1,0,-1.562,0.273,0.736,0.058,0,0
0,0,1,7.037,-0.097,2.597,0.05,2,1
0,1,0,-1.012,-0.072,0.929,0.094,0,0
0,0,1,11.237,0.42,2.699,0.06,2,1
1,0,0,0.328,-0.194,-0.317,0.018,0,0
0,0,1,1.296,-0.17,0.215,0.046,0,0
0,1,0,2.801,14.449,14.466,0.013,3,1
1,0,0,-2.019,-0.222,0.673,-0.05,0,0
1,0,0,0.02,0.12,-0.8,0.077,0,0
0,1,0,0.286,-0.002,0.756,0.047,0,0
0,1,0,0.825,0.16,0.313,0.028,0,0
0,1,0,-1.364,0.019,0.218,0.05,0,0
0,1,0,1.159,0.45,0.029,-0.024,0,0
1,0,0,1.319,-0.101,0.246,2.219,1,0
0,0,1,0.676,0.107,-0.4,0.109,0,0
0,1,0,2.825,1.146,16.867,-0.12,2,1
1,0,0,5.784,1.217,10.327,0.009,2,1
0,0,1,2.073,0.328,0.503,0.088,0,0
1,0,0,0.14,-0.225,-0.306,0.094,0,0
0,0,1,5.611,1.551,10.281,-0.158,2,1
0,0,1,-1.9,0.131,0.12,-0.149,0,0
0,0,1,3.17,-0.067,0.285,-0.063,1,0
0,0,1,5.191,0.202,6.176,4.406,3,1
0,0,1,-0.184,0.507,0.148,-0.108,0,0
1,0,0,0.548,-0.667,0.023,-0.12,0,0
0,1,0,-0.458,-0.16,-1.199,-0.094,0,0
0,0,1,-0.012,0.109,0.67,0.082,0,0
0,0,1,4.844,1.879,11.442,0.006,2,1
0,0,1,2.201,-0.172,1.28,3.379,1,0
0,1,0,0.462,0.114,0.241,0.042,0,0
0,0,1,0.451,0.06,-0.058,0.114,0,0
1,0,0,0.853,0.144,0.698,-0.013,0,0
0,1,0,-1.368,0.356,-0.258,-0.015,0,0
0,1,0,-0.05,0.304,-0.068,0.076,0,0
1,0,0,2.453,22.841,13.69,0.123,2,1
0,0,1,5.571,-0.08,11.876,-0.349,2,1
0,1,0,0.278,-0.025,-0.359,-0.116,0,0
1,0,0,0.441,0.219,-0.175,-0.012,0,0
1,0,0,0.184,0.393,0.017,0.016,0,0
0,0,1,2.95,61.664,10.401,-0.006,3,1
0,1,0,-0.827,0.07,0.06,0.071,0,0
0,1,0,1.384,-0.176,0.329,0.02,0,0
1,0,0,3.811,0.027,6.384,-0.218,2,1
1,0,0,0.361,-0.158,2.463,2.647,2,0
0,0,1,8.226,0.051,4.656,0.048,2,1
0,1,0,5.513,-0.488,4.413,5.423,3,1
1,0,0,0.77,-0.098,0.02,0.065,0,0
1,0,0,-0.108,0.305,0.318,0.068,0,0
1,0,0,0.349,-0.369,0.093,-0.002,0,0
1,0,0,-0.214,0.311,-0.335,-0.056,0,0
0,0,1,2.351,-0.427,0.178,-0.075,0,0
0,1,0,-0.534,0.149,0.23,0.022,0,0
0,0,1,-0.277,0.022,0.216,0.061,0,0
0,0,1,-0.516,0.475,-0.4,0.037,0,0
0,0,1,2.512,-0.392,-0.277,0.002,1,0
0,0,1,0.655,0.128,-0.108,0.003,0,0
0,0,1,0.816,-0.496,0.139,-0.033,0,0
0,1,0,6.901,0.185,9.792,-0.209,2,1
0,1,0,-1.357,-0.216,-0.279,-0.019,0,0
0,0,1,-0.552,-0.063,0.124,0,0,0
0,1,0,0.861,-0.214,0.889,2.315,1,0
0,0,1,1.178,0.391,0.014,-0.058,0,0
0,0,1,1.468,0.165,-0.4,-0.007,0,0
0,1,0,0.485,-0.095,0.412,2.06,1,0
1,0,0,-0.018,0.039,0.826,0.015,0,0
1,0,0,0.169,0.236,-0.056,-0.038,0,0
1,0,0,-1.334,0.237,0.156,-0.011,0,0
1,0,0,0.333,-0.536,-0.297,-0.02,0,0
0,0,1,-1.116,-0.056,-0.017,0.053,0,0
0,0,1,3.183,1.86,10.176,0.006,2,1
0,0,1,-0.579,-0.045,-0.4,0.097,0,0
0,0,1,-0.614,-0.378,-0.4,-0.017,0,0
0,1,0,0.789,0.333,0.762,-0.155,0,0
0,0,1,0.201,-0.362,0.105,-0.102,0,0
0,0,1,0.764,-0.028,-0.4,-0.038,0,0
0,0,1,-0.041,-0.084,-0.139,0.014,0,0
0,0,1,-0.044,-0.004,-0.034,0.091,0,0
1,0,0,0.64,-0.136,0.367,-0.021,0,0
1,0,0,-0.52,-0.045,0.805,0.069,0,0
0,0,1,1.553,0.235,-0.167,-0.145,0,0
0,0,1,1.869,-0.043,0.714,1.98,1,0
0,0,1,-0.611,-0.473,0.248,-0.123,0,0
0,1,0,2.607,-0.363,1.104,2.671,2,0
0,0,1,0.288,-0.308,0.696,-0.013,0,0
1,0,0,1.336,0.569,0.481,-0.108,0,0
0,1,0,-1.432,-0.092,-0.022,-0.087,0,0
0,1,0,8.438,0.147,6.052,3.386,3,1
1,0,0,-1.96,0.035,0.465,-0.132,0,0
0,0,1,4.872,0.406,4.398,4.017,3,1
0,0,1,0.845,-0.073,0.066,-0.158,0,0
0,1,0,10.058,-0.354,4.689,0.049,2,1
1,0,0,-1.884,0.089,0.159,-0.028,0,0
0,0,1,-0.548,0.067,-0.4,0.038,0,0
0,1,0,4.321,1.713,14.032,-0.091,2,1
0,0,1,0.507,48.555,19.245,-0.117,2,1
1,0,0,-0.841,0.532,0.12,0.024,0,0
0,1,0,4.949,6.731,18.073,0.021,3,1
1,0,0,1.098,-0.118,-0.099,-0.059,0,0
0,0,1,6.716,-0.206,5.048,0.058,2,1
0,0,1,6.164,-0.053,5.029,5.18,3,1
1,0,0,-0.861,-0.049,0.317,0.138,0,0
1,0,0,8.526,0.7,5.956,-0.093,2,1
0,1,0,2.498,12.11,17.751,-0.015,2,1
0,1,0,0.053,0.008,0.183,0.075,0,0
0,0,1,8.829,-0.155,6.288,5.293,3,1
1,0,0,-0.51,0.444,-0.585,-0.054,0,0
1,0,0,0.557,-0.008,0.141,0.028,0,0
1,0,0,-0.472,0.029,1.148,3.499,1,0
0,0,1,0.783,-0.092,-0.4,0.029,0,0
1,0,0,-1.339,0.2,-0.044,0.006,0,0
0,1,0,10.655,0.006,1.392,-0.054,1,1
1,0,0,0.003,0.071,-0.492,-0.097,0,0
1,0,0,1.157,0.163,0.025,0.116,0,0
1,0,0,1.337,-0.125,-0.009,2.759,1,0
0,0,1,-0.723,0.036,-0.4,0.045,0,0
1,0,0,-0.55,-0.115,-0.151,0.052,0,0
0,1,0,6.316,-0.139,5.567,0.092,2,1
1,0,0,0.528,0.059,0.982,3.486,1,0
0,0,1,-1.002,-0.203,0.409,0.024,0,0
0,0,1,0.906,-0.081,-0.026,-0.076,0,0
0,0,1,-0.077,0.403,0.434,-0.087,0,0
0,0,1,5.615,1.536,10.488,0.025,2,1
1,0,0,0.703,-0.017,-0.8,-0.029,0,0
0,0,1,7.226,0.138,4.02,-0.081,2,1
0,1,0,4.286,-0.088,8.233,5.881,3,1
0,1,0,0.005,-0.339,-0.359,-0.102,0,0
1,0,0,4.601,1.35,13.423,0.079,2,1
1,0,0,-1.243,0.237,-0.194,-0.109,0,0
0,0,1,0.572,-0.046,3.31,2.603,2,0
0,0,1,0.254,0.241,0.424,-0.068,0,0
0,0,1,1.982,22.505,10.45,0.063,2,1
0,0,1,2.438,-0.089,1.647,1.898,1,0
0,0,1,-0.97,0.387,0.718,0.052,0,0
0,1,0,-0.202,-0.059,0.665,0.05,0,0
1,0,0,-1.595,-0.383,0.881,-0.061,0,0
1,0,0,-1.449,-0.215,-0.191,-0.038,0,0
0,1,0,1.556,-0.073,-0.435,0.042,0,0
1,0,0,-0.598,0.113,0.28,-0.051,0,0
0,0,1,2.51,0.269,1.775,2.794,2,0
1,0,0,-0.006,0.165,0.059,0.03,0,0
0,0,1,2.071,26.048,8.829,0.056,2,1
0,0,1,2.254,1.507,10.501,-0.126,1,1
1,0,0,9.811,-0.035,2.927,0.015,2,1
0,0,1,0.103,-0.047,-0.308,-0.061,0,0
0,1,0,-0.751,0.384,1.195,2.343,1,0
1,0,0,-0.333,0.079,0.249,-0.01,0,0
1,0,0,-0.287,0.044,-0.328,0.094,0,0
0,0,1,-2.925,-0.097,-0.262,-0.047,0,0
0,0,1,0.643,0.633,1.43,0.003,0,0
0,0,1,0.522,-0.201,-0.368,-0.022,0,0
1,0,0,0.571,22.346,9.055,-0.02,2,1
0,0,1,-1.254,0.204,-0.147,0.127,0,0
1,0,0,1.673,10.995,9.124,0.069,2,1
0,1,0,1.59,-0.223,0.476,-0.031,0,0
0,0,1,-0.909,-0.268,0.009,0.006,0,0
1,0,0,0.221,-0.016,-0.362,-0.07,0,0
1,0,0,-0.031,0.273,-0.774,0.06,0,0
0,0,1,3.208,0.088,0.011,2.889,2,0
1,0,0,0.05,0.054,-0.186,-0.005,0,0
0,0,1,7.618,0.008,2.777,0.004,2,1
0,0,1,-0.933,-0.059,-0.098,-0.107,0,0
0,0,1,5.416,-0.309,7.555,3.245,3,1
0,1,0,0.373,0.14,0.788,0.017,0,0
1,0,0,-0.247,-0.146,0.735,0.061,0,0
0,1,0,0.559,-0.292,-0.658,-0.119,0,0
1,0,0,0.26,0.013,0.705,0.085,0,0
0,0,1,4.94,0.127,12.467,-0.269,2,1
1,0,0,-0.686,0.141,0.277,0.056,0,0
0,0,1,0.282,0.195,-0.4,0.101,0,0
0,0,1,-1.742,0.253,0.303,-0.09,0,0
1,0,0,4.623,0.074,5.644,-0.048,2,1
0,0,1,0.009,-0.104,0.052,0.132,0,0
1,0,0,10.536,-0.489,4.483,-0.149,2,1
0,0,1,0.238,-0.322,-0.011,-0.127,0,0
0,1,0,5.326,11.116,17.688,-0.052,3,1
0,1,0,1.912,-0.337,-0.243,0.072,0,0
1,0,0,0.829,0.001,0.884,1.894,1,0
1,0,0,1.321,-0.444,0.743,-0.032,0,0
0,1,0,-0.933,0.109,0.631,-0.038,0,0
1,0,0,10.845,-0.213,3.653,0.037,2,1
1,0,0,0.25,0.119,-0.539,0.061,0,0
0,1,0,1.559,0.339,-0.068,0.09,0,0
1,0,0,11.534,-0.239,1.936,0.005,1,1
0,1,0,-0.194,0.254,0.019,-0.049,0,0
0,1,0,4.447,0.278,5.308,-0.147,2,1
0,0,1,-2.71,-0.164,0.612,0.15,0,0
0,1,0,6.599,1.311,15.683,-0.028,2,1
0,1,0,-0.77,-0.127,0.081,0.092,0,0
1,0,0,3.017,1.083,11.3,0.084,2,1
0,0,1,2.778,1.198,13.284,-0.014,2,1
1,0,0,1.04,0.148,-0.387,0.045,0,0
0,0,1,7.717,-0.05,7.129,2.746,3,1
0,1,0,4.578,14.439,20.91,-0.115,3,1
1,0,0,3.974,-0.014,4.452,4.771,3,1
0,1,0,2.059,0.157,0.078,-0.036,0,0
0,1,0,6.71,0.071,6.329,-0.257,2,1
0,1,0,0.463,-0.159,-0.531,-0.184,0,0
0,1,0,-0.428,-0.169,-0.092,0.047,0,0
1,0,0,0.962,-0.01,0.433,-0.116,0,0
0,1,0,2.307,4.893,21.403,0.009,2,1
0,1,0,0.176,0.11,-0.441,-0.013,0,0
0,0,1,4.334,1.428,16.955,-0.129,2,1
0,0,1,9.604,0.281,5.742,-0.089,2,1
0,1,0,2.212,0.904,12.646,0.139,1,1
1,0,0,-1.295,0.705,-0.042,-0.106,0,0
0,1,0,4.583,-0.16,7.852,3.278,3,1
0,1,0,2.48,9.466,17.968,-0.113,2,1
0,0,1,0.016,0.028,0.85,0.043,0,0
0,0,1,1.787,0.585,0.631,-0.077,0,0
0,0,1,0.817,0.401,-0.4,-0.212,0,0
1,0,0,0.005,-0.626,0.618,2.804,1,0
1,0,0,5.63,0.139,4.877,-0.007,2,1
1,0,0,-0.363,-0.231,0.372,-0.114,0,0
0,0,1,10.379,0.195,5.312,-0.051,2,1
1,0,0,-0.442,-0.072,-0.527,-0.032,0,0
0,0,1,5.867,0.203,7.339,-0.24,2,1
0,1,0,0.132,-0.074,0.672,0.025,0,0
1,0,0,-0.666,-0.079,-0.052,-0.027,0,0
0,1,0,-0.961,0.04,-0.236,0.011,0,0
0,1,0,1.751,0.315,0.082,-0.068,0,0
0,0,1,0.256,0.032,0.094,-0.011,0,0
0,0,1,2.984,1.144,18.297,0.023,2,1
1,0,0,1.366,0.266,0.427,-0.036,0,0
1,0,0,-0.666,0.242,0.022,0.025,0,0
0,1,0,0.648,-0.031,0.113,-0.039,0,0
0,1,0,-0.834,-0.09,-0.493,-0.156,0,0
0,1,0,-0.447,-0.155,0,0.122,0,0
1,0,0,-1.325,-0.535,-0.644,-0.047,0,0
0,0,1,0.074,0.067,-0.4,0.026,0,0
1,0,0,0.603,0.037,-0.012,-0.094,0,0
0,0,1,-1.205,0.048,0.294,0.002,0,0
1,0,0,-0.034,0.373,0.15,-0.054,0,0
1,0,0,-1.292,0.049,-0.755,-0.232,0,0
0,0,1,1.631,0.357,-0.4,0.046,0,0
1,0,0,0.951,-0.667,-0.712,0,0,0
0,1,0,0.648,-0.625,-0.245,-0.096,0,0
0,1,0,6.118,0.167,7.522,4.914,3,1
0,1,0,1.22,0.016,2.077,2.036,2,0
0,0,1,1.529,0.148,0.218,-0.153,0,0
1,0,0,3.01,24.093,9.644,0.002,3,1
1,0,0,1.841,12.634,10.549,-0.052,2,1
0,1,0,5.151,1.134,12.446,-0.008,2,1
0,1,0,-0.519,-0.115,-0.012,-0.047,0,0
0,0,1,6.246,1.466,13.21,0.18,2,1
0,0,1,-0.384,0.214,-0.4,0.088,0,0
0,0,1,3.944,1.078,12.472,0.057,2,1
0,1,0,1.193,0.348,0.542,0.084,0,0
0,1,0,-0.049,-0.332,0.547,-0.108,0,0
0,1,0,1.11,-0.05,-0.283,0.144,0,0
0,1,0,-0.281,0.458,-0.035,0.004,0,0
0,0,1,1.228,0.2,0.693,0.033,0,0
0,1,0,7.272,-0.163,4.589,0.071,2,1
0,1,0,3.45,11.891,16.308,-0.036,3,1
1,0,0,0.093,-0.587,-0.223,-0.099,0,0
0,1,0,0.263,0.111,1.763,2.112,1,0
0,1,0,3.986,9.547,14.608,-0.089,3,1
0,1,0,2.123,0.105,1.333,2.207,1,0
1,0,0,0.655,0.08,-0.23,0.125,0,0
0,0,1,1.487,-0.274,0.462,0.032,0,0
0,1,0,5.57,0.044,6.103,0.072,2,1
1,0,0,-0.057,0.284,0.761,-0.069,0,0
0,0,1,-0.948,0.164,0.681,0.18,0,0
0,0,1,1.713,0.402,0.337,0.04,0,0
1,0,0,-2.127,0.233,-0.046,0.022,0,0
0,0,1,-1.041,0.367,0.087,-0.032,0,0
1,0,0,0.915,0.062,-0.281,0.016,0,0
0,0,1,0.588,0.283,0.086,-0.08,0,0
0,1,0,-0.446,0.225,0.152,0.083,0,0
1,0,0,0.894,0.016,-0.045,-0.09,0,0
0,0,1,0.639,0.231,0.205,-0.088,0,0
0,0,1,4.898,1.587,15.633,-0.045,2,1
0,1,0,-0.681,-0.055,0.334,0.011,0,0
0,1,0,-0.952,-0.129,-0.069,0.09,0,0
1,0,0,1.777,0.507,0.306,-0.024,0,0
1,0,0,-0.257,-0.403,1.05,-0.035,0,0
1,0,0,3.953,0.467,5.543,5.313,3,1
0,1,0,0.295,-0.054,0.19,0.022,0,0
0,0,1,-2.325,-0.301,0.627,-0.042,0,0
0,0,1,9.754,0.114,5.044,0.113,2,1
0,1,0,2.413,0.487,0.588,2.225,1,0
0,0,1,-2.205,-0.177,0.22,0.073,0,0
0,1,0,4.79,9.388,16.751,0.035,3,1
0,0,1,-0.619,-0.447,0.331,0.052,0,0
0,0,1,6.228,-0.356,11.955,-0.116,2,1
0,1,0,6.904,0.137,9.463,-0.108,2,1
0,0,1,-0.594,0.727,-0.125,-0.082,0,0
0,1,0,1.311,-0.107,0.419,0.03,0,0
0,0,1,-0.782,-0.219,-0.031,0.089,0,0
0,0,1,0.893,0.328,0.859,1.936,1,0
0,1,0,8.495,0.225,3.586,-0.083,2,1
0,0,1,9.752,-0.024,3.334,-0.039,2,1
0,0,1,0.858,0.619,0.636,0.051,0,0
0,0,1,7.519,-0.192,4.999,-0.011,2,1
1,0,0,5.275,-0.085,9.869,-0.236,2,1
0,1,0,1.281,10.388,18.251,-0.132,2,1
0,0,1,5.555,-0.063,3.057,0.099,2,1
0,0,1,1.441,-0.217,1.287,3.157,1,0
0,0,1,0.313,26.44,12.486,0.071,2,1
1,0,0,0.233,33.037,20.167,0.006,2,1
1,0,0,-0.288,-0.163,0.298,-0.017,0,0
0,1,0,5.247,0.05,1.827,-0.028,1,1
0,0,1,0.125,0.051,0.418,0.039,0,0
0,1,0,-0.104,-0.363,0.516,0.019,0,0
0,0,1,-1.102,-0.146,-0.266,0.071,0,0
1,0,0,-1.425,0.021,-0.391,0.018,0,0
0,0,1,3.589,1.286,17.737,0.032,2,1
0,0,1,1.918,-0.086,-0.4,-0.043,0,0
0,1,0,1.835,0.19,0.015,0.068,0,0
0,0,1,6.22,0.199,5.563,4.727,3,1
0,1,0,-0.252,0.035,0.45,0.034,0,0
1,0,0,1.066,0.994,15.59,0.017,1,1
0,0,1,0.091,-0.088,0.863,0.039,0,0
1,0,0,1.85,0.173,-0.8,0.048,0,0
0,0,1,8.173,-0.079,5.478,4.811,3,1
0,0,1,-0.886,-0.081,0.558,0.014,0,0
0,0,1,2.778,38.15,14.097,-0.089,3,1
0,0,1,0.442,-0.002,0.626,-0.051,0,0
0,0,1,0.027,0.053,-0.066,-0.003,0,0
0,1,0,1.372,0.201,0.174,-0.077,0,0
1,0,0,8.417,-0.038,5.724,3.005,3,1
0,1,0,-0.51,0.033,-0.194,0.072,0,0
0,1,0,-0.202,-0.126,-0.993,0.012,0,0
0,1,0,-1.473,0.013,0.751,0.011,0,0
0,1,0,0.334,-0.041,-0.244,-0.035,0,0
0,0,1,3.784,0.937,17.717,-0.211,2,1
0,1,0,-0.595,0.177,0.193,-0.069,0,0
1,0,0,0.808,-0.066,-0.373,-0.058,0,0
0,0,1,5.576,0.847,18.495,-0.065,2,1
0,0,1,3.944,1.083,16.802,0.126,2,1
0,1,0,-0.278,-0.001,0.044,-0.01,0,0
0,1,0,1.444,1.511,14.08,-0.013,1,1
1,0,0,5.209,-0.153,5.428,3.997,3,1
0,1,0,1.36,-0.121,-0.595,0.062,0,0
1,0,0,1.192,-0.089,-0.8,0.115,0,0
1,0,0,-0.387,-0.098,0.306,-0.069,0,0
0,1,0,-0.319,0.242,-0.046,-0.084,0,0
0,0,1,-1.566,-0.431,-0.156,-0.01,0,0
0,1,0,0.026,-0.048,-0.397,0.014,0,0
0,1,0,1.029,1.465,16.161,0.089,1,1
0,1,0,6.232,0.038,11.803,-0.199,2,1
1,0,0,0.712,0.375,-0.104,-0.024,0,0
1,0,0,1.243,0.318,0.639,2.052,1,0
1,0,0,0.088,-0.141,1.567,3.156,1,0
0,1,0,-0.339,0.059,0.08,-0.116,0,0
0,1,0,3.924,-0.071,4.187,3.659,3,1
0,0,1,-0.327,0.042,0.803,-0.061,0,0
1,0,0,4.373,1.729,14.369,-0.01,2,1
1,0,0,-0.391,0.04,0.378,0.007,0,0
0,1,0,3.655,1.398,16.961,-0.014,2,1
0,1,0,1.779,0.209,-0.143,0.046,0,0
0,1,0,-0.041,-0.609,1.178,0.154,0,0
0,0,1,-1.011,-0.461,0.887,-0.013,0,0
1,0,0,-0.763,-0.084,-0.634,0.032,0,0
0,1,0,9.393,-0.223,2.422,0.036,2,1
0,1,0,-0.761,-0.326,0.092,0.042,0,0
1,0,0,9.89,-0.271,1.909,-0.027,1,1
1,0,0,1.082,0.204,-0.452,0.014,0,0
1,0,0,-1.525,0.168,0.16,0.087,0,0
0,0,1,5.462,1.142,11.467,0.107,2,1
0,1,0,0.877,-0.225,-0.004,-0.123,0,0
0,1,0,9.225,-0.065,2.361,0.098,2,1
1,0,0,2.138,26.106,18.715,-0.04,2,1
1,0,0,2.765,0.073,6.946,3.488,3,1
0,1,0,-2.93,-0.211,-0.121,0.118,0,0
1,0,0,-0.88,-0.186,-0.32,-0.004,0,0
0,0,1,0.134,-0.033,0.392,-0.09,0,0
1,0,0,0.473,0.07,0.266,0.034,0,0
0,1,0,-1.42,0.304,-0.367,0.037,0,0
0,0,1,-0.426,0.313,0.092,0.066,0,0
0,0,1,0.274,0.19,-0.165,0.104,0,0
0,0,1,0.044,-0.549,-0.232,-0.146,0,0
1,0,0,-0.476,-0.091,-0.459,0.029,0,0
0,1,0,0.863,-0.618,-0.346,0.099,0,0
0,0,1,1.153,-0.378,-0.186,-0.08,0,0
0,1,0,-1.469,-0.011,0.536,-0.017,0,0
1,0,0,0.897,-0.13,0.104,-0.08,0,0
0,0,1,-0.276,0.014,-0.248,-0.079,0,0
0,0,1,1.478,-0.138,0.43,0.007,0,0
1,0,0,-0.294,0.313,0.704,-0.109,0,0
1,0,0,-1.021,0.382,0.34,-0.016,0,0
0,0,1,0.935,-0.323,-0.4,-0.035,0,0
0,0,1,-1.459,0.205,0.786,0.044,0,0
0,0,1,6.814,0.052,4.532,-0.084,2,1
0,1,0,0.552,0.006,0.629,-0.08,0,0
1,0,0,-0.33,-0.219,0.327,0.004,0,0
0,1,0,2.212,5.437,17.666,0.225,2,1
0,0,1,4.996,0.394,4.758,2.976,3,1
0,0,1,-1.353,0.2,0.42,-0.022,0,0
1,0,0,1.358,0.032,-0.263,0.1,0,0
0,1,0,4.458,1.489,13.496,0.297,2,1
0,0,1,-0.981,0.402,-0.1,-0.113,0,0
0,1,0,-1.644,-0.191,-0.49,-0.058,0,0
0,1,0,8.2,0.027,5.36,3.628,3,1
1,0,0,0.64,1.447,13.608,0.018,1,1
1,0,0,-1.205,-0.125,0.083,-0.116,0,0
0,0,1,-1.059,-0.079,-0.117,0.066,0,0
0,0,1,-2.669,0.081,0.356,0.014,0,0
1,0,0,-1.125,0.121,-0.531,-0.07,0,0
0,1,0,-0.137,-0.073,0.069,0.024,0,0
0,0,1,3.672,25.196,8.128,0.041,3,1
1,0,0,-0.153,-0.05,0.384,-0.056,0,0
1,0,0,0.718,0.082,0.255,-0.081,0,0
0,1,0,0.713,0.031,0.041,-0.077,0,0
1,0,0,-3.053,0.229,-0.24,-0.033,0,0
0,1,0,-0.356,-0.306,-0.23,-0.046,0,0
0,0,1,0.868,42.944,17.724,-0.1,2,1
0,0,1,3.705,0.723,17.52,0.007,2,1
0,1,0,4.562,1.066,10.924,-0.192,2,1
0,1,0,2.936,1.571,14.314,0.052,2,1
1,0,0,1.959,0.45,1.093,-0.015,0,0
0,1,0,-1.568,0.081,-0.084,-0.048,0,0
1,0,0,-1.214,0.061,-0.054,0.023,0,0
0,0,1,8.252,0.149,2.942,-0.001,2,1
1,0,0,-0.981,0.098,-0.597,-0.032,0,0
0,0,1,0.633,-0.186,0.242,-0.072,0,0
1,0,0,-1.573,-0.107,0.228,0.012,0,0
1,0,0,3.796,13.593,17.459,-0.012,3,1
0,1,0,5.792,0.336,5.041,4.907,3,1
0,0,1,6.64,0.521,7.326,3.586,3,1
0,1,0,1.315,15.617,20.37,-0.081,2,1
0,1,0,6.615,-0.165,5.251,0.082,2,1
1,0,0,-1.103,-0.417,-0.592,0.081,0,0
0,1,0,0.896,0.266,-0.115,-0.029,0,0
1,0,0,-1.091,0.309,0.23,0.021,0,0
0,1,0,-1.454,-0.075,-0.122,-0.043,0,0
1,0,0,-1.048,0.254,0.284,0.08,0,0
0,1,0,-0.08,0.436,-0.721,-0.051,0,0
0,1,0,10.039,0.371,3.46,-0.194,2,1
0,0,1,5.326,-0.036,4.999,-0.14,2,1
0,1,0,2.202,0.101,0.905,-0.09,0,0
0,1,0,1.955,12.986,8.576,-0.102,2,1
1,0,0,6.201,-0.511,5.344,0.103,2,1
0,1,0,0.789,0.193,-0.005,0.047,0,0
0,1,0,-0.932,-0.013,0.302,2.502,1,0
0,1,0,5.613,0.38,3.798,3.494,3,1
0,1,0,6.317,0.183,5.55,2.519,3,1
0,1,0,3.848,1.439,10.725,0.074,2,1
1,0,0,0.344,-0.248,-0.14,-0.033,0,0
0,1,0,5.92,0.086,5.516,-0.061,2,1
1,0,0,5.606,0.275,4.587,2.701,3,1
1,0,0,-0.996,0.199,-0.758,0.018,0,0
1,0,0,6.621,-0.17,8.996,-0.314,2,1
1,0,0,0.37,-0.11,-0.419,-0.064,0,0
0,0,1,-0.836,0.185,-0.103,-0.045,0,0
0,0,1,-0.844,30.881,16.39,-0.091,2,1
1,0,0,-0.24,0.212,0.551,-0.084,0,0
1,0,0,7.257,-0.001,8.251,4.302,3,1
0,1,0,1.388,0.201,0.333,0.012,0,0
0,1,0,2.927,12.84,14.986,0.086,3,1
1,0,0,-0.833,0.348,0.483,0.135,0,0
1,0,0,1.134,0.543,0.756,0.027,0,0
0,0,1,-2.242,0.061,-0.058,-0.116,0,0
0,0,1,0.122,0.401,0.335,-0.149,0,0
0,1,0,6.289,-0.409,5.365,-0.024,2,1
0,1,0,5.49,10.462,15.441,-0.051,3,1
0,0,1,2.025,35.666,10.031,-0.084,2,1
0,1,0,-0.314,0.259,0.139,0.052,0,0
0,1,0,8.539,-0.25,5.254,5.784,3,1
0,0,1,1.282,0.112,0.582,-0.016,0,0
0,1,0,-0.657,-0.08,0.306,-0.016,0,0
1,0,0,7.862,0.082,6.106,4.04,3,1
1,0,0,0.723,-0.012,0.46,-0.023,0,0
1,0,0,-0.189,0.059,0.851,0.044,0,0
1,0,0,2.818,0.159,5.683,4.58,3,1
1,0,0,-1.21,0.051,-0.439,-0.044,0,0
0,0,1,-0.275,-0.097,-0.082,-0.034,0,0
1,0,0,1.515,-0.467,-0.216,-0.026,0,0
0,1,0,-0.965,0.061,0.796,-0.024,0,0
0,0,1,1.366,0.135,-0.048,0.101,0,0
0,0,1,2.091,-0.141,-0.182,0.042,0,0
0,0,1,5.235,0.003,6.696,2.908,3,1
0,1,0,0.422,-0.165,-0.154,-0.068,0,0
1,0,0,-1.845,-0.227,-0.356,-0.074,0,0
0,1,0,-2.433,0.088,-0.703,-0.003,0,0
0,0,1,6.817,-0.165,6.09,-0.097,2,1
0,0,1,0.511,-0.603,-0.327,-0.017,0,0
0,0,1,10.5,0.153,2.038,0.085,2,1
1,0,0,-0.209,-0.134,0.12,0.001,0,0
0,1,0,0.388,0.064,-0.752,-0.007,0,0
1,0,0,2.696,11.706,11.208,0.052,3,1
0,1,0,-2.003,0.095,0.532,0.069,0,0
0,1,0,0.276,0.017,-0.583,-0.066,0,0
0,1,0,0.044,0.462,-1.045,-0.008,0,0
1,0,0,5.638,-0.277,5.233,0.016,2,1
1,0,0,0.681,-0.086,0.281,0.124,0,0
0,0,1,-0.082,-0.058,0.319,-0.027,0,0
0,1,0,5.584,-0.098,3.462,-0.104,2,1
1,0,0,2.679,1.071,12.816,-0.042,2,1
1,0,0,4.59,1.716,11.776,0.077,2,1
0,1,0,-0.179,-0.212,-0.23,-0.055,0,0
1,0,0,-1.393,0.391,0.125,-0.028,0,0
0,0,1,-0.765,0.331,-0.132,-0.072,0,0
0,1,0,10.325,-0.057,3.518,-0.109,2,1
1,0,0,9.769,0.002,6.007,0.066,2,1
0,1,0,6.722,-0.089,11.51,-0.385,2,1
1,0,0,1.786,0.42,0.271,-0.111,0,0
0,0,1,8.231,0.309,7.911,3.339,3,1
0,0,1,1.072,0.247,-0.378,0.03,0,0
0,0,1,-1.312,0.114,0.347,0.006,0,0
1,0,0,6.786,-0.054,4.817,5.271,3,1
1,0,0,8.002,0.31,4.7,-0.048,2,1
0,1,0,5.517,-0.155,5.731,-0.265,2,1
0,1,0,0.953,-0.013,0.477,-0.02,0,0
1,0,0,0.707,-0.17,-0.583,-0.101,0,0
0,1,0,-0.489,-0.123,-0.385,-0.056,0,0
1,0,0,-0.5,-0.404,-0.01,-0.007,0,0
1,0,0,3.79,0.078,6.151,4.279,3,1
1,0,0,0.707,-0.105,0.278,-0.008,0,0
0,1,0,5.354,-0.313,5.626,3.73,3,1
0,1,0,-1.315,-0.007,-0.886,-0.1,0,0
0,1,0,6.38,-0.33,5.883,5.988,3,1
1,0,0,10.161,-0.129,3.581,-0.121,2,1
0,1,0,0.994,0.361,-0.967,-0.007,0,0
0,1,0,-1.481,-0.102,0.519,0.047,0,0
0,0,1,-0.649,-0.257,-0.245,0.111,0,0
0,0,1,2.05,57.009,10.189,-0.158,2,1
0,1,0,-0.353,-0.147,0.366,0.077,0,0
0,0,1,-0.928,-0.321,-0.215,-0.016,0,0
1,0,0,-0.446,0.433,0.054,-0.006,0,0
1,0,0,9.885,0.47,4.943,5.496,3,1
0,0,1,1.053,-0.136,1.747,2.561,1,0
1,0,0,9.788,0.089,4.141,4.463,3,1
0,0,1,5.99,-0.146,7.93,4.229,3,1
1,0,0,-1.558,0.666,-0.173,-0.029,0,0
1,0,0,0.12,-0.172,1.034,2.126,1,0
1,0,0,2.932,11.009,15.104,-0.052,3,1
1,0,0,-0.16,-0.009,0.522,0.078,0,0
1,0,0,4.052,-0.271,5.464,3.495,3,1
0,0,1,6.788,0.196,7.005,-0.239,2,1
0,1,0,1.41,0.653,-0.144,0.114,0,0
1,0,0,-0.41,-0.008,-0.44,0.004,0,0
0,0,1,1.758,0.367,0.681,0.078,0,0
0,0,1,0.623,-0.292,0.09,-0.147,0,0
0,0,1,0.802,-0.062,-0.09,-0.001,0,0
0,1,0,8.012,-0.121,4.142,-0.207,2,1
0,0,1,0.528,0.226,-0.055,0.012,0,0
0,0,1,7.55,0.333,6.155,-0.124,2,1
0,1,0,-0.394,-0.037,0.163,0.05,0,0
0,1,0,-0.468,-0.201,-0.276,-0.014,0,0
1,0,0,-0.952,0.236,0.264,0.032,0,0
1,0,0,-0.724,-0.255,-0.267,-0.02,0,0
1,0,0,-1.853,-0.406,-0.305,-0.204,0,0
0,0,1,4.741,-0.296,6.907,5.783,3,1
0,1,0,2.157,1.544,13.214,-0.089,1,1
0,0,1,0.254,0.248,0.235,-0.093,0,0
1,0,0,0.17,0.243,-0.024,-0.001,0,0
0,1,0,-1.163,-0.22,-0.006,-0.071,0,0
0,0,1,6.101,-0.028,9.604,-0.206,2,1
0,1,0,0.04,-0.078,1.436,1.981,1,0
0,1,0,-0.056,0.112,0.19,0.039,0,0
1,0,0,-0.625,0.062,-0.161,0.037,0,0
0,0,1,-2.11,0.067,0.784,0.153,0,0
0,1,0,1.399,-0.178,0.449,2.359,1,0
0,1,0,4.952,0.908,15.078,0.155,2,1
0,0,1,7.029,0.349,10.81,-0.389,2,1
0,1,0,5.421,-0.325,8.988,-0.187,2,1
0,0,1,4.45,63.471,10.389,-0.015,3,1
1,0,0,-0.223,0.325,0.043,-0.117,0,0
1,0,0,1.682,-0.351,0.227,0.123,0,0
1,0,0,0.182,-0.074,0.85,-0.041,0,0
0,1,0,4.407,-0.402,4.932,5.533,3,1
0,1,0,1.958,-0.213,0.07,0.011,0,0
0,1,0,7.686,0.176,3.976,4.208,3,1
1,0,0,-0.576,-0.428,-0.8,-0.006,0,0
0,1,0,2.75,1.484,11.362,-0.031,2,1
1,0,0,0.294,-0.364,-0.235,-0.013,0,0
0,1,0,-0.156,-0.178,0.608,0.041,0,0
1,0,0,0.862,-0.24,0.438,2.337,1,0
1,0,0,4.865,1.579,16.238,-0.056,2,1
0,1,0,0.019,0.176,0.084,-0.047,0,0
1,0,0,-0.078,-0.242,-0.39,0.006,0,0
1,0,0,3.851,1.357,17.206,0.07,2,1
1,0,0,4.899,1.309,10.73,0.02,2,1
0,0,1,8.112,0.126,8.088,2.861,3,1
1,0,0,3.618,9.871,16.318,-0.044,3,1
0,0,1,-0.784,-0.19,-0.271,0.058,0,0
1,0,0,1.572,-0.3,0.258,-0.017,0,0
1,0,0,-0.384,-0.56,-0.379,0.175,0,0
1,0,0,3.427,20.681,14.314,0.171,3,1
0,0,1,9.602,-0.198,8.542,3.45,3,1
1,0,0,1.657,0.27,0.551,-0.009,0,0
0,0,1,8.383,0.039,6.937,-0.118,2,1
1,0,0,1.007,-0.285,0.791,1.887,1,0
0,0,1,-0.089,-0.226,-0.4,-0.041,0,0
0,0,1,-0.112,0.251,-0.172,0.019,0,0
0,0,1,5.477,-0.24,6.432,-0.216,2,1
1,0,0,1.264,0.085,-0.264,-0.088,0,0
0,1,0,-1.076,-0.511,0.011,0.098,0,0
0,0,1,-1.126,-0.191,0.3,0.037,0,0
1,0,0,-1.028,0,0.585,0.084,0,0
1,0,0,0.616,-0.212,-0.196,0.086,0,0
1,0,0,0.766,0.115,-0.063,0.078,0,0
1,0,0,3.622,-0.104,5.539,4.919,3,1
0,1,0,8.476,-0.012,6.671,5.522,3,1
0,0,1,5.096,32.333,13.776,-0.06,3,1
0,0,1,5.501,-0.101,4.529,4.247,3,1
0,0,1,1.305,0.252,-0.301,-0.008,0,0
1,0,0,5.169,-0.006,6.978,2.706,3,1
0,0,1,1.129,-0.121,0.026,0.116,0,0
1,0,0,2.204,0.146,6.338,2.541,2,1
0,1,0,5.854,8.221,11.941,0.029,3,1
0,0,1,0.257,0.396,0.69,0.081,0,0
1,0,0,9.254,0.32,4.2,-0.117,2,1
0,1,0,-0.892,0.106,0.004,0.135,0,0
1,0,0,9.161,0.559,6.576,-0.004,2,1
0,0,1,-0.2,-0.086,-0.18,0.026,0,0
0,1,0,0.083,-0.447,0.093,0.043,0,0
1,0,0,5.598,-0.262,6.119,-0.271,2,1
1,0,0,-0.604,-0.318,-0.447,-0.209,0,0
0,1,0,3.944,0.269,7.839,4.721,3,1
0,0,1,0.687,0.355,-0.197,0.013,0,0
0,0,1,-1.509,-0.053,-0.303,-0.144,0,0
1,0,0,0.392,-0.033,-0.375,0.09,0,0
0,1,0,1.09,-0.512,-0.36,-0.1,0,0
1,0,0,3.772,1.534,13.102,0.091,2,1
0,0,1,5.06,0.011,6.382,4.785,3,1
0,1,0,-0.514,0.132,0.419,-0.044,0,0
0,0,1,-0.119,0.467,0.685,-0.099,0,0
1,0,0,9.38,-0.26,4.503,2.664,3,1
0,0,1,0.257,-0.242,-0.02,-0.084,0,0
0,0,1,1.294,-0.379,-0.32,0.035,0,0
0,1,0,0.925,0.291,0.225,0.044,0,0
0,1,0,10.282,0.245,2.844,-0.006,2,1
0,0,1,-0.216,0.403,0.01,0.064,0,0
1,0,0,-0.295,-0.638,-0.456,-0.145,0,0
1,0,0,0.005,0.06,0.6,0.013,0,0
0,0,1,0.223,0.145,-0.076,0.041,0,0
0,0,1,2.485,0.327,0.313,0.008,0,0
0,0,1,-0.779,-0.195,0.231,-0.107,0,0
0,0,1,0.407,0.207,2.115,2.452,2,0
1,0,0,0.087,-0.041,1.47,1.865,1,0
0,1,0,-1.202,0.206,-1.309,-0.007,0,0
0,1,0,1.144,0.451,0.151,-0.032,0,0
1,0,0,1.329,-0.417,1.208,1.889,1,0
1,0,0,-1.578,0.009,-0.291,0.025,0,0
0,0,1,3.699,-0.156,7.343,3.722,3,1
0,1,0,2.871,0.105,1.081,2.382,2,0
1,0,0,3.586,26.487,16.639,-0.054,3,1
0,1,0,3.506,1.393,17.125,-0.085,2,1
0,1,0,2.062,5.259,18.277,0.108,2,1
1,0,0,8.308,0.058,6.064,3.895,3,1
1,0,0,-0.637,0.317,0.603,-0.049,0,0
0,0,1,1.267,0.243,0.119,0.045,0,0
0,0,1,2.306,-0.121,-0.4,0.185,0,0
1,0,0,3.028,1.129,12.672,0.101,2,1
0,0,1,6.101,-0.075,5.864,-0.156,2,1
0,1,0,0.165,0.512,-0.167,-0.079,0,0
0,1,0,5.784,-0.598,4.44,5.511,3,1
0,1,0,2.971,0.892,16.05,-0.16,2,1
0,1,0,4.922,2.044,9.684,0.021,3,1
0,1,0,0.366,0.227,-0.054,0.012,0,0
0,0,1,3.098,1.045,15.058,0.031,2,1
1,0,0,-0.031,-0.157,-0.758,-0.095,0,0
0,1,0,1.576,-0.211,1.449,2.978,1,0
0,1,0,7.578,0.286,9.973,-0.132,2,1
0,1,0,10.554,-0.034,6.725,4.045,3,1
1,0,0,1.734,0.121,-0.03,0.031,0,0
0,0,1,0.327,-0.453,-0.4,-0.096,0,0
1,0,0,-0.241,0.503,-0.025,-0.135,0,0
1,0,0,1.167,-0.122,-0.414,0.105,0,0
1,0,0,-0.498,0.011,0.209,-0.051,0,0
0,0,1,2.667,19.993,16.603,0.105,3,1
1,0,0,8.984,-0.322,6.381,-0.032,2,1
0,0,1,0.66,-0.171,1.914,3.289,1,0
0,1,0,0.673,-0.302,-0.323,0.078,0,0
0,0,1,1.349,-0.189,0.363,3.055,1,0
1,0,0,-0.625,-0.108,0.103,0.014,0,0
0,1,0,0.685,-0.358,1.17,0.001,0,0
1,0,0,3.241,1.2,12.08,-0.161,2,1
0,1,0,-0.152,-0.256,-0.381,0.02,0,0
0,0,1,4.648,-0.246,3.107,-0.04,2,1
0,1,0,0.887,-0.284,-0.437,-0.076,0,0
1,0,0,-1.131,0.12,-0.288,-0.142,0,0
0,1,0,6.67,0.071,5.461,-0.188,2,1
0,0,1,11.031,-0.364,3.923,0.042,2,1
0,1,0,2.862,15.582,8.324,-0.052,3,1
1,0,0,0.463,-0.16,0.05,0.038,0,0
1,0,0,-0.741,-0.272,-0.589,0.142,0,0
1,0,0,3.289,29.819,19.305,-0.055,3,1
1,0,0,-0.797,-0.055,0.507,-0.099,0,0
0,1,0,1.205,0.216,0.354,-0.205,0,0
0,1,0,5.216,1.259,9.022,-0.059,2,1
1,0,0,8.61,0.006,5.827,3.361,3,1
0,1,0,0.754,-0.185,0.416,3.18,1,0
0,1,0,-0.175,0,0.468,0.076,0,0
0,0,1,0.008,0.188,-0.4,0.058,0,0
1,0,0,0.299,-0.048,-0.301,0.024,0,0
0,0,1,3.849,0.981,11.204,0.014,2,1
0,0,1,-0.823,-0.076,-0.163,-0.104,0,0
0,0,1,2.352,45.811,12.856,0.099,2,1
1,0,0,0.064,0.116,-0.428,0.048,0,0
0,0,1,1.647,1.486,9.233,0.18,1,1
0,1,0,5.021,0.117,7.746,4.824,3,1
1,0,0,0.54,-0.111,-0.8,0.074,0,0
1,0,0,0.134,-0.091,-0.194,-0.039,0,0
0,0,1,9.855,-0.075,3.799,0.151,2,1
0,1,0,8.433,0.135,4.135,-0.023,2,1
1,0,0,1.674,29.147,19.948,0.115,2,1
0,1,0,3.898,1.386,14.169,0.182,2,1
1,0,0,0.615,-0.088,0.085,-0.085,0,0
0,1,0,0.025,0.007,-1.24,-0.032,0,0
0,0,1,0.642,-0.161,-0.199,-0.014,0,0
0,1,0,-0.1,0.15,0.476,-0.145,0,0
0,0,1,-0.916,-0.408,-0.339,-0.012,0,0
1,0,0,-1.42,-0.199,0.104,0.1,0,0
0,0,1,0.39,-0.021,0.43,-0.152,0,0
0,0,1,0.805,-0.667,-0.312,0.042,0,0
1,0,0,-1.139,-0.101,0.491,0.049,0,0
0,1,0,5.141,-0.407,12.333,-0.242,2,1
0,1,0,-2.395,-0.368,-0.454,-0.017,0,0
0,1,0,3.34,-0.032,-0.133,-0.098,1,0
1,0,0,0.448,0.058,0.461,0.053,0,0
0,1,0,-0.056,-0.031,-0.367,-0.005,0,0
0,0,1,4.557,-0.027,6.612,-0.243,2,1
1,0,0,0.014,-0.383,-0.093,-0.061,0,0
1,0,0,6.446,0.515,8.706,-0.318,2,1
0,1,0,1.56,9.751,16.132,0.146,2,1
1,0,0,-0.064,0.047,-0.039,0.017,0,0
0,1,0,2.813,1.248,14.616,-0.06,2,1
1,0,0,0.762,-0.298,-0.306,0,0,0
1,0,0,7.654,0.093,5.121,-0.005,2,1
0,0,1,6.109,-0.147,3.267,0.061,2,1
0,0,1,7.91,-0.326,3.198,0.046,2,1
1,0,0,3.466,28.832,8.711,-0.007,3,1
0,1,0,8.028,-0.374,6.45,3.379,3,1
1,0,0,0.702,0.042,-0.258,0.028,0,0
0,0,1,0.417,0.262,-0.295,-0.105,0,0
1,0,0,2.014,-0.12,-0.084,0.071,0,0
0,0,1,10.92,0.077,4.031,0.129,2,1
1,0,0,-1.024,-0.054,0.142,-0.012,0,0
0,0,1,2.609,30.93,20.24,-0.027,3,1
0,1,0,0.543,-0.045,-0.749,-0.008,0,0
1,0,0,3.289,24.163,16.143,-0.138,3,1
1,0,0,3.422,-0.405,4.038,5.656,3,1
0,1,0,0.448,0.302,0.069,0.136,0,0
0,1,0,0.894,-0.007,-0.991,-0.119,0,0
1,0,0,12.775,0.049,4.419,-0.097,2,1
0,1,0,5.695,-0.161,6.786,-0.366,2,1
1,0,0,3.68,0.18,4.679,0.119,2,1
0,0,1,0.173,0.564,-0.303,-0.086,0,0
0,1,0,0.91,0.727,0.473,-0.091,0,0
0,0,1,1.792,-0.169,-0.148,-0.022,0,0
1,0,0,-0.275,-0.103,-0.8,-0.023,0,0
0,1,0,-0.276,0.083,0.554,0.069,0,0
0,0,1,-0.065,-0.192,0.336,-0.09,0,0
0,1,0,1.209,-0.153,-0.227,-0.052,0,0
0,1,0,3.646,1.323,12.439,0.002,2,1
0,0,1,2.839,63.231,13.603,0.069,3,1
0,0,1,0.104,-0.087,-0.117,-0.027,0,0
0,0,1,0.533,-0.071,-0.276,0.165,0,0
0,0,1,4.332,25.579,9.241,0.02,3,1
0,1,0,-0.571,0.018,-0.693,-0.108,0,0
0,0,1,3.665,0.168,4.29,4.152,3,1
1,0,0,-0.175,-0.162,0.433,-0.06,0,0
1,0,0,1.597,-0.029,-0.735,0.147,0,0
0,1,0,3.059,1.282,15.953,-0.021,2,1
0,0,1,1.698,20.589,16.552,-0.03,2,1
0,1,0,6.411,0.372,6.776,4.69,3,1
0,0,1,0.578,-0.113,0.367,-0.004,0,0
0,1,0,-0.823,0.4,-0.255,-0.128,0,0
1,0,0,-1.614,0.019,0.199,0.119,0,0
0,1,0,-0.448,0.43,-0.105,0.025,0,0
1,0,0,-1.02,-0.059,0.605,0.006,0,0
1,0,0,-0.083,0.067,-0.8,0.05,0,0
0,1,0,0.312,-0.114,-0.202,-0.06,0,0
0,1,0,-0.317,0.169,-0.389,0.042,0,0
1,0,0,0.701,0.173,0.523,0.006,0,0
0,1,0,-0.631,0.415,0.914,0.043,0,0
1,0,0,4.399,1.104,13.729,-0.157,2,1
0,1,0,-0.01,-0.098,-0.089,0.022,0,0
0,1,0,-0.694,0.309,0.339,-0.112,0,0
0,0,1,-0.813,0.123,-0.147,0.087,0,0
0,0,1,0.446,0.259,-0.4,0.052,0,0
1,0,0,0.158,0.181,-0.455,0.01,0,0
1,0,0,0.092,-0.094,-0.8,-0.038,0,0
0,0,1,0.189,-0.026,-0.068,0.039,0,0
1,0,0,8.871,-0.07,8.18,4.289,3,1
1,0,0,10.241,-0.515,3.372,0.098,2,1
0,1,0,0.334,0.398,0.444,0.012,0,0
1,0,0,0.726,-0.173,-0.236,0.062,0,0
1,0,0,0.216,0.124,-0.236,0.07,0,0
0,1,0,0.95,0.084,0.348,-0.111,0,0
0,1,0,-0.818,0.048,-0.271,-0.075,0,0
0,0,1,-1.735,-0.153,0.339,0.008,0,0
0,1,0,0.438,-0.299,0.611,0.025,0,0
0,0,1,7.799,0.234,4.007,0.013,2,1
0,0,1,6.247,-0.245,5.304,3.436,3,1
0,0,1,-0.17,-0.309,0.049,-0.019,0,0
0,1,0,-0.211,-0.203,-0.955,0.033,0,0
0,1,0,2.968,1.391,11.886,0.085,2,1
0,0,1,1.409,1.737,13.202,-0.001,1,1
0,0,1,-1.196,0.241,0.348,0.02,0,0
0,1,0,-1.012,0.357,-0.877,0.136,0,0
1,0,0,0.759,0.189,0.412,-0.018,0,0
1,0,0,1.081,-0.252,0.517,-0.015,0,0
0,1,0,7.56,0.187,4.562,5.162,3,1
0,1,0,1.802,-0.134,2.052,2.541,2,0
1,0,0,0.382,-0.134,-0.379,-0.001,0,0
0,1,0,1.685,-0.302,-0.348,0.012,0,0
1,0,0,10.345,0.207,6.188,5.13,3,1
0,0,1,9.636,-0.095,7.569,4.258,3,1
1,0,0,0.099,-0.415,0.16,-0.069,0,0
0,0,1,1.173,0.666,1.804,3.223,1,0
1,0,0,5.99,-0.407,6.943,-0.377,2,1
0,0,1,-1.177,-0.301,0.524,0.082,0,0
0,0,1,8.063,0.346,8.59,5.592,3,1
0,1,0,4.281,1,11.744,0.076,2,1
0,1,0,0.55,0.486,-0.081,0.017,0,0
1,0,0,3.098,15.682,17.699,-0.157,3,1
0,1,0,-1.417,0.115,-0.06,-0.105,0,0
0,1,0,2.403,9.278,14.627,0.034,2,1
0,1,0,0.58,-0.016,0.048,0.113,0,0
0,0,1,1.098,0.066,-0.149,0.072,0,0
1,0,0,7.561,-0.121,3.79,-0.098,2,1
0,1,0,0.967,-0.299,0.882,-0.076,0,0
0,1,0,0.418,-0.164,0.807,-0.018,0,0
0,1,0,1.043,0.124,0.577,0.023,0,0
0,1,0,-0.235,-0.14,1.408,3.263,1,0
0,0,1,6.46,0.316,7.016,3.348,3,1
1,0,0,0.447,-0.297,0.091,-0.081,0,0
0,1,0,1.41,-0.092,0.357,0.007,0,0
0,1,0,-0.514,-0.012,-0.201,-0.07,0,0
1,0,0,1.636,0.159,-0.61,0.117,0,0
0,0,1,8.931,-0.584,2.55,0.111,2,1
0,0,1,0.252,0.331,-0.112,-0.072,0,0
0,1,0,0.237,-0.064,-0.221,0.091,0,0
1,0,0,2.457,1.568,12.257,0.069,1,1
0,0,1,-1.579,-0.25,0.667,-0.149,0,0
1,0,0,10.861,-0.218,1.862,0.19,1,1
0,1,0,9.454,-0.483,4.22,0.123,2,1
0,0,1,0.218,0.075,0.312,0.058,0,0
1,0,0,3.844,30.117,14.29,-0.119,3,1
0,1,0,-1.077,-0.285,0.144,0.057,0,0
0,1,0,3.606,12.92,7.813,-0.014,3,1
1,0,0,8.743,-0.118,5.261,-0.011,2,1
1,0,0,0.01,0.292,-0.512,-0.007,0,0
0,0,1,-0.402,0.143,-0.056,0.004,0,0
1,0,0,0.033,-0.662,0.477,2.176,1,0
0,1,0,0.616,0.054,-0.494,0.092,0,0
0,1,0,3.12,1.474,10.339,-0.08,2,1
0,1,0,3.208,11.082,19.307,-0.051,3,1
0,1,0,2.953,1.126,11.791,-0.132,2,1
1,0,0,1.414,0.197,0.882,0.104,0,0
0,0,1,5.851,-0.109,4.644,4.831,3,1
0,1,0,-1.193,-0.112,0.278,-0.025,0,0
0,0,1,-0.227,0.117,-0.089,-0.084,0,0
1,0,0,3.746,0.989,10.84,-0.029,2,1
1,0,0,0.654,0.288,0.442,-0.12,0,0
0,0,1,-0.886,0.076,-0.4,0.154,0,0
1,0,0,1.691,-0.197,-0.577,-0.006,0,0
0,1,0,0.012,0.059,0.141,0.175,0,0
0,0,1,9.772,-0.544,2.063,-0.095,2,1
0,0,1,-0.952,-0.07,-0.02,0.059,0,0
0,1,0,0.358,-0.019,0.055,0.017,0,0
1,0,0,5.12,0.297,11.668,-0.369,2,1
0,1,0,7.583,-0.473,7.194,5.079,3,1
1,0,0,10.242,-0.388,5.836,0.132,2,1
1,0,0,2.419,20.953,19.828,0.127,2,1
0,0,1,-0.24,0.269,-0.065,-0.026,0,0
1,0,0,1.355,0.422,0.099,0.106,0,0
0,0,1,4.67,-0.17,4.182,2.732,3,1
0,0,1,7.867,-0.135,2.984,0.061,2,1
1,0,0,1.771,21.569,7.263,-0.091,2,1
0,1,0,-1.548,0.429,0.094,0.072,0,0
0,1,0,-1.608,0.06,-0.25,-0.049,0,0
1,0,0,0.099,0.429,-0.484,0.059,0,0
0,0,1,6.016,0.226,7.869,-0.326,2,1
0,1,0,0.199,9.401,13.047,0.138,2,1
0,0,1,7.801,0.354,3.73,5.516,3,1
0,0,1,2.115,63.871,20.006,0.036,2,1
1,0,0,0.519,-0.249,-0.662,0.021,0,0
1,0,0,0.619,0.424,0.355,-0.104,0,0
1,0,0,0.557,-0.135,0.201,0.125,0,0
1,0,0,2.001,0.254,0.11,-0.097,0,0
0,1,0,-0.034,-0.031,0.272,-0.014,0,0
0,1,0,4.18,8.72,18.382,-0.036,3,1
1,0,0,-1.098,0.418,0.315,0.021,0,0
1,0,0,7.203,-0.176,5.606,4.116,3,1
0,0,1,1.808,1.291,14.373,-0.057,1,1
0,1,0,-1.807,0.165,-0.153,0.004,0,0
0,0,1,-0.689,61.136,10.928,-0.031,2,1
0,0,1,-0.612,-0.149,0.062,-0.028,0,0
0,1,0,-1.843,-0.077,0.516,-0.061,0,0
1,0,0,-1.741,0.016,0.001,0.074,0,0
0,0,1,-0.2,-0.076,0.203,0.052,0,0
0,1,0,12.055,-0.356,1.496,-0.044,1,1
0,1,0,2.36,0.021,-0.162,-0.117,0,0
0,0,1,0.784,0.03,-0.4,0.036,0,0
0,0,1,0.184,-0.197,-0.288,0.084,0,0
1,0,0,4.839,-0.018,8.756,-0.205,2,1
0,0,1,-0.843,-0.125,-0.2,-0.063,0,0
0,1,0,4.217,1.49,16.93,0.047,2,1
0,1,0,-0.692,0.282,0.106,-0.124,0,0
1,0,0,-0.182,-0.208,-0.199,-0.046,0,0
0,0,1,3.815,1.402,15.418,-0.011,2,1
0,1,0,4.852,0.966,17.897,0.016,2,1
0,1,0,3.955,1.386,9.921,-0.129,2,1
0,0,1,0.109,0.111,-0.4,-0.06,0,0
1,0,0,5.228,0.124,4.78,0.092,2,1
1,0,0,0.326,0.144,1.026,-0.05,0,0
0,1,0,0.038,-0.242,-0.166,0.046,0,0
0,0,1,5.737,0.009,7.129,4.323,3,1
1,0,0,2.085,1.129,16.759,-0.153,1,1
0,0,1,0.63,0.064,-0.033,0.102,0,0
0,0,1,-1.325,-0.034,-0.333,0.075,0,0
0,1,0,0.004,-0.169,0.089,0.115,0,0
0,1,0,4.501,1.233,11.813,0.001,2,1
1,0,0,-0.313,-0.497,0.393,0.031,0,0
1,0,0,6.181,0.033,6.051,-0.113,2,1
0,1,0,-3.235,-0.106,0.662,-0.113,0,0
1,0,0,4.051,0.076,3.196,0.12,2,1
0,1,0,-0.114,-0.093,-0.449,0.067,0,0
1,0,0,1.121,-0.034,0.155,0.045,0,0
0,1,0,8.05,0.097,4.855,5.099,3,1
1,0,0,-0.189,-0.339,-0.367,-0.01,0,0
0,0,1,-1.321,-0.22,0.016,-0.093,0,0
0,0,1,6.083,-0.419,6.132,4.75,3,1
1,0,0,5.642,-0.64,9.304,-0.246,2,1
0,0,1,0.318,-0.2,-0.215,-0.012,0,0
0,1,0,-2.432,-0.182,-0.053,-0.097,0,0
1,0,0,-1.745,0.075,0.342,0.038,0,0
1,0,0,3.965,0.347,6.214,4.289,3,1
0,1,0,8.579,0.336,5.434,4.935,3,1
1,0,0,-0.265,0.349,-0.059,-0.135,0,0
0,1,0,3.452,-0.096,7.5,-0.356,2,1
1,0,0,-1.717,-0.115,-0.642,-0.061,0,0
0,1,0,-2.566,-0.298,-0.086,0.038,0,0
0,0,1,-0.414,0.223,0.714,0.084,0,0
0,1,0,2.833,1.528,14.987,0.187,2,1
1,0,0,8.017,0.463,7.007,-0.033,2,1
0,1,0,-0.65,0.155,0.204,-0.028,0,0
1,0,0,-0.459,-0.273,0.132,-0.01,0,0
0,0,1,7.339,0.563,5.065,5.445,3,1
0,0,1,-0.902,-0.102,0.175,0.103,0,0
1,0,0,0.411,0.187,0.746,-0.046,0,0
1,0,0,5.094,-0.117,12.051,-0.396,2,1
1,0,0,2.09,0.167,1.062,0.147,0,0
0,1,0,-0.916,0.154,0.537,0.015,0,0
0,1,0,1.869,9.599,17.214,-0.04,2,1
0,0,1,3.911,1.396,12.118,0.016,2,1
0,0,1,9.691,-0.285,3.384,-0.075,2,1
0,0,1,1.18,0.325,-0.4,0.075,0,0
1,0,0,-0.798,0.048,0.421,0.073,0,0
0,1,0,0.392,0.178,1.598,0.012,0,0
0,0,1,5.42,1.552,11.992,-0.01,2,1
1,0,0,5.229,1.168,16.513,0.089,2,1
0,0,1,7.406,0.052,3.256,-0.046,2,1
1,0,0,-0.128,-0.111,-0.65,0.082,0,0
0,1,0,-0.116,0.375,-0.333,0.03,0,0
0,0,1,1.093,-0.299,-0.208,-0.023,0,0
0,0,1,0.514,0.23,2.683,2.662,2,0
1,0,0,1.146,0.625,-0.029,-0.072,0,0
1,0,0,-1.46,0.069,0.119,-0.04,0,0
1,0,0,-0.541,0.16,0.359,-0.004,0,0
1,0,0,0.843,0.256,0.164,-0.153,0,0
1,0,0,-1.071,-0.06,-0.762,0.084,0,0
0,0,1,4.6,20.036,8.986,0.07,3,1
0,1,0,0.443,-0.291,0.006,-0.064,0,0
0,1,0,-1.793,0.182,-0.972,0.163,0,0
0,1,0,-0.373,0.082,-0.274,0.085,0,0
0,1,0,0.643,0.117,-0.439,-0.082,0,0
1,0,0,-0.162,-0.136,0.5,-0.014,0,0
1,0,0,2.099,13.024,17.164,-0.112,2,1
0,0,1,0.659,0.369,0.514,0.025,0,0
1,0,0,-0.989,-0.088,-0.158,-0.202,0,0
0,1,0,3.604,-0.397,1.882,-0.025,1,1
0,1,0,6.137,-0.076,6.181,-0.216,2,1
1,0,0,6.214,-0.15,5.772,5.382,3,1
1,0,0,3.549,28.411,15.509,-0.094,3,1
0,0,1,2.214,30.643,18.967,0.008,2,1
1,0,0,0.357,1.318,15.919,-0.032,1,1
0,0,1,-0.079,-0.034,-0.385,0.063,0,0
1,0,0,1.865,-0.108,-0.369,-0.022,0,0
1,0,0,0.667,-0.206,0.585,0.035,0,0
1,0,0,0.014,0.007,-0.8,-0.004,0,0
0,1,0,0.612,-0.188,-0.282,-0.158,0,0
0,0,1,-1.163,0.169,-0.4,-0.03,0,0
0,0,1,3.85,-0.115,7.295,3.544,3,1
0,1,0,2.903,0.061,7.566,4.185,3,1
0,1,0,-1.063,0,-0.177,0.121,0,0
1,0,0,2.397,0.157,-0.081,-0.057,0,0
0,1,0,1.912,9.626,7.936,0.043,2,1
0,1,0,1.083,-0.387,-0.558,0.051,0,0
0,0,1,-0.65,0.014,-0.032,0.034,0,0
1,0,0,6.287,-0.261,3.495,-0.096,2,1
0,1,0,0.945,0.74,-0.834,-0.014,0,0
0,0,1,2.283,1.146,16.911,0.119,1,1
0,0,1,-1.773,0.19,0.007,-0.01,0,0
0,1,0,-0.635,-0.037,-0.026,0.015,0,0
1,0,0,9.904,-0.298,3.741,-0.056,2,1
0,1,0,-0.985,0.271,-0.039,-0.061,0,0
1,0,0,-1.365,-0.085,-0.051,0.113,0,0
0,1,0,9.291,-0.258,2.066,0.126,2,1
0,0,1,-0.475,-0.17,0.688,0.097,0,0
1,0,0,-0.455,0.209,0.218,-0.027,0,0
0,1,0,0.541,-0.125,0.163,0,0,0
1,0,0,0.606,-0.003,-0.147,0.062,0,0
0,0,1,6.657,-0.355,5.114,5.152,3,1
0,0,1,-0.024,0.218,0.128,0.072,0,0
1,0,0,1.297,0.117,0.057,-0.155,0,0
0,0,1,0.403,0.269,0.555,-0.043,0,0
0,1,0,4.68,-0.307,6.032,-0.366,2,1
0,0,1,-0.309,0.315,0.344,-0.028,0,0
0,0,1,0.689,0.365,-0.182,0.177,0,0
0,0,1,0.299,0.456,0.664,-0.117,0,0
1,0,0,0.451,-0.146,0.162,0.132,0,0
0,0,1,6.71,-0.212,3.836,4.733,3,1
0,1,0,-0.213,-0.109,0.089,-0.029,0,0
0,1,0,-0.508,0.158,0.462,0.063,0,0
1,0,0,-0.814,-0.255,-0.006,0.031,0,0
1,0,0,0.459,-0.291,-0.241,-0.009,0,0
1,0,0,3.207,9.905,15.029,0.085,3,1
0,0,1,-0.527,0.091,0.089,-0.054,0,0
0,1,0,2.207,1.455,15.788,0.011,1,1
0,1,0,2.991,1.18,13.045,-0.07,2,1
0,0,1,-1.334,0.001,-0.4,0.163,0,0
0,0,1,-2.276,-0.197,0.018,0.039,0,0
0,1,0,1.529,-0.192,0.379,0.023,0,0
0,0,1,0.343,1.317,13.177,-0.069,1,1
0,0,1,3.888,34.525,18.622,0,3,1
1,0,0,-0.649,0,-0.025,-0.039,0,0
0,0,1,1.425,0.053,0.13,-0.101,0,0
1,0,0,10.101,-0.459,7.554,3.436,3,1
1,0,0,-0.317,-0.539,0.125,0.019,0,0
0,0,1,6.722,0.673,3.993,4.377,3,1
1,0,0,4.454,1.501,15.661,0.086,2,1
0,0,1,-0.292,-0.054,-0.066,-0.07,0,0
0,1,0,-0.043,0.143,-0.087,-0.089,0,0
0,1,0,1.155,0.166,-0.211,0.062,0,0
0,0,1,1.013,-0.263,-0.272,-0.064,0,0
0,1,0,0.053,-0.077,-0.079,-0.034,0,0
0,1,0,1.123,-0.17,-0.154,2.742,1,0
0,1,0,0.339,0.554,0.124,0.062,0,0
0,0,1,-0.756,-0.079,0.096,0.008,0,0
1,0,0,-1.392,0.203,0.293,-0.033,0,0
0,0,1,1.617,-0.01,0.13,-0.051,0,0
1,0,0,1.56,-0.144,-0.143,0.004,0,0
0,0,1,-0.159,0.828,-0.4,-0.126,0,0
1,0,0,-1.233,0.254,-0.141,-0.024,0,0
0,0,1,0.94,-0.232,-0.251,0.078,0,0
0,0,1,4.308,1.106,11.923,-0.023,2,1
0,0,1,0.785,-0.293,-0.003,-0.023,0,0
0,1,0,0.194,-0.008,0.199,-0.128,0,0
0,0,1,1.584,0.498,-0.156,0.09,0,0
0,1,0,0.46,-0.074,-0.241,0.027,0,0
0,1,0,3.769,-0.042,9.164,-0.37,2,1
0,0,1,5.28,-0.088,7.948,-0.176,2,1
0,1,0,4.359,1.045,18.152,-0.043,2,1
0,1,0,-1.677,0.176,0.58,0.077,0,0
1,0,0,0.805,0.001,-0.465,0.03,0,0
0,0,1,3.732,1.259,13.381,-0.107,2,1
1,0,0,-0.273,0.055,0.179,-0.11,0,0
0,1,0,-0.398,0.441,-0.051,-0.111,0,0
0,0,1,-0.245,0.098,-0.237,0.013,0,0
0,1,0,3.795,0.001,6.447,5.297,3,1
0,1,0,0.422,0.331,-0.453,0.006,0,0
0,1,0,-0.292,0.782,0.098,0.056,0,0
0,0,1,-2.411,-0.078,0.146,-0.05,0,0
0,0,1,6.758,-0.057,8.364,-0.384,2,1
0,1,0,-1.052,-0.022,-0.452,-0.091,0,0
1,0,0,-0.695,0.097,-0.8,-0.03,0,0
0,0,1,10.818,0.34,3.688,0.059,2,1
0,0,1,3.397,1.164,10.94,-0.061,2,1
0,0,1,0.866,0.301,0.793,-0.082,0,0
0,1,0,0.214,0.289,0.341,0.041,0,0
0,0,1,6.899,0.493,4.748,5.476,3,1
0,1,0,3.983,6.521,12.434,0.001,3,1
0,0,1,6.413,-0.491,6.607,5.17,3,1
1,0,0,7.274,-0.122,8.392,3.806,3,1
1,0,0,1.773,-0.391,0.01,-0.054,0,0
0,1,0,2.16,0.064,0.888,3.337,1,0
0,1,0,2.443,0.158,-0.059,-0.058,0,0
1,0,0,-2.017,0.271,0.749,-0.049,0,0
1,0,0,3.525,1.168,16.502,-0.037,2,1
0,1,0,0.694,-0.162,0.599,-0.067,0,0
0,0,1,1.618,0.162,-0.055,0.079,0,0
0,0,1,-0.55,0.08,0.366,0.056,0,0
0,1,0,3.184,14.107,8.992,-0.151,3,1
0,0,1,3.113,1.177,18.502,0,2,1
1,0,0,1.971,33.572,17.663,-0.152,2,1
1,0,0,10.437,-0.284,5.263,0.14,2,1
1,0,0,-0.748,-0.135,-0.714,-0.152,0,0
0,0,1,0.648,0.189,0.552,0.064,0,0
0,0,1,-0.336,-0.172,0.897,0.055,0,0
0,1,0,2.47,6.6,13.835,0.085,2,1
0,1,0,0.051,0.451,-0.224,-0.101,0,0
1,0,0,0.546,-0.556,0.676,-0.062,0,0
0,0,1,2.437,-0.247,-0.086,0.073,0,0
0,1,0,5.012,0.104,7.354,5.203,3,1
0,1,0,-0.469,0.159,-0.115,-0.034,0,0
0,0,1,6.422,0.249,6.69,4.125,3,1
1,0,0,4.972,-0.098,7.571,5.34,3,1
0,1,0,0.291,-0.102,-0.061,0.01,0,0
1,0,0,0.795,-0.273,0.222,-0.084,0,0
1,0,0,1.111,30.013,20.061,0.001,2,1
0,0,1,4.955,-0.324,6.624,4.192,3,1
0,1,0,0.964,0.295,0.255,-0.006,0,0
0,0,1,-0.566,0.522,0.559,3.028,1,0
0,0,1,0.222,0.043,0.513,-0.046,0,0
0,1,0,9.971,0.082,5.48,-0.007,2,1
0,0,1,-2.369,0.071,1.447,-0.161,0,0
0,1,0,0.36,0.209,0.012,0.045,0,0
0,0,1,5.42,0.087,3.88,5.654,3,1
0,1,0,-0.458,-0.182,0.1,0.078,0,0
0,0,1,6.658,0.231,7.162,-0.206,2,1
0,1,0,-0.223,0.177,-0.699,-0.062,0,0
1,0,0,5.72,-0.162,7.025,3.419,3,1
0,0,1,-0.838,-0.394,0.232,-0.063,0,0
0,0,1,2.027,42.111,8.121,-0.017,2,1
1,0,0,-0.119,-0.265,0.988,-0.09,0,0
1,0,0,1.226,0.264,0.14,-0.075,0,0
0,0,1,-0.562,0.221,-0.32,0.081,0,0
1,0,0,-0.392,-0.261,-0.462,-0.08,0,0
1,0,0,6.721,-0.045,4.341,3.906,3,1
1,0,0,1.633,-0.133,2.132,2.989,2,0
0,1,0,7.497,-0.471,4.343,4.389,3,1
1,0,0,2,24.36,17.33,-0.032,2,1
1,0,0,7.566,-0.114,7.265,3.836,3,1
0,0,1,-2.223,-0.038,-0.074,0.015,0,0
0,0,1,5.119,-0.249,5.075,5.499,3,1
0,1,0,-2.015,-0.376,0.433,0.058,0,0
1,0,0,1.82,24.824,13.294,0.114,2,1
0,1,0,1.917,15.503,13.906,-0.044,2,1
1,0,0,4.513,1.28,14.185,-0.053,2,1
0,0,1,-0.425,0.464,-0.161,-0.105,0,0
1,0,0,1.107,-0.054,0.701,-0.044,0,0
0,1,0,-0.242,0.151,-0.273,-0.065,0,0
0,0,1,0.346,0.134,0.352,-0.068,0,0
1,0,0,4.685,0.881,13.624,-0.076,2,1
0,1,0,-1.515,0.182,-0.263,0.066,0,0
1,0,0,1.512,29.697,17.353,-0.083,2,1
0,1,0,4.848,-0.047,4.906,0.015,2,1
0,1,0,-0.315,-0.189,1.214,0.094,0,0
0,1,0,0.926,0.365,0.472,3.053,1,0
1,0,0,-1.244,0.015,0.158,0.102,0,0
1,0,0,1.771,1.733,12.428,-0.05,1,1
0,0,1,1.707,-0.037,0.15,0.091,0,0
0,1,0,-1.607,-0.026,0.289,-0.052,0,0
1,0,0,-0.005,-0.315,-0.162,-0.05,0,0
1,0,0,2.853,14.863,16.631,-0.058,3,1
0,1,0,9.869,0.389,5.194,-0.022,2,1
0,0,1,-0.349,0.22,-0.198,-0.131,0,0
0,0,1,1.067,-0.146,0.825,-0.076,0,0
1,0,0,4.754,0.262,5.429,5.429,3,1
0,0,1,9.354,-0.137,4.485,-0.083,2,1
0,0,1,-3.121,-0.047,0.26,0.024,0,0
1,0,0,-0.294,-0.264,0.838,0.025,0,0
1,0,0,-0.222,-0.142,0.875,0.013,0,0
0,0,1,0.6,0.221,-0.4,0.07,0,0
0,1,0,-0.173,0.303,-0.128,0.059,0,0
0,0,1,0.374,0.871,1.289,2.349,1,0
0,0,1,-1.108,-0.251,-0.243,-0.089,0,0
0,0,1,0.533,0.072,-0.4,0.079,0,0
1,0,0,2.004,0.251,-0.469,0.103,0,0
0,1,0,8.929,0.318,7.952,4.572,3,1
1,0,0,5.519,0.021,2.794,-0.055,2,1
1,0,0,-0.568,-0.566,-0.8,0.048,0,0
1,0,0,-0.164,0.158,-0.321,0.164,0,0
1,0,0,0.613,0.487,-0.8,0.095,0,0
0,1,0,-0.41,0.233,-0.502,-0.035,0,0
1,0,0,3.955,-0.088,4.193,2.832,3,1
0,1,0,-0.737,0.158,0.418,-0.077,0,0
1,0,0,0.326,0.161,0.294,0.069,0,0
0,0,1,4.343,1.544,13.632,0.003,2,1
0,0,1,-2.269,-0.134,-0.4,0.104,0,0
1,0,0,2.061,-0.109,0.827,1.868,1,0
1,0,0,0.345,-0.147,-0.745,-0.087,0,0
1,0,0,5.693,0.118,6.278,2.503,3,1
0,1,0,0.479,-0.351,-0.321,-0.027,0,0
1,0,0,0.503,-0.039,0.034,-0.088,0,0
1,0,0,6.06,-0.197,11.284,-0.259,2,1
0,1,0,5.101,0.036,9.342,-0.308,2,1
1,0,0,0.025,-0.033,1.261,3.158,1,0
0,1,0,5.776,14.821,9.692,0.073,3,1
0,1,0,1.165,0.104,0.061,-0.029,0,0
1,0,0,4.383,0.886,11.826,0.087,2,1
1,0,0,3.876,30.886,8.028,-0.082,3,1
0,1,0,-1.855,0.638,0.603,0.098,0,0
0,0,1,0.377,-0.214,0.18,-0.129,0,0
0,0,1,10.064,-0.283,3.861,0.046,2,1
0,0,1,1.061,0.206,0.627,0.006,0,0
0,1,0,1.304,1.588,17.291,-0.032,1,1
1,0,0,5.857,0.371,2.709,0.018,2,1
1,0,0,-1.446,-0.035,0.121,-0.009,0,0
0,0,1,0.836,-0.161,0.237,0.093,0,0
0,1,0,-0.305,-0.452,0.694,0.089,0,0
1,0,0,8.78,0.3,5.988,0.107,2,1
0,1,0,-0.906,0.093,0.196,0.049,0,0
0,0,1,-1.292,-0.204,0.096,-0.019,0,0
1,0,0,-0.155,0.473,-0.096,-0.049,0,0
0,0,1,5.324,-0.391,4.443,3.756,3,1
0,1,0,3.711,15.199,16.575,0.069,3,1
1,0,0,-1.495,0.35,0.301,-0.114,0,0
0,0,1,-0.118,-0.244,0.965,0.038,0,0
0,1,0,9.243,0.091,7.593,4.218,3,1
0,0,1,0.521,0.498,-0.052,-0.011,0,0
0,0,1,-0.189,0.006,0.678,0.017,0,0
1,0,0,-0.234,0.12,-0.136,-0.022,0,0
0,1,0,7.836,-0.096,4.155,-0.007,2,1
1,0,0,-1.478,0.195,0.709,-0.023,0,0
1,0,0,-1.602,-0.36,0.292,0.187,0,0
1,0,0,1.109,0.323,0.29,0.071,0,0
1,0,0,0.105,1.453,17.565,-0.105,1,1
0,0,1,-1.439,-0.52,0.42,0.064,0,0
0,1,0,0.272,-0.393,0.595,-0.099,0,0
0,0,1,0.775,0.201,-0.255,-0.059,0,0
1,0,0,-0.773,-0.263,-0.488,0.096,0,0
0,1,0,4.614,1.367,11.617,-0.087,2,1
1,0,0,7.735,-0.011,3.365,-0.095,2,1
1,0,0,-2.125,0.321,0.157,-0.105,0,0
1,0,0,1.089,0.115,0.949,0.006,0,0
0,0,1,7.833,0.224,4.884,-0.177,2,1
1,0,0,1.055,-0.317,-0.284,0.123,0,0
1,0,0,-1.264,0.178,0.245,0.105,0,0
0,1,0,7.642,-0.135,8.53,-0.18,2,1
1,0,0,3.73,27.75,18.129,-0.067,3,1
0,1,0,5.818,15.241,13.123,0.042,3,1
0,0,1,8.235,-0.01,6.554,-0.037,2,1
1,0,0,1.752,-0.005,0.076,-0.046,0,0
0,1,0,0.815,0.075,0.12,0.126,0,0
0,1,0,0.248,-0.052,0.169,-0.083,0,0
0,1,0,2.022,0.492,1.921,2.389,1,0
0,1,0,-0.075,0.188,-0.256,0.063,0,0
1,0,0,1.247,11.758,19.185,0.063,2,1
1,0,0,-1.647,-0.128,-0.799,0.043,0,0
1,0,0,9.264,-0.042,6.124,4.867,3,1
0,0,1,0.717,-0.16,0.571,0.019,0,0
1,0,0,8.841,-0.291,6.136,5.605,3,1
1,0,0,7.489,-0.115,6.802,4.18,3,1
0,0,1,5.221,-0.327,7.192,3.698,3,1
0,0,1,7.199,0.056,4.021,-0.118,2,1
0,0,1,6.11,0.295,7.589,2.809,3,1
0,0,1,7.269,0.174,7.286,-0.12,2,1
0,0,1,-0.229,-0.289,-0.051,-0.08,0,0
0,0,1,1.629,0.328,0.218,-0.092,0,0
0,0,1,0.215,0.327,0.14,-0.017,0,0
1,0,0,0.471,0.258,0.022,0.031,0,0
1,0,0,4.457,1.212,14.604,-0.081,2,1
1,0,0,0.278,0.006,0.434,-0.003,0,0
0,0,1,1.583,-0.216,0.191,-0.021,0,0
0,1,0,0.529,-0.136,0.043,0.167,0,0
0,0,1,-0.444,-0.505,-0.4,-0.06,0,0
0,0,1,-0.268,0.145,-0.4,0.036,0,0
0,0,1,7.108,-0.173,5.504,4.852,3,1
0,1,0,-0.417,-0.061,0.706,-0.039,0,0
0,0,1,-1.233,0.39,0.367,0.086,0,0
1,0,0,-1.1,-0.054,-0.287,0.037,0,0
1,0,0,0.075,0.048,-0.005,-0.008,0,0
0,0,1,-0.124,0.354,0.134,0.086,0,0
1,0,0,9.742,-0.212,4.278,5.607,3,1
0,0,1,-0.835,0.374,-0.4,-0.075,0,0
1,0,0,-0.25,-0.025,-0.26,-0.06,0,0
0,0,1,0.091,-0.084,0.689,-0.063,0,0
1,0,0,-0.393,-0.185,0.347,-0.056,0,0
1,0,0,4.284,-0.204,11.768,-0.233,2,1
0,0,1,-1.525,0.518,-0.4,0.147,0,0
1,0,0,1.533,16.881,19.686,-0.027,2,1
0,1,0,0.099,0.19,0.307,-0.051,0,0
1,0,0,0.54,-0.037,0.035,0.136,0,0
0,0,1,1.626,1.354,13.76,-0.048,1,1
0,0,1,8.261,0.438,5.101,5.729,3,1
0,0,1,0.39,0.167,-0.261,0.114,0,0
0,1,0,10.55,0.065,5.24,0.036,2,1
0,1,0,0.835,-0.108,0.29,0.021,0,0
1,0,0,0.473,0.229,-0.444,-0.017,0,0
1,0,0,9.919,0.207,5.521,0.007,2,1
0,1,0,-0.058,0.297,-0.275,0.123,0,0
0,1,0,6.407,0.267,7.391,-0.02,2,1
1,0,0,3.828,18.734,19.261,-0.027,3,1
0,0,1,0.163,0.17,-0.4,-0.126,0,0
0,1,0,7.571,-0.552,3.969,4.438,3,1
0,1,0,2.72,12.673,14.01,0.062,3,1
0,0,1,4.625,1.864,13.622,-0.176,2,1
0,0,1,5.261,0.105,8.22,2.674,3,1
0,1,0,1.186,0.037,0.306,0.033,0,0
0,0,1,-1.313,0.382,-0.361,-0.018,0,0
1,0,0,-0.014,0.406,-0.051,0.003,0,0
0,1,0,0.172,-0.183,0.766,-0.149,0,0
0,0,1,5.096,-0.079,5.748,-0.025,2,1
0,1,0,0.434,0.286,0.784,-0.011,0,0
1,0,0,-1.718,-0.142,0.356,0.111,0,0
1,0,0,0.802,-0.334,0.702,3.351,1,0
0,0,1,6.479,1.336,15.542,0.142,2,1
1,0,0,-0.953,-0.13,0.208,-0.026,0,0
1,0,0,3.924,29.481,12.687,0.062,3,1
1,0,0,0.665,-0.026,-0.225,0.052,0,0
0,1,0,0.79,12.295,13.033,-0.021,2,1
0,0,1,3.126,35.017,18.918,0.146,3,1
1,0,0,11.591,0.07,1.951,0.146,1,1
0,1,0,1.027,-0.09,-0.101,0,0,0
1,0,0,-1.721,-0.092,-0.035,0.096,0,0
0,0,1,6.204,-0.08,5.343,3.895,3,1
0,1,0,0.027,0.17,0.144,0.13,0,0
1,0,0,9.08,-0.123,1.613,-0.139,1,1
0,0,1,0.426,0.091,0.357,0.033,0,0
0,1,0,-2.654,-0.004,-0.214,0.067,0,0
0,0,1,1.57,0.198,-0.072,0.139,0,0
0,0,1,-1.132,-0.143,-0.284,0.177,0,0
1,0,0,3.735,1.906,16.103,-0.037,2,1
0,0,1,1.969,43.835,8.288,0.199,2,1
1,0,0,-0.545,-0.281,0.575,-0.007,0,0
0,1,0,1.506,11.338,15.619,0.114,2,1
0,0,1,2.501,1.27,18.008,0.07,2,1
0,0,1,5.477,1.781,14.792,-0.045,2,1
0,1,0,0.469,-0.667,0.219,0.053,0,0
0,1,0,1.818,13.669,19.439,-0.041,2,1
0,1,0,0.424,-0.003,0.105,0.043,0,0
0,1,0,-0.16,0.028,0.239,-0.062,0,0
0,0,1,5.23,-0.241,2.079,-0.084,2,1
1,0,0,-1.664,0.353,-0.47,-0.123,0,0
0,0,1,1.018,0.357,-0.198,-0.035,0,0
0,1,0,-1.005,0.032,0.516,0.013,0,0
1,0,0,1.095,0.086,-0.556,-0.056,0,0
0,1,0,0.367,-0.134,-0.147,-0.174,0,0
1,0,0,0.205,-0.061,0.597,-0.059,0,0
1,0,0,3.951,0.457,5.413,0.012,2,1
0,1,0,9.03,-0.314,4.63,5.407,3,1
0,0,1,5.115,0.067,5.219,5.722,3,1
0,1,0,6.659,-0.123,7.18,4.697,3,1
0,0,1,-0.512,0.021,0.631,-0.188,0,0
0,0,1,-0.697,-0.031,-0.044,-0.109,0,0
0,0,1,-1.711,0.002,-0.168,0.035,0,0
0,1,0,0.389,-0.098,0.259,0.008,0,0
0,1,0,0.303,0.068,-0.542,0.062,0,0
0,1,0,-1.377,-0.128,-0.393,-0.077,0,0
0,0,1,4.969,0.013,3.932,-0.102,2,1
0,0,1,0.294,0.058,0.793,0.062,0,0
0,1,0,-0.986,0.413,0.286,-0.046,0,0
0,0,1,9.803,-0.103,9.313,2.695,3,1
1,0,0,1.769,17.589,13.602,-0.056,2,1
1,0,0,6.326,0.128,7.096,4.994,3,1
0,1,0,6.846,0.478,2.609,-0.027,2,1
1,0,0,8.361,0.079,5.248,4.018,3,1
1,0,0,0.109,-0.212,0.527,-0.076,0,0
1,0,0,-0.179,0.083,1.259,3.359,1,0
0,1,0,6.622,-0.296,5.041,4.016,3,1
1,0,0,0.763,-0.1,0.414,-0.068,0,0
0,1,0,-0.563,-0.398,0.353,-0.047,0,0
1,0,0,0.911,-0.289,0.66,0.018,0,0
0,0,1,1.602,0.392,0.197,-0.14,0,0
0,1,0,-0.223,0.029,0.102,-0.116,0,0
0,1,0,7.005,0.312,6.445,5.754,3,1
0,0,1,0.937,0.085,-0.098,-0.078,0,0
0,0,1,8.949,0.414,7.984,3.689,3,1
0,0,1,-2.18,-0.15,-0.046,-0.042,0,0
1,0,0,-0.729,0.479,-0.8,0.064,0,0
1,0,0,-0.886,-0.329,0.007,0.086,0,0
1,0,0,0.664,-0.068,-0.116,-0.039,0,0
1,0,0,-2.558,0.05,0.454,0.013,0,0
1,0,0,-0.895,-0.069,-0.514,0.077,0,0
1,0,0,3.837,1.469,11.615,-0.079,2,1
0,1,0,1.631,-0.042,-0.409,-0.049,0,0
0,0,1,-0.146,-0.208,-0.4,0.024,0,0
0,1,0,3.709,-0.172,2.116,-0.078,2,1
0,1,0,1.529,0.04,0.046,-0.003,0,0
1,0,0,-1.189,0.068,0.197,0.102,0,0
0,0,1,1.908,0.287,1.41,-0.006,0,0
0,1,0,-0.399,-0.265,0.853,0.153,0,0
0,1,0,-1.018,-0.218,-0.785,0.171,0,0
0,0,1,3.243,0.771,14.896,-0.026,2,1
1,0,0,1.064,0.466,0.202,0.091,0,0
0,1,0,-1.469,0.143,0.598,0.07,0,0
0,1,0,0.67,-0.168,0.679,-0.053,0,0
1,0,0,5.6,0.962,12.576,0.052,2,1
0,0,1,0.31,0.536,0.029,-0.084,0,0
0,0,1,9.866,0.17,6.305,-0.063,2,1
0,0,1,0.288,-0.116,-0.154,-0.028,0,0
0,0,1,2.888,51.006,13.827,0.032,3,1
0,0,1,-1.751,-0.071,0.6,0.07,0,0
0,0,1,-0.244,0.13,-0.028,-0.036,0,0
0,0,1,-0.286,-0.33,-0.4,-0.088,0,0
1,0,0,5.772,-0.098,4.5,0.022,2,1
0,0,1,3.606,1.278,18.515,0.038,2,1
0,0,1,5.846,0.093,7.361,5.44,3,1
1,0,0,0.944,0.212,0.983,2.49,1,0
0,1,0,-0.716,-0.017,0.743,0.107,0,0
0,0,1,5.219,-0.315,5.716,-0.067,2,1
0,0,1,-1.248,0.172,0.943,-0.084,0,0
1,0,0,0.42,-0.278,-0.8,-0.041,0,0
0,0,1,3.971,0.098,5.873,-0.002,2,1
0,0,1,3.65,1.125,13.973,-0.093,2,1
0,1,0,-0.991,0.065,-0.347,-0.04,0,0
0,0,1,0.179,0.039,0.949,3.467,1,0
1,0,0,-1.052,0.362,0.092,0.018,0,0
0,0,1,3.688,1.356,17.688,-0.041,2,1
0,0,1,5.416,0.328,5.85,5.496,3,1
1,0,0,-0.492,-0.372,0.461,0.113,0,0
0,1,0,0.4,-0.254,0.31,0.168,0,0
0,1,0,-0.412,0.116,0.732,3.337,1,0
0,0,1,1.082,0.458,-0.4,0.066,0,0
0,1,0,-1.383,0.051,-0.047,0.104,0,0
0,0,1,0.188,0.05,0.365,0.05,0,0
1,0,0,9.834,0.277,4.641,3.427,3,1
0,1,0,1.829,-0.054,-0.03,0.072,0,0
1,0,0,1.044,-0.523,0.807,0.078,0,0
0,0,1,0.573,-0.593,0.559,-0.015,0,0
0,1,0,5.791,1.439,14.716,0.01,2,1
0,0,1,2.576,1.58,15.888,-0.088,2,1
0,0,1,12.826,0.078,4.8,-0.003,2,1
0,1,0,9.171,0.299,3.004,0.039,2,1
0,1,0,-0.129,-0.021,0.206,-0.021,0,0
0,1,0,10.612,0.167,5.966,0.055,2,1
0,0,1,4.707,0.126,8.491,5.88,3,1
0,1,0,0.909,-0.266,2.079,2.865,2,0
0,0,1,0.173,0.167,-0.4,-0.128,0,0
0,0,1,4.815,1.299,11.522,0.08,2,1
0,1,0,3.084,4.743,16.379,0.062,3,1
0,1,0,0.189,0.089,0.794,-0.004,0,0
0,1,0,0.719,0.029,0.563,0.206,0,0
0,0,1,1.46,26.737,8.456,-0.003,2,1
0,1,0,0.768,-0.473,-0.219,-0.097,0,0
1,0,0,1.658,-0.175,0.04,0.044,0,0
1,0,0,5.849,0.024,2.751,0.039,2,1
0,1,0,5.217,1.224,10.968,-0.028,2,1
1,0,0,-0.288,0.44,-0.382,-0.006,0,0
1,0,0,2.678,0.621,17.817,-0.12,2,1
1,0,0,0.846,-0.208,0.082,-0.023,0,0
0,1,0,7.599,0.056,3.972,-0.077,2,1
0,1,0,4.806,-0.298,8.335,-0.174,2,1
0,1,0,0.317,0.253,0.431,-0.154,0,0
0,1,0,-1.168,0.222,0.356,-0.1,0,0
0,1,0,-0.175,0.185,-0.939,-0.124,0,0
0,0,1,0.518,-0.087,-0.4,0.063,0,0
0,1,0,4.464,-0.546,10.878,-0.305,2,1
0,1,0,0.919,-0.469,0.867,0.066,0,0
0,0,1,0.219,-0.247,0.038,0.014,0,0
0,0,1,3.343,-0.04,-0.339,-0.035,1,0
0,1,0,5.057,8.52,18.614,-0.036,3,1
0,0,1,1.275,0.087,0.29,0.038,0,0
0,1,0,2.319,0.918,15.179,-0.043,1,1
0,0,1,6.265,1.68,11.208,-0.011,2,1
1,0,0,1.948,0.23,0.718,1.876,1,0
1,0,0,0.484,-0.425,-0.109,-0.029,0,0
0,1,0,-0.392,-0.12,-0.722,-0.011,0,0
0,1,0,0.937,-0.176,-0.224,-0.064,0,0
0,1,0,-0.181,-0.425,-0.254,-0.013,0,0
0,1,0,4.284,1.101,15.496,-0.006,2,1
0,0,1,1.639,-0.032,0.735,3.088,1,0
1,0,0,10.069,0.378,1.945,0.059,1,1
1,0,0,0.678,-0.124,-0.188,-0.051,0,0
0,0,1,2.819,1.399,11.051,0.108,2,1
1,0,0,5.035,-0.057,4.005,3.422,3,1
0,0,1,-0.82,-0.032,-0.33,0.018,0,0
0,0,1,1.449,-0.667,-0.4,-0.06,0,0
0,1,0,4.887,1.284,11.08,-0.001,2,1
0,0,1,0.035,-0.067,-0.4,-0.164,0,0
0,1,0,7.356,-0.143,7.334,3.271,3,1
0,1,0,0.784,0.319,-0.142,2.616,1,0
0,1,0,1.16,15.932,11.254,-0.164,2,1
0,1,0,0.451,0.339,0.043,-0.099,0,0
1,0,0,-0.121,-0.543,0.425,-0.09,0,0
0,1,0,3.866,12.736,13.912,-0.015,3,1
0,0,1,0.006,0.285,1.344,0.048,0,0
0,1,0,-1.341,-0.298,0.442,0.145,0,0
1,0,0,9.471,-0.135,3.853,0.039,2,1
0,1,0,7.42,0.095,3.902,0.16,2,1
1,0,0,-1.916,-0.486,0.317,-0.011,0,0
0,0,1,3.058,44.42,9.142,0.13,3,1
0,0,1,0.918,0.023,0.939,0.12,0,0
0,1,0,0.439,0.143,0.73,-0.003,0,0
0,1,0,-1.924,0.238,-0.009,0.025,0,0
1,0,0,8.741,0.214,2.169,0.118,2,1
0,1,0,6.542,0.328,11.82,-0.334,2,1
1,0,0,5.018,-0.387,10.639,-0.116,2,1
0,0,1,0.077,-0.277,0.575,-0.062,0,0
1,0,0,-1.606,0.212,-0.625,-0.006,0,0
0,1,0,0.027,0.433,1.057,-0.026,0,0
0,1,0,-0.169,-0.049,-0.14,0.009,0,0
0,1,0,10.157,0.162,6.028,0.034,2,1
1,0,0,3.904,-0.002,6.578,4.56,3,1
1,0,0,-1.788,0.021,0.559,0.097,0,0
0,0,1,-0.967,0.037,-0.4,-0.069,0,0
0,0,1,1.129,-0.085,0.536,0.008,0,0
0,0,1,7.881,0.245,3.74,0.079,2,1
1,0,0,-0.331,0.12,-0.8,0.107,0,0
1,0,0,-0.29,-0.348,0.714,0.015,0,0
0,1,0,-1.749,0.13,0.067,-0.045,0,0
0,0,1,-0.264,0.161,0.41,0.127,0,0
0,0,1,0.063,-0.098,-0.198,-0.066,0,0
0,0,1,-0.782,-0.243,0.793,0.017,0,0
1,0,0,0.683,-0.069,0.464,0.101,0,0
1,0,0,0.087,0.114,0.036,-0.086,0,0
1,0,0,1.582,0.301,0.916,-0.094,0,0
0,0,1,0.723,-0.218,0.816,0.064,0,0
0,1,0,3.244,-0.043,5.925,5.327,3,1
0,1,0,0.853,0.068,1.394,2.1,1,0
1,0,0,0.201,-0.019,1.119,3.241,1,0
0,0,1,-1.297,0.406,0.483,0,0,0
0,1,0,-0.886,0.115,-0.318,0.005,0,0
0,0,1,0.153,-0.274,-0.4,0.09,0,0
0,0,1,-0.73,0.13,-0.327,0.052,0,0
0,1,0,1.776,7.491,10.731,0.033,2,1
1,0,0,1.058,0.07,-0.352,2.215,1,0
0,0,1,0.795,0.183,-0.292,0.054,0,0
0,0,1,0.53,-0.008,-0.393,0.088,0,0
0,1,0,0.303,0.545,-0.927,0.005,0,0
0,1,0,-0.191,-0.191,0.406,0.002,0,0
0,0,1,4.006,1.391,17.961,-0.033,2,1
0,0,1,-1.354,-0.209,0.143,0.128,0,0
0,0,1,0.065,-0.011,0.67,-0.11,0,0
1,0,0,0.303,-0.086,0.184,-0.062,0,0
0,1,0,-1.415,0.363,-0.442,0.055,0,0
1,0,0,0.556,24.578,14.966,-0.097,2,1
0,1,0,6.993,-0.19,6.151,5.713,3,1
0,0,1,0.48,0.089,-0.4,-0.074,0,0
0,0,1,4.95,1.071,15.574,0.068,2,1
1,0,0,1.09,0.013,-0.375,0.083,0,0
0,0,1,4.251,1.475,12.304,-0.038,2,1
1,0,0,2.425,24.174,19.838,-0.077,2,1
0,0,1,-0.64,-0.348,-0.4,-0.066,0,0
1,0,0,-1.327,-0.072,-0.169,0.284,0,0
1,0,0,-0.069,0.251,-0.24,0.077,0,0
0,0,1,0.507,0.191,-0.018,-0.019,0,0
1,0,0,-1.213,0.036,0.021,-0.09,0,0
0,0,1,2.496,42.252,13.041,0.013,2,1
1,0,0,1.031,-0.084,0.655,0.042,0,0
1,0,0,-0.576,0.282,0.149,0.074,0,0
1,0,0,0.158,0.12,-0.21,-0.072,0,0
0,0,1,12.133,-0.414,5.619,0.02,2,1
0,1,0,1.16,0.167,0.248,-0.15,0,0
0,1,0,0.955,-0.093,-0.025,-0.097,0,0
0,0,1,8.798,0.126,4.563,2.545,3,1
0,1,0,0.753,0.604,-0.237,0.015,0,0
1,0,0,-0.323,-0.513,0.122,0.013,0,0
1,0,0,0.675,-0.529,1.238,-0.014,0,0
1,0,0,-1.148,0.307,0.398,0.049,0,0
0,0,1,-0.06,-0.023,-0.126,-0.034,0,0
0,0,1,3.223,1.279,11.267,-0.012,2,1
1,0,0,2.836,27.815,12.538,0,3,1
0,1,0,-1.062,0.124,-0.228,0.045,0,0
0,0,1,-1.508,0.306,0.027,0.056,0,0
0,1,0,-0.721,-0.055,0.36,-0.015,0,0
1,0,0,9.211,0.133,3.386,-0.089,2,1
0,0,1,-0.096,0.271,-0.381,-0.011,0,0
0,1,0,1.044,7.045,10.334,-0.236,2,1
0,0,1,0.047,-0.151,0.056,0.06,0,0
1,0,0,1.683,-0.235,1.033,2.198,1,0
0,0,1,0.754,48.818,13.688,0.06,2,1
0,1,0,0.865,0.182,-0.507,0.031,0,0
0,0,1,2.875,63.797,15.295,-0.074,3,1
0,0,1,1.104,-0.157,0.399,-0.081,0,0
1,0,0,0.969,-0.166,-0.337,0.037,0,0
1,0,0,0.436,0.265,-0.284,0.052,0,0
0,0,1,7.634,-0.121,5.607,2.825,3,1
1,0,0,2.407,1.705,15.504,0.009,1,1
0,1,0,3.719,14.292,17.532,-0.035,3,1
0,0,1,0.366,0.272,-0.4,0.073,0,0
1,0,0,5.44,0.897,10.296,0.096,2,1
0,1,0,1.191,-0.107,-0.311,0.119,0,0
0,0,1,7.483,-0.138,6.937,5.534,3,1
1,0,0,-0.739,0.363,-0.694,-0.004,0,0
1,0,0,3.688,1.127,16.437,-0.04,2,1
0,1,0,6.267,-0.457,4.86,-0.065,2,1
0,1,0,1.583,0.199,1.645,2.206,1,0
1,0,0,-0.087,-0.09,0.208,0.082,0,0
1,0,0,0.82,-0.317,0.202,-0.101,0,0
0,1,0,3.573,1.181,11.251,0.004,2,1
0,0,1,0.731,-0.159,0.316,2.88,1,0
1,0,0,1.661,-0.166,0.791,3.496,1,0
0,0,1,1.32,0.205,0.231,-0.083,0,0
0,0,1,5.193,45.558,12.37,-0.073,3,1
0,1,0,6.811,-0.156,8.408,5.217,3,1
0,1,0,-0.682,-0.057,-0.165,0.278,0,0
1,0,0,-0.005,0.092,-0.036,0.057,0,0
0,0,1,-0.147,0.472,-0.325,-0.035,0,0
0,0,1,4.954,1.258,11.781,0.057,2,1
0,1,0,3.057,14.59,10.119,-0.144,3,1
0,1,0,1.365,0.283,0.204,0.083,0,0
1,0,0,0.467,-0.083,0.728,3.036,1,0
0,1,0,2.356,0.455,-0.238,0.097,0,0
0,0,1,1.942,0.32,0.055,0.097,0,0
0,1,0,-1.527,0.116,-0.136,0.04,0,0
0,1,0,0.199,-0.116,-0.66,-0.112,0,0
0,1,0,1.744,0.114,-0.269,-0.123,0,0
1,0,0,7.558,0.358,4.908,2.859,3,1
1,0,0,4.707,0.068,7.875,5.635,3,1
0,0,1,1.182,-0.032,0.058,-0.011,0,0
1,0,0,-0.154,-0.156,0.887,0.015,0,0
0,0,1,5.225,-0.256,6.067,3.241,3,1
0,0,1,0.201,-0.354,-0.101,0.047,0,0
1,0,0,12.417,0.126,3.044,0.039,2,1
1,0,0,6.088,0.019,5.895,3.276,3,1
0,0,1,-0.077,0.058,-0.4,0.2,0,0
0,0,1,-1.053,0.399,0.248,0.07,0,0
0,1,0,4.287,1.052,13.262,0.019,2,1
0,0,1,1.159,0.356,0.189,-0.035,0,0
0,0,1,-0.819,-0.088,-0.4,0.035,0,0
0,1,0,2.247,-0.192,1.403,2.792,1,0
0,1,0,4.469,0.098,4.392,0.033,2,1
1,0,0,2.23,21.651,9.609,-0.054,2,1
0,0,1,4.801,36.763,18.969,0.019,3,1
1,0,0,-0.58,-0.117,-0.544,0.195,0,0
1,0,0,1.418,0.207,-0.427,0.103,0,0
0,0,1,1.701,0.299,-0.004,0.156,0,0
0,0,1,2.919,0.042,1.491,3.064,2,0
0,1,0,9.26,-0.192,3.698,5.664,3,1
1,0,0,0.072,0.443,0.701,0.011,0,0
0,0,1,-0.298,-0.327,-0.048,0.134,0,0
0,0,1,4.277,0.234,5.049,0.008,2,1
0,0,1,-0.756,-0.105,-0.295,-0.107,0,0
1,0,0,0.149,0.172,-0.017,0.07,0,0
0,0,1,-0.914,0.153,-0.077,-0.027,0,0
0,1,0,-0.512,0.408,0.56,-0.005,0,0
0,1,0,1.948,12.128,19.192,0.004,2,1
0,0,1,-0.437,0.292,0.381,0.043,0,0
0,1,0,-0.219,-0.172,-0.298,2.867,1,0
0,0,1,-0.105,0.293,0.214,-0.009,0,0
0,0,1,-0.347,-0.096,0.433,0.017,0,0
0,1,0,1.04,0.262,-0.817,0.107,0,0
0,0,1,8.409,-0.282,8.365,-0.353,2,1
0,1,0,2.087,0.176,-0.463,-0.109,0,0
1,0,0,2.108,-0.116,1.363,3.077,1,0
0,1,0,-1.952,-0.198,-0.646,0.06,0,0
0,0,1,3.034,1.776,10.957,0.075,2,1
0,1,0,1.77,-0.53,0.747,1.912,1,0
0,1,0,-1.909,0.082,0.346,0.064,0,0
1,0,0,9.642,0.44,2.726,0.109,2,1
1,0,0,0.736,0.069,-0.8,-0.001,0,0
0,0,1,2.214,0.333,-0.317,-0.01,0,0
0,1,0,1.332,-0.092,0.077,-0.024,0,0
0,0,1,2.481,22.988,18.452,-0.045,2,1
1,0,0,10.998,-0.552,2.311,0.004,2,1
0,1,0,-1.429,-0.477,0.493,0.075,0,0
0,0,1,0.515,-0.017,0.394,0.029,0,0
0,1,0,1.226,-0.202,0.01,0.152,0,0
0,1,0,3.417,1.027,12.975,-0.037,2,1
0,1,0,-2.564,-0.47,-0.278,0.142,0,0
0,1,0,-1.437,-0.348,0.104,0.129,0,0
0,0,1,5.804,-0.089,10.651,-0.361,2,1
0,1,0,2.975,-0.256,0.335,0.039,1,0
1,0,0,-0.253,0.148,-0.184,0.161,0,0
0,1,0,0.584,-0.401,-0.454,0.004,0,0
0,0,1,4.544,0.059,5.414,5.726,3,1
0,0,1,1.299,-0.027,2.307,2.709,2,0
0,1,0,0.284,0.107,0.738,0.009,0,0
1,0,0,1.395,0.428,-0.3,-0.007,0,0
0,1,0,7.156,0.441,1.901,-0.005,1,1
0,0,1,6.763,-0.204,4.336,0.123,2,1
1,0,0,0.993,0.04,-0.654,0.026,0,0
1,0,0,0.773,0.475,-0.612,0.151,0,0
0,1,0,7.85,-0.321,8.07,2.567,3,1
0,0,1,-0.155,0.155,-0.4,0.004,0,0
0,1,0,0.856,-0.525,-0.422,-0.079,0,0
0,0,1,0.055,0.608,0.547,-0.066,0,0
0,0,1,1.01,0.163,0.402,0.005,0,0
0,1,0,9.287,-0.025,1.634,0.033,1,1
0,1,0,10.066,0.427,3.929,0.104,2,1
1,0,0,-0.583,-0.035,0.432,0.049,0,0
1,0,0,-1.016,-0.227,0.327,-0.059,0,0
0,0,1,0.763,-0.173,0.071,-0.091,0,0
0,1,0,6.132,1.164,12.229,-0.038,2,1
0,1,0,0.602,0.083,0.269,-0.102,0,0
1,0,0,1.263,0.123,0.442,0.029,0,0
1,0,0,0.793,0.012,-0.486,-0.15,0,0
0,1,0,7.322,0.091,5.834,0.125,2,1
0,0,1,5.164,1.551,13.224,0.038,2,1
0,0,1,-1.029,-0.041,-0.119,0.016,0,0
0,1,0,3.353,1.313,12.641,-0.088,2,1
0,1,0,2.88,6.502,13.534,0.013,3,1
1,0,0,0.76,0.104,-0.241,0.02,0,0
0,1,0,-0.992,-0.003,-0.665,0.115,0,0
0,1,0,-1.256,-0.129,-0.535,-0.027,0,0
1,0,0,-1.946,0.038,0.59,0.088,0,0
1,0,0,6.209,-0.333,5.639,5.712,3,1
1,0,0,-1.166,0.407,-0.133,0.159,0,0
1,0,0,9.587,0.206,3.952,-0.042,2,1
1,0,0,0.261,0.14,-0.061,-0.058,0,0
1,0,0,2.971,15.993,10.232,0.008,3,1
1,0,0,4.698,20.059,7.867,0.061,3,1
1,0,0,0.182,0.378,-0.209,-0.093,0,0
0,0,1,-0.329,-0.478,-0.16,0.114,0,0
0,0,1,-0.838,-0.177,1.047,-0.06,0,0
0,0,1,9.539,0.044,4.709,0.06,2,1
0,0,1,0.369,0.188,0.139,-0.076,0,0
1,0,0,11.628,-0.063,4.516,0.038,2,1
0,0,1,2.067,-0.153,0.201,0.13,0,0
1,0,0,6.32,0.413,6.982,2.767,3,1
1,0,0,-1.269,0.048,0.916,0.009,0,0
1,0,0,2.04,17.038,14.215,-0.111,2,1
0,1,0,-0.365,0.16,0.712,0.11,0,0
1,0,0,0.193,0.066,0.178,0.022,0,0
1,0,0,1.652,-0.168,0.692,0.082,0,0
0,0,1,-0.5,0.44,0.009,-0.121,0,0
1,0,0,1.042,-0.149,-0.8,-0.089,0,0
0,1,0,-0.649,-0.119,0.306,-0.055,0,0
1,0,0,0.331,0.552,1.492,-0.1,0,0
0,0,1,1.626,0.236,0.134,0.001,0,0
0,0,1,-0.264,-0.378,0.748,2.488,1,0
0,1,0,-0.658,0.09,-0.295,-0.094,0,0
0,0,1,1.856,0.096,-0.4,0.06,0,0
0,0,1,2.783,0.355,0.584,1.91,2,0
0,0,1,-1.299,-0.174,0.288,0.069,0,0
1,0,0,4.309,0.112,6.053,5.897,3,1
0,0,1,0.12,0.16,0.073,0.07,0,0
1,0,0,1.121,0.143,0.148,-0.079,0,0
0,0,1,8.472,0.395,5.757,0.01,2,1
0,0,1,0.359,-0.018,0.566,0.024,0,0
0,0,1,6.401,0.327,2.556,-0.07,2,1
0,0,1,-1.028,-0.143,0.015,0.103,0,0
0,1,0,2.378,12.183,15.794,0.073,2,1
0,1,0,-0.397,-0.091,-0.446,-0.044,0,0
0,0,1,9.234,0.384,4.513,-0.124,2,1
1,0,0,-1.017,-0.312,-0.097,0.041,0,0
0,0,1,1.08,-0.355,0.582,-0.048,0,0
0,1,0,0.547,0.099,0.76,0.009,0,0
1,0,0,-0.231,-0.196,0.751,-0.013,0,0
1,0,0,2.084,33.227,10.499,-0.134,2,1
0,1,0,0.595,-0.173,0.224,-0.11,0,0
1,0,0,-0.446,0.081,-0.304,0.184,0,0
1,0,0,0.25,-0.269,0.028,-0.021,0,0
0,0,1,0.129,0.079,0.826,-0.122,0,0
0,0,1,-0.479,0.243,0.478,0.045,0,0
0,1,0,1.086,0.016,-0.674,-0.062,0,0
0,0,1,7.773,-0.201,3.898,0.063,2,1
0,1,0,1.152,0.425,-0.379,-0.113,0,0
0,1,0,-0.172,0.277,0.649,-0.095,0,0
0,0,1,-2.067,-0.332,0.614,-0.038,0,0
0,1,0,0.421,0.084,0.64,-0.064,0,0
0,1,0,-0.827,-0.192,1.102,0.001,0,0
0,0,1,-0.032,-0.283,0.405,0.025,0,0
0,1,0,1.029,13.506,9.699,-0.013,2,1
0,1,0,0.281,0.134,0.401,0.151,0,0
0,1,0,0.353,-0.235,-0.042,3.157,1,0
1,0,0,-1.14,-0.226,0.563,-0.074,0,0
0,0,1,0.924,0.017,0.383,-0.012,0,0
0,0,1,2.245,40.201,11.893,0.012,2,1
1,0,0,1.48,0.075,0.185,-0.061,0,0
0,0,1,3.329,1.587,16.071,-0.108,2,1
0,1,0,-2.08,0.07,-0.299,0.067,0,0
0,1,0,2.29,0.046,0.067,0.048,0,0
0,0,1,0.809,0.115,-0.094,-0.021,0,0
0,0,1,0.455,-0.045,0.035,0.039,0,0
0,0,1,3.87,36.853,19.036,0.013,3,1
0,1,0,-0.254,-0.071,0.341,0.136,0,0
0,0,1,0.958,25.286,8.341,0.025,2,1
0,1,0,1.022,1.03,10.719,0.055,1,1
1,0,0,-0.062,0.116,-0.52,0.014,0,0
0,1,0,6.83,0.584,2.665,0.019,2,1
0,0,1,10.86,0.101,5.911,0.007,2,1
0,0,1,1.265,-0.119,0.079,0.095,0,0
1,0,0,1.043,0.145,-0.481,0.213,0,0
1,0,0,1.535,21.89,14.655,-0.059,2,1
0,1,0,3.295,5.219,9.633,-0.16,3,1
1,0,0,1.984,0.33,1.353,2.938,1,0
0,1,0,-2.153,-0.109,-0.215,-0.122,0,0
1,0,0,4.772,-0.368,6.664,-0.369,2,1
0,1,0,6.641,0.174,8.1,-0.302,2,1
1,0,0,0.101,-0.065,0.329,0.107,0,0
1,0,0,1.716,0.211,0.112,2.503,1,0
1,0,0,0.657,0.157,0.065,0.044,0,0
0,1,0,0.431,0.523,0.631,-0.014,0,0
1,0,0,-0.018,0.06,-0.216,-0.111,0,0
0,0,1,4.767,1.1,15.855,0.145,2,1
0,1,0,0.782,0.057,-0.43,-0.01,0,0
0,0,1,-0.952,-0.066,0.583,0.022,0,0
0,1,0,4.362,8.667,18.746,-0.013,3,1
0,0,1,1.6,0.143,0.877,1.927,1,0
0,0,1,1.048,-0.038,-0.4,-0.07,0,0
0,1,0,2.557,-0.159,6.016,3.304,3,1
1,0,0,7.048,-0.369,4.712,3.927,3,1
0,1,0,2.975,13.305,8.525,-0.149,3,1
1,0,0,0.5,0.275,0.079,2.519,1,0
1,0,0,-0.86,0.346,0.188,0.006,0,0
0,1,0,-0.234,-0.367,-0.568,-0.015,0,0
1,0,0,0.827,0.409,0.821,-0.011,0,0
1,0,0,7.047,-0.564,5.988,2.666,3,1
0,0,1,0.943,0,-0.4,-0.142,0,0
1,0,0,-1.203,0.143,0.034,-0.002,0,0
0,1,0,-0.161,0.166,0.459,0.023,0,0
1,0,0,2.792,1.524,16.947,0.123,2,1
1,0,0,3.53,11.054,18.547,-0.048,3,1
0,0,1,3.343,0.465,6.458,5.45,3,1
0,0,1,-0.025,-0.667,-0.4,0.078,0,0
0,0,1,-0.544,0.088,0.388,-0.05,0,0
0,1,0,4.104,1.29,13.517,-0.058,2,1
0,1,0,0.536,-0.058,0.025,-0.034,0,0
1,0,0,0.085,0.037,0.146,-0.049,0,0
0,0,1,0.986,0.44,-0.2,0.014,0,0
1,0,0,1.018,0.059,-0.453,-0.004,0,0
0,1,0,-0.019,-0.078,0.113,0.009,0,0
1,0,0,8.945,0.104,6.445,5.394,3,1
0,1,0,1.988,0.155,1.001,0.005,0,0
0,1,0,0.825,0.042,0.434,0.056,0,0
0,0,1,6.474,-0.382,6.802,2.824,3,1
1,0,0,0.627,-0.23,0.157,-0.055,0,0
0,1,0,0.018,0.106,-0.117,-0.022,0,0
0,1,0,-0.22,0.244,0.518,-0.128,0,0
1,0,0,-1.218,0.097,0.292,-0.104,0,0
1,0,0,3.261,1.496,12.858,0.054,2,1
0,0,1,1.845,50.036,16.374,-0.035,2,1
0,0,1,0.962,55.18,8.883,-0.041,2,1
1,0,0,0.954,0.402,0.663,-0.024,0,0
0,0,1,2.267,-0.174,0.284,-0.046,0,0
0,0,1,3.497,48.435,14.571,-0.111,3,1
1,0,0,-1.006,0.193,0.427,0.059,0,0
1,0,0,0.947,0.16,0.194,-0.127,0,0
0,1,0,-0.309,-0.156,0.29,0.065,0,0
0,0,1,-0.974,-0.166,-0.4,-0.012,0,0
0,0,1,0.914,-0.173,0.02,0.043,0,0
0,1,0,-0.415,-0.589,-0.278,-0.07,0,0
0,0,1,1.678,-0.212,-0.395,-0.007,0,0
0,1,0,0.373,-0.051,0.11,-0.042,0,0
1,0,0,-0.894,-0.013,0.816,0.014,0,0
0,1,0,3.593,11.895,18.337,0.009,3,1
1,0,0,0.534,0.674,-0.291,-0.168,0,0
0,1,0,4.139,6.267,15.555,-0.079,3,1
0,0,1,-0.088,0.434,0.547,0.017,0,0
0,0,1,-1.001,0.344,-0.153,-0.025,0,0
1,0,0,10.649,-0.561,1.511,0.023,1,1
0,0,1,1.842,0.107,-0.4,-0.069,0,0
0,1,0,10.727,-0.187,6.933,-0.002,2,1
0,1,0,-0.177,0.007,0.19,-0.042,0,0
1,0,0,1.89,11.026,10.344,-0.09,2,1
0,1,0,-0.181,0.017,0.615,-0.002,0,0
0,1,0,1.121,0.158,0.293,0.034,0,0
1,0,0,-0.879,0.07,0.148,0.061,0,0
0,1,0,-0.311,-0.03,-0.096,0.021,0,0
0,1,0,0.714,0.148,0.009,0.069,0,0
1,0,0,-1.972,-0.646,-0.183,-0.109,0,0
0,1,0,0.655,0.297,0.262,-0.033,0,0
1,0,0,0.197,-0.457,0.643,-0.01,0,0
0,1,0,0.556,-0.248,0.18,-0.048,0,0
0,0,1,-0.461,0.158,-0.181,0.007,0,0
0,1,0,8.064,-0.313,2.852,0.1,2,1
1,0,0,-0.527,-0.228,0.153,-0.091,0,0
0,0,1,0.402,-0.073,0.481,-0.037,0,0
1,0,0,-0.394,-0.158,0.293,-0.047,0,0
0,0,1,-0.182,-0.401,0.482,-0.083,0,0
0,0,1,-0.308,-0.021,-0.121,-0.183,0,0
0,1,0,1.952,14.425,15.092,0.073,2,1
0,0,1,0.297,0.237,0.152,-0.18,0,0
1,0,0,0.057,-0.056,-0.8,0.213,0,0
1,0,0,1.001,-0.083,1.285,2.089,1,0
1,0,0,0.725,-0.015,-0.265,0.082,0,0
0,1,0,-0.471,-0.319,-0.626,-0.064,0,0
1,0,0,10.218,0.232,6.204,5.149,3,1
1,0,0,-1.155,-0.08,-0.049,-0.028,0,0
1,0,0,3.644,0.917,13.492,0.037,2,1
1,0,0,1.155,-0.667,0.01,-0.068,0,0
1,0,0,0.295,0.064,1.033,0.119,0,0
1,0,0,1.257,-0.076,0.136,0.101,0,0
0,0,1,6.164,0.594,7.637,-0.293,2,1
1,0,0,0.053,-0.667,0.211,0.014,0,0
1,0,0,-0.868,0.147,0.095,0.011,0,0
0,1,0,5.876,-0.24,9.544,-0.329,2,1
0,0,1,5.308,0.352,11.5,-0.334,2,1
0,1,0,-0.652,0.146,-0.389,0.037,0,0
0,0,1,5.889,-0.318,7.381,5.387,3,1
0,0,1,7.039,0.471,4.651,5.808,3,1
0,1,0,8.767,-0.156,6.268,0.144,2,1
1,0,0,8.805,-0.08,3.84,0.033,2,1
0,1,0,-0.31,-0.056,0.38,-0.036,0,0
0,1,0,-0.494,0.31,-0.473,0.03,0,0
0,0,1,3.476,65.116,19.448,-0.103,3,1
1,0,0,2.504,20.9,20.279,-0.023,3,1
0,1,0,6.377,0.095,8.872,-0.302,2,1
0,0,1,5.106,1.614,15.695,0.011,2,1
0,1,0,-0.051,-0.025,0.077,-0.091,0,0
0,0,1,-0.189,0.084,0.583,0.049,0,0
0,1,0,-0.168,-0.062,-0.419,-0.083,0,0
0,1,0,5.157,0.264,5.145,3.316,3,1
1,0,0,-0.618,0.185,0.553,-0.044,0,0
0,1,0,0.126,10.154,10.626,0.12,2,1
1,0,0,-0.451,-0.045,0.545,0.064,0,0
0,1,0,0.205,-0.078,-0.01,-0.024,0,0
0,1,0,2.204,0.355,0.851,0.063,0,0
0,1,0,0.932,0.09,-0.394,-0.114,0,0
0,0,1,0.648,0.435,0.169,0.095,0,0
0,1,0,14.022,-0.105,1.725,0.181,1,1
1,0,0,6.232,1.396,16.836,-0.113,2,1
1,0,0,0.324,-0.104,0.46,-0.062,0,0
0,1,0,9.077,0.345,3.303,3.538,3,1
0,0,1,0.733,0.089,0.459,-0.163,0,0
0,1,0,7.123,-0.352,9.444,-0.236,2,1
0,0,1,-0.084,0.427,0.698,-0.147,0,0
0,1,0,4.446,1.292,12.682,-0.045,2,1
0,1,0,0.027,-0.109,-0.608,0.113,0,0
0,0,1,2.332,0.753,14.403,-0.018,1,1
0,0,1,-0.566,-0.19,0.847,3.261,1,0
0,0,1,4.33,1.379,15.749,0.019,2,1
1,0,0,3.859,0.183,0.536,3.487,2,0
0,1,0,1.748,0.141,0.2,0.069,0,0
1,0,0,-0.27,0.199,0.265,0.096,0,0
0,1,0,0.126,0.642,-0.622,-0.019,0,0
0,1,0,5.5,0.105,7.382,-0.331,2,1
0,0,1,2.212,20.502,15.493,-0.102,2,1
1,0,0,-0.145,-0.124,-0.8,0.118,0,0
1,0,0,-0.741,-0.45,-0.8,-0.088,0,0
1,0,0,12.418,-0.147,3.162,0.015,2,1
1,0,0,6.112,0.006,7.903,-0.104,2,1
0,1,0,-0.785,0.323,-0.275,-0.118,0,0
0,0,1,-0.578,-0.092,0.764,0.131,0,0
1,0,0,2.351,0.078,0.092,-0.095,0,0
0,1,0,9.961,-0.25,4.211,0.087,2,1
1,0,0,5.962,0.247,11.238,-0.238,2,1
0,1,0,10.265,0.042,6.616,3.579,3,1
0,1,0,3.636,1.139,17.079,0.132,2,1
1,0,0,2.509,0.891,17.609,0.096,2,1
0,0,1,0.456,-0.05,0.152,-0.02,0,0
1,0,0,1.638,-0.07,0.146,0.054,0,0
0,1,0,0.298,-0.071,0.209,0.069,0,0
1,0,0,-0.047,0.5,0.32,2.323,1,0
0,1,0,-0.159,0.398,0.156,0.087,0,0
0,0,1,-0.774,-0.283,0.011,-0.074,0,0
0,0,1,0.424,-0.066,-0.198,-0.135,0,0
0,1,0,1.526,0.21,0.109,0.056,0,0
0,0,1,4.773,1.11,17.568,0.09,2,1
0,0,1,0.741,0.691,-0.108,-0.011,0,0
1,0,0,0.21,0.726,-0.032,0.08,0,0
1,0,0,0.705,0.341,-0.8,0.01,0,0
1,0,0,0.332,0.201,-0.045,-0.057,0,0
0,1,0,2.006,-0.199,-0.276,2.078,1,0
1,0,0,0.647,0.095,0.519,0.11,0,0
0,0,1,5.462,1.236,12.1,0.02,2,1
1,0,0,8.15,-0.009,9.394,-0.235,2,1
0,1,0,9.399,-0.162,5.349,0.072,2,1
0,0,1,0.425,-0.237,1.145,2.343,1,0
0,0,1,-0.494,-0.097,-0.09,-0.038,0,0
0,1,0,-1.327,-0.169,0.106,-0.062,0,0
0,1,0,5.476,-0.245,6.761,-0.056,2,1
1,0,0,0.934,-0.156,0.816,2.595,1,0
0,1,0,5.72,-0.045,5.249,4.103,3,1
0,0,1,-2.01,-0.051,0.607,0.041,0,0
1,0,0,-0.303,-0.025,-0.037,-0.076,0,0
0,0,1,0.152,-0.25,-0.382,0.111,0,0
0,1,0,0.228,0,0.793,-0.015,0,0
1,0,0,0.864,-0.559,0.125,0.101,0,0
0,0,1,5.367,46.467,11.295,0.048,3,1
0,0,1,6.37,0.328,6.951,-0.357,2,1
0,0,1,-0.578,0.258,-0.4,0.012,0,0
0,1,0,3.282,5.114,17.338,-0.052,3,1
1,0,0,-1.214,-0.379,-0.216,0.028,0,0
0,1,0,-0.369,-0.182,0.398,0.121,0,0
1,0,0,0.073,-0.149,-0.178,-0.076,0,0
0,0,1,0.899,0.162,-0.4,0.035,0,0
1,0,0,1.399,-0.204,-0.166,-0.014,0,0
0,1,0,3.897,0.876,12.465,0.068,2,1
0,0,1,0.994,0.03,0.534,-0.059,0,0
0,1,0,2.338,-0.19,2.695,2.699,2,0
0,0,1,0.104,-0.064,-0.4,0.111,0,0
0,0,1,4.532,1.188,13.199,0.093,2,1
0,0,1,1.755,-0.147,0.277,-0.184,0,0
0,1,0,-1.188,-0.059,-0.766,0.111,0,0
0,0,1,-0.571,0.151,0.172,-0.072,0,0
0,1,0,-1.547,0.065,-0.305,-0.026,0,0
0,0,1,0.015,-0.124,-0.4,0.036,0,0
0,1,0,2.841,14.721,12.139,0.244,3,1
1,0,0,0.202,0.415,0.266,-0.053,0,0
1,0,0,-1.153,-0.228,-0.016,0.034,0,0
1,0,0,-1.121,0.672,-0.344,-0.097,0,0
0,1,0,-2.716,-0.462,-0.203,0.084,0,0
0,0,1,-0.202,0.147,-0.193,0.048,0,0
0,1,0,-1.893,0.132,-0.401,-0.157,0,0
0,1,0,-0.715,0.412,0.384,-0.034,0,0
0,0,1,0.943,0.205,0.027,0.177,0,0
0,1,0,6.867,-0.053,9.683,-0.138,2,1
0,1,0,2.21,0.193,-0.179,0.021,0,0
0,1,0,-1.088,0.123,0.388,0.049,0,0
0,0,1,-0.245,-0.262,0.583,-0.16,0,0
0,0,1,2.071,27.329,8.64,0.058,2,1
1,0,0,3.967,1.322,12.602,0,2,1
1,0,0,0.649,-0.002,0.168,-0.036,0,0
1,0,0,6.295,-0.067,4.42,4.041,3,1
0,1,0,1.265,-0.667,-0.128,0.084,0,0
0,0,1,0.208,0.349,-0.141,0.122,0,0
1,0,0,0.921,0.841,0.763,3.401,1,0
0,1,0,0.08,-0.17,1.098,0.035,0,0
0,1,0,-1.14,0.319,0.001,0.099,0,0
0,1,0,-0.68,0.046,0.815,0.085,0,0
1,0,0,1.18,-0.055,0.614,0.142,0,0
1,0,0,-0.316,0.698,0.379,0.069,0,0
0,1,0,1.061,-0.396,0.924,0.095,0,0
1,0,0,2.885,28.936,18.737,0.015,3,1
0,1,0,4.978,-0.027,4.941,5.304,3,1
0,1,0,0.296,-0.472,0.061,-0.147,0,0
1,0,0,6.033,-0.058,6.434,4.818,3,1
0,1,0,0.208,0.077,-0.935,-0.03,0,0
1,0,0,0.078,-0.361,0.34,0.058,0,0
0,0,1,-0.371,40.862,10.494,-0.035,2,1
0,0,1,-1.624,0.338,0.373,0.035,0,0
0,1,0,1.994,0.091,-0.354,-0.109,0,0
0,0,1,-1.164,0.253,-0.296,0.001,0,0
1,0,0,0.439,0.054,-0.537,-0.167,0,0
0,1,0,-2.132,0.527,-0.219,-0.082,0,0
0,1,0,1.822,-0.418,-0.457,0.027,0,0
0,0,1,0.349,0.162,-0.014,0.123,0,0
0,1,0,1.827,11.847,8.983,0.043,2,1
0,0,1,2.903,-0.189,0.944,3.47,2,0
1,0,0,-0.343,0.55,0.522,0.125,0,0
1,0,0,-0.407,-0.257,0.26,0.042,0,0
0,1,0,1.116,-0.205,0.494,-0.109,0,0
1,0,0,0.45,-0.031,0.147,0.055,0,0
0,0,1,5.646,-0.522,10.84,-0.374,2,1
0,0,1,0.539,-0.028,-0.25,-0.126,0,0
0,0,1,-0.087,0.163,0.331,0.033,0,0
0,0,1,-0.174,-0.474,0.704,0.109,0,0
1,0,0,5.548,0.094,6.139,4.092,3,1
1,0,0,0.018,0.096,0.098,0.053,0,0
0,1,0,1.169,0.011,-0.679,0.161,0,0
1,0,0,1.153,-0.213,-0.8,0.007,0,0
0,0,1,-0.518,-0.07,0.631,-0.047,0,0
0,0,1,0.652,-0.158,-0.031,0.057,0,0
0,1,0,6.689,0.057,3.146,0.061,2,1
1,0,0,-0.946,0.006,0.145,-0.105,0,0
1,0,0,0.33,0.159,-0.56,0.027,0,0
1,0,0,-0.991,0.028,0.648,0.076,0,0
1,0,0,-0.143,0.196,-0.116,-0.057,0,0
1,0,0,-1.668,0.217,0.769,-0.149,0,0
1,0,0,-0.153,-0.034,-0.045,-0.014,0,0
1,0,0,0.888,1.7,13.085,-0.008,1,1
0,1,0,1.963,-0.023,0.663,0.105,0,0
0,1,0,7.577,0.049,6.768,4.52,3,1
0,0,1,1.45,0.422,-0.148,-0.021,0,0
1,0,0,0.838,-0.021,1.589,2.439,1,0
0,1,0,1.317,-0.667,-0.232,-0.189,0,0
0,0,1,3.798,61.553,13.08,-0.014,3,1
1,0,0,0.038,-0.416,0.413,-0.004,0,0
0,1,0,-0.506,-0.031,-0.042,0.067,0,0
0,0,1,8.597,-0.333,2.553,-0.069,2,1
0,0,1,4.301,55.898,13.383,-0.17,3,1
0,0,1,5.878,-0.11,5.003,3.493,3,1
0,1,0,0.911,-0.286,1.017,0.119,0,0
0,0,1,0.21,0.147,0.309,-0.008,0,0
1,0,0,2.476,0.088,0.378,-0.011,0,0
1,0,0,-0.273,-0.381,-0.376,0.052,0,0
0,1,0,-0.924,0.15,-0.252,0.072,0,0
0,1,0,4.987,1.558,12.713,0.077,2,1
0,0,1,6.596,-0.011,5.307,-0.006,2,1
0,0,1,1.158,-0.297,-0.4,0.041,0,0
0,0,1,3.953,1.428,11.167,-0.126,2,1
0,1,0,0.534,0.095,0.637,-0.069,0,0
0,1,0,0.539,-0.037,-0.085,0.065,0,0
0,1,0,0.504,0.062,0.395,0.085,0,0
1,0,0,-0.078,-0.246,-0.649,-0.037,0,0
1,0,0,1.033,-0.033,0.5,0.064,0,0
0,1,0,-0.651,0.153,-0.534,0.018,0,0
0,1,0,0.088,0.061,0.058,0.051,0,0
0,1,0,1.424,0.126,0.128,-0.183,0,0
0,0,1,2.458,0.156,0.202,3.212,1,0
0,1,0,-0.111,0.216,0.333,0.099,0,0
0,1,0,-0.888,-0.29,0.235,-0.086,0,0
1,0,0,-0.881,0.26,-0.332,-0.047,0,0
0,0,1,-0.498,25.633,13.077,-0.059,2,1
0,1,0,-1.05,-0.17,0.363,0.076,0,0
0,1,0,9.808,-0.019,8.297,3.431,3,1
0,1,0,0.452,-0.066,0.513,-0.076,0,0
0,1,0,-0.526,-0.052,-0.141,-0.048,0,0
1,0,0,0.984,-0.026,0.302,-0.083,0,0
0,1,0,4.938,1.347,17.004,0.039,2,1
0,0,1,-0.618,0.234,-0.128,0.001,0,0
0,0,1,0.441,0.04,0.033,0.065,0,0
1,0,0,0.616,25.647,13.246,-0.058,2,1
0,1,0,-0.917,-0.124,-0.511,0.018,0,0
0,1,0,0.891,-0.326,-0.471,0.062,0,0
1,0,0,1,0.352,-0.514,0.133,0,0
0,0,1,-0.821,0.088,-0.089,0.007,0,0
1,0,0,0.704,-0.035,-0.212,-0.016,0,0
1,0,0,-0.129,-0.144,0.171,0.021,0,0
0,1,0,5.331,-0.165,11.812,-0.172,2,1
0,1,0,10.029,-0.185,5.274,-0.033,2,1
0,0,1,-0.127,0.099,-0.4,-0.087,0,0
0,1,0,6.871,-0.363,5.431,-0.192,2,1
1,0,0,0.963,-0.266,0.04,-0.021,0,0
0,1,0,-0.118,-0.362,-0.069,0.064,0,0
1,0,0,-0.542,0.041,-0.001,-0.093,0,0
1,0,0,0.09,0.245,1.089,0.01,0,0
1,0,0,-0.783,0.107,-0.168,-0.001,0,0
0,0,1,0.366,0.234,0.689,0.058,0,0
0,0,1,0.491,0.48,0.854,1.841,1,0
1,0,0,6.654,-0.667,10.883,-0.264,2,1
1,0,0,-0.566,-0.202,-0.033,-0.009,0,0
0,0,1,2.369,60.039,10.663,0.044,2,1
0,0,1,0.272,-0.198,-0.266,0.049,0,0
0,1,0,-1.281,-0.156,0.887,0.051,0,0
1,0,0,-1.303,0.121,0.313,0.009,0,0
0,0,1,-0.427,0.131,0.525,0.068,0,0
0,1,0,-0.063,0.47,0.178,0.025,0,0
1,0,0,0.394,0.016,1.062,-0.003,0,0
0,0,1,-0.107,0.447,0.652,0.12,0,0
1,0,0,2.186,1.548,15.239,0.159,1,1
0,1,0,3.406,6.627,8.903,0.095,3,1
1,0,0,-0.239,0.252,0.705,0.073,0,0
0,1,0,7.237,0.02,6.434,-0.118,2,1
0,0,1,2.412,60.562,12.092,0.143,2,1
0,1,0,1.853,13.546,11.894,0.032,2,1
0,1,0,1.194,-0.127,-0.237,-0.011,0,0
0,1,0,0.329,-0.097,-0.448,0.1,0,0
0,0,1,8.298,0.17,5.25,-0.072,2,1
0,0,1,1.046,0.214,-0.202,0.062,0,0
0,0,1,-0.699,-0.201,-0.209,-0.047,0,0
0,1,0,0.251,0.119,0.746,-0.015,0,0
1,0,0,6.949,0.172,7.536,5.414,3,1
0,1,0,9.809,0.485,3.199,-0.032,2,1
0,1,0,10.458,0.223,2.569,0.001,2,1
0,1,0,0.102,-0.179,0.406,0.041,0,0
1,0,0,-0.83,-0.03,0.829,-0.061,0,0
1,0,0,-1.288,-0.584,0.843,-0.06,0,0
0,1,0,-0.106,0.195,0.459,-0.022,0,0
0,1,0,4.876,0.314,6.16,3.257,3,1
1,0,0,6.388,-0.088,8.414,-0.396,2,1
1,0,0,0.251,0.082,0.457,0.108,0,0
0,0,1,-0.84,0.02,0.404,-0.048,0,0
1,0,0,1.263,0.34,-0.002,0.022,0,0
0,0,1,-0.174,0.313,0.704,0.109,0,0
0,0,1,0.734,0.118,1.212,2.999,1,0
0,1,0,8.615,-0.274,4.001,-0.016,2,1
0,1,0,-0.077,0.16,0.477,0.035,0,0
1,0,0,-1.032,-0.026,-0.516,-0.047,0,0
1,0,0,0.755,-0.368,-0.001,-0.034,0,0
0,1,0,6.181,-0.18,10.011,-0.141,2,1
0,0,1,1.212,-0.413,0.417,0.051,0,0
0,1,0,0.829,0.214,1.284,2.716,1,0
0,1,0,2.684,1.138,15.794,-0.035,2,1
0,1,0,-0.228,0.127,-0.755,0.036,0,0
1,0,0,0.152,-0.259,-0.599,0.079,0,0
0,0,1,5.488,-0.087,4.684,4.041,3,1
1,0,0,-0.147,0.148,0.33,-0.013,0,0
0,0,1,3.358,20.304,16.074,-0.008,3,1
0,1,0,3.854,13.132,16.816,0.042,3,1
0,0,1,9.323,0.363,5.301,4.733,3,1
0,1,0,-0.698,0.168,-0.371,0.048,0,0
0,0,1,0.116,35.718,16.828,0.022,2,1
1,0,0,-0.631,-0.016,0.198,0.064,0,0
0,1,0,6.736,0.618,5.746,0.047,2,1
0,0,1,7.814,0.31,3.562,0.038,2,1
0,1,0,2.898,14.254,19.081,0.029,3,1
0,0,1,0.151,-0.042,0.13,0.004,0,0
1,0,0,1.554,28.89,13.682,-0.063,2,1
0,1,0,3.664,1.706,10.925,-0.068,2,1
0,0,1,0.672,0.396,0.301,0.084,0,0
1,0,0,-0.23,-0.241,-0.8,0.019,0,0
1,0,0,4.613,2.003,11.343,0.072,3,1
1,0,0,0.699,-0.451,0.261,3.432,1,0
0,1,0,-0.483,0.196,-0.471,-0.053,0,0
0,0,1,-1.408,-0.197,0.136,-0.054,0,0
1,0,0,-1.288,0.043,-0.42,-0.054,0,0
0,0,1,-1.585,-0.254,0.139,0.074,0,0
0,0,1,-0.605,0.186,-0.262,0.125,0,0
0,1,0,2.337,0.063,0.882,3.23,1,0
0,0,1,-0.474,-0.549,0.259,-0.022,0,0
1,0,0,0.583,-0.26,0.044,-0.012,0,0
1,0,0,0.453,0.032,0.033,-0.193,0,0
0,1,0,1.726,0.64,0.139,0.098,0,0
0,1,0,1.775,15.219,18.279,0.092,2,1
1,0,0,0.044,0.001,-0.082,0.075,0,0
1,0,0,0.36,-0.027,0.428,-0.108,0,0
1,0,0,6.466,0.276,11.109,-0.289,2,1
0,0,1,5.788,1.613,12.738,-0.064,2,1
1,0,0,2.399,19.52,13.413,0.071,2,1
1,0,0,6.478,0.085,6.826,-0.228,2,1
0,1,0,0.113,0.187,0.164,-0.046,0,0
0,0,1,3.748,1.438,13.292,-0.113,2,1
1,0,0,-0.801,-0.135,-0.615,0.02,0,0
1,0,0,-0.516,-0.004,0.604,-0.019,0,0
1,0,0,0.919,-0.032,0.464,0.044,0,0
0,1,0,4.905,1.134,13.397,-0.084,2,1
0,0,1,-1.544,-0.053,-0.044,-0.011,0,0
0,0,1,5.159,-0.346,6.645,-0.397,2,1
0,1,0,0.072,0.276,0.219,0.049,0,0
0,0,1,1.651,0.133,0.481,2.345,1,0
1,0,0,0.361,16.333,18.317,-0.127,2,1
0,1,0,-0.633,0.144,0.147,0.077,0,0
1,0,0,1.028,-0.021,-0.328,-0.083,0,0
0,1,0,-1.719,0.157,0.287,-0.089,0,0
0,0,1,9.265,-0.37,2.836,0.136,2,1
0,0,1,7.152,-0.118,5.083,-0.207,2,1
0,1,0,7.129,0.051,12.521,-0.364,2,1
0,0,1,0.669,-0.207,-0.269,0.125,0,0
0,0,1,1.013,-0.097,0.765,0.103,0,0
0,1,0,7.449,0.135,3.863,-0.026,2,1
0,0,1,-0.22,-0.346,-0.4,-0.109,0,0
0,1,0,7.085,0.249,5.096,3.43,3,1
0,1,0,8.304,-0.313,4.345,4.474,3,1
1,0,0,7.727,-0.003,4.815,5.869,3,1
0,0,1,0.268,0.808,-0.4,0.131,0,0
0,0,1,3.118,60.943,11.143,-0.084,3,1
1,0,0,-0.493,-0.245,0.214,-0.117,0,0
0,0,1,0.371,0.417,0.255,0.076,0,0
0,1,0,7.592,-0.166,13.371,-0.163,2,1
0,0,1,-0.719,-0.06,0.359,0.019,0,0
0,0,1,4.8,-0.249,5.88,-0.394,2,1
0,1,0,0.494,5.925,8.178,0.116,2,1
0,1,0,6.253,0.001,8.399,-0.178,2,1
0,1,0,-0.571,-0.535,-0.13,0.073,0,0
0,1,0,1.314,-0.168,0.72,0.019,0,0
0,1,0,-0.255,0.479,0.474,0.119,0,0
0,1,0,-1.622,-0.201,0.325,-0.015,0,0
1,0,0,4.408,0.309,3.661,-0.005,2,1
1,0,0,7.659,-0.042,6.588,4.649,3,1
1,0,0,2.01,0.285,-0.293,-0.078,0,0
1,0,0,-2.347,0.178,-0.102,0.014,0,0
1,0,0,0.74,0.144,-0.486,0.125,0,0
1,0,0,0.308,-0.308,0.348,0.102,0,0
0,0,1,0.864,0.575,0.541,-0.066,0,0
1,0,0,1.847,-0.15,0.273,-0.019,0,0
0,1,0,0.392,-0.407,-0.494,-0.054,0,0
1,0,0,8.847,-0.092,4.783,-0.068,2,1
1,0,0,7.825,0.008,5.044,-0.085,2,1
0,0,1,9.95,0.25,2.767,-0.069,2,1
0,0,1,0.877,-0.346,-0.4,-0.161,0,0
1,0,0,2.744,1.326,12.949,0.084,2,1
0,1,0,2.14,-0.184,-0.043,2.928,1,0
1,0,0,0.954,0.241,-0.47,0.129,0,0
0,0,1,2.776,26.371,17.682,-0.044,3,1
0,1,0,0.527,-0.149,-0.025,-0.095,0,0
0,1,0,0.39,-0.412,-0.4,0.14,0,0
0,1,0,0.049,-0.024,0.849,-0.032,0,0
0,0,1,5.877,-0.029,6.281,2.519,3,1
0,0,1,1.693,-0.184,-0.033,-0.017,0,0
0,0,1,7.772,-0.299,10.296,-0.386,2,1
0,0,1,4.969,0.448,3.514,5.224,3,1
0,1,0,-1.304,0.343,0.195,0.09,0,0
0,1,0,-0.475,-0.408,0.601,0.008,0,0
0,0,1,3.157,61.138,16.204,0.042,3,1
1,0,0,-0.251,-0.041,0.041,0.023,0,0
0,1,0,-0.324,-0.087,-0.105,0.084,0,0
0,1,0,1.83,0.041,-1.443,0.034,0,0
0,0,1,10.929,0.358,5.32,-0.051,2,1
0,1,0,0.379,-0.11,2.165,3.257,2,0
0,0,1,7.224,0.01,6.623,3.267,3,1
0,1,0,5.045,-0.161,6.569,-0.379,2,1
1,0,0,0.692,-0.06,0.035,-0.115,0,0
1,0,0,1.169,15.88,17.396,-0.165,2,1
0,0,1,2.352,1.303,15.616,0.128,1,1
0,0,1,0.594,-0.01,-0.35,0.025,0,0
1,0,0,0.295,0.191,-0.718,0.047,0,0
1,0,0,1.838,0.155,-0.23,-0.082,0,0
0,0,1,9.566,-0.524,5.415,4.313,3,1
0,1,0,2.399,0.308,-0.535,-0.049,0,0
0,1,0,-0.233,-0.474,-0.334,0.025,0,0
1,0,0,2.943,-0.396,0.409,2.128,2,0
1,0,0,1.611,0.104,0.696,2.873,1,0
1,0,0,0.046,-0.118,-0.395,-0.005,0,0
0,0,1,2.536,32.188,10.304,-0.013,3,1
1,0,0,0.99,0.253,0.076,-0.035,0,0
0,0,1,-0.169,-0.266,-0.4,0.103,0,0
0,1,0,2.803,6.758,13.934,0.096,3,1
0,1,0,-0.483,-0.554,0.143,-0.07,0,0
0,0,1,-0.827,-0.331,-0.371,-0.003,0,0
0,1,0,6.752,0.317,6.538,4.478,3,1
1,0,0,6.149,-0.289,6.154,-0.389,2,1
1,0,0,6.728,0.138,6.571,3.25,3,1
1,0,0,0.202,0.455,-0.019,0.053,0,0
1,0,0,5.347,-0.054,11.356,-0.104,2,1
0,0,1,-0.989,0.09,-0.4,-0.026,0,0
0,1,0,0.768,0.9,15.226,0.037,1,1
0,0,1,6.467,0.075,5.066,2.834,3,1
1,0,0,6.383,-0.317,5.734,3.642,3,1
1,0,0,-0.083,0.21,-0.108,0.017,0,0
0,0,1,-0.569,-0.103,0.049,-0.049,0,0
0,0,1,1.912,0.142,1.635,3.205,1,0
1,0,0,5.902,0.279,7.006,5.936,3,1
0,0,1,-0.579,-0.066,0.751,-0.066,0,0
0,1,0,1.889,0.056,-0.185,-0.016,0,0
0,1,0,5.971,-0.253,6.751,4.107,3,1
1,0,0,-0.336,0.21,-0.058,-0.018,0,0
1,0,0,2.352,23.075,12.756,0.02,2,1
0,0,1,3.335,21.579,19.368,-0.005,3,1
0,0,1,-0.094,-0.096,-0.4,0.034,0,0
0,1,0,1.251,-0.514,0.504,0.008,0,0
0,0,1,1.22,-0.119,-0.333,0.093,0,0
0,1,0,-0.25,0.415,0.145,0.007,0,0
0,0,1,0.574,-0.067,-0.251,0.058,0,0
0,0,1,0.347,-0.232,0.274,-0.07,0,0
0,0,1,0.293,-0.115,0.177,-0.056,0,0
0,0,1,-0.534,0.178,0.134,-0.104,0,0
1,0,0,0.245,-0.131,-0.333,-0.106,0,0
0,0,1,1.073,-0.193,-0.264,0.025,0,0
0,0,1,3.396,38.469,20.621,-0.09,3,1
0,1,0,-0.31,-0.145,-0.895,0.007,0,0
1,0,0,9.539,-0.359,4.392,0.057,2,1
0,1,0,-1.188,0.192,-0.696,0.01,0,0
0,0,1,-0.217,-0.062,0.608,0.033,0,0
0,1,0,4.403,0.471,10.258,-0.376,2,1
1,0,0,-1.018,0.374,-0.564,-0.034,0,0
0,0,1,5.438,0.021,6.263,3.605,3,1
0,0,1,1.963,34.523,15.932,0.025,2,1
0,1,0,0.197,-0.283,0.043,-0.017,0,0
0,0,1,0.672,-0.288,-0.178,0.051,0,0
0,1,0,-0.229,-0.154,-0.462,-0.101,0,0
0,1,0,4.355,0.288,8.019,3.102,3,1
1,0,0,0.28,0.265,0.484,-0.04,0,0
0,1,0,-0.352,0.077,-0.484,-0.027,0,0
0,1,0,-0.855,0.296,-0.604,0.037,0,0
0,1,0,2.627,10.664,16.897,0.03,3,1
1,0,0,9.779,0.367,6.232,0.088,2,1
1,0,0,2.532,0.075,1.059,2.104,2,0
0,1,0,1.833,0.261,2.266,2.656,2,0
0,1,0,0.756,-0.045,-0.413,-0.087,0,0
1,0,0,0.993,0.293,-0.179,0.037,0,0
1,0,0,0.337,0.03,0.419,0.046,0,0
0,1,0,9.694,-0.595,1.831,-0.148,1,1
0,0,1,0.115,0.331,-0.4,-0.013,0,0
1,0,0,-0.298,-0.162,-0.154,-0.045,0,0
1,0,0,-1.047,0.281,0.573,-0.101,0,0
0,1,0,0.166,0.189,-0.545,0.05,0,0
0,0,1,-0.135,0.106,-0.4,-0.077,0,0
0,0,1,6.498,-0.08,9.316,-0.193,2,1
0,0,1,6.1,-0.214,4.254,3.448,3,1
1,0,0,2.132,17.519,20.169,-0.02,2,1
0,1,0,0.039,-0.396,0.301,0.167,0,0
0,0,1,1.349,0.194,1.616,3.139,1,0
0,0,1,-0.475,-0.009,-0.049,0.009,0,0
1,0,0,1.159,-0.32,0.126,-0.143,0,0
0,0,1,5.107,0.133,7.83,-0.108,2,1
0,0,1,-1.6,-0.066,-0.4,-0.106,0,0
0,1,0,-0.691,-0.032,-0.112,-0.212,0,0
0,0,1,-1.386,-0.312,0.3,0.027,0,0
0,1,0,6.045,0.336,9.933,-0.343,2,1
0,1,0,3.351,1.273,15.037,-0.027,2,1
0,0,1,2.024,-0.054,-0.4,0.01,0,0
0,0,1,2.312,0.209,0.785,2.416,1,0
0,0,1,-0.821,-0.348,-0.313,-0.002,0,0
1,0,0,0.638,-0.089,-0.478,0.01,0,0
0,0,1,8.87,0.189,1.985,0.006,1,1
1,0,0,3.357,1.224,14.74,-0.104,2,1
1,0,0,1.698,0.209,-0.532,0.064,0,0
0,0,1,7.174,0.345,3.959,-0.011,2,1
1,0,0,8.937,-0.096,3.54,0.03,2,1
0,0,1,9.51,0.241,4.7,0.053,2,1
1,0,0,2.329,0.175,0.082,-0.071,0,0
0,1,0,-0.534,-0.387,-1.06,0.031,0,0
0,1,0,2.054,-0.194,1.058,2.368,1,0
0,0,1,-1.211,0.206,0.072,0.092,0,0
1,0,0,-1.269,0.071,-0.713,0.035,0,0
0,1,0,4.208,1.516,11.426,0.186,2,1
1,0,0,-1.251,-0.08,-0.142,-0.136,0,0
1,0,0,1.273,0.048,-0.8,0.007,0,0
1,0,0,-0.045,-0.355,-0.126,-0.172,0,0
0,1,0,-0.198,0.379,-1.096,-0.057,0,0
1,0,0,2.325,32.579,9.283,-0.01,2,1
0,1,0,-1.113,-0.058,0.66,-0.002,0,0
0,1,0,6.256,11.922,17.971,0.03,3,1
0,0,1,-1.815,-0.162,-0.108,-0.089,0,0
0,0,1,-0.512,-0.382,0.476,2.722,1,0
1,0,0,-0.289,0.34,-0.8,0.225,0,0
1,0,0,2.954,26.272,11.45,-0.032,3,1
1,0,0,1.069,0.476,0.556,0.02,0,0
1,0,0,0.214,-0.071,-0.8,-0.066,0,0
0,1,0,-0.418,-0.295,-0.353,0.111,0,0
0,0,1,0.261,-0.195,0.278,0.167,0,0
1,0,0,8.019,-0.192,6.528,-0.022,2,1
1,0,0,5.894,1.344,17.68,-0.036,2,1
0,1,0,2.349,0.998,12.932,0.041,1,1
1,0,0,6.546,0.02,9.627,-0.158,2,1
1,0,0,-0.69,0.349,-0.56,0,0,0
0,1,0,4.747,0.141,4.052,5.604,3,1
1,0,0,1.322,-0.212,0.171,-0.036,0,0
0,0,1,0.673,0.05,-0.4,0.035,0,0
1,0,0,5.396,-0.12,5.748,0.03,2,1
0,0,1,3.943,1.146,16.122,-0.144,2,1
1,0,0,3.064,0.108,-0.77,0.026,1,0
0,0,1,0.204,-0.441,-0.027,-0.006,0,0
1,0,0,-0.409,-0.045,0.433,0.057,0,0
0,1,0,0.452,-0.048,-0.14,-0.086,0,0
0,1,0,-0.723,-0.363,-0.615,-0.021,0,0
1,0,0,0.378,0.007,-0.349,-0.037,0,0
0,1,0,-2.055,-0.619,0.548,0.034,0,0
1,0,0,2.625,30.848,18.286,0.032,3,1
0,1,0,-0.104,-0.319,-0.277,-0.022,0,0
0,1,0,1.843,0.085,-0.66,-0.04,0,0
1,0,0,0.725,0.284,-0.121,0.075,0,0
1,0,0,5.628,1.235,17.016,0.019,2,1
0,0,1,5.488,1.86,13.15,-0.042,2,1
0,0,1,-0.541,0.082,0.031,0.04,0,0
1,0,0,3.531,0.062,5.421,5.024,3,1
0,1,0,2.057,1.192,17.84,-0.015,1,1
0,1,0,-0.931,0.465,0.38,0.046,0,0
1,0,0,11.124,-0.303,3.884,0.044,2,1
0,1,0,-0.225,0.101,0.199,0.098,0,0
1,0,0,-1.907,-0.357,1.341,-0.047,0,0
1,0,0,6.28,0.146,6.872,-0.345,2,1
0,0,1,0.9,-0.239,0.409,0.062,0,0
0,1,0,3.177,9.482,7.289,-0.115,3,1
1,0,0,7.005,0.142,6.808,5.164,3,1
0,1,0,0.042,-0.108,0.358,0.026,0,0
0,1,0,2.101,0.197,0.967,0.162,0,0
0,1,0,0.623,-0.074,1.728,2.987,1,0
0,0,1,7.379,-0.057,7.771,2.506,3,1
0,1,0,4.07,12.601,15.152,0.05,3,1
0,0,1,0.334,-0.011,-0.008,-0.005,0,0
0,1,0,5.907,0.007,7.968,4.594,3,1
1,0,0,1.053,-0.111,-0.54,0.056,0,0
1,0,0,1.291,0.316,-0.223,-0.044,0,0
0,0,1,3.694,1.513,11.747,0.024,2,1
0,1,0,2.031,0.111,-0.613,-0.134,0,0
0,1,0,0.937,-0.119,0.001,-0.048,0,0
1,0,0,1.619,-0.35,-0.196,-0.096,0,0
0,0,1,1.491,-0.33,-0.4,-0.025,0,0
0,0,1,-0.584,-0.125,-0.4,0.067,0,0
0,0,1,4.012,0.123,4.819,3.23,3,1
0,0,1,10.119,-0.339,2.043,0.009,2,1
0,0,1,2.526,57.915,13.927,0.144,3,1
1,0,0,0.804,-0.291,-0.174,0.051,0,0
0,1,0,3.918,1.65,14.443,-0.063,2,1
0,1,0,-0.073,0.019,-0.081,0.053,0,0
0,0,1,12.389,-0.304,3.976,-0.074,2,1
1,0,0,-0.526,-0.134,0.089,-0.096,0,0
0,1,0,-1.038,0.242,-0.645,0.076,0,0
0,0,1,-2.312,-0.07,-0.102,0.001,0,0
1,0,0,-0.47,0.205,-0.503,0.049,0,0
0,0,1,2.605,36.898,11.081,0.015,3,1
1,0,0,0.566,-0.306,-0.797,-0.15,0,0
0,1,0,9.472,0.553,4.461,5.119,3,1
1,0,0,-0.778,0.292,0.984,0.074,0,0
1,0,0,-0.103,-0.161,0.356,-0.058,0,0
0,0,1,0.181,0.254,0.332,0.084,0,0
0,1,0,-0.591,-0.105,0.435,-0.095,0,0
1,0,0,0.818,-0.043,-0.194,0.125,0,0
1,0,0,-1.313,0.009,0.004,0.053,0,0
1,0,0,0.832,-0.667,0.314,0.074,0,0
1,0,0,-0.221,0.044,0.572,-0.023,0,0
0,1,0,4.978,1.568,14.914,0.031,2,1
1,0,0,3.351,1.348,16.786,-0.084,2,1
0,0,1,1.343,0.028,1.73,3.265,1,0
1,0,0,-2.574,-0.022,0.092,-0.097,0,0
1,0,0,1.046,-0.031,0.709,-0.043,0,0
0,0,1,-2.066,0.196,0.07,-0.092,0,0
1,0,0,2.449,1.442,13.333,-0.131,1,1
0,0,1,-0.602,0.487,-0.4,0.049,0,0
1,0,0,0.905,0.292,-0.286,-0.126,0,0
0,1,0,-0.523,-0.202,-0.881,0.12,0,0
1,0,0,1.008,23.037,10.562,0.043,2,1
0,0,1,9.19,0.545,4.335,5.818,3,1
0,0,1,5.676,-0.119,4.161,-0.056,2,1
0,1,0,6.54,-0.325,8.592,5.095,3,1
0,0,1,4.491,1.461,17.037,0.011,2,1
0,1,0,2.73,8.708,16.815,0,3,1
0,1,0,0.859,0.39,-0.032,-0.004,0,0
1,0,0,6.069,-0.017,2.966,-0.017,2,1
0,1,0,0.329,-0.034,0.35,-0.079,0,0
0,0,1,0.233,0.343,0.141,-0.067,0,0
0,0,1,-1.316,0.095,-0.306,0.039,0,0
0,0,1,8.842,-0.014,5.786,3.894,3,1
0,0,1,0.636,0.186,0.388,-0.027,0,0
0,1,0,-1.247,0.149,0.442,0.011,0,0
1,0,0,0.804,-0.204,-0.063,-0.205,0,0
0,1,0,0.685,-0.236,-0.179,0.113,0,0
1,0,0,4.884,1.29,18.819,-0.026,2,1
0,1,0,2.001,-0.222,-0.595,0.016,0,0
0,0,1,0.126,0.227,0.278,-0.043,0,0
0,1,0,6.104,-0.448,6.498,2.735,3,1
1,0,0,0.239,0.212,-0.05,0.028,0,0
0,1,0,0.638,0.018,-0.997,0.12,0,0
0,0,1,8.29,0.1,5.131,0.013,2,1
0,0,1,-1.443,-0.449,1.052,0.041,0,0
0,1,0,0.23,-0.667,0.331,0.071,0,0
1,0,0,-2.31,0.368,-0.004,-0.145,0,0
0,1,0,1.15,0.114,-0.664,0.027,0,0
0,1,0,0.351,0.041,-0.226,0.006,0,0
1,0,0,0.955,0.176,-0.012,-0.039,0,0
0,0,1,0.41,0.315,-0.178,-0.015,0,0
0,1,0,7.223,-0.044,10.995,-0.228,2,1
1,0,0,0.657,0.091,0.421,-0.013,0,0
0,0,1,2.421,56.129,14.131,-0.095,2,1
1,0,0,3.04,27.522,16.152,0.043,3,1
0,1,0,2.702,1.638,17.065,-0.005,2,1
1,0,0,5.558,-0.038,6.555,5.707,3,1
1,0,0,5.675,0.092,6.099,-0.026,2,1
0,1,0,-1.271,0.051,-0.044,-0.115,0,0
0,1,0,-0.009,0.11,-0.419,-0.113,0,0
0,1,0,0.413,0.046,0.589,-0.121,0,0
1,0,0,-0.749,-0.214,-0.703,-0.006,0,0
0,0,1,1.495,-0.442,0.475,-0.006,0,0
0,0,1,0.819,0.212,0.006,-0.077,0,0
0,0,1,-1.274,0.048,0.568,-0.031,0,0
1,0,0,1.17,0.274,-0.045,-0.076,0,0
0,0,1,-1.064,-0.208,-0.34,-0.019,0,0
0,1,0,-0.45,0.059,0.767,-0.022,0,0
0,1,0,3.21,14.794,18.593,0.065,3,1
0,0,1,-0.01,-0.066,0.007,-0.005,0,0
0,0,1,11.416,0.644,3.483,0.111,2,1
0,0,1,7.346,-0.334,7.661,5.287,3,1
0,0,1,5.998,0.347,2.98,-0.029,2,1
1,0,0,1.865,-0.029,-0.298,-0.014,0,0
1,0,0,0.383,-0.146,-0.178,-0.018,0,0
1,0,0,0.117,-0.194,0.26,-0.1,0,0
0,1,0,1.059,0.056,-0.249,0.016,0,0
0,1,0,3.772,1.305,15.078,0.037,2,1
0,1,0,0.673,0.257,0.332,-0.091,0,0
0,1,0,3.509,1.487,15.385,0.013,2,1
0,0,1,4.214,1.082,13.62,-0.083,2,1
0,1,0,0.462,-0.014,-0.054,-0.116,0,0
0,1,0,1.867,1.046,16.006,0.032,1,1
1,0,0,-0.573,0.003,0.875,0.002,0,0
0,1,0,0.49,-0.309,0.186,-0.043,0,0
0,1,0,1.466,0.161,-0.496,-0.078,0,0
0,0,1,-0.637,0.424,-0.306,0.1,0,0
0,0,1,9.269,0.126,4.46,5.34,3,1
0,0,1,0.709,0.013,-0.008,0.176,0,0
1,0,0,-0.788,0.049,-0.114,-0.079,0,0
1,0,0,6.129,0.416,2.841,0.09,2,1
0,0,1,-0.4,-0.552,-0.4,0.109,0,0
0,0,1,0.276,39.738,13.737,-0.041,2,1
0,0,1,7.148,0.055,6.116,-0.299,2,1
1,0,0,0.327,0.396,0.727,-0.227,0,0
0,0,1,-0.643,0.016,-0.337,0.008,0,0
0,0,1,4.382,-0.294,4.33,4.838,3,1
0,0,1,1.627,0.258,0.48,0.02,0,0
1,0,0,3.911,1.423,15.941,0.037,2,1
0,1,0,0.373,0.312,-0.583,-0.042,0,0
0,0,1,4.82,1.517,15.783,0.088,2,1
0,1,0,6.192,-0.004,4.054,-0.09,2,1
1,0,0,-0.173,-0.297,-0.211,-0.064,0,0
0,0,1,4.056,0.188,6.879,4.675,3,1
1,0,0,1.85,15.82,14.969,-0.051,2,1
1,0,0,-1.316,0.591,-0.076,0.088,0,0
0,1,0,-0.408,0.178,-0.941,0.028,0,0
0,1,0,1.719,8.251,16.593,-0.137,2,1
0,0,1,-0.445,0.136,0.557,-0.046,0,0
0,0,1,0.125,-0.298,0.416,-0.023,0,0
1,0,0,2.187,13.54,7.801,-0.003,2,1
0,1,0,2.736,15.066,9.415,0.025,3,1
1,0,0,9.357,-0.498,4.099,0.058,2,1
0,1,0,9.762,-0.016,8.479,5.668,3,1
0,0,1,6.88,-0.192,4.2,6,3,1
0,0,1,-2.324,-0.512,-0.122,0.038,0,0
0,0,1,10.278,0.572,3.952,0.028,2,1
1,0,0,-1.216,0.05,0.139,0.102,0,0
0,0,1,-0.248,-0.102,-0.15,-0.14,0,0
0,0,1,-0.838,-0.134,0.362,-0.027,0,0
1,0,0,0.476,0.166,0.876,-0.099,0,0
1,0,0,-0.125,32.594,18.551,-0.03,2,1
0,1,0,-1.455,-0.053,0.187,0.058,0,0
0,1,0,3.722,1.223,13.388,-0.005,2,1
0,1,0,-0.442,0.103,-0.353,-0.056,0,0
0,1,0,0.139,0.233,0.043,0.096,0,0
0,0,1,-0.477,-0.204,0.302,-0.07,0,0
1,0,0,0.956,-0.109,1.173,3.04,1,0
0,1,0,4.822,-0.064,2.117,-0.005,2,1
0,1,0,-1.798,0.51,0.14,0.144,0,0
0,0,1,-0.47,0.014,0.727,0.076,0,0
0,0,1,2.248,-0.052,0.604,0.032,0,0
0,0,1,-0.778,0.516,-0.4,-0.079,0,0
1,0,0,-0.195,0.053,-0.05,-0.038,0,0
0,1,0,0.233,-0.276,-0.129,-0.102,0,0
0,1,0,1.578,13.431,9.607,0.075,2,1
0,1,0,1.272,-0.188,0.227,-0.015,0,0
1,0,0,6.194,0.174,3.305,0.055,2,1
0,0,1,1.229,0.119,0.143,0.002,0,0
1,0,0,0.685,-0.468,0.497,0.009,0,0
0,0,1,0.6,0.215,0.5,-0.055,0,0
0,0,1,4.173,0.736,18.523,0.049,2,1
0,0,1,0.368,0.255,0.245,0.138,0,0
1,0,0,0.916,0.274,0.314,-0.048,0,0
0,0,1,6.373,0.06,10.564,-0.354,2,1
1,0,0,-0.779,0.122,-0.422,-0.099,0,0
0,0,1,-1.08,-0.039,-0.264,0.061,0,0
0,1,0,-0.492,-0.047,0.8,0.17,0,0
1,0,0,-0.544,-0.314,0.22,0.102,0,0
0,0,1,3.198,1.213,11.813,-0.088,2,1
0,1,0,0.111,-0.505,-0.165,-0.027,0,0
0,1,0,0.412,-0.208,0.443,-0.065,0,0
1,0,0,2.052,29.511,14.462,-0.023,2,1
0,0,1,1.639,55.999,17.902,-0.072,2,1
0,0,1,5.302,-0.041,4.641,5.739,3,1
0,1,0,0.158,0.2,0.438,0.007,0,0
0,1,0,0.065,0.129,0.056,-0.141,0,0
1,0,0,2.114,1.169,16.833,0.208,1,1
0,1,0,6.192,-0.254,7.57,-0.265,2,1
1,0,0,-1.342,-0.005,0.186,0.026,0,0
0,0,1,-0.943,-0.364,0.302,0.113,0,0
1,0,0,6.589,-0.099,4.913,5.51,3,1
0,1,0,-1.362,-0.3,1.237,0.013,0,0
0,0,1,1.556,55.916,10.962,-0.007,2,1
1,0,0,0.125,0.204,0.672,-0.113,0,0
0,1,0,0.001,0.019,-0.086,-0.104,0,0
1,0,0,3.963,14.079,15.839,0.005,3,1
0,1,0,0.387,0.106,0.25,0.005,0,0
0,0,1,6.177,-0.101,6.382,0.027,2,1
1,0,0,0.658,0.23,-0.089,-0.031,0,0
0,0,1,1.165,1.608,14.118,-0.044,1,1
1,0,0,-0.83,0.686,-0.074,-0.006,0,0
1,0,0,-0.621,-0.061,0.089,-0.066,0,0
0,1,0,-0.201,-0.093,0.159,0.151,0,0
1,0,0,4.688,25.217,16.019,-0.028,3,1
1,0,0,0.325,-0.208,-0.425,0.002,0,0
1,0,0,-1.097,-0.125,0.189,0.05,0,0
1,0,0,1.338,-0.015,-0.524,-0.017,0,0
0,1,0,5.505,0.336,5.863,0.067,2,1
0,0,1,-0.375,0.106,0.384,-0.084,0,0
1,0,0,13.866,0.1,5.351,-0.024,2,1
0,1,0,-1.249,-0.195,0.634,-0.03,0,0
0,1,0,0.2,-0.396,-0.294,-0.011,0,0
0,0,1,2.591,67.609,8.941,-0.001,3,1
1,0,0,3.009,1.581,16.701,-0.019,2,1
0,0,1,2.338,0.084,0.365,-0.042,0,0
0,0,1,9.787,0.167,2.073,-0.08,2,1
0,0,1,0.408,0.328,0.004,2.198,1,0
1,0,0,-0.215,-0.508,-0.227,0.046,0,0
1,0,0,-0.273,0.033,-0.229,0.095,0,0
1,0,0,-0.175,0.27,-0.353,-0.028,0,0
0,0,1,0.619,-0.051,0.577,-0.089,0,0
0,1,0,8.443,0.17,2.979,-0.084,2,1
0,1,0,1.251,-0.118,-0.099,0.08,0,0
0,0,1,1.44,-0.063,2.164,2.787,2,0
1,0,0,1.667,-0.443,0.402,-0.018,0,0
0,1,0,6.488,-0.184,1.823,-0.113,1,1
0,0,1,-0.094,0.173,0.135,0.033,0,0
0,0,1,3.83,-0.171,10.07,-0.152,2,1
1,0,0,0.391,0.087,-0.464,-0.117,0,0
0,0,1,-1.132,-0.145,-0.283,-0.063,0,0
1,0,0,1.107,28.934,9.695,-0.027,2,1
1,0,0,-1.616,0.367,-0.702,-0.047,0,0
0,1,0,2.676,13.214,20.288,0.019,3,1
1,0,0,-0.109,0.149,-0.501,-0.106,0,0
0,1,0,-1.905,-0.104,0.068,0.031,0,0
1,0,0,13.238,0.214,4.802,0.04,2,1
1,0,0,-0.122,27.666,8.42,0.085,2,1
1,0,0,2.784,26.948,10.259,0.106,3,1
1,0,0,3.789,-0.2,2.549,0.03,2,1
0,0,1,-0.249,-0.467,0.611,-0.087,0,0
0,1,0,0.496,0.342,0.449,0.026,0,0
0,0,1,1.739,-0.024,-0.06,-0.117,0,0
1,0,0,-0.605,-0.183,0.31,-0.098,0,0
0,0,1,-1.931,0.272,-0.4,-0.087,0,0
0,1,0,4.039,1.443,14.74,-0.016,2,1
0,1,0,4.073,1.504,9.706,0.194,2,1
1,0,0,3.581,1.222,11.537,-0.012,2,1
0,1,0,-1.364,0.139,-0.293,0.073,0,0
0,0,1,6.607,-0.345,8.825,-0.345,2,1
0,0,1,1.235,0.248,-0.08,0.011,0,0
0,1,0,-0.253,0.064,0.509,0.011,0,0
1,0,0,-1.869,0.383,-0.048,0.021,0,0
1,0,0,5.634,0.31,8.055,3.002,3,1
0,1,0,-1.386,-0.252,-1.12,0.012,0,0
1,0,0,-1.161,-0.091,-0.563,-0.076,0,0
0,1,0,0.002,-0.018,0.525,0.045,0,0
0,0,1,-0.513,-0.329,0.239,-0.002,0,0
0,0,1,-0.536,0.232,1.286,0.01,0,0
0,0,1,4.789,51.453,19.594,-0.009,3,1
0,0,1,0.178,45.991,12.418,0.15,2,1
1,0,0,1.746,-0.192,0.051,-0.1,0,0
0,0,1,8.623,0.059,1.502,-0.09,1,1
1,0,0,-1.167,0.629,0.182,0.05,0,0
1,0,0,5.363,1.773,16.946,-0.072,2,1
1,0,0,3.948,1.261,11.762,-0.132,2,1
0,1,0,4.418,1.184,11.999,-0.006,2,1
0,1,0,-0.429,-0.096,0.753,0.091,0,0
1,0,0,-2.299,-0.357,-0.092,0.077,0,0
0,1,0,-0.496,-0.157,0.564,-0.006,0,0
0,1,0,-0.327,0.198,-0.195,-0.104,0,0
0,1,0,0.51,13.279,13.735,0.054,2,1
0,0,1,5.186,0.081,9.017,-0.39,2,1
0,0,1,-1.309,-0.235,-0.4,0.061,0,0
0,1,0,1.926,10.93,9.946,-0.16,2,1
1,0,0,-0.262,-0.245,0.077,-0.04,0,0
0,1,0,0.904,0.122,0.202,0.008,0,0
1,0,0,7.176,-0.166,5.091,3.881,3,1
0,1,0,0.583,-0.08,-0.033,0.009,0,0
0,0,1,1.641,1.071,17.868,-0.079,1,1
0,0,1,4.876,-0.137,5.203,5.605,3,1
0,1,0,12.482,0.12,4.608,0.045,2,1
1,0,0,1.086,0.324,0.228,0.014,0,0
1,0,0,0.081,-0.119,0.807,0.028,0,0
0,0,1,-0.526,0.046,0.116,0.052,0,0
0,0,1,2.306,53,13.599,-0.081,2,1
0,1,0,-2.285,0.5,-0.155,-0.09,0,0
0,0,1,-0.498,-0.467,-0.053,0.006,0,0
0,0,1,0.188,-0.583,0.097,0.096,0,0
0,0,1,-1.484,-0.104,-0.193,0.004,0,0
1,0,0,1.046,0.173,-0.388,0.057,0,0
1,0,0,0.41,-0.063,0.45,-0.051,0,0
0,1,0,-0.254,0.155,0.146,-0.036,0,0
0,0,1,-0.862,-0.154,0.115,0.232,0,0
0,0,1,7.388,0.049,5.72,0.095,2,1
1,0,0,-0.116,-0.215,-0.154,0.071,0,0
0,0,1,1.377,0.26,-0.4,-0.026,0,0
0,0,1,0.557,0.074,0.447,0.172,0,0
1,0,0,1.751,0.052,-0.463,-0.097,0,0
0,1,0,2.701,16.325,15.78,-0.119,3,1
1,0,0,-0.043,0.525,-0.65,-0.076,0,0
0,0,1,-0.119,0.175,-0.105,-0.014,0,0
1,0,0,-0.484,-0.064,-0.04,0.061,0,0
1,0,0,-1.316,0.157,0.075,-0.085,0,0
0,0,1,-0.746,0.088,-0.038,0.022,0,0
1,0,0,-0.456,0.159,0.471,0.019,0,0
0,1,0,-0.902,0.062,0.306,0.042,0,0
1,0,0,1.196,0.305,-0.8,-0.041,0,0
0,1,0,1.087,0.333,0.338,0.018,0,0
0,0,1,0.249,-0.066,-0.4,-0.053,0,0
0,1,0,8.434,-0.188,6.022,0.055,2,1
1,0,0,-0.623,0.292,0.054,-0.014,0,0
1,0,0,-0.343,0.198,-0.021,3.018,1,0
0,0,1,-0.59,0.438,-0.236,-0.058,0,0
1,0,0,6.058,0.023,5.931,4.009,3,1
0,0,1,1.109,0.06,0.222,-0.113,0,0
1,0,0,0.534,-0.415,0.176,0.071,0,0
0,0,1,-1.248,-0.224,-0.051,-0.151,0,0
0,0,1,-0.382,-0.04,0.363,-0.021,0,0
0,0,1,0.793,-0.063,0.751,3.063,1,0
0,0,1,-0.285,0.107,-0.256,-0.034,0,0
1,0,0,-1.05,-0.124,0.407,-0.176,0,0
0,1,0,5.106,1.126,12.053,-0.051,2,1
0,0,1,0.212,0.081,1.576,2.506,1,0
0,1,0,8.347,0.034,2.731,0.062,2,1
0,0,1,1.845,30.718,17.802,-0.068,2,1
0,1,0,0.078,-0.06,0.363,-0.063,0,0
0,0,1,3.583,1.607,15.391,-0.166,2,1
0,0,1,4.897,-0.008,6.755,5.54,3,1
1,0,0,0.93,0.344,0.214,-0.077,0,0
1,0,0,-1.488,-0.052,0.191,0.114,0,0
0,0,1,5.879,-0.037,4.963,-0.027,2,1
0,0,1,7.771,-0.057,6.864,4.56,3,1
1,0,0,1.876,22.691,9.286,-0.07,2,1
0,1,0,8.749,0.287,3.387,0.026,2,1
0,0,1,9.003,-0.544,9.754,-0.213,2,1
1,0,0,-0.813,-0.169,1.411,2.85,1,0
0,1,0,0.874,0.155,2.419,2.48,2,0
0,1,0,7.956,0.482,3.37,0.148,2,1
1,0,0,0.993,-0.154,0.246,0.029,0,0
1,0,0,6.377,-0.526,5.492,-0.105,2,1
0,0,1,0.743,-0.266,0.572,2.746,1,0
0,1,0,5.607,6.292,13.255,0.074,3,1
0,0,1,4.259,1.108,11.884,-0.095,2,1
0,1,0,1.201,-0.085,-0.608,0.022,0,0
0,1,0,-1.031,-0.216,0.062,0.014,0,0
0,0,1,4.841,1.3,13.673,0.094,2,1
1,0,0,0.673,-0.389,-0.747,0.013,0,0
0,0,1,0.534,0.328,-0.158,0.044,0,0
0,0,1,-1.266,0.061,-0.231,0.021,0,0
0,1,0,-0.873,-0.224,-0.388,0.062,0,0
1,0,0,-1.054,-0.667,0.056,0.056,0,0
0,1,0,3.394,1.467,16.737,0.028,2,1
0,0,1,0.047,-0.097,-0.4,0.006,0,0
0,1,0,7.721,-0.114,5.251,4.932,3,1
0,0,1,3.346,1.436,15.788,0.011,2,1
0,0,1,-1.683,-0.498,-0.4,-0.004,0,0
0,0,1,1.61,47.569,15.534,0.025,2,1
0,0,1,4.73,1.45,16.966,0.043,2,1
0,1,0,1.253,0.207,-0.365,0.034,0,0
0,0,1,-2.029,-0.102,-0.039,0.004,0,0
0,0,1,1.113,-0.114,0.378,-0.053,0,0
0,0,1,1.735,0.99,10.732,0.032,1,1
0,1,0,0.442,0.03,0.238,-0.061,0,0
0,1,0,0.261,-0.516,0.215,0.028,0,0
0,1,0,-1.124,0.324,-1.009,0,0,0
0,0,1,1.013,0.052,-0.4,-0.035,0,0
0,0,1,0.683,0.182,-0.123,-0.026,0,0
0,1,0,6.548,-0.049,4.417,-0.017,2,1
0,1,0,8.748,0.189,2.655,-0.069,2,1
1,0,0,6.083,0.072,5.488,4.718,3,1
0,1,0,0.816,0.094,-0.191,-0.234,0,0
0,0,1,1.52,-0.035,-0.188,0.056,0,0
0,1,0,3.016,0.028,1.826,2.912,2,0
0,1,0,0.78,0.181,-0.018,-0.07,0,0
0,0,1,0.488,-0.554,-0.306,-0.096,0,0
1,0,0,1.918,28.26,17.393,0.067,2,1
1,0,0,1.955,-0.455,0.105,-0.082,0,0
0,1,0,1.255,-0.271,0.671,0.072,0,0
0,0,1,-0.546,-0.382,-0.114,0.097,0,0
1,0,0,1.527,0.059,-0.077,-0.064,0,0
0,0,1,0.421,-0.339,0.74,0.021,0,0
0,0,1,3.08,1.19,18.599,0.072,2,1
0,0,1,3.126,1.575,11.338,0.015,2,1
0,0,1,-0.644,0.064,0.313,0.152,0,0
0,0,1,3.258,47.493,18.665,-0.063,3,1
0,0,1,-0.116,-0.252,-0.295,0.087,0,0
1,0,0,-0.188,0.096,-0.545,0.059,0,0
0,0,1,0.352,-0.034,0.229,0.074,0,0
1,0,0,1.366,-0.111,0.427,0.021,0,0
0,1,0,-0.817,-0.395,0.854,0.195,0,0
0,0,1,-0.389,-0.503,0.567,0.001,0,0
1,0,0,6.63,-0.267,4.888,3.729,3,1
0,1,0,-0.368,0.423,0.772,0.071,0,0
0,1,0,3.277,8.913,18.09,0.003,3,1
0,0,1,7.065,-0.056,10.401,-0.259,2,1
0,1,0,-0.549,0.331,-0.121,0.118,0,0
0,1,0,-0.657,-0.076,-0.198,0.068,0,0
0,0,1,1.678,-0.068,0.635,2.9,1,0
0,1,0,-0.86,-0.006,1.251,0.134,0,0
1,0,0,1.994,1.8,15.328,0.08,1,1
1,0,0,1.485,0.078,-0.519,-0.116,0,0
0,1,0,-1.199,-0.284,0.153,-0.071,0,0
0,0,1,1.511,0.193,0.455,2.243,1,0
0,0,1,-0.513,-0.252,-0.266,-0.066,0,0
0,1,0,-0.227,0.139,0.474,0.092,0,0
1,0,0,6.95,0.248,4.14,5.995,3,1
0,0,1,-2.015,-0.015,0.652,0.133,0,0
0,1,0,0.619,0.485,0.224,-0.07,0,0
0,0,1,0.076,0.176,0.399,-0.038,0,0
0,1,0,3.054,1.113,13.506,-0.043,2,1
0,1,0,1.038,-0.388,-0.155,-0.013,0,0
1,0,0,-0.507,-0.032,-0.044,0.041,0,0
0,1,0,3.723,1.215,10.002,-0.037,2,1
1,0,0,1.393,-0.421,-0.624,-0.054,0,0
1,0,0,5.114,1.202,12.04,-0.015,2,1
0,1,0,8.184,-0.034,5.509,2.566,3,1
0,0,1,0.072,-0.28,0.12,0.18,0,0
0,1,0,7.483,0.243,7.317,3.048,3,1
0,1,0,2.362,1.335,17.305,-0.016,1,1
0,0,1,0.951,27.919,9.568,0.027,2,1
0,1,0,0.825,0.318,-0.291,-0.092,0,0
0,0,1,-1.247,0.378,0.135,-0.06,0,0
0,1,0,3.755,1.096,10.472,0.141,2,1
0,0,1,2.963,1.082,16.678,-0.105,2,1
1,0,0,0.299,-0.033,0.582,-0.017,0,0
1,0,0,1.509,25.579,13.908,-0.072,2,1
1,0,0,4.812,-0.533,8.696,5.756,3,1
0,1,0,-0.24,0.049,0.03,0.045,0,0
0,0,1,-0.477,0.459,0.6,0.044,0,0
0,1,0,0.633,0.367,0.078,-0.083,0,0
1,0,0,0.22,0.017,0.094,0.101,0,0
0,0,1,-0.024,0.022,-0.317,-0.056,0,0
0,1,0,-0.132,0.378,0.249,-0.077,0,0
0,0,1,2.109,-0.079,-0.068,0.044,0,0
0,1,0,2.51,0.219,-0.307,0.081,1,0
0,1,0,0.925,0.1,-0.416,-0.044,0,0
1,0,0,0.561,0.427,-0.351,0.009,0,0
0,1,0,-0.284,0.514,0.114,-0.106,0,0
0,0,1,1.433,-0.206,0.001,3.085,1,0
0,0,1,-0.116,0.059,0.456,-0.008,0,0
0,0,1,0.252,0.013,-0.156,-0.048,0,0
0,0,1,-0.368,-0.141,0.093,0.03,0,0
1,0,0,2.935,-0.429,-0.12,0.004,1,0
0,0,1,1.559,0.24,-0.375,-0.063,0,0
0,1,0,4.979,1.321,13.693,0.084,2,1
1,0,0,1.285,0.219,-0.152,-0.099,0,0
1,0,0,1.86,19.462,12.214,-0.165,2,1
0,0,1,4.62,1.083,14.409,-0.021,2,1
1,0,0,2.16,0.157,-0.109,0.025,0,0
0,0,1,3.665,1.102,17.932,0.008,2,1
0,1,0,2.014,5.581,17.652,-0.058,2,1
1,0,0,0.881,-0.232,0.78,-0.013,0,0
0,0,1,-0.526,0.457,1.375,3.376,1,0
0,1,0,-0.101,0.064,0.049,0.079,0,0
1,0,0,-0.644,-0.006,0.111,-0.065,0,0
1,0,0,8.157,0.125,6.041,3.598,3,1
1,0,0,0.035,-0.273,-0.8,-0.057,0,0
1,0,0,0.931,1.503,13.006,-0.043,1,1
1,0,0,11.884,-0.242,3.287,0.054,2,1
0,1,0,3.299,1.49,13.733,-0.027,2,1
1,0,0,3.936,1.135,12.302,0.066,2,1
1,0,0,1.171,-0.333,-0.546,-0.011,0,0
0,0,1,3.443,50.634,11.115,0.076,3,1
0,1,0,-0.507,0.163,0.836,0.046,0,0
0,1,0,0.28,15.364,13.188,-0.101,2,1
1,0,0,-0.388,-0.135,-0.658,0.027,0,0
1,0,0,-1.495,0.229,0.107,-0.16,0,0
0,0,1,-1.112,0.074,-0.147,0.019,0,0
1,0,0,1.803,-0.225,0.275,-0.198,0,0
0,1,0,1.001,0.117,-0.223,0.177,0,0
1,0,0,2.892,1.785,14.945,-0.09,2,1
0,1,0,1.172,16,11.992,-0.026,2,1
0,0,1,0.651,-0.002,-0.151,-0.01,0,0
0,1,0,0.675,-0.284,-0.309,0.15,0,0
1,0,0,5.361,-0.041,8.597,3.445,3,1
0,1,0,2.667,14.221,14.6,-0.034,3,1
0,0,1,-0.547,-0.086,0.438,0.072,0,0
1,0,0,5.48,-0.436,4.83,-0.064,2,1
1,0,0,3.549,1.422,16.615,-0.089,2,1
1,0,0,0.928,-0.005,1.341,0.102,0,0
1,0,0,0.416,-0.099,-0.055,-0.136,0,0
0,0,1,0.141,0.265,0.259,-0.001,0,0
1,0,0,5.279,0.045,2.742,-0.043,2,1
1,0,0,1.589,0.157,-0.125,0.055,0,0
0,1,0,6.814,0.411,2.559,0.051,2,1
0,0,1,6.745,0.105,10.664,-0.178,2,1
0,0,1,0.368,-0.343,0.133,-0.015,0,0
0,0,1,0.655,-0.354,-0.4,0.046,0,0
0,0,1,-2.46,0.352,0.371,0.043,0,0
0,0,1,7.744,0.305,6.147,5.371,3,1
0,0,1,6.266,0.026,8.125,-0.165,2,1
0,0,1,-0.734,0.052,-0.17,-0.031,0,0
0,1,0,3.952,1.348,14.433,-0.003,2,1
0,0,1,-1.142,0.11,-0.4,0.081,0,0
0,0,1,0.164,0.043,0.274,0.031,0,0
0,0,1,3.888,1.277,15.914,0.053,2,1
1,0,0,1.196,-0.357,0.132,-0.124,0,0
0,0,1,12.559,0.332,4.538,0.064,2,1
0,1,0,-0.819,-0.173,0.52,0.088,0,0
0,0,1,6.164,0.332,6.933,-0.325,2,1
0,0,1,0.162,0.39,-0.247,0.043,0,0
1,0,0,7.559,-0.026,2.836,-0.005,2,1
0,1,0,9.703,0.042,4.824,-0.059,2,1
1,0,0,-0.223,-0.095,0.005,-0.14,0,0
0,1,0,-0.869,-0.016,0.114,-0.01,0,0
1,0,0,-0.462,-0.064,-0.073,0.063,0,0
1,0,0,0.115,-0.333,-0.074,-0.133,0,0
0,0,1,-1.245,0.157,0.363,-0.008,0,0
0,0,1,-1.789,0.144,0.316,-0.086,0,0
1,0,0,-0.3,-0.237,-0.631,0.035,0,0
0,1,0,5.514,0.12,3.715,2.7,3,1
0,1,0,-0.21,-0.206,0.223,0.098,0,0
0,0,1,1.729,-0.369,1.185,0.034,0,0
0,1,0,4.429,1.118,15.303,-0.152,2,1
0,1,0,0.234,0.115,0.588,-0.017,0,0
0,1,0,2.422,-0.103,0.554,-0.064,0,0
0,0,1,8.145,-0.223,5.723,0.034,2,1
1,0,0,-1.723,0.242,0.154,0.02,0,0
1,0,0,1.957,11.993,11.287,-0.096,2,1
0,1,0,1.047,-0.157,-0.528,0.013,0,0
0,0,1,0.02,-0.059,-0.4,-0.037,0,0
0,0,1,2.219,1.401,10.839,-0.015,1,1
0,0,1,-0.721,-0.143,-0.4,-0.143,0,0
1,0,0,5.714,1.461,17.116,-0.07,2,1
0,1,0,4.622,1.054,14.067,-0.069,2,1
1,0,0,-0.42,0.075,0.323,-0.037,0,0
0,0,1,0.94,0.047,-0.126,-0.064,0,0
0,1,0,2.002,0.423,0.061,-0.168,0,0
1,0,0,3.823,18.56,14.518,-0.117,3,1
0,0,1,0.974,-0.076,0.628,-0.031,0,0
0,0,1,0.4,0.048,-0.348,0.071,0,0
0,1,0,4.824,0.574,6.251,-0.344,2,1
0,0,1,-0.192,-0.03,-0.122,0.005,0,0
0,1,0,-0.904,-0.098,0.607,0.015,0,0
0,1,0,1.683,16.492,12.908,0.081,2,1
1,0,0,-2.189,0.043,0.014,0.043,0,0
0,1,0,0.961,0.083,0.092,-0.087,0,0
0,0,1,0.5,0.164,0.172,0.033,0,0
0,0,1,4.592,1.577,12.726,-0.087,2,1
1,0,0,2.894,22.214,8.403,0.113,3,1
0,0,1,0.77,-0.6,-0.265,-0.067,0,0
0,0,1,0.813,48.516,19.11,-0.112,2,1
0,0,1,0.275,-0.249,-0.21,0.169,0,0
0,0,1,3.364,1.347,12.881,-0.265,2,1
1,0,0,-1.601,-0.032,-0.109,-0.003,0,0
0,1,0,-0.265,-0.029,-0.414,0.035,0,0
1,0,0,-0.928,0.086,0.88,-0.101,0,0
1,0,0,2.943,32.686,20.011,-0.112,3,1
0,0,1,-0.477,0.084,-0.343,0.066,0,0
0,0,1,0.032,0.108,-0.034,-0.086,0,0
0,0,1,8.249,0.199,3.331,0.071,2,1
0,0,1,0.714,-0.093,0.381,-0.025,0,0
1,0,0,5.991,-0.021,4.172,-0.068,2,1
0,0,1,-1.337,-0.215,0.146,0.029,0,0
1,0,0,0.655,0.503,-0.298,-0.153,0,0
0,1,0,-0.9,-0.21,0.129,-0.051,0,0
0,0,1,1.594,-0.053,-0.4,0.118,0,0
0,1,0,-0.465,0.457,-0.752,0.013,0,0
0,1,0,9.265,-0.272,5.33,4.438,3,1
1,0,0,-0.858,0.147,-0.405,-0.004,0,0
0,1,0,-0.148,0.204,-0.024,-0.013,0,0
1,0,0,5.46,0.138,7.31,-0.136,2,1
0,1,0,7.669,-0.35,4.943,0.191,2,1
0,0,1,4.54,-0.132,6.831,4.038,3,1
1,0,0,0.365,29.221,9.696,0.072,2,1
1,0,0,2.352,1.355,13.963,0.042,1,1
1,0,0,12.222,0.351,1.169,-0.091,1,1
1,0,0,-0.191,-0.209,0.202,-0.025,0,0
0,1,0,-0.518,0.124,-0.42,-0.108,0,0
1,0,0,-1.06,-0.076,-0.224,-0.066,0,0
1,0,0,5.281,1.274,10.817,-0.044,2,1
0,1,0,-0.639,0.225,0.2,0.013,0,0
1,0,0,0.761,-0.028,-0.322,-0.141,0,0
1,0,0,-3.592,0.286,0.642,0.03,0,0
0,0,1,0.583,-0.136,-0.4,-0.015,0,0
1,0,0,0.188,-0.667,-0.077,-0.148,0,0
0,0,1,1.199,-0.029,0.714,-0.047,0,0
0,1,0,-1.174,-0.067,-0.679,0.048,0,0
0,0,1,2.926,1.154,12.493,0.012,2,1
0,1,0,3.804,8.65,12.754,-0.047,3,1
1,0,0,-0.526,0.078,0.34,-0.058,0,0
0,0,1,8.822,0.007,4.717,0.075,2,1
1,0,0,1.313,0.088,0.491,1.899,1,0
0,0,1,-1.028,0.075,-0.4,-0.033,0,0
0,0,1,5.751,-0.118,6.081,4.409,3,1
0,0,1,4.245,0.315,4.883,3.674,3,1
1,0,0,7.618,-0.061,6.961,5.826,3,1
0,0,1,-0.107,-0.174,-0.4,0.008,0,0
0,0,1,-0.912,0.033,-0.4,0.053,0,0
0,1,0,-1.154,-0.141,-0.17,-0.04,0,0
0,0,1,-0.489,0.183,-0.4,-0.026,0,0
0,1,0,1.266,14.115,14.571,-0.001,2,1
1,0,0,3.055,33.175,13.06,0.126,3,1
0,1,0,0.665,0.118,0.005,0.032,0,0
1,0,0,1.824,0.255,0.168,0.12,0,0
0,1,0,0.459,-0.099,-0.516,0.006,0,0
0,1,0,-2.295,-0.18,0.622,-0.085,0,0
0,0,1,8.848,-0.315,3.315,-0.164,2,1
0,0,1,4.317,33.234,17.102,0.06,3,1
0,0,1,7.407,0.041,4.065,4.145,3,1
0,1,0,3.831,1.453,14.254,-0.072,2,1
0,0,1,-0.994,-0.197,-0.4,0.012,0,0
0,0,1,4.932,0.62,6.63,-0.228,2,1
0,0,1,11.561,-0.228,4.085,-0.093,2,1
0,1,0,-0.293,-0.004,-0.365,-0.103,0,0
0,1,0,4.126,0.956,11.572,-0.11,2,1
0,0,1,-0.146,-0.037,-0.4,-0.019,0,0
0,1,0,2.158,-0.087,-0.147,0.035,0,0
0,0,1,1.329,0.166,0.512,0.009,0,0
0,1,0,9.088,0.033,8.349,3.975,3,1
0,1,0,-1.171,0.19,-0.605,-0.011,0,0
0,0,1,-1.091,-0.141,-0.058,0.049,0,0
1,0,0,0.67,0.143,-0.219,-0.028,0,0
0,0,1,3.373,58.081,9.274,-0.012,3,1
0,0,1,6.913,-0.061,2.615,0.078,2,1
0,1,0,0.637,-0.168,-0.154,-0.058,0,0
0,0,1,0.868,0.321,0.971,3.358,1,0
0,0,1,-1.903,0.834,0.043,0.013,0,0
0,1,0,7.271,0.027,6.468,0.099,2,1
0,1,0,0.727,-0.258,-0.434,-0.068,0,0
0,1,0,3.736,0.121,4.423,5.317,3,1
1,0,0,1.658,0.085,0.508,-0.062,0,0
0,0,1,-1.001,-0.034,0.031,-0.032,0,0
0,0,1,-0.008,-0.093,-0.08,0.076,0,0
1,0,0,-1.027,0.229,-0.147,-0.079,0,0
0,1,0,1.585,0.002,-0.083,-0.1,0,0
0,1,0,-0.447,0.033,-0.709,0.051,0,0
0,1,0,6.308,0.077,6.757,-0.345,2,1
0,1,0,-0.62,-0.008,-0.553,0.069,0,0
1,0,0,3.302,0.968,19.003,-0.127,2,1
0,1,0,-0.976,0.191,0.952,0.071,0,0
0,1,0,0.07,-0.287,0.288,-0.055,0,0
0,0,1,-1.212,0.043,0.672,0.103,0,0
0,1,0,2.054,1.408,13.446,-0.015,1,1
0,0,1,1.781,49.447,17.315,0,2,1
0,1,0,0.546,0.303,0.023,0.043,0,0
0,1,0,3.249,8.901,15.759,-0.096,3,1
1,0,0,0.277,-0.077,0.377,0.048,0,0
1,0,0,-0.173,-0.208,0.22,-0.066,0,0
0,0,1,-0.422,-0.372,0.093,0.151,0,0
0,1,0,-0.212,-0.03,-0.489,0.157,0,0
1,0,0,1.66,0.105,-0.152,-0.208,0,0
0,0,1,0.189,-0.27,0.45,0.058,0,0
0,0,1,-0.776,-0.18,-0.4,-0.008,0,0
0,1,0,0.602,-0.064,-0.517,0.124,0,0
1,0,0,0.252,-0.162,-0.231,-0.063,0,0
0,0,1,9.929,0.231,5.824,0.05,2,1
0,1,0,7.622,-0.427,5.536,3.862,3,1
0,1,0,7.222,0.161,5.378,-0.092,2,1
0,0,1,0.316,0.171,0.432,-0.065,0,0
0,0,1,2.642,26.688,8.842,0.049,3,1
1,0,0,-0.854,0.228,1.598,0.19,0,0
0,1,0,-0.5,0.338,0.281,-0.176,0,0
1,0,0,2.113,24.546,9.111,-0.009,2,1
0,1,0,0.139,-0.257,0.11,0.055,0,0
0,0,1,0.054,0.174,0.692,2.538,1,0
0,1,0,0.008,0.301,-0.554,-0.14,0,0
1,0,0,-1.255,0.002,-0.073,0.004,0,0
0,0,1,13.024,0.273,1.96,-0.072,1,1
1,0,0,-0.476,-0.22,-0.001,0.026,0,0
1,0,0,5.192,19.01,17.985,-0.124,3,1
0,0,1,3.253,29.34,11.965,-0.027,3,1
1,0,0,1.163,-0.424,0.317,-0.047,0,0
0,1,0,7.899,-0.092,6.089,-0.27,2,1
0,1,0,-1.203,0.379,-0.604,0.066,0,0
1,0,0,2.897,22.721,18.806,-0.013,3,1
0,0,1,0.957,-0.547,1.254,2.936,1,0
1,0,0,-0.245,0.477,0.294,-0.017,0,0
0,1,0,-0.078,-0.409,-0.524,-0.044,0,0
1,0,0,0.262,0.213,-0.8,0.141,0,0
1,0,0,12.662,-0.341,4.717,0.02,2,1
0,1,0,0.586,0.176,-0.207,-0.009,0,0
0,0,1,1.475,-0.584,0.662,0.16,0,0
1,0,0,1.125,0.035,0.024,0.084,0,0
0,0,1,-1.27,-0.334,-0.4,0.002,0,0
0,1,0,-0.348,0.52,0.591,-0.002,0,0
1,0,0,0.042,0.04,-0.136,-0.03,0,0
0,1,0,0.1,-0.082,0.739,2.457,1,0
0,1,0,9.298,-0.034,5.673,5.921,3,1
1,0,0,7.268,0.119,2.593,0.148,2,1
1,0,0,9.185,0.311,4.541,2.533,3,1
0,0,1,-0.132,0.616,0.156,-0.049,0,0
0,1,0,4.553,0.922,11.65,-0.015,2,1
0,1,0,6.855,0.1,4.573,5.362,3,1
1,0,0,0.96,-0.257,-0.455,-0.042,0,0
1,0,0,0.183,-0.031,2.162,3.289,2,0
0,1,0,1.646,12.791,11.513,0.137,2,1
1,0,0,-0.44,-0.049,-0.485,0.024,0,0
0,1,0,6.842,0.122,10.706,-0.305,2,1
0,1,0,0.835,0.125,0.05,0.087,0,0
1,0,0,-0.053,-0.261,0.168,0.051,0,0
0,0,1,-0.337,0.205,-0.4,0.072,0,0
0,0,1,0.568,-0.21,-0.317,-0.141,0,0
1,0,0,0.595,-0.077,0.972,2.216,1,0
0,1,0,8.387,-0.004,5.674,2.826,3,1
0,0,1,5.331,-0.268,6.183,-0.017,2,1
1,0,0,9.246,-0.088,4.749,0.034,2,1
1,0,0,0.811,-0.041,-0.11,0.192,0,0
1,0,0,1.201,-0.104,0.4,-0.158,0,0
0,0,1,-0.261,-0.375,-0.089,-0.093,0,0
0,0,1,-1.175,0.01,0.864,0.103,0,0
0,0,1,12.057,-0.075,2.341,0.085,2,1
0,1,0,1.187,0.264,0.203,0.017,0,0
1,0,0,-2.026,0.19,0.392,-0.027,0,0
0,0,1,-0.533,0.271,0.435,-0.009,0,0
1,0,0,2.175,30.114,17.889,-0.067,2,1
0,1,0,3.115,1.364,18.577,-0.021,2,1
1,0,0,4.403,26.414,10.889,-0.073,3,1
0,0,1,1.731,-0.14,-0.099,0.091,0,0
0,0,1,0.357,42.032,8.497,0.058,2,1
1,0,0,-0.242,0.27,-0.8,-0.066,0,0
0,1,0,2.442,0.212,1.511,3.027,1,0
0,1,0,0.484,0.09,-0.409,0.07,0,0
0,1,0,-1.656,0.118,-0.41,0.136,0,0
1,0,0,-0.461,-0.364,-0.8,0.074,0,0
1,0,0,0.771,-0.036,-0.09,-0.097,0,0
0,1,0,1.034,-0.098,1.048,0.077,0,0
0,0,1,7.723,-0.261,10.533,-0.172,2,1
0,1,0,0.087,-0.142,-0.111,-0.057,0,0
0,1,0,4.606,0.445,6.743,5.306,3,1
0,1,0,6.63,1.473,16.49,0.055,2,1
0,1,0,1.592,0.056,-0.746,0.064,0,0
0,1,0,-0.278,-0.305,-0.163,-0.11,0,0
0,0,1,0.426,0.038,0.08,-0.044,0,0
0,1,0,-1.063,0.103,-0.408,-0.088,0,0
1,0,0,1.152,0.115,0.032,-0.045,0,0
1,0,0,1.541,0.292,0.275,-0.063,0,0
0,1,0,4.067,-0.089,4.704,-0.147,2,1
1,0,0,10.24,-0.046,5.549,0.052,2,1
0,1,0,-0.108,-0.161,0.031,0.217,0,0
0,1,0,-1.024,0.134,-0.443,0.058,0,0
0,0,1,11.53,0.192,5.014,0.173,2,1
0,0,1,0.837,-0.41,0.259,0.041,0,0
1,0,0,0.339,0.118,-0.477,-0.124,0,0
0,1,0,-0.43,-0.024,0.334,3.253,1,0
0,1,0,4.416,-0.064,6.167,5.945,3,1
0,1,0,1.131,6.752,15.768,-0.017,2,1
0,0,1,0.931,0.044,-0.198,0.098,0,0
0,1,0,-1.399,0.058,0.436,0.09,0,0
0,0,1,-1.287,-0.384,-0.192,0.06,0,0
0,0,1,2.553,-0.168,0.548,0.026,1,0
0,1,0,-0.614,-0.33,-0.492,0.082,0,0
1,0,0,3.745,1.457,11.755,0.012,2,1
1,0,0,4.02,0.847,12.144,0.051,2,1
0,1,0,3.603,1.627,10.429,0.031,2,1
1,0,0,8.375,0.069,4.567,4.343,3,1
1,0,0,-0.969,0.12,-0.8,-0.056,0,0
0,0,1,2.506,1.579,16.496,-0.042,2,1
1,0,0,0.479,-0.021,0.727,0.076,0,0
1,0,0,1.929,-0.411,-0.4,0.047,0,0
0,0,1,-0.46,0.08,0.344,-0.055,0,0
0,0,1,-0.971,-0.107,-0.095,0.085,0,0
1,0,0,8.518,-0.124,3.296,0.022,2,1
0,1,0,-1.486,-0.445,-0.117,0.008,0,0
0,1,0,0.442,-0.039,0.515,-0.1,0,0
0,1,0,6.574,-0.107,7.071,-0.155,2,1
0,1,0,6.801,-0.19,0.973,0.04,1,1
0,0,1,1.375,21.336,15.52,-0.109,2,1
1,0,0,10.753,-0.127,2.864,0.11,2,1
0,1,0,6.342,-0.16,6.436,0.037,2,1
1,0,0,-0.008,0.428,0.189,0.029,0,0
0,1,0,3.434,1.697,17.885,0.058,2,1
0,0,1,-0.263,0.278,1.04,-0.01,0,0
0,1,0,0.83,0.076,0.29,0.131,0,0
1,0,0,4.505,1.26,18.236,-0.02,2,1
0,1,0,0.183,0.165,-0.013,-0.107,0,0
1,0,0,-0.226,-0.362,-0.023,-0.044,0,0
1,0,0,-0.342,0.305,-0.187,0.018,0,0
0,0,1,0.946,0.271,0.385,0.064,0,0
1,0,0,-0.492,-0.016,1.139,-0.014,0,0
0,1,0,5.359,-0.077,9.103,-0.244,2,1
0,1,0,1.043,0.159,-0.991,-0.05,0,0
0,0,1,1.403,0.352,0.851,3.001,1,0
1,0,0,1.178,0.04,-0.8,0.042,0,0
1,0,0,2.392,1.329,10.213,-0.04,1,1
0,1,0,1.632,-0.038,0.387,2.85,1,0
0,0,1,-0.151,0.105,-0.285,0.073,0,0
0,1,0,0.474,-0.083,-0.181,-0.046,0,0
0,0,1,4.228,1.334,18.022,0.009,2,1
0,0,1,-0.791,-0.069,-0.4,0.045,0,0
0,1,0,1.601,0.231,-0.304,0.035,0,0
1,0,0,6.707,0.495,1.997,-0.024,1,1
1,0,0,4.173,1.452,14.483,-0.018,2,1
1,0,0,6.856,0.013,5.481,4.764,3,1
0,1,0,6.634,-0.209,6.618,-0.357,2,1
0,0,1,-0.939,0.214,0.455,0.036,0,0
0,1,0,0.215,0.287,0.545,-0.028,0,0
0,1,0,5.755,-0.015,11.401,-0.146,2,1
0,1,0,4.11,-0.337,5.411,5.758,3,1
0,0,1,12.813,-0.029,3.036,0.013,2,1
0,0,1,-1.354,0.088,0.395,0.056,0,0
1,0,0,-0.769,-0.463,0.588,-0.043,0,0
0,1,0,0.692,-0.417,-0.54,-0.087,0,0
1,0,0,2.265,22.996,13.516,-0.021,2,1
0,1,0,-0.237,-0.068,-0.139,0.009,0,0
1,0,0,0.516,-0.39,0.644,-0.028,0,0
0,1,0,-0.621,-0.443,-0.09,-0.028,0,0
1,0,0,2.306,28.04,11.138,-0.041,2,1
0,0,1,-0.629,-0.15,0.006,0.102,0,0
1,0,0,5.255,0.326,7.445,2.676,3,1
0,0,1,7.294,0.464,6.493,-0.27,2,1
1,0,0,1.442,0.038,-0.583,0.07,0,0
0,1,0,-0.457,0.018,0.402,-0.008,0,0
0,1,0,5.729,0.216,3.249,-0.002,2,1
0,0,1,0.87,-0.449,-0.201,0.01,0,0
1,0,0,-0.503,0.468,0.688,-0.081,0,0
0,0,1,0.889,0.543,0.919,-0.018,0,0
0,0,1,-1.491,-0.255,0.555,-0.062,0,0
0,1,0,1.145,0.421,-0.329,-0.011,0,0
1,0,0,-0.732,0.644,-0.251,0.047,0,0
1,0,0,-0.743,-0.084,-0.016,0.073,0,0
0,1,0,-1.413,0.003,0.852,-0.04,0,0
0,0,1,0.297,-0.491,0.715,0.066,0,0
1,0,0,6.295,0.099,4.38,3.223,3,1
0,1,0,2.963,14.97,15.669,0.034,3,1
0,1,0,5.158,-0.087,11.111,-0.142,2,1
0,1,0,3.757,1.193,10.757,0,2,1
0,0,1,-1.502,0.422,0.014,0.14,0,0
0,1,0,6.685,-0.038,4.342,5.854,3,1
0,0,1,-2.024,0.31,0.793,0,0,0
0,1,0,-0.109,0.243,0.612,-0.107,0,0
0,1,0,0.063,-0.077,-0.366,-0.125,0,0
0,1,0,0.641,-0.06,-0.324,-0.001,0,0
0,1,0,-0.714,-0.042,0.143,0.009,0,0
0,0,1,0.23,0.62,0.017,0.046,0,0
0,0,1,-0.14,-0.197,0.243,-0.107,0,0
0,0,1,3.979,22.04,8.219,0.011,3,1
0,0,1,6.8,-0.212,4.448,3.181,3,1
0,1,0,-1.157,0.029,0.34,-0.23,0,0
0,1,0,0.045,-0.048,0.5,-0.062,0,0
1,0,0,0.94,0.22,-0.231,0.074,0,0
0,0,1,-1.851,0.012,0.368,-0.045,0,0
1,0,0,6.005,0.498,7.637,5.261,3,1
1,0,0,3.792,10.223,10.825,0.132,3,1
0,1,0,-0.247,0.071,-0.242,0.213,0,0
1,0,0,0.335,0.242,0.225,-0.022,0,0
0,1,0,8.122,0.086,6.39,5.731,3,1
1,0,0,0.7,-0.351,-0.441,-0.005,0,0
0,0,1,-0.691,-0.273,-0.365,-0.041,0,0
0,1,0,-0.318,0.167,-0.179,0.131,0,0
1,0,0,1.39,14.043,19.508,-0.083,2,1
0,0,1,-1.211,-0.281,0.599,0.016,0,0
0,0,1,-0.987,-0.215,-0.355,0.125,0,0
0,1,0,-0.174,-0.061,0.102,-0.059,0,0
1,0,0,-1.613,0.115,0.003,-0.057,0,0
0,0,1,4.241,1.459,17.619,-0.167,2,1
0,1,0,0.439,-0.48,-0.111,0.114,0,0
1,0,0,5.634,0.012,5.968,2.823,3,1
0,0,1,0.652,0.103,0.807,-0.109,0,0
1,0,0,7.258,0.259,4.522,4.143,3,1
0,1,0,4.287,0.487,4.723,5.726,3,1
0,0,1,2.763,31.669,15.167,-0.098,3,1
1,0,0,6.347,-0.035,5.76,5.488,3,1
0,1,0,-0.581,0.115,-0.279,-0.091,0,0
0,1,0,5.232,0.088,11.249,-0.323,2,1
0,1,0,5.229,-0.206,6.711,-0.372,2,1
0,0,1,0.802,-0.016,-0.224,-0.019,0,0
0,0,1,2.048,1.117,18.692,-0.001,1,1
0,0,1,7.89,0.697,5.084,3.387,3,1
0,1,0,-0.024,-0.04,-0.192,0.031,0,0
0,0,1,6.001,0.114,7.855,-0.3,2,1
0,1,0,10.302,0.353,3.19,0.048,2,1
0,0,1,0.567,0.093,0.835,1.958,1,0
0,1,0,-1.277,0.097,-0.148,-0.035,0,0
0,1,0,-1.325,0.082,-0.007,-0.073,0,0
0,0,1,0.774,0.347,0.171,-0.031,0,0
0,0,1,0.478,-0.087,0.032,0.177,0,0
0,0,1,4.573,0.149,3.93,4.196,3,1
1,0,0,1.816,1.236,10.893,-0.1,1,1
1,0,0,10.496,-0.483,4.898,-0.016,2,1
0,0,1,-1.051,0.247,0.143,0.01,0,0
0,1,0,-1.135,0.118,0.582,-0.053,0,0
0,0,1,6.363,0.03,1.84,-0.014,1,1
0,0,1,-1.193,-0.035,-0.4,-0.043,0,0
0,1,0,-1.249,0.275,-0.111,0.17,0,0
1,0,0,6.126,-0.069,3.344,3.922,3,1
1,0,0,0.647,0.041,0.759,0.042,0,0
1,0,0,5.764,1.611,16.932,-0.027,2,1
0,0,1,0.915,60.737,10.935,-0.158,2,1
0,0,1,-0.518,-0.441,0.271,-0.009,0,0
0,0,1,-2.361,0.465,0.068,-0.057,0,0
0,0,1,3.539,1.59,14.962,0.074,2,1
0,0,1,0.912,61.792,18.023,0.008,2,1
0,1,0,9.411,-0.283,6.294,3.648,3,1
0,0,1,-0.547,0.074,0.063,0.151,0,0
0,1,0,0.191,-0.233,-0.528,0.083,0,0
1,0,0,-2.733,0.105,0.087,-0.063,0,0
0,1,0,4.144,15.824,12.783,-0.016,3,1
0,1,0,0.608,-0.352,-0.369,-0.042,0,0
0,1,0,0.725,-0.057,-1.138,-0.103,0,0
1,0,0,6.126,-0.14,2.831,-0.104,2,1
1,0,0,1.718,0.183,1.15,2.645,1,0
0,0,1,5.612,0.986,14.244,0.038,2,1
0,0,1,1.521,-0.336,0.386,-0.119,0,0
1,0,0,1.432,-0.07,0.028,0.019,0,0
0,0,1,-0.904,0.224,0.511,0.051,0,0
1,0,0,1.089,31.596,16.459,-0.008,2,1
0,0,1,-1.351,-0.125,-0.4,0.073,0,0
1,0,0,-1.313,0.206,-0.8,-0.066,0,0
0,1,0,8.295,-0.323,6.779,3.49,3,1
0,0,1,0.799,-0.271,-0.216,-0.069,0,0
0,0,1,2.536,-0.355,0.007,0.098,1,0
0,0,1,0.269,0.187,-0.017,0.09,0,0
0,1,0,1.16,6.799,13.323,-0.128,2,1
1,0,0,3.282,20.127,17.037,0.002,3,1
0,1,0,2.91,1.182,10.007,0.097,2,1
1,0,0,-1.708,-0.242,0.203,0.118,0,0
0,1,0,2.638,16.424,16.919,0.093,3,1
1,0,0,11.069,0.065,4.833,-0.135,2,1
1,0,0,2.652,-0.16,-0.424,0.01,1,0
0,1,0,0.352,-0.022,-0.304,-0.011,0,0
1,0,0,7.191,0.357,5.316,-0.231,2,1
0,1,0,4.928,-0.258,12.712,-0.342,2,1
0,1,0,0.667,0.147,-0.323,-0.046,0,0
0,1,0,1.831,11.536,13.878,0.08,2,1
0,0,1,1.534,-0.12,-0.4,0.081,0,0
1,0,0,0.888,0.01,0.122,0.079,0,0
0,0,1,-0.533,-0.33,-0.215,0.056,0,0
0,1,0,4.628,0.479,4.945,5.01,3,1
0,1,0,-0.96,0.064,0.914,0.075,0,0
0,1,0,-0.601,0.1,-0.518,0.111,0,0
1,0,0,5.806,0.064,6.963,4.978,3,1
1,0,0,6.852,-0.007,3.289,3.714,3,1
0,1,0,9.248,-0.374,5.876,0.018,2,1
0,1,0,4.754,1.262,13.245,-0.053,2,1
1,0,0,-0.479,0.132,0.06,-0.004,0,0
0,1,0,3.325,10.179,9.5,0.021,3,1
0,0,1,0.528,0.248,0,0.036,0,0
0,1,0,-1.525,-0.017,-0.272,-0.126,0,0
0,0,1,0.718,-0.12,0.147,0.181,0,0
0,1,0,-0.934,-0.004,-0.138,0.023,0,0
0,0,1,1.405,-0.175,0.095,0.027,0,0
0,0,1,1.846,1.262,10.662,-0.046,1,1
1,0,0,8.45,0.026,6.767,0.09,2,1
1,0,0,6.769,0.511,6.169,-0.086,2,1
0,1,0,1.274,0.139,0.125,0.037,0,0
1,0,0,6.175,-0.242,6.142,3.318,3,1
0,1,0,0.732,0.025,0.612,-0.092,0,0
0,0,1,-1.008,-0.183,0.472,-0.098,0,0
0,1,0,6.23,-0.667,8.538,5.157,3,1
0,0,1,0.067,0.623,0.128,0.014,0,0
1,0,0,1.034,0.125,0.31,-0.043,0,0
1,0,0,-0.801,0.05,-0.445,0.079,0,0
0,1,0,-0.233,-0.164,0.361,-0.06,0,0
0,1,0,7.703,-0.029,1.877,-0.136,1,1
1,0,0,0.44,0.537,-0.079,0.115,0,0
0,1,0,0.074,-0.183,0.713,-0.086,0,0
1,0,0,0.63,0.048,-0.467,-0.062,0,0
0,0,1,-1.444,-0.29,-0.144,-0.055,0,0
1,0,0,-0.912,-0.042,0.389,0.088,0,0
0,0,1,0.88,-0.166,-0.4,0.159,0,0
0,1,0,-0.029,-0.297,0.407,-0.063,0,0
0,0,1,0.785,0.151,-0.4,-0.043,0,0
1,0,0,-2.172,-0.255,-0.114,-0.023,0,0
0,0,1,1.83,1.589,12.371,-0.094,1,1
1,0,0,5.579,1.166,17.48,0.085,2,1
0,0,1,-1.722,-0.026,-0.4,0.074,0,0
0,0,1,-1.775,-0.467,1.113,-0.13,0,0
1,0,0,2.559,14.484,16.697,0.216,3,1
0,1,0,-0.589,0.062,-0.569,-0.031,0,0
0,0,1,9.139,0.193,6.013,4.113,3,1
1,0,0,8.708,-0.101,5.077,0.217,2,1
1,0,0,4.504,17.543,14.66,0.022,3,1
0,1,0,-0.442,0.268,0.01,-0.033,0,0
0,1,0,1.014,11.574,9.875,0.018,2,1
0,0,1,-1.171,-0.126,0.319,-0.014,0,0
1,0,0,1.463,10.961,18.977,-0.046,2,1
1,0,0,0.327,-0.089,-0.581,0.026,0,0
0,0,1,2.789,1.505,12.99,-0.057,2,1
0,0,1,0.9,37.991,10.464,-0.103,2,1
1,0,0,0.437,-0.139,-0.173,-0.064,0,0
0,1,0,-1.552,-0.104,0.418,-0.007,0,0
1,0,0,3.759,18.201,9.398,0.036,3,1
1,0,0,-0.076,0.049,0.184,0.005,0,0
0,1,0,1.547,-0.049,0.171,0.103,0,0
0,1,0,-1.279,0.213,0.646,-0.121,0,0
0,1,0,2.287,14.215,11.131,0.19,2,1
0,0,1,1.677,-0.057,-0.4,0.061,0,0
0,1,0,4.432,1.577,15.184,0.084,2,1
1,0,0,2.086,27.578,16.638,-0.043,2,1
0,1,0,-0.823,-0.214,1.137,-0.02,0,0
0,1,0,6.017,-0.123,9.141,-0.271,2,1
0,1,0,3.865,12.538,8.431,0.095,3,1
0,1,0,1.729,0.321,-0.366,-0.02,0,0
1,0,0,-1.665,0.548,-0.678,-0.013,0,0
0,0,1,-0.118,-0.266,-0.162,0.095,0,0
0,0,1,-0.419,-0.233,-0.4,-0.022,0,0
1,0,0,0.609,-0.076,0.475,-0.066,0,0
0,1,0,0.655,-0.11,-0.137,0.037,0,0
0,0,1,-0.648,0.186,0.373,-0.096,0,0
0,1,0,-0.171,-0.051,0.023,0.033,0,0
0,1,0,3.351,7.32,17.483,0.035,3,1
0,1,0,-0.551,-0.279,-0.442,-0.054,0,0
0,1,0,1.579,0.374,0.837,0.015,0,0
0,1,0,0.037,0.352,0.504,-0.075,0,0
0,0,1,7.473,-0.057,4.196,-0.004,2,1
0,0,1,-0.089,0.088,-0.4,0.045,0,0
0,1,0,4.367,1.053,13.041,-0.083,2,1
1,0,0,5.989,0.112,8.983,3.615,3,1
0,1,0,2.89,1.772,13.961,0.08,2,1
0,1,0,-0.443,-0.267,-0.579,-0.079,0,0
0,1,0,1.885,-0.145,0.756,0.049,0,0
1,0,0,-1.175,-0.053,-0.122,-0.005,0,0
0,0,1,5.394,0.997,15.125,0.045,2,1
0,0,1,-0.693,-0.012,-0.214,0.021,0,0
0,0,1,-0.589,-0.149,-0.29,-0.025,0,0
0,1,0,1.211,0.518,-0.352,-0.021,0,0
0,1,0,-0.317,-0.014,-0.306,0.013,0,0
0,0,1,9.555,-0.119,2.749,-0.012,2,1
1,0,0,3.538,1.54,17.163,0.003,2,1
0,1,0,7.028,-0.139,5.662,-0.062,2,1
0,0,1,-1.077,-0.329,-0.4,-0.075,0,0
1,0,0,0.641,0.225,0.228,0.03,0,0
1,0,0,-1.659,-0.148,0.213,-0.096,0,0
0,1,0,3.838,-0.103,1.825,0.006,1,1
1,0,0,5.916,-0.025,5.741,0.048,2,1
0,0,1,-0.121,-0.108,-0.4,-0.118,0,0
0,0,1,3.365,0.075,1.506,2.165,2,0
0,1,0,-0.31,0.025,0.431,0.019,0,0
1,0,0,6.892,0.054,4.731,0.022,2,1
0,1,0,4.705,1.11,9.928,-0.118,2,1
0,1,0,0.266,0.167,-0.063,-0.149,0,0
0,0,1,-0.666,-0.068,0.301,0.029,0,0
0,1,0,0.208,-0.194,0.754,0.082,0,0
1,0,0,5.947,0.017,2.966,0.076,2,1
1,0,0,2.569,24.511,18.114,-0.061,3,1
0,0,1,1.776,-0.109,0.149,-0.009,0,0
0,1,0,7.808,-0.077,3.021,-0.025,2,1
1,0,0,-0.327,-0.168,-0.69,0.003,0,0
0,0,1,0.738,-0.197,0.538,-0.003,0,0
0,1,0,-0.194,-0.446,0.581,-0.006,0,0
0,0,1,2.299,-0.024,-0.296,0.079,0,0
1,0,0,1.069,0.189,0.919,0.107,0,0
0,0,1,7.019,0.056,7.494,3.06,3,1
1,0,0,0.993,0.126,-0.14,-0.008,0,0
1,0,0,-1.19,0.085,0.059,0.073,0,0
0,1,0,-0.412,0.197,0.12,0.122,0,0
0,1,0,6.221,-0.138,10.163,-0.118,2,1
1,0,0,0.823,0.209,-0.21,0.15,0,0
1,0,0,0.295,0.141,0.736,0.039,0,0
1,0,0,-1.62,-0.152,-0.038,-0.016,0,0
1,0,0,0.315,0.01,-0.231,0.061,0,0
0,0,1,-0.275,0.041,0.034,0.048,0,0
0,0,1,2.574,-0.349,-0.4,0.012,1,0
0,0,1,1.184,0.034,-0.362,0.144,0,0
1,0,0,-0.883,0.346,0.559,0.086,0,0
0,1,0,5.24,-0.213,9.919,-0.185,2,1
0,1,0,0.077,-0.226,0.924,3.133,1,0
1,0,0,-0.032,0.174,0.021,-0.017,0,0
0,1,0,3.279,1.468,12.071,0.152,2,1
0,1,0,-0.017,0.071,0.076,0.045,0,0
1,0,0,9.188,0.013,6.374,5.809,3,1
1,0,0,6.657,-0.128,8.121,3.943,3,1
0,0,1,0.924,-0.156,-0.4,-0.085,0,0
0,0,1,-0.401,-0.13,0.401,-0.066,0,0
0,0,1,0.224,0.266,0.118,0.063,0,0
1,0,0,-0.085,0.021,0.951,-0.22,0,0
0,0,1,6.782,0.095,2.804,0.174,2,1
1,0,0,4.634,-0.173,9.343,-0.338,2,1
0,0,1,3.101,0.745,15.527,-0.031,2,1
0,0,1,2.808,68.977,17.003,0.017,3,1
1,0,0,3.841,1.447,10.31,0.037,2,1
0,1,0,0.883,-0.005,-0.403,0.046,0,0
0,1,0,-0.094,0.145,-0.232,-0.008,0,0
1,0,0,0.757,0.167,0.78,-0.03,0,0
0,0,1,-1.657,-0.204,0.3,0.092,0,0
0,1,0,3.821,10.586,20.275,0.082,3,1
0,0,1,0.119,-0.113,0.639,0.012,0,0
0,1,0,-1.139,0.452,1.198,-0.065,0,0
0,1,0,-0.402,0.26,-0.149,-0.08,0,0
1,0,0,7.745,0.275,4.257,2.614,3,1
1,0,0,5.187,-0.032,4.049,4.597,3,1
0,0,1,3.29,1.575,11.895,-0.038,2,1
0,1,0,-0.56,0.294,0.25,-0.024,0,0
0,0,1,5.922,-0.162,8.176,-0.32,2,1
0,0,1,3.588,0.435,-0.3,0.072,1,0
0,1,0,1.286,-0.081,0.88,2.954,1,0
0,0,1,0.588,0.083,0.1,0.057,0,0
0,1,0,1.652,-0.396,0.368,-0.019,0,0
0,1,0,1.514,-0.215,-0.415,0.065,0,0
0,1,0,1.334,0.034,0.899,-0.024,0,0
0,1,0,-0.518,-0.377,0.551,-0.094,0,0
1,0,0,5.182,0.108,4.062,-0.081,2,1
0,0,1,3.313,33.838,19.804,0.021,3,1
1,0,0,-1.042,0.368,-0.398,-0.174,0,0
1,0,0,0.514,0.448,0.248,-0.009,0,0
0,0,1,-0.23,0.436,0.125,0.062,0,0
0,0,1,0.363,0.052,-0.188,0.052,0,0
1,0,0,0.726,-0.045,-0.127,-0.009,0,0
0,0,1,-0.915,0.044,-0.4,-0.035,0,0
0,1,0,3.934,1.585,10.893,-0.102,2,1
0,1,0,4.82,1.409,10.698,-0.032,2,1
0,0,1,-0.661,0.665,-0.4,0.15,0,0
0,1,0,7.063,-0.153,7.191,5.802,3,1
0,0,1,-0.377,0.124,0.008,0.011,0,0
0,1,0,8.387,-0.244,4.661,-0.07,2,1
1,0,0,-0.927,0.122,-0.8,-0.014,0,0
0,1,0,5.073,-0.167,3.63,5.614,3,1
1,0,0,5.958,0.138,11.89,-0.4,2,1
0,1,0,-2.489,-0.225,-0.593,0.057,0,0
0,0,1,5.38,24.601,14.297,0.007,3,1
0,0,1,3.005,1.346,14.457,0.06,2,1
0,0,1,-0.789,0.188,0.407,0.012,0,0
0,0,1,-0.884,0.191,-0.4,0.021,0,0
1,0,0,0.671,0.53,0.122,0.176,0,0
0,0,1,5.74,-0.23,7.202,3.007,3,1
1,0,0,-0.64,0.114,-0.269,-0.179,0,0
1,0,0,-0.155,-0.254,0.015,-0.078,0,0
0,1,0,2.892,1.017,15.014,0.136,2,1
1,0,0,0.193,-0.295,0.336,-0.01,0,0
1,0,0,0.346,0.054,-0.097,-0.014,0,0
1,0,0,1.227,-0.341,0.744,0.035,0,0
1,0,0,0.183,-0.135,-0.221,-0.034,0,0
1,0,0,5.201,-0.096,4.04,0.178,2,1
0,1,0,-0.916,-0.007,1.028,0.078,0,0
1,0,0,0.81,0.181,0.145,0.078,0,0
1,0,0,-0.849,0.129,0.663,0.091,0,0
0,1,0,-0.828,0.209,-0.122,-0.096,0,0
0,0,1,4.467,0.001,10.169,-0.28,2,1
0,1,0,0.679,0.155,0.4,-0.057,0,0
1,0,0,5.697,-0.193,6.734,5.566,3,1
1,0,0,-0.483,0.189,0.31,-0.019,0,0
0,0,1,1.571,1.74,10.775,0.047,1,1
0,0,1,7.959,-0.151,7.336,5.057,3,1
0,0,1,0.861,-0.137,0.035,-0.044,0,0
0,1,0,1.026,0.054,1.457,2.935,1,0
1,0,0,1.86,-0.004,-0.782,-0.008,0,0
0,0,1,0.032,0.155,-0.4,0.034,0,0
1,0,0,10.453,0.082,5.692,-0.099,2,1
0,1,0,1.48,0.511,0.695,0.085,0,0
0,0,1,5.103,0.092,2.919,-0.054,2,1
0,0,1,-0.327,0.117,-0.095,-0.135,0,0
0,0,1,-0.636,-0.087,0.558,0.05,0,0
0,0,1,-0.991,-0.182,0.236,0.022,0,0
1,0,0,5.92,-0.328,5.16,-0.031,2,1
1,0,0,6.497,-0.544,3.567,0.003,2,1
1,0,0,2.562,-0.466,2.001,2.059,3,0
0,0,1,0.205,0.348,-0.4,0.126,0,0
0,0,1,1.563,0.093,1.487,2.288,1,0
0,1,0,-0.554,0.387,-1.019,0.065,0,0
0,1,0,3.77,0.057,-0.55,-0.066,1,0
0,1,0,-0.312,0.032,-0.648,0.039,0,0
0,0,1,-0.35,-0.067,0.179,-0.08,0,0
0,1,0,4.144,1.606,12.107,-0.001,2,1
0,1,0,0.2,0.151,-0.516,-0.001,0,0
0,0,1,6.032,-0.263,5.943,5.69,3,1
0,0,1,5.998,0.095,3.989,4.803,3,1
0,1,0,1.842,0.402,0.177,3.034,1,0
0,0,1,-0.547,-0.293,-0.307,0.046,0,0
1,0,0,0.659,0.513,0.831,-0.083,0,0
0,0,1,9.641,-0.417,2.974,0.068,2,1
0,1,0,2.073,-0.054,1.136,-0.075,0,0
1,0,0,5.178,-0.541,8.512,-0.119,2,1
1,0,0,-2.011,-0.268,-0.027,0.084,0,0
0,0,1,1.777,0.12,-0.204,0.026,0,0
0,0,1,5.865,0.418,8.709,-0.101,2,1
1,0,0,0.546,0.301,0.137,0.152,0,0
0,0,1,1.416,59.393,18.438,0.012,2,1
0,1,0,1.847,0.112,0.436,0.008,0,0
0,0,1,0.783,-0.121,0.107,0.085,0,0
0,1,0,-0.306,-0.057,-0.509,0.015,0,0
0,1,0,0.946,0.055,0.509,-0.227,0,0
0,0,1,-0.079,0.197,-0.4,0.072,0,0
1,0,0,-0.528,-0.032,0.626,0.051,0,0
0,0,1,-0.313,0.02,-0.4,0.014,0,0
1,0,0,-0.576,-0.152,2.027,2.235,2,0
0,1,0,4.769,0.265,9.448,-0.363,2,1
0,1,0,0.904,-0.075,0.073,0.115,0,0
0,1,0,3.348,13.745,12.601,0.003,3,1
1,0,0,0.088,-0.23,0.439,-0.099,0,0
1,0,0,2.399,-0.041,0.423,1.997,1,0
0,1,0,4.715,0.429,4.317,3.851,3,1
0,0,1,-1.299,0.172,0.209,-0.037,0,0
0,1,0,2.069,-0.076,1.76,2.01,1,0
0,1,0,4.532,1.366,12.053,-0.042,2,1
0,1,0,0.513,0.253,0.333,0.006,0,0
0,1,0,4.571,9.53,15.108,-0.004,3,1
0,0,1,-1.291,0.587,-0.065,-0.022,0,0
0,0,1,0.262,0.019,-0.4,-0.056,0,0
0,1,0,3.589,1.51,14.49,-0.187,2,1
0,1,0,2.489,0.151,-0.645,0.013,0,0
0,1,0,1.031,-0.051,0.572,2.847,1,0
0,0,1,-0.667,-0.075,0.303,0.061,0,0
1,0,0,3.008,31.598,18.167,0.084,3,1
0,1,0,3.616,13.556,17.547,0.105,3,1
0,1,0,7.314,0.261,4.288,-0.022,2,1
1,0,0,-0.125,-0.023,0.401,-0.086,0,0
1,0,0,0.145,0.15,0.189,0.009,0,0
1,0,0,-1.858,-0.38,0.544,-0.161,0,0
0,1,0,-0.199,0.136,-0.448,0.012,0,0
1,0,0,0.059,0.007,-0.086,0.047,0,0
0,1,0,1.955,10.742,16.267,0.016,2,1
1,0,0,1.177,0.013,-0.244,-0.062,0,0
1,0,0,-0.724,-0.154,-0.099,0.093,0,0
1,0,0,0.056,-0.468,-0.046,-0.072,0,0
0,1,0,0.318,-0.216,0.661,-0.206,0,0
0,0,1,11.69,0.062,6.257,-0.038,2,1
0,0,1,1.83,-0.007,7.359,2.991,2,1
0,1,0,12.384,-0.135,5.286,-0.07,2,1
0,0,1,1.038,0.305,-0.214,-0.057,0,0
0,0,1,-0.138,0.329,-0.4,-0.023,0,0
0,0,1,0.653,31.57,16.149,-0.046,2,1
0,1,0,-0.458,-0.071,0,0.195,0,0
0,1,0,4.972,1.603,16.069,0.054,2,1
0,1,0,-0.717,-0.017,-0.51,0.082,0,0
0,1,0,1.306,-0.222,-0.216,0.073,0,0
0,1,0,1.297,-0.06,-0.455,0.066,0,0
0,0,1,-0.187,0.367,-0.4,0.021,0,0
0,0,1,-0.611,0.316,-0.087,-0.023,0,0
1,0,0,1.043,0.164,0.223,-0.002,0,0
0,1,0,13.013,-0.051,3.05,0.116,2,1
0,0,1,-0.122,-0.121,0.174,-0.043,0,0
0,0,1,4.942,-0.115,1.526,-0.105,1,1
0,0,1,2.855,1.381,11.625,-0.032,2,1
0,0,1,4.378,0.691,5.944,-0.216,2,1
1,0,0,-1.77,-0.204,0.129,-0.048,0,0
1,0,0,0.662,0.302,-0.097,0.115,0,0
0,0,1,-0.105,-0.167,-0.065,-0.033,0,0
0,1,0,0.442,17.783,8.666,0.051,2,1
1,0,0,0.531,-0.071,-0.009,0,0,0
0,1,0,0.013,-0.237,0.318,-0.083,0,0
0,1,0,-1.169,-0.415,-0.239,0.013,0,0
0,0,1,6.255,-0.207,7.84,-0.121,2,1
0,1,0,0.185,0.103,0.318,-0.099,0,0
0,0,1,1.243,0.251,-0.4,-0.047,0,0
1,0,0,4.484,0.092,2.703,-0.027,2,1
0,0,1,0.965,0.271,0.13,-0.14,0,0
1,0,0,2.979,14.373,11.038,0.136,3,1
0,1,0,1.341,0.047,1.505,2.176,1,0
1,0,0,7.442,0.232,3.053,0.005,2,1
0,1,0,0.221,-0.118,0.326,-0.125,0,0
0,1,0,0.472,0.288,1.23,2.624,1,0
0,0,1,-0.93,-0.068,0.588,-0.096,0,0
0,1,0,-0.652,0.276,0.144,0.008,0,0
0,0,1,0.531,0.315,-0.4,-0.137,0,0
0,0,1,0.967,-0.2,0.627,-0.013,0,0
0,0,1,0.585,0.392,-0.237,-0.03,0,0
0,1,0,6.423,-0.143,2.068,0.032,2,1
0,0,1,0.393,-0.14,0.536,-0.14,0,0
0,0,1,-0.876,-0.511,-0.143,-0.079,0,0
1,0,0,0.895,0.088,0.232,-0.199,0,0
0,0,1,0.909,-0.049,-0.374,-0.036,0,0
0,0,1,-0.943,-0.073,-0.4,-0.014,0,0
0,1,0,0.676,-0.108,0.607,-0.038,0,0
0,1,0,-1.036,-0.161,-0.259,-0.117,0,0
0,1,0,-0.647,0.03,0.393,-0.053,0,0
0,1,0,0.258,-0.069,0.266,-0.04,0,0
1,0,0,-0.791,0.278,0,-0.038,0,0
1,0,0,-1.388,0.341,0.155,0.228,0,0
0,1,0,2.835,1.355,15.739,-0.175,2,1
0,0,1,-0.688,0.182,-0.035,0.012,0,0
0,1,0,3.562,1.334,14.111,-0.102,2,1
1,0,0,-1.515,-0.002,-0.024,-0.089,0,0
1,0,0,9.324,0.103,4.986,-0.029,2,1
1,0,0,0.215,-0.092,0.127,-0.175,0,0
1,0,0,0.972,0.494,-0.686,0.075,0,0
1,0,0,-0.653,0.057,0.554,0.025,0,0
0,1,0,7.775,-0.113,4.145,-0.021,2,1
0,1,0,0.691,-0.315,0.275,-0.141,0,0
0,0,1,1.303,-0.28,-0.254,0.047,0,0
1,0,0,1.869,31.764,13.987,-0.129,2,1
1,0,0,0.085,0.373,1.15,-0.124,0,0
0,1,0,-0.497,-0.201,0.078,0.081,0,0
0,1,0,-0.842,-0.18,0.901,-0.119,0,0
0,0,1,5.356,0.594,5.316,-0.02,2,1
1,0,0,-0.236,-0.298,0.201,-0.011,0,0
0,1,0,3.911,1.842,18.056,0.052,2,1
1,0,0,-1.485,-0.417,0.112,-0.022,0,0
0,1,0,1.658,-0.301,0.115,2.394,1,0
1,0,0,-0.752,-0.667,-0.465,-0.052,0,0
1,0,0,-0.179,-0.001,0.272,0.07,0,0
1,0,0,-0.636,0.268,-0.469,0.064,0,0
1,0,0,3.101,-0.098,5.046,3.51,3,1
1,0,0,-0.441,0.088,-0.8,-0.04,0,0
1,0,0,0.075,0.061,-0.8,-0.014,0,0
1,0,0,-1.563,0.381,0.369,-0.074,0,0
0,0,1,-1.836,-0.286,0.691,0.062,0,0
1,0,0,5.056,0.113,9.872,-0.244,2,1
1,0,0,0.134,-0.179,-0.047,-0.037,0,0
0,1,0,3.901,0.222,8.564,3.423,3,1
0,0,1,3.477,1.061,12.551,0.007,2,1
1,0,0,7.042,-0.37,11.108,-0.12,2,1
1,0,0,1.071,0.46,0.157,-0.094,0,0
1,0,0,0.497,0.004,0.275,-0.088,0,0
0,1,0,-0.605,-0.188,0.632,0.022,0,0
0,1,0,1.296,-0.116,0.06,0.1,0,0
0,0,1,0.393,-0.278,0.311,0.086,0,0
1,0,0,0.893,0.179,0.33,0.099,0,0
0,1,0,6.391,0.06,11.565,-0.226,2,1
0,1,0,-0.975,0.006,0.224,-0.035,0,0
1,0,0,-0.326,-0.043,-0.445,0.017,0,0
0,0,1,0.326,0.01,-0.012,0.039,0,0
0,0,1,1.097,-0.079,1.334,0.007,0,0
0,1,0,-0.016,0.036,0.195,-0.061,0,0
0,1,0,-1.639,0.185,0.242,-0.003,0,0
0,0,1,-1.159,0.438,-0.4,-0.156,0,0
1,0,0,1.191,0.12,0.484,-0.049,0,0
0,1,0,1.189,0.181,-0.022,-0.01,0,0
0,1,0,4.538,-0.165,3.69,0.022,2,1
0,1,0,-0.133,9.197,18.154,0.063,2,1
0,0,1,5.358,1.558,19.15,0.099,2,1
1,0,0,-1.079,-0.381,-0.158,0.044,0,0
1,0,0,0.115,0.031,-0.153,0.009,0,0
0,1,0,1.322,-0.047,0.458,-0.081,0,0
0,0,1,11.308,0.14,3.95,0.012,2,1
0,0,1,-2.657,-0.228,-0.4,-0.02,0,0
0,0,1,-0.23,0.116,0.485,-0.047,0,0
0,0,1,3.176,0.108,0.368,2.271,2,0
0,1,0,-0.747,0.488,-0.644,0.052,0,0
0,1,0,-0.509,0.045,0.872,-0.242,0,0
0,1,0,0.501,10.28,19.603,-0.017,2,1
0,0,1,0.264,-0.321,1.227,0.016,0,0
0,0,1,5.398,0.121,8.162,3.034,3,1
0,0,1,4.834,0.091,11.996,-0.31,2,1
0,1,0,6.543,-0.071,1.659,0.006,1,1
0,0,1,2.801,62.646,16.643,0.049,3,1
0,1,0,1.022,0.019,0.19,0.044,0,0
1,0,0,-0.743,-0.129,-0.629,0.115,0,0
0,1,0,7.444,0.103,3.35,-0.059,2,1
0,1,0,0.161,0.072,-0.631,0.088,0,0
0,0,1,0.841,-0.192,0.462,0.076,0,0
0,1,0,6.322,0.298,4.459,3.701,3,1
1,0,0,0.793,-0.164,0.084,-0.044,0,0
0,1,0,-1.809,-0.093,-0.149,0.029,0,0
1,0,0,-1.399,0.04,-0.713,-0.023,0,0
0,1,0,3.843,1.341,10.43,-0.096,2,1
0,1,0,7.161,-0.161,5.208,3.477,3,1
1,0,0,0.344,-0.306,0.729,-0.054,0,0
0,0,1,4.788,-0.171,8.961,-0.192,2,1
0,0,1,0.549,0.171,-0.4,0.002,0,0
1,0,0,-1.945,0.322,-0.8,0.131,0,0
1,0,0,7.764,0.407,5.463,0.146,2,1
0,0,1,5.243,-0.518,6.311,5.22,3,1
0,1,0,11.511,-0.457,2.925,0.056,2,1
1,0,0,0.028,-0.02,-0.438,0.063,0,0
1,0,0,1.438,0.276,-0.087,0.05,0,0
0,0,1,6.7,0.641,8.027,-0.132,2,1
0,1,0,-0.537,0.083,0.038,0.159,0,0
0,1,0,0.345,0.002,0.482,-0.036,0,0
0,1,0,1.443,9.974,13.696,-0.008,2,1
0,0,1,0.614,51.275,16.99,-0.044,2,1
1,0,0,-1.335,-0.405,0.374,-0.024,0,0
1,0,0,6.646,0.073,8.383,-0.129,2,1
0,0,1,1.317,0.008,0.031,-0.193,0,0
0,0,1,0.493,-0.341,0.497,0.117,0,0
1,0,0,1.873,32.456,8.99,0.099,2,1
1,0,0,0.312,-0.239,-0.657,-0.055,0,0
1,0,0,5.127,0.998,14.857,0.144,2,1
1,0,0,-0.847,0.242,1.643,-0.011,0,0
0,0,1,9.988,0.278,5.208,0.088,2,1
0,1,0,0.006,0.084,0.484,0.061,0,0
1,0,0,5.002,-0.442,6.543,5.14,3,1
1,0,0,7.749,-0.578,2.923,-0.006,2,1
1,0,0,5.772,0.069,9.088,-0.262,2,1
0,1,0,-2.106,-0.667,0.219,-0.119,0,0
1,0,0,0.515,-0.001,0.303,0.004,0,0
0,1,0,0.422,0.143,0.641,0.074,0,0
1,0,0,-3.25,-0.111,0.317,0.102,0,0
1,0,0,2.097,0.799,-0.418,-0.096,0,0
0,0,1,1.549,0.279,0.096,0.064,0,0
1,0,0,-0.28,0.336,-0.8,0.066,0,0
0,0,1,-0.462,0.366,-0.382,-0.086,0,0
0,1,0,1.804,9.939,14.8,-0.082,2,1
1,0,0,11.589,-0.393,5.689,0.188,2,1
0,0,1,1.642,-0.216,-0.4,-0.045,0,0
0,1,0,3.196,1.427,11.117,-0.069,2,1
0,0,1,10.692,-0.114,2.269,-0.017,2,1
0,0,1,0.265,-0.083,-0.295,-0.067,0,0
0,0,1,0.012,-0.1,-0.4,-0.045,0,0
0,1,0,9.644,-0.054,2.899,0.03,2,1
1,0,0,7.065,0.259,5.581,3.495,3,1
1,0,0,2.699,1.296,13.392,0.134,2,1
1,0,0,0.719,0.116,0.095,-0.036,0,0
1,0,0,-2.062,-0.031,-0.185,0.1,0,0
0,0,1,0.728,-0.508,-0.4,-0.054,0,0
1,0,0,8.276,0.122,5.973,0.026,2,1
1,0,0,3.795,0.837,11.86,0.04,2,1
1,0,0,3.629,1.171,15.08,-0.027,2,1
1,0,0,5.461,-0.29,5.142,4.168,3,1
0,0,1,0.347,0.158,0.265,-0.028,0,0
1,0,0,1.337,-0.291,1.022,0.061,0,0
1,0,0,0.022,0.257,0.252,0.016,0,0
0,0,1,3.636,1.53,15.114,0.097,2,1
0,1,0,-0.173,0.138,0.448,0.026,0,0
0,1,0,5.925,1.293,11.567,0.037,2,1
0,1,0,8.612,-0.083,3.635,5.96,3,1
0,1,0,-2.315,0.46,0.826,0.202,0,0
0,1,0,1.006,1.861,14.635,-0.067,1,1
0,0,1,5.813,0.038,11.9,-0.191,2,1
0,0,1,3.234,20.383,12.229,0.029,3,1
0,0,1,1.026,0.342,-0.4,-0.016,0,0
1,0,0,0.987,0.153,0.488,0.059,0,0
0,1,0,0.825,0.33,-0.429,0.084,0,0
0,1,0,6.553,-0.294,6.108,5.22,3,1
1,0,0,-0.94,0.613,-0.44,-0.039,0,0
1,0,0,0.593,0.056,1.918,3.274,1,0
0,0,1,13.784,0.176,5.276,-0.033,2,1
0,0,1,-1.768,0.059,0.773,0.165,0,0
0,0,1,-0.289,-0.167,-0.4,0.011,0,0
0,1,0,-1.21,0.047,-0.074,-0.06,0,0
0,0,1,1.531,0.097,-0.04,0.057,0,0
0,0,1,1.858,-0.32,0.861,0.033,0,0
0,1,0,1.224,-0.148,-0.27,0.143,0,0
1,0,0,5.953,0.864,13.842,-0.05,2,1
0,0,1,1.575,0.038,-0.021,-0.063,0,0
1,0,0,0.129,0.121,0.141,-0.002,0,0
0,1,0,-0.251,-0.129,0.515,-0.151,0,0
0,1,0,6.098,-0.151,8.064,2.939,3,1
0,0,1,4.79,-0.516,9.763,-0.159,2,1
0,1,0,6.86,0.003,5.406,-0.174,2,1
1,0,0,-0.173,0.244,-0.8,-0.011,0,0
0,1,0,0.986,0.168,-0.273,-0.074,0,0
0,0,1,11.245,-0.337,4.136,-0.158,2,1
0,0,1,4.481,1.688,11.917,0.09,2,1
0,1,0,6.991,0.121,7.62,-0.23,2,1
1,0,0,-0.13,0.391,0.357,0.036,0,0
0,1,0,-1.094,-0.458,-0.218,0.057,0,0
0,0,1,8.06,0.367,7.182,5.407,3,1
0,1,0,-0.75,0.753,0.732,0.07,0,0
1,0,0,6.537,1.617,16.239,-0.184,2,1
0,0,1,0.123,-0.052,-0.358,0.053,0,0
0,1,0,-1.465,-0.189,-0.032,-0.094,0,0
0,1,0,0.645,-0.246,-0.017,0.1,0,0
1,0,0,-0.676,0.515,-0.506,0.003,0,0
0,1,0,1.247,-0.305,-0.604,0.052,0,0
1,0,0,3.256,28.08,15.928,-0.052,3,1
1,0,0,5.971,-0.044,4.556,2.758,3,1
0,0,1,-0.03,0.427,0.214,0.07,0,0
0,0,1,0.091,0.133,0.421,-0.058,0,0
1,0,0,6.578,-0.063,4.641,4.99,3,1
1,0,0,3.647,1.378,15.832,-0.058,2,1
0,1,0,-0.744,0.312,-0.282,-0.015,0,0
0,0,1,11.789,0.269,5.431,0.024,2,1
0,1,0,-0.137,-0.061,0.048,-0.052,0,0
1,0,0,-1.035,0.192,0.055,0.022,0,0
1,0,0,0.406,-0.379,-0.8,-0.011,0,0
1,0,0,-0.756,-0.227,0.238,2.636,1,0
0,0,1,-1.217,0.258,0.257,0.084,0,0
1,0,0,5.933,-0.439,8.6,-0.222,2,1
0,1,0,0.248,0.111,0.202,-0.031,0,0
1,0,0,11.912,0.335,4.748,-0.032,2,1
0,0,1,0.536,0.219,-0.238,0.047,0,0
0,1,0,7.12,0.273,5.484,2.541,3,1
0,1,0,1.199,0.298,0.487,0.033,0,0
1,0,0,4.005,1.361,14.668,-0.109,2,1
0,0,1,-0.441,-0.201,-0.009,-0.104,0,0
1,0,0,5.551,0.38,9.42,-0.204,2,1
0,1,0,7.144,-0.056,6.814,2.859,3,1
0,0,1,5.177,1.335,14.378,-0.102,2,1
0,0,1,6.2,1.725,14.504,-0.136,2,1
0,0,1,1.413,0.209,-0.354,0.015,0,0
1,0,0,-1.078,0.264,0.126,0.134,0,0
0,0,1,2.425,0.206,1.347,3.31,1,0
1,0,0,-0.945,0.252,-0.149,0.025,0,0
0,0,1,-0.788,-0.085,0.21,-0.017,0,0
0,0,1,-0.039,0.219,0.127,-0.044,0,0
0,1,0,-0.927,-0.139,0.899,-0.022,0,0
1,0,0,-0.415,0.272,-0.053,0.143,0,0
1,0,0,0.556,0.092,-0.302,0.113,0,0
0,1,0,0.092,0.03,0.214,-0.012,0,0
0,1,0,-0.425,0.041,-0.11,-0.007,0,0
0,0,1,0.487,0.426,-0.176,-0.066,0,0
0,1,0,-0.405,-0.05,0.121,-0.031,0,0
1,0,0,2.046,1.156,15.866,-0.116,1,1
0,0,1,2.138,-0.139,0.183,2.358,1,0
1,0,0,-2.985,-0.017,-0.531,0.167,0,0
1,0,0,1.372,0.716,15.539,0.118,1,1
0,1,0,0.752,0.075,-0.207,0.162,0,0
0,1,0,1.139,0.015,0.908,3.252,1,0
1,0,0,3.415,1.464,12.82,-0.08,2,1
0,0,1,-1.141,-0.165,-0.4,-0.122,0,0
0,1,0,2.4,6.478,9.143,0.015,2,1
1,0,0,0.364,0.555,0.254,-0.033,0,0
0,1,0,3.079,8.788,19.127,-0.199,3,1
0,0,1,0.365,0.344,0.401,-0.031,0,0
1,0,0,0.917,-0.476,-0.105,-0.037,0,0
0,0,1,0.043,0.001,0.252,-0.021,0,0
0,0,1,4.496,0.001,5.26,0.053,2,1
0,0,1,-0.853,0.017,0.451,0.056,0,0
0,0,1,-1.838,0.061,0.033,-0.076,0,0
0,0,1,6.075,0.055,8.65,-0.377,2,1
0,0,1,1.209,-0.038,-0.4,-0.078,0,0
0,1,0,-1.161,0.05,0.291,0,0,0
0,0,1,0.377,-0.109,-0.4,-0.158,0,0
0,0,1,0.07,0.044,-0.018,-0.109,0,0
0,1,0,-2.53,-0.139,-0.7,-0.098,0,0
1,0,0,0.659,0.208,0.098,-0.02,0,0
0,0,1,4.115,1.434,12.867,-0.134,2,1
1,0,0,1.03,-0.234,-0.264,0.047,0,0
1,0,0,-2.21,0.04,-0.136,0.154,0,0
0,1,0,1.212,-0.137,0.247,-0.03,0,0
0,1,0,1.405,-0.006,0.023,-0.02,0,0
0,0,1,-0.386,0.228,0.508,-0.085,0,0
0,0,1,3.754,27.278,13.632,0.04,3,1
1,0,0,1.708,28.82,14.123,-0.041,2,1
0,0,1,0.133,-0.222,0.606,-0.014,0,0
0,0,1,0.51,0.349,0.124,-0.065,0,0
0,0,1,-1.257,-0.113,0.359,-0.014,0,0
1,0,0,0.116,0.229,0.831,2.565,1,0
0,0,1,0.01,0.021,0.127,0.036,0,0
1,0,0,4.382,-0.536,6.354,-0.059,2,1
0,1,0,-0.257,0.004,-0.146,-0.012,0,0
0,1,0,0.723,0.046,0.287,0.159,0,0
1,0,0,2.246,-0.043,-0.734,-0.024,0,0
0,1,0,2.545,0.901,16.221,-0.05,2,1
0,1,0,-0.145,-0.238,-0.794,0.134,0,0
1,0,0,1.145,0.168,-0.105,-0.014,0,0
1,0,0,-0.317,-0.471,-0.303,0.017,0,0
1,0,0,-0.73,-0.022,0.398,0.071,0,0
0,0,1,6.397,-0.136,5.18,0.071,2,1
0,1,0,1.122,13.39,12.432,0.04,2,1
0,0,1,1.352,29.509,18.357,0.087,2,1
0,0,1,-1.823,-0.224,0.88,-0.014,0,0
0,1,0,0.068,0.077,0.879,-0.045,0,0
0,1,0,0.911,0.311,-0.221,0.121,0,0
0,0,1,-1.431,-0.116,-0.119,-0.089,0,0
1,0,0,11.432,0.368,5.068,0.088,2,1
0,1,0,0.495,-0.416,0.065,0.17,0,0
0,0,1,6.457,0.678,11.063,-0.36,2,1
0,0,1,1.367,-0.421,0.94,0.072,0,0
1,0,0,-0.273,0.081,-0.139,-0.071,0,0
0,0,1,0.387,0.704,-0.4,0.059,0,0
1,0,0,-0.48,-0.265,-0.457,-0.043,0,0
1,0,0,12.013,0.103,4.349,-0.039,2,1
0,1,0,0.964,-0.008,0.374,2.905,1,0
1,0,0,-0.071,-0.481,0.134,-0.012,0,0
0,0,1,3.722,0.922,16.791,0.153,2,1
0,1,0,1.974,-0.053,0.329,0.003,0,0
0,1,0,0.236,0.046,0.88,0.031,0,0
0,0,1,0.788,0.15,-0.186,0.029,0,0
1,0,0,1.93,11.317,12.532,-0.082,2,1
1,0,0,0.278,24.546,13.407,-0.023,2,1
0,0,1,6.209,1.379,10.837,0.059,2,1
0,1,0,1.995,9.475,20.059,0.016,2,1
0,1,0,0.547,0.066,0.355,0.046,0,0
0,0,1,-0.445,-0.106,0.244,0.052,0,0
0,1,0,7.146,0.196,3.972,-0.069,2,1
0,0,1,2.631,-0.159,5.242,4.657,3,1
0,0,1,0.54,-0.33,0.237,0.154,0,0
0,1,0,1.717,10.674,18.035,0.118,2,1
1,0,0,0.06,-0.667,-0.006,-0.101,0,0
0,1,0,-2.442,0.137,0.414,0.072,0,0
0,0,1,1.525,43.496,14.535,-0.134,2,1
1,0,0,3.476,31.401,11.908,-0.067,3,1
1,0,0,6.027,0.147,3.65,2.945,3,1
1,0,0,1.327,-0.222,0.932,-0.099,0,0
0,1,0,5.196,-0.012,5.503,3.253,3,1
0,1,0,2.982,-0.091,4.993,2.557,3,1
0,0,1,-0.566,-0.54,0.216,-0.008,0,0
0,0,1,7.137,-0.025,7.822,-0.241,2,1
0,1,0,0.168,-0.055,0.217,0.175,0,0
0,0,1,-0.238,0.166,-0.302,0.081,0,0
0,0,1,4.95,0.901,11.113,0.08,2,1
0,1,0,0.294,0.053,-0.318,0.014,0,0
1,0,0,-0.263,-0.101,0.238,0.023,0,0
1,0,0,3.438,19.877,14.64,-0.192,3,1
0,1,0,2.024,0.094,1.325,2.556,1,0
0,0,1,-2.282,-0.082,-0.4,-0.062,0,0
0,0,1,4.233,1.179,13.929,-0.09,2,1
1,0,0,1.479,0.062,0.487,-0.007,0,0
1,0,0,-0.009,-0.453,0.006,-0.008,0,0
1,0,0,1.144,0.04,0.485,-0.059,0,0
0,1,0,-0.697,0.018,-0.344,0.051,0,0
0,1,0,10.174,-0.153,3.226,-0.003,2,1
0,1,0,0.97,-0.167,0.871,0.076,0,0
0,0,1,-2.646,0.177,0.613,-0.114,0,0
0,0,1,6.158,0.002,11.897,-0.311,2,1
1,0,0,0.645,-0.165,-0.291,-0.01,0,0
1,0,0,2.919,1.29,10.92,0.087,2,1
1,0,0,2.068,0.09,1.394,3.074,1,0
0,0,1,-1.015,0.185,-0.145,0.147,0,0
0,0,1,1.999,0.392,0.315,-0.044,0,0
0,0,1,-0.172,-0.053,0.661,3.367,1,0
1,0,0,-1.366,0.002,0.939,0.011,0,0
1,0,0,5.286,1.39,16.41,-0.035,2,1
0,0,1,-0.273,-0.37,0.87,-0.035,0,0
1,0,0,0.748,-0.3,-0.441,-0.137,0,0
1,0,0,0.654,-0.499,-0.09,0.001,0,0
0,0,1,11.654,0.179,9.517,5.455,3,1
0,1,0,0.897,0.384,-0.169,0.04,0,0
0,1,0,-1.626,-0.369,0.769,0.041,0,0
0,0,1,0.006,-0.036,0.784,-0.083,0,0
1,0,0,3.347,1.199,17.08,0.008,2,1
1,0,0,5.376,1.368,18.706,0.006,2,1
1,0,0,0.802,-0.087,0.303,0.034,0,0
0,1,0,11.457,-0.06,2.027,-0.043,2,1
0,0,1,0.32,-0.025,0.297,0.033,0,0
0,1,0,7.71,0.636,6.372,0.069,2,1
1,0,0,-0.371,0.04,-0.602,-0.069,0,0
0,1,0,1.431,0.308,-0.108,0.168,0,0
0,0,1,-0.592,0.277,-0.26,-0.112,0,0
1,0,0,7.903,0.267,2.182,-0.007,2,1
1,0,0,8.696,-0.175,4.192,2.776,3,1
1,0,0,6.167,0.334,5.497,0,2,1
1,0,0,-0.687,0.43,-0.259,0.128,0,0
0,1,0,0.772,1.391,15.336,-0.064,1,1
0,0,1,-0.884,0.073,0.076,-0.062,0,0
0,0,1,3.43,1.148,13.006,-0.025,2,1
1,0,0,-0.989,0.221,-0.222,0.137,0,0
0,0,1,-0.891,-0.123,-0.009,0.027,0,0
1,0,0,9.752,-0.04,4.915,0.058,2,1
1,0,0,1.572,0.414,0.606,-0.082,0,0
1,0,0,6.349,0.16,10.314,-0.275,2,1
0,1,0,4.23,1.285,11.971,-0.002,2,1
1,0,0,-0.411,-0.239,0.791,-0.017,0,0
1,0,0,6.235,-0.318,4.803,4.426,3,1
0,0,1,-0.286,-0.26,0.377,0.058,0,0
0,1,0,0.485,0.11,-0.388,-0.001,0,0
0,0,1,1.204,-0.044,0.316,0.065,0,0
1,0,0,-1.244,0.029,-0.58,0.098,0,0
1,0,0,-0.226,-0.105,0.658,-0.008,0,0
0,0,1,1.051,0.147,0.989,2.25,1,0
1,0,0,3.145,1.79,12.99,-0.049,2,1
0,1,0,0.876,-0.05,-0.471,-0.023,0,0
0,1,0,1.789,0.121,1.373,2.053,1,0
0,1,0,-0.422,0.237,-0.466,0.01,0,0
0,1,0,-1.338,-0.277,0.022,0.042,0,0
1,0,0,-1.203,0.606,-0.147,-0.136,0,0
0,1,0,-0.041,0.404,1.081,2.625,1,0
0,0,1,2.785,1.241,12.023,-0.007,2,1
1,0,0,4.157,1.155,15.654,-0.013,2,1
0,1,0,1.801,1.309,13.969,0.017,1,1
0,0,1,8.35,0.5,3.806,0.027,2,1
0,1,0,4.939,0.345,6.696,5.556,3,1
0,1,0,-1.959,-0.228,0.672,-0.047,0,0
0,0,1,5.124,0.075,8.644,-0.186,2,1
1,0,0,-0.209,-0.059,-0.243,0.064,0,0
0,1,0,-1.308,-0.157,0.343,0.108,0,0
1,0,0,-0.56,0.342,0.686,0.062,0,0
0,0,1,0.971,-0.181,0.49,-0.064,0,0
1,0,0,6.243,-0.216,2.433,0.049,2,1
1,0,0,0.441,-0.167,0.382,0.038,0,0
0,1,0,0.046,-0.147,-0.068,-0.019,0,0
1,0,0,1.529,31.506,10.123,0.073,2,1
0,1,0,-0.843,0.352,0.281,0.152,0,0
1,0,0,0.116,0.121,0.44,0.048,0,0
1,0,0,3.711,1.481,12.45,-0.138,2,1
0,1,0,0.977,-0.525,-0.59,0.117,0,0
0,0,1,0.099,0.163,-0.357,0.014,0,0
0,1,0,-1,0.053,0.781,-0.182,0,0
1,0,0,-1.004,-0.025,-0.34,-0.055,0,0
0,1,0,1.709,7.977,15.865,-0.038,2,1
0,0,1,0.233,0.265,0.819,-0.136,0,0
0,1,0,0.247,-0.132,-0.145,0.055,0,0
1,0,0,-0.906,-0.576,0.253,-0.028,0,0
0,1,0,1.188,-0.291,-0.498,0.039,0,0
0,0,1,-1.435,-0.224,0.527,0.081,0,0
0,1,0,-0.53,-0.535,-1.247,0.07,0,0
0,0,1,0.405,0.378,0.798,0.051,0,0
1,0,0,3.965,-0.301,8.534,4.79,3,1
0,0,1,-0.232,0.211,-0.083,0.004,0,0
1,0,0,-0.356,0.057,0.183,0.059,0,0
0,1,0,2.321,0.409,0.245,-0.07,0,0
0,1,0,0.869,-0.234,-0.29,-0.053,0,0
0,1,0,2.816,6.533,20.079,0.12,3,1
0,1,0,1.701,6.902,15.164,0.057,2,1
0,1,0,1.387,0.388,0.502,-0.03,0,0
1,0,0,1.758,0.15,-0.422,0.093,0,0
1,0,0,4.286,1.598,13.558,-0.077,2,1
1,0,0,1.592,26.997,18.719,0.031,2,1
0,0,1,-0.036,0.617,0.146,-0.006,0,0
1,0,0,-1.373,0.304,-0.329,-0.026,0,0
1,0,0,-1.511,-0.179,0.576,-0.025,0,0
1,0,0,8.236,0.43,5.164,-0.047,2,1
0,1,0,1.049,7.356,8.957,-0.025,2,1
1,0,0,3.466,23.119,18.92,-0.076,3,1
1,0,0,0.78,-0.538,0.46,-0.049,0,0
0,0,1,-1.365,0.291,0.701,-0.073,0,0
1,0,0,2.948,25.531,11.533,-0.027,3,1
1,0,0,1.035,-0.172,0.467,-0.013,0,0
1,0,0,-0.073,-0.04,1.472,-0.038,0,0
0,0,1,-0.646,0.299,0.322,0.075,0,0
1,0,0,1.036,0.084,0.316,0.002,0,0
0,0,1,1.145,-0.503,-0.4,0.079,0,0
1,0,0,0.173,0.304,-0.744,-0.054,0,0
0,1,0,3.578,8.381,15.816,-0.029,3,1
0,0,1,1.089,0.035,0.201,-0.086,0,0
0,1,0,3.811,1.68,13.009,-0.071,2,1
0,1,0,1.046,0.147,0.241,0.033,0,0
0,1,0,0.072,0.043,0.011,-0.135,0,0
0,0,1,1.541,56.915,13.906,-0.167,2,1
1,0,0,6.497,-0.101,9.769,-0.301,2,1
1,0,0,2.345,27.34,14.573,0.078,2,1
1,0,0,2.618,16.499,8.406,-0.022,3,1
1,0,0,-0.671,0.382,0.595,-0.052,0,0
1,0,0,3.746,1.365,16.033,0.041,2,1
1,0,0,1.282,-0.349,-0.172,0.069,0,0
1,0,0,1.276,-0.303,-0.272,0.014,0,0
1,0,0,0.537,-0.245,-0.061,-0.046,0,0
1,0,0,0.995,-0.323,0.137,0.044,0,0
0,1,0,-0.255,0.096,0.831,0.054,0,0
1,0,0,0.423,-0.497,0.35,0.098,0,0
0,1,0,11.353,0.399,6.691,-0.057,2,1
1,0,0,0.536,-0.079,-0.195,-0.011,0,0
0,1,0,2.567,10.77,15.782,-0.009,3,1
0,1,0,4.924,1.339,14.452,0.103,2,1
1,0,0,-0.27,0.652,0.659,0.041,0,0
0,0,1,6.748,0.123,7.104,3.798,3,1
0,0,1,0.06,0.282,-0.4,0.013,0,0
0,0,1,3.871,1.068,12.585,-0.002,2,1
1,0,0,0.859,-0.054,1.113,0.031,0,0
1,0,0,-0.886,0.436,0.673,0.013,0,0
0,1,0,-0.284,-0.006,0.516,-0.107,0,0
0,0,1,1.054,-0.284,-0.353,0.058,0,0
0,1,0,7.853,-0.096,6.287,4.521,3,1
0,0,1,0.088,-0.174,0.706,0.018,0,0
0,1,0,1.702,-0.047,0.333,0.116,0,0
0,0,1,2.662,54.659,21.226,0.041,3,1
1,0,0,0.608,0.167,1.166,-0.192,0,0
1,0,0,0.303,0.124,-0.521,0.018,0,0
1,0,0,3.043,1.667,14.237,0.013,2,1
1,0,0,-0.595,0.146,0.168,-0.022,0,0
1,0,0,5.82,-0.113,7.065,-0.229,2,1
0,1,0,6.052,0.088,5.334,4.187,3,1
0,1,0,7.319,-0.466,3.364,0.076,2,1
0,0,1,-0.863,0.52,0.44,-0.06,0,0
1,0,0,-0.812,-0.356,0.726,0.125,0,0
0,1,0,3.283,-0.065,4.675,5.691,3,1
1,0,0,-0.411,0.229,0.336,-0.006,0,0
1,0,0,-0.96,0.131,0.333,-0.017,0,0
1,0,0,3.368,0.948,12.995,0.039,2,1
0,0,1,-0.159,50.324,18.769,0.107,2,1
1,0,0,-1.447,-0.351,0.197,-0.105,0,0
1,0,0,-0.225,0.5,0.398,0.061,0,0
1,0,0,-1.391,0.358,-0.334,0.046,0,0
0,0,1,4.706,0.044,6.16,4.762,3,1
0,1,0,4.949,0.104,10.063,-0.184,2,1
0,1,0,2.067,0.032,-0.08,-0.05,0,0
0,0,1,0.286,-0.034,0.463,-0.07,0,0
0,1,0,1.35,0.021,1.908,2.992,1,0
1,0,0,-0.066,-0.128,-0.138,0.033,0,0
0,0,1,5.571,-0.124,6.769,-0.281,2,1
0,0,1,8.578,-0.08,5.113,0.088,2,1
0,1,0,-0.976,0.239,-0.386,0.127,0,0
1,0,0,-1.645,0.553,0.222,0.05,0,0
1,0,0,-0.092,0.136,0.623,-0.006,0,0
1,0,0,1.706,0.271,-0.8,-0.083,0,0
0,1,0,-0.198,0.303,0.361,-0.017,0,0
0,1,0,7.743,0.665,6.964,-0.186,2,1
0,1,0,10.131,0.433,3.991,-0.005,2,1
0,1,0,-0.378,-0.49,0.623,-0.034,0,0
0,0,1,-0.416,-0.223,-0.4,-0.073,0,0
0,1,0,6.727,0.026,5.579,4.21,3,1
0,0,1,0.93,0.078,0.926,0.12,0,0
0,1,0,0.986,-0.058,0.407,-0.09,0,0
0,0,1,1.385,-0.312,0.675,2.615,1,0
0,0,1,-0.741,-0.166,-0.21,0.009,0,0
1,0,0,5.11,0.221,9.392,-0.272,2,1
0,0,1,1.119,-0.646,-0.4,0.015,0,0
0,0,1,-0.005,-0.116,0.23,-0.062,0,0
1,0,0,0.647,-0.264,0.458,-0.082,0,0
0,0,1,3.713,0.232,6.518,5.612,3,1
1,0,0,0.716,-0.027,0.434,0.063,0,0
0,1,0,1.048,-0.296,0.928,0.075,0,0
0,1,0,0.296,0.213,-0.189,0.1,0,0
0,0,1,0.392,45.282,13.515,-0.097,2,1
0,0,1,-1.164,-0.004,-0.4,-0.137,0,0
0,0,1,9.501,0.515,5.902,4.925,3,1
0,1,0,0.896,0.194,0.223,-0.13,0,0
0,1,0,-1.302,-0.015,-0.208,-0.002,0,0
0,1,0,4.126,1.034,11.664,-0.054,2,1
1,0,0,0.36,-0.029,-0.049,-0.021,0,0
0,1,0,-0.328,0.455,-1.086,-0.038,0,0
0,1,0,4.128,1.083,15.834,-0.067,2,1
0,0,1,-0.264,0.13,-0.4,0.076,0,0
0,0,1,-1.122,0.135,0.55,-0.01,0,0
0,1,0,-0.594,-0.014,0.845,0.186,0,0
0,1,0,5.314,-0.279,8.905,-0.159,2,1
0,1,0,0.247,0.488,-0.419,0.136,0,0
0,0,1,8.08,0.123,2.652,0.012,2,1
1,0,0,-0.16,-0.126,0.106,-0.127,0,0
0,1,0,0.869,0.017,0.167,-0.002,0,0
0,1,0,0.831,-0.264,-0.285,-0.045,0,0
0,1,0,-0.002,0.229,-0.099,0.056,0,0
0,0,1,0.974,-0.075,0.764,-0.124,0,0
0,0,1,-1.012,0.4,0.51,-0.148,0,0
0,0,1,0.676,-0.667,-0.044,0.056,0,0
0,1,0,-1.205,0.465,0.055,-0.001,0,0
1,0,0,0.288,0.167,0.138,0.05,0,0
0,1,0,1.825,14.729,17.353,-0.127,2,1
1,0,0,8.084,-0.041,7.544,3.872,3,1
1,0,0,5.176,12.452,11.535,0.161,3,1
0,1,0,0.978,0.186,-0.355,0.138,0,0
0,1,0,-0.917,-0.284,0.059,0.067,0,0
0,0,1,3.701,0.161,7.97,5.09,3,1
0,1,0,-1.454,0.361,-0.88,-0.054,0,0
0,0,1,6.401,0.139,3.201,0.026,2,1
0,1,0,1.331,-0.077,0.008,-0.085,0,0
1,0,0,0.889,0.62,-0.001,3.093,1,0
1,0,0,0.175,0.031,-0.421,0.021,0,0
1,0,0,8.335,0.068,6.826,2.819,3,1
0,0,1,5.112,-0.09,6.499,-0.194,2,1
0,1,0,4.173,1.561,13.795,0.055,2,1
0,0,1,-1.29,0.115,-0.4,0.019,0,0
0,0,1,-0.001,0.203,0,-0.16,0,0
0,0,1,4.27,59.765,13.507,-0.075,3,1
0,1,0,6.185,-0.112,4.567,0.014,2,1
0,1,0,0.876,0.15,0.006,-0.085,0,0
1,0,0,2.752,-0.37,0.841,2.039,2,0
0,0,1,-0.774,-0.044,-0.4,-0.069,0,0
0,1,0,-1.456,0.333,0.672,-0.02,0,0
0,1,0,-0.506,0.342,-0.594,0.026,0,0
0,1,0,2.975,-0.084,4.907,5.303,3,1
1,0,0,0.084,0.069,0.172,0.038,0,0
1,0,0,3.426,19.254,18.499,0.088,3,1
0,0,1,-1.013,-0.126,-0.4,0.073,0,0
0,1,0,0.541,0.089,0.427,0.116,0,0
0,1,0,-1.974,0.535,-0.363,-0.039,0,0
0,1,0,4.091,0.051,6.157,4.027,3,1
0,0,1,6.853,0.682,6.178,4.104,3,1
0,0,1,1.513,-0.171,1.542,2.499,1,0
1,0,0,3.304,1.086,17.142,0.106,2,1
1,0,0,1.76,16.043,15.033,0.096,2,1
0,0,1,0.409,0.316,0.138,0.024,0,0
0,1,0,-0.802,0.24,0.158,-0.037,0,0
0,0,1,1.511,0.472,-0.141,0.003,0,0
1,0,0,8.178,-0.145,2.346,0.018,2,1
0,0,1,-0.142,-0.222,0.348,-0.013,0,0
1,0,0,-1.244,-0.328,0.218,0.059,0,0
0,1,0,6.112,0.156,7.685,-0.246,2,1
0,0,1,1.919,22.027,15.799,-0.087,2,1
1,0,0,7.291,0.01,8.116,-0.122,2,1
1,0,0,-0.684,0.115,-0.7,0.003,0,0
0,1,0,4.808,-0.311,5.833,-0.102,2,1
0,1,0,1.576,0.124,0.395,-0.022,0,0
1,0,0,0.634,0.107,0.783,2.235,1,0
0,0,1,-0.322,0.281,-0.376,0.076,0,0
0,1,0,8.298,-0.295,5.567,5.207,3,1
0,1,0,0.255,-0.516,0.589,-0.082,0,0
0,0,1,0.763,-0.125,1.007,0.096,0,0
0,0,1,9.203,-0.123,7.168,3.495,3,1
1,0,0,0.809,0.262,0.384,0.138,0,0
0,0,1,3.284,1.472,16.435,-0.03,2,1
1,0,0,4.598,-0.027,10.664,-0.133,2,1
0,1,0,1.614,-0.667,-0.67,-0.025,0,0
1,0,0,4.373,1.087,10.972,0.013,2,1
0,0,1,2.27,-0.431,0.52,-0.037,0,0
0,0,1,-0.202,-0.545,-0.4,-0.072,0,0
0,0,1,0.469,38.77,10.587,-0.062,2,1
0,0,1,1.054,-0.18,0.34,0.03,0,0
1,0,0,0.525,0.319,0.359,-0.014,0,0
1,0,0,-1.843,0.13,0.262,-0.001,0,0
1,0,0,7.482,0.177,1.242,0.132,1,1
0,0,1,8.477,-0.349,5.472,-0.042,2,1
0,1,0,12.047,0.126,2.525,0.008,2,1
1,0,0,1.26,0.181,-0.025,-0.03,0,0
0,0,1,7.141,-0.125,5.006,5.077,3,1
0,0,1,1.556,-0.327,0.258,0.044,0,0
1,0,0,8.71,0.043,5.036,-0.017,2,1
1,0,0,0.201,-0.205,0.642,-0.014,0,0
0,0,1,0.705,0.143,0.509,0.011,0,0
0,1,0,0.69,-0.268,0.317,-0.07,0,0
1,0,0,-0.292,0.2,0.785,-0.001,0,0
0,0,1,0.84,0.101,-0.177,0.055,0,0
0,1,0,1.972,6.189,11.327,-0.113,2,1
1,0,0,2.919,1.402,11.85,-0.031,2,1
0,1,0,0.873,0.08,-0.223,0.003,0,0
1,0,0,-0.629,-0.062,-0.045,-0.017,0,0
0,0,1,0.031,0.233,0.484,0.112,0,0
0,1,0,-0.902,-0.581,0.115,-0.01,0,0
0,0,1,0.027,-0.115,0.051,0.081,0,0
0,1,0,1.649,-0.059,0.468,2.348,1,0
0,0,1,-1.944,0.166,0.779,0.076,0,0
1,0,0,0.637,-0.103,0.077,-0.037,0,0
1,0,0,-0.65,0.351,0.116,0.036,0,0
0,1,0,-0.372,-0.142,0.315,0.068,0,0
0,1,0,5.193,0.878,10.331,0.219,2,1
1,0,0,0.7,0.203,-0.15,-0.088,0,0
1,0,0,-0.762,0.581,-0.693,0.13,0,0
0,1,0,6.65,0.048,11.622,-0.322,2,1
0,1,0,-0.038,-0.502,0.659,0.017,0,0
0,1,0,-0.071,0.21,0.807,-0.078,0,0
0,0,1,6.681,0.192,2.841,0.021,2,1
1,0,0,5.509,1.249,14.042,0.085,2,1
0,1,0,1.004,1.766,16.566,0.053,1,1
1,0,0,0.544,-0.229,-0.056,0.1,0,0
0,1,0,1.851,0.179,0.091,-0.171,0,0
0,1,0,2.96,1.564,18.043,-0.01,2,1
0,0,1,0.018,-0.514,0.025,0,0,0
0,0,1,5.523,-0.667,4.198,5.253,3,1
1,0,0,6.077,-0.194,7.046,3.818,3,1
1,0,0,0.482,0.245,0.118,0.042,0,0
0,0,1,-1.796,-0.475,-0.4,0.078,0,0
0,0,1,-0.976,0.414,-0.151,0.105,0,0
0,1,0,2.69,13.704,9.034,-0.061,3,1
0,1,0,0.312,-0.184,0.29,0.096,0,0
0,0,1,-0.448,0.4,-0.4,-0.039,0,0
1,0,0,0.126,-0.109,-0.413,-0.088,0,0
1,0,0,-1.653,0.269,0.454,-0.037,0,0
0,0,1,9.573,0.396,4.394,-0.018,2,1
0,0,1,2.908,1.757,10.238,-0.004,2,1
0,1,0,0.613,-0.087,-0.46,0.172,0,0
0,1,0,3.648,1.399,15.807,0.021,2,1
1,0,0,-1.886,-0.085,0.378,-0.016,0,0
0,1,0,-1.7,0.114,-0.529,-0.089,0,0
1,0,0,7.808,-0.25,8.015,-0.396,2,1
0,1,0,7.586,-0.006,6.539,-0.152,2,1
0,1,0,6.382,-0.026,4.658,3.682,3,1
0,0,1,7.837,0.129,7.279,4.911,3,1
0,0,1,0.2,0.865,-0.4,0.068,0,0
0,1,0,-0.432,-0.022,-0.463,-0.085,0,0
0,0,1,1.708,-0.021,-0.065,0.108,0,0
0,1,0,1.648,0.173,0.041,0.026,0,0
0,0,1,-1.824,-0.39,-0.4,0.009,0,0
0,0,1,-1.657,-0.326,-0.102,0.092,0,0
0,1,0,11.611,0.058,3.61,0.052,2,1
0,0,1,1.551,-0.165,-0.251,0.035,0,0
1,0,0,-1.288,-0.169,-0.8,0.099,0,0
1,0,0,1.359,27.09,13.253,0.03,2,1
1,0,0,1.915,18.588,19.907,-0.034,2,1
1,0,0,11.471,0.08,5.427,0.025,2,1
1,0,0,1.121,31.576,15.225,0.003,2,1
0,1,0,10.932,-0.021,4.513,-0.019,2,1
1,0,0,2.86,34.414,18.918,-0.06,3,1
0,1,0,6.612,-0.119,7.469,4.244,3,1
0,1,0,-1.149,-0.304,0.715,0.046,0,0
0,0,1,4.413,1.194,15.383,-0.096,2,1
0,1,0,-0.282,-0.491,0.864,-0.08,0,0
1,0,0,1.935,-0.607,0.666,2.831,1,0
1,0,0,0.527,-0.049,-0.8,-0.092,0,0
0,0,1,8.832,0.187,5.064,-0.064,2,1
1,0,0,0.053,0.147,0.53,0.083,0,0
0,0,1,2.545,-0.505,-0.017,-0.098,1,0
0,1,0,-1.016,-0.297,0.705,0.011,0,0
0,0,1,-1.781,-0.38,0.097,-0.034,0,0
0,1,0,7.3,-0.035,6.983,5.134,3,1
1,0,0,0.625,-0.032,-0.055,0.082,0,0
1,0,0,0.698,-0.526,-0.428,0.061,0,0
0,1,0,1.512,1.383,13.327,-0.107,1,1
0,0,1,-0.206,-0.281,-0.275,0.175,0,0
0,1,0,-0.795,-0.076,0.37,-0.044,0,0
1,0,0,4.544,0.057,3.395,4.533,3,1
1,0,0,6.783,-0.03,4.595,5.667,3,1
0,0,1,8.966,0.046,3.789,0.028,2,1
0,1,0,6.613,0.016,10.983,-0.31,2,1
1,0,0,6.571,0.082,8.912,-0.196,2,1
0,0,1,2.409,0.891,13.132,0.019,1,1
1,0,0,2.193,29.149,13.956,-0.158,2,1
0,0,1,9.966,0.431,3.655,0.122,2,1
0,1,0,-0.409,0.651,0.962,-0.066,0,0
0,0,1,8.6,0.271,5.661,5.677,3,1
1,0,0,0.949,0.423,0.071,-0.016,0,0
0,0,1,1.302,-0.012,-0.4,-0.079,0,0
0,0,1,-0.848,-0.279,-0.165,0.168,0,0
1,0,0,7.767,0.099,5.734,3.484,3,1
1,0,0,1.126,0.237,-0.019,0.007,0,0
0,1,0,4.535,-0.273,2.494,0.043,2,1
1,0,0,1.254,0.038,-0.573,-0.07,0,0
0,1,0,0.331,-0.073,-0.625,-0.075,0,0
0,0,1,5.426,0.329,10.905,-0.277,2,1
0,0,1,0.029,0.185,0.211,0.086,0,0
0,1,0,2.285,1.378,17.498,0.058,1,1
1,0,0,4.309,0.538,5.772,3.929,3,1
0,0,1,1.269,0.007,-0.4,-0.021,0,0
1,0,0,9.086,-0.158,6.359,-0.096,2,1
0,0,1,-1.769,0.157,0.153,0.096,0,0
0,1,0,4.506,9.394,17.214,-0.089,3,1
0,1,0,3.028,7.004,11.891,-0.09,3,1
0,0,1,4.033,30.415,11.185,-0.051,3,1
0,0,1,2.552,1.606,17.072,0.08,2,1
1,0,0,0.023,0.028,-0.366,0.133,0,0
1,0,0,7.636,0.056,6.463,-0.02,2,1
1,0,0,3.107,0.228,5.921,3.473,3,1
0,0,1,-0.63,-0.159,0.029,0.031,0,0
1,0,0,1.818,29.444,15.474,0.172,2,1
0,0,1,-0.418,-0.222,0.372,-0.006,0,0
0,0,1,7.62,0.054,7.263,-0.279,2,1
0,1,0,3.242,4.997,8.871,-0.016,3,1
0,1,0,-0.372,-0.165,-0.561,-0.154,0,0
0,0,1,1.774,29.282,17.638,0.077,2,1
0,0,1,0.215,-0.479,-0.4,-0.001,0,0
0,0,1,6.011,-0.637,7.605,4.342,3,1
1,0,0,2.079,-0.043,1.333,3.158,1,0
0,0,1,-1.419,-0.24,-0.027,-0.094,0,0
0,1,0,-0.852,-0.553,0.642,-0.015,0,0
1,0,0,-0.391,-0.157,0.284,0.108,0,0
0,1,0,7.889,-0.335,2.134,-0.129,2,1
1,0,0,0.535,-0.142,2.42,3.182,2,0
0,1,0,0.043,-0.042,-0.031,0.063,0,0
1,0,0,-0.367,0.23,0.169,-0.054,0,0
0,0,1,6.622,0.359,8.437,-0.158,2,1
0,1,0,6.287,0.508,6.246,2.648,3,1
0,0,1,4.374,40.242,11.144,0.058,3,1
0,0,1,0.202,-0.201,1.65,3.318,1,0
0,0,1,4.499,0.987,13.281,-0.145,2,1
1,0,0,-0.013,0.091,0.615,0,0,0
1,0,0,2.372,24.779,19.761,0.047,2,1
0,1,0,-1.43,0.049,0.644,-0.125,0,0
1,0,0,-0.803,-0.094,0.774,-0.009,0,0
1,0,0,-0.921,-0.099,-0.146,-0.007,0,0
0,0,1,1.222,0.319,-0.028,0.007,0,0
1,0,0,-0.376,-0.026,0.142,0.061,0,0
1,0,0,-0.042,-0.046,0.249,0.088,0,0
0,1,0,3.983,5.874,9.128,-0.023,3,1
1,0,0,2.913,29.834,12.325,-0.021,3,1
0,0,1,6.892,-0.468,6.411,5.039,3,1
0,1,0,-0.854,-0.268,0.043,-0.087,0,0
0,1,0,6,0.142,8.315,-0.199,2,1
0,1,0,0.625,-0.118,0.167,2.876,1,0
0,1,0,4.697,1.572,13.36,-0.01,2,1
0,1,0,11.644,0.013,3.443,0.07,2,1
1,0,0,1.853,-0.188,-0.292,-0.039,0,0
0,0,1,-0.572,-0.31,0.332,-0.087,0,0
0,0,1,5.888,0.061,7.066,-0.255,2,1
0,1,0,-1.383,0.215,0.636,0.039,0,0
1,0,0,5.232,-0.148,3.399,4.46,3,1
1,0,0,7.645,-0.043,3.414,-0.035,2,1
0,1,0,4.2,1.581,17.089,0.102,2,1
0,0,1,4.58,1.225,13.17,-0.101,2,1
0,0,1,-0.107,0.313,0.576,-0.05,0,0
0,1,0,0.434,0.089,0.351,-0.134,0,0
1,0,0,-0.849,-0.102,0.894,0.052,0,0
0,1,0,-0.406,0.503,-0.243,-0.067,0,0
0,0,1,-0.444,-0.121,0.026,0.039,0,0
1,0,0,-0.349,0.195,0.484,0.017,0,0
1,0,0,-0.255,0.13,0.37,0.003,0,0
0,0,1,7.231,0.29,6.669,3.071,3,1
0,0,1,1.055,0.603,0.41,-0.035,0,0
1,0,0,1.039,0.403,0.104,-0.037,0,0
1,0,0,-2.405,-0.157,0.017,0.019,0,0
0,0,1,0.787,1.895,17.312,-0.003,1,1
1,0,0,4.682,1.109,11.413,-0.109,2,1
0,0,1,5.598,0.231,4.194,5.442,3,1
1,0,0,0.775,0.11,0.157,0.03,0,0
0,0,1,0.725,0.037,-0.343,0.004,0,0
1,0,0,-1.655,0.055,0.676,-0.025,0,0
1,0,0,-0.561,-0.04,0.664,0.021,0,0
0,1,0,3.278,0.845,11.752,0.068,2,1
1,0,0,0.042,0.207,-0.342,-0.039,0,0
1,0,0,9.179,-0.008,4.541,0.034,2,1
0,1,0,-0.623,-0.121,0.086,-0.016,0,0
1,0,0,0.466,0.369,0.265,-0.118,0,0
0,0,1,2.485,-0.193,1.518,3.069,1,0
0,0,1,-0.699,-0.181,-0.4,0.075,0,0
0,0,1,-0.024,0.098,-0.046,0.087,0,0
0,1,0,1.454,0.445,1.718,3.208,1,0
0,1,0,-0.634,0.033,0.111,-0.059,0,0
0,0,1,0.194,0.434,-0.4,0.094,0,0
0,0,1,10.085,-0.444,4.265,5.697,3,1
1,0,0,1.321,0.095,-0.067,0.052,0,0
0,1,0,5.431,1.364,15.096,-0.103,2,1
0,1,0,-1.062,0.354,0.282,0.041,0,0
0,0,1,0.466,-0.012,-0.4,-0.022,0,0
0,1,0,-0.556,0.348,0.408,-0.013,0,0
1,0,0,0.428,0.317,0.118,-0.046,0,0
0,0,1,-0.279,-0.257,0.699,-0.035,0,0
1,0,0,-0.115,-0.019,-0.028,-0.082,0,0
0,1,0,7.266,0.242,11.092,-0.189,2,1
0,1,0,4.892,-0.3,4.375,5.304,3,1
0,1,0,1.79,0.262,0.18,-0.104,0,0
0,0,1,3.494,1.298,10.892,-0.038,2,1
1,0,0,6.584,-0.169,5.934,-0.313,2,1
0,0,1,-0.513,0.225,0.192,0.028,0,0
0,1,0,0.641,-0.189,-0.091,-0.029,0,0
0,0,1,0.957,-0.043,-0.4,0.097,0,0
0,1,0,-2.353,0.505,0.541,0.087,0,0
0,1,0,1.162,-0.136,-0.169,-0.008,0,0
0,0,1,6.308,0.426,4.872,-0.059,2,1
0,0,1,10.278,0.263,2.748,-0.005,2,1
0,0,1,2.587,1.436,17.421,-0.068,2,1
1,0,0,0.583,-0.417,-0.38,0.065,0,0
1,0,0,-0.676,0.238,0.825,0.031,0,0
0,0,1,5.148,1.186,17.176,0.001,2,1
1,0,0,0.147,-0.545,0.295,-0.093,0,0
0,0,1,4.07,1.06,12.748,0.024,2,1
0,1,0,-0.265,-0.376,-0.354,-0.019,0,0
0,1,0,0.703,-0.204,-0.015,0.115,0,0
0,1,0,1.47,0.665,-0.148,0.1,0,0
1,0,0,0.047,0.259,-0.318,0.086,0,0
0,0,1,0.317,-0.011,-0.1,-0.044,0,0
0,1,0,0.443,-0.228,-0.782,-0.047,0,0
1,0,0,2.56,18.16,12.134,0.017,3,1
0,1,0,-1.293,-0.312,0.063,-0.012,0,0
0,1,0,0.239,-0.106,0.209,0.08,0,0
0,1,0,4.867,1.127,15.488,-0.043,2,1
1,0,0,0.448,0.167,0.11,-0.143,0,0
1,0,0,-0.423,0.104,-0.04,-0.011,0,0
1,0,0,-0.165,0.334,-0.582,-0.051,0,0
1,0,0,-1.549,0.153,-0.178,-0.021,0,0
0,0,1,0.927,-0.177,-0.067,-0.064,0,0
0,0,1,1.692,54.955,16.191,0.023,2,1
0,1,0,6.758,0.134,7.367,4.2,3,1
0,0,1,-0.991,-0.101,0.132,0.033,0,0
1,0,0,1.981,0.099,-0.359,0.068,0,0
0,0,1,0.735,-0.05,-0.4,-0.073,0,0
0,1,0,-0.544,0.307,0.391,-0.047,0,0
0,1,0,-1.259,-0.424,-0.192,0.101,0,0
0,0,1,1.441,0.56,0.214,-0.014,0,0
0,1,0,-0.562,0.068,0.412,-0.02,0,0
0,0,1,2.395,-0.078,-0.181,-0.007,0,0
0,1,0,7.334,-0.518,3.337,0.062,2,1
0,1,0,0.381,0.078,-0.117,-0.012,0,0
0,1,0,-1.189,-0.109,1.085,-0.132,0,0
0,0,1,6.215,-0.056,2.558,-0.007,2,1
1,0,0,-0.223,0.187,-0.056,0.019,0,0
1,0,0,2.188,0.243,0.526,2.556,1,0
0,0,1,10.578,0.131,4.502,5.488,3,1
0,1,0,5.8,0.664,7.496,-0.247,2,1
0,1,0,-0.17,0.405,0.491,0.033,0,0
0,1,0,-0.433,0.245,0.028,0.112,0,0
0,1,0,1.646,-0.249,1.65,2.632,1,0
0,1,0,-0.91,0.119,-0.39,0.004,0,0
1,0,0,0.41,0.318,-0.106,-0.059,0,0
1,0,0,3.41,31.864,16.479,-0.111,3,1
0,0,1,9.566,-0.136,2.953,-0.028,2,1
0,1,0,3.192,0.692,10.374,0.004,2,1
1,0,0,6.473,-0.149,5.49,3.319,3,1
0,0,1,0.253,0.21,0.506,2.145,1,0
0,0,1,6.598,-0.365,3.407,0.08,2,1
1,0,0,8.363,-0.256,6.411,0.055,2,1
0,0,1,3.248,1.061,12.535,0.043,2,1
0,0,1,-2.167,-0.399,-0.21,-0.023,0,0
0,0,1,-1.101,0.121,-0.182,0.014,0,0
1,0,0,1.301,19.871,9.302,-0.018,2,1
1,0,0,0.185,0.191,0.417,-0.023,0,0
0,1,0,3.761,-0.097,6.078,3.499,3,1
1,0,0,5.817,-0.03,10.456,-0.37,2,1
0,1,0,0.663,12.753,17.952,0.045,2,1
0,1,0,0.019,-0.026,0.658,0.052,0,0
0,0,1,-0.726,0.233,0.117,0.006,0,0
1,0,0,-1.275,0.559,-0.134,-0.014,0,0
0,1,0,-1.32,0.317,-0.125,-0.041,0,0
1,0,0,0.216,-0.031,-0.61,-0.013,0,0
1,0,0,6.563,0.311,2.604,-0.01,2,1
1,0,0,-2.161,0.544,0.191,0.028,0,0
1,0,0,5.202,-0.392,8.86,-0.273,2,1
0,1,0,1.978,0.128,0.347,-0.042,0,0
1,0,0,-0.361,-0.182,-0.118,-0.044,0,0
0,0,1,-1.424,-0.257,-0.4,0.104,0,0
1,0,0,-0.534,0.111,-0.228,0.026,0,0
1,0,0,3.466,1.207,10.238,-0.001,2,1
0,0,1,0.292,-0.096,-0.4,0.017,0,0
0,0,1,0.844,0.209,-0.374,0.03,0,0
0,0,1,7.069,-0.514,10.492,-0.25,2,1
0,1,0,-0.609,0.196,-0.158,-0.137,0,0
0,1,0,1.313,-0.054,1.157,2.551,1,0
0,1,0,2.421,11.109,14.434,-0.012,2,1
0,1,0,0.355,-0.205,-0.992,0.035,0,0
0,0,1,0.211,-0.002,0.421,-0.062,0,0
1,0,0,1.35,-0.329,0.419,0.008,0,0
1,0,0,-1.242,-0.146,-0.157,-0.113,0,0
0,0,1,0.042,0.183,-0.047,-0.061,0,0
0,0,1,-1.718,0.06,-0.224,-0.052,0,0
0,0,1,-0.248,0.184,-0.4,-0.123,0,0
0,0,1,0.059,-0.161,-0.4,-0.082,0,0
0,0,1,5.918,0.012,10.49,-0.374,2,1
0,1,0,0.925,-0.249,0.476,-0.225,0,0
0,0,1,-0.958,0.319,-0.174,0.051,0,0
1,0,0,3.581,31.621,11.877,-0.063,3,1
0,1,0,8.033,0.36,5.44,3.051,3,1
1,0,0,1.21,0.385,-0.529,0.137,0,0
0,1,0,-1.828,0.022,-0.225,-0.114,0,0
0,1,0,0.01,10.9,17.977,-0.007,2,1
1,0,0,3.785,28.197,19.37,0.007,3,1
1,0,0,1.354,-0.028,-0.558,-0.104,0,0
0,0,1,7.367,1.28,16.81,0.067,2,1
0,0,1,-0.593,-0.105,-0.235,-0.013,0,0
0,0,1,-0.119,-0.05,0.133,0.05,0,0
1,0,0,10.096,-0.216,2.818,0.127,2,1
0,1,0,2.301,0.083,-0.361,0.003,0,0
0,1,0,0.372,-0.017,-0.421,-0.037,0,0
0,0,1,0.539,0.086,0.137,-0.005,0,0
1,0,0,7.6,-0.108,11.544,-0.112,2,1
1,0,0,0.29,-0.076,-0.005,-0.12,0,0
0,0,1,-0.295,0.147,0.453,-0.004,0,0
1,0,0,0.615,0.162,0.931,-0.008,0,0
0,1,0,-0.585,-0.346,0.765,0.001,0,0
1,0,0,8.817,0.37,2,0.155,1,1
0,0,1,5.017,-0.155,8.32,-0.244,2,1
1,0,0,0.737,0.341,0.704,0.008,0,0
0,0,1,9.505,-0.01,5.201,0.089,2,1
0,1,0,2.103,9.512,16.707,0.116,2,1
0,0,1,-1.626,0.137,0.159,0.026,0,0
1,0,0,0.114,0.026,0.692,0.112,0,0
0,1,0,1.536,0.056,-0.185,-0.012,0,0
0,0,1,1.542,0.48,0.095,-0.123,0,0
0,0,1,5.053,-0.096,7.719,2.74,3,1
1,0,0,0.347,0.198,-0.05,-0.142,0,0
0,0,1,4.558,1.65,11.813,0.082,2,1
0,0,1,-1.037,-0.462,0.316,0.042,0,0
0,0,1,3.99,0.934,13.807,-0.35,2,1
1,0,0,0.624,-0.278,0.389,1.927,1,0
0,1,0,-0.372,0.125,-0.059,-0.016,0,0
0,1,0,4.151,1.298,16.185,-0.006,2,1
1,0,0,0.126,0.412,-0.046,0.01,0,0
0,1,0,0.737,0.233,-0.61,-0.051,0,0
0,1,0,0.217,-0.277,-0.477,-0.074,0,0
0,0,1,7.725,-0.1,4.92,5.518,3,1
0,1,0,-0.629,-0.191,-0.48,-0.008,0,0
0,0,1,11.24,-0.356,5.447,4.742,3,1
0,1,0,0.47,0.364,-0.351,-0.141,0,0
0,1,0,-1.306,0.578,0.526,0.033,0,0
1,0,0,5.541,1.114,14.483,0.013,2,1
1,0,0,-2.25,0.161,0.849,-0.092,0,0
0,0,1,0.104,-0.027,0.831,-0.01,0,0
0,0,1,1.58,-0.09,-0.129,0.134,0,0
0,1,0,-0.981,0.152,0.046,0.114,0,0
1,0,0,0.509,-0.044,0.254,-0.038,0,0
1,0,0,1.38,-0.667,-0.252,-0.046,0,0
1,0,0,0.361,0.001,-0.109,-0.016,0,0
0,0,1,-0.454,-0.146,0.13,-0.061,0,0
1,0,0,4.776,0.347,6.552,0.107,2,1
0,0,1,4.503,44.419,16.695,-0.018,3,1
0,1,0,-0.113,-0.42,-0.773,-0.002,0,0
1,0,0,8.928,-0.46,2.398,0.071,2,1
0,0,1,6.659,-0.486,6.738,-0.142,2,1
0,0,1,0.032,0.21,0.117,0.111,0,0
0,0,1,1.588,0.133,0.239,2.322,1,0
1,0,0,-0.185,-0.049,-0.143,-0.127,0,0
0,1,0,3.587,12.796,19.67,-0.193,3,1
0,1,0,0.21,-0.475,0.003,-0.027,0,0
1,0,0,-0.715,0.575,0.302,-0.004,0,0
1,0,0,-0.84,0.043,-0.018,0.188,0,0
0,0,1,-0.77,-0.232,0.949,0.017,0,0
1,0,0,2.102,1.817,18.568,0.022,1,1
0,1,0,10.424,-0.483,2.8,0.153,2,1
1,0,0,-0.253,18.358,18.555,-0.004,2,1
0,0,1,-0.32,-0.573,0.634,-0.003,0,0
0,1,0,-0.103,0.108,-0.36,0.134,0,0
1,0,0,1.19,0.323,0.105,-0.051,0,0
1,0,0,8.359,0.097,3.324,-0.067,2,1
0,1,0,0.526,-0.33,-0.92,-0.145,0,0
0,0,1,-0.572,0.076,0.444,0.084,0,0
0,0,1,0.46,0.141,0.203,-0.081,0,0
0,1,0,9.107,-0.647,7.868,4.742,3,1
1,0,0,2.031,21.859,14.59,0.202,2,1
0,1,0,6.961,0.463,4.191,0.018,2,1
1,0,0,-0.279,-0.111,-0.295,0.031,0,0
0,0,1,2.092,-0.035,-0.054,-0.037,0,0
0,0,1,-2.941,-0.092,0.45,-0.009,0,0
0,1,0,0.2,-0.139,0.012,-0.071,0,0
1,0,0,0.341,0.153,0.383,0.018,0,0
1,0,0,0.69,30.119,19.227,-0.024,2,1
0,0,1,0.207,0.365,-0.075,-0.076,0,0
0,1,0,-0.339,0.289,0.481,0.085,0,0
0,0,1,8.526,-0.242,5.671,3.366,3,1
1,0,0,6.695,-0.349,3.998,5.264,3,1
0,0,1,4.226,-0.232,6.835,3.134,3,1
0,0,1,1.101,-0.344,0.346,-0.027,0,0
0,0,1,7.161,0.303,7.731,3.725,3,1
0,1,0,2.502,0.162,0.008,0.026,1,0
1,0,0,1.208,-0.427,0.103,-0.079,0,0
0,1,0,0.233,0.518,2.15,2.608,2,0
0,0,1,0.262,-0.62,0.108,-0.052,0,0
0,0,1,0.432,0.155,-0.4,0.1,0,0
0,0,1,0.65,0.001,0.568,0.017,0,0
0,1,0,0.402,-0.134,0.437,0.04,0,0
1,0,0,0.757,-0.068,-0.8,-0.025,0,0
1,0,0,-0.688,0.329,0.203,0.022,0,0
1,0,0,7.573,-0.667,4.426,3.628,3,1
1,0,0,1.649,-0.086,-0.342,-0.053,0,0
1,0,0,10.816,0.008,3.67,-0.023,2,1
0,1,0,0.395,-0.129,0.463,-0.036,0,0
0,1,0,7.335,-0.02,6.629,4.464,3,1
0,0,1,0.674,0.293,-0.07,0.015,0,0
0,0,1,7.748,-0.257,5.853,0.073,2,1
0,0,1,-3.042,0.298,-0.34,-0.121,0,0
0,1,0,-0.536,-0.178,-0.587,0.064,0,0
0,0,1,9.665,0.136,6.32,0.056,2,1
0,0,1,-0.741,0.018,-0.4,-0.073,0,0
1,0,0,0.769,0.156,0.362,-0.012,0,0
0,0,1,7.278,0.284,7.913,-0.369,2,1
0,1,0,0.734,0.184,0.313,0.037,0,0
0,1,0,-0.246,0.056,0.599,0.022,0,0
0,1,0,1.86,7.841,18.946,0.055,2,1
0,1,0,-0.926,-0.156,-0.519,-0.069,0,0
0,1,0,4.042,13.886,9.747,-0.069,3,1
0,1,0,8.405,0.242,6.512,-0.177,2,1
1,0,0,-0.275,-0.667,0.171,-0.117,0,0
0,0,1,1.022,-0.308,-0.4,-0.039,0,0
1,0,0,5.952,0.253,2.912,0.017,2,1
1,0,0,1.024,-0.187,-0.047,-0.164,0,0
0,0,1,5.644,0.248,5.117,2.938,3,1
1,0,0,0.748,-0.115,0.718,0.035,0,0
0,0,1,-0.359,-0.431,0.222,-0.122,0,0
0,0,1,5.051,-0.25,6.392,-0.148,2,1
0,1,0,-0.782,0.295,-0.712,-0.017,0,0
1,0,0,0.4,0.071,0.508,0.066,0,0
1,0,0,0.197,0.037,0.955,-0.008,0,0
0,1,0,2.784,9.621,11.726,-0.024,3,1
1,0,0,6.752,1.098,11.912,0.023,2,1
0,1,0,-0.564,0.066,-0.819,0.142,0,0
1,0,0,-0.186,-0.24,0.126,0.036,0,0
0,1,0,-1.07,0.26,-0.349,0.134,0,0
0,1,0,1.295,-0.21,0.4,0.073,0,0
0,0,1,9.571,-0.38,6.486,5.946,3,1
0,1,0,0.377,-0.373,-0.773,-0.031,0,0
0,1,0,3.649,1.533,11.134,-0.042,2,1
0,0,1,0.969,-0.005,1.727,2.021,1,0
0,0,1,8.721,-0.076,4.746,3.066,3,1
0,1,0,-1.119,0.248,0.518,0.008,0,0
1,0,0,0.031,0.121,-0.8,-0.149,0,0
0,0,1,2.587,27.215,11.288,0.009,3,1
0,1,0,0.434,-0.016,0.136,0.235,0,0
1,0,0,0.061,-0.203,1.189,-0.094,0,0
0,1,0,0.244,-0.398,-0.089,0.101,0,0
0,0,1,-0.939,-0.119,0.136,-0.064,0,0
1,0,0,-0.117,-0.119,-0.097,0.106,0,0
1,0,0,-0.196,-0.454,-0.412,0.072,0,0
0,0,1,0.686,0.352,0.552,0.004,0,0
1,0,0,-0.696,-0.191,0.514,0.027,0,0
0,1,0,-1.431,-0.42,0.128,-0.075,0,0
1,0,0,-2.174,0.703,-0.274,0.177,0,0
1,0,0,-1.193,-0.106,-0.471,-0.021,0,0
0,0,1,3.271,36.238,13.924,-0.042,3,1
0,0,1,-0.105,0.722,-0.4,0.005,0,0
0,0,1,2.889,45.338,9.075,0.034,3,1
0,0,1,-0.128,-0.078,0.553,0.182,0,0
0,0,1,11.539,0.223,3.975,-0.068,2,1
0,1,0,9.746,-0.255,2.213,-0.013,2,1
1,0,0,7.476,0.064,5.568,-0.049,2,1
0,1,0,-0.607,0.31,0.125,0.086,0,0
0,1,0,1.224,0.132,0.788,-0.076,0,0
1,0,0,6.827,0.074,2.829,-0.089,2,1
0,0,1,0.573,-0.473,0.084,0.065,0,0
1,0,0,0.976,-0.015,-0.421,-0.058,0,0
1,0,0,3.267,-0.434,1.371,3.275,2,0
1,0,0,-0.381,0.228,0.175,-0.074,0,0
0,0,1,-0.357,0.205,-0.151,-0.062,0,0
1,0,0,-0.205,0.184,-0.529,-0.168,0,0
0,1,0,3.83,9.196,20.12,-0.014,3,1
1,0,0,5.795,-0.082,6.193,3.412,3,1
0,0,1,5.66,0.029,3.654,4.245,3,1
0,0,1,0.506,0.274,0.391,-0.049,0,0
1,0,0,3.231,1.707,12.48,-0.045,2,1
0,1,0,0.766,9.415,15.399,0.026,2,1
1,0,0,-0.032,-0.157,0.333,0.148,0,0
0,1,0,6.175,0.331,4.948,3.091,3,1
0,1,0,0.957,0.04,0.535,-0.011,0,0
0,1,0,3.555,0.085,3.889,4.975,3,1
1,0,0,-0.149,-0.286,1.095,0.178,0,0
1,0,0,0.947,10.026,12.272,-0.07,2,1
0,1,0,-0.088,0.018,0.221,-0.07,0,0
0,0,1,6.581,0.098,7.911,-0.337,2,1
1,0,0,-1.356,0.499,0.4,0.078,0,0
0,1,0,-1.148,0.37,0.284,0.205,0,0
0,1,0,5.248,1.732,17.188,0.107,2,1
0,1,0,-0.408,0.559,-1.1,0.116,0,0
1,0,0,-0.584,-0.351,-0.142,-0.042,0,0
0,1,0,9.294,-0.191,2.51,0.121,2,1
0,1,0,5.27,-0.153,11.075,-0.238,2,1
1,0,0,11.641,0.045,3.576,-0.106,2,1
0,0,1,0.782,0.103,-0.127,0.111,0,0
0,1,0,1.722,-0.026,-0.073,0.019,0,0
0,0,1,3.014,62.774,9.498,-0.052,3,1
0,1,0,0.655,0.252,-0.509,-0.045,0,0
0,1,0,0.391,0.407,-0.38,-0.121,0,0
0,0,1,3.305,1.586,16.3,0.041,2,1
0,1,0,7.472,0.108,6.531,4.31,3,1
0,1,0,2.08,5.164,11.996,-0.074,2,1
0,1,0,3.849,1.208,14.151,-0.024,2,1
0,1,0,0.678,0.247,0.177,0.136,0,0
0,1,0,3.962,14.073,11.834,0.01,3,1
0,1,0,5.574,0.001,12.344,-0.171,2,1
0,1,0,3.395,1.502,13.081,0.011,2,1
0,1,0,0.666,0.275,-0.916,0.1,0,0
1,0,0,9.798,0.108,5.601,-0.019,2,1
1,0,0,0.177,0.226,-0.621,-0.054,0,0
1,0,0,4.219,1.641,14.273,-0.01,2,1
0,0,1,-1.223,-0.067,-0.03,0.104,0,0
1,0,0,-0.666,0.352,0.167,0.062,0,0
0,1,0,3.133,1.087,17.434,-0.063,2,1
0,1,0,-0.442,0.104,-0.105,-0.114,0,0
0,1,0,-0.369,-0.013,0.733,-0.01,0,0
0,0,1,1.895,0.347,-0.4,-0.059,0,0
0,0,1,2.101,-0.046,-0.4,0.031,0,0
0,1,0,-0.698,0.121,-0.229,0.003,0,0
1,0,0,1.007,0.35,0.101,-0.079,0,0
1,0,0,1.381,0.123,0.026,0.029,0,0
0,1,0,0.837,0.129,0.252,0.147,0,0
1,0,0,-0.608,-0.11,0.097,-0.034,0,0
0,0,1,-0.703,0.091,0.073,-0.094,0,0
0,0,1,-0.514,0.477,-0.4,-0.068,0,0
1,0,0,0.755,-0.028,0.827,-0.096,0,0
0,1,0,1.328,0.095,0.445,-0.112,0,0
0,1,0,5.343,-0.104,3.546,5.111,3,1
0,1,0,11.164,0.039,1.286,-0.057,1,1
1,0,0,-0.802,0.001,0.733,-0.076,0,0
0,0,1,-0.333,0.38,0.551,-0.003,0,0
1,0,0,-0.095,0.227,0.241,0.161,0,0
1,0,0,-1.564,0.45,0.859,0.034,0,0
0,0,1,-0.377,-0.253,-0.35,0.036,0,0
1,0,0,2.875,11.613,18.299,-0.045,3,1
0,0,1,8.023,-0.141,8.355,5.747,3,1
0,1,0,-0.811,0.044,-0.067,-0.045,0,0
0,0,1,-0.333,-0.025,-0.4,-0.133,0,0
0,1,0,1.011,-0.403,1.721,3.425,1,0
1,0,0,7.294,-0.235,6.116,-0.233,2,1
0,0,1,9.97,0.067,3.493,0.01,2,1
0,1,0,5.882,0.073,6.342,4.375,3,1
0,1,0,1.792,7.237,13.138,-0.053,2,1
0,0,1,0.425,0.235,-0.4,-0.092,0,0
1,0,0,-0.257,-0.667,0.906,-0.015,0,0
0,0,1,3.659,1.359,17.328,0.006,2,1
0,0,1,4.309,48.914,11.258,0.051,3,1
0,0,1,-0.163,-0.109,0.379,-0.015,0,0
0,0,1,0.495,0.061,-0.4,0.107,0,0
0,1,0,1.838,-0.465,-0.016,-0.056,0,0
0,1,0,-0.597,-0.029,-0.666,0.004,0,0
0,0,1,-0.51,-0.296,0.269,0.019,0,0
0,0,1,0.108,0.212,-0.4,-0.073,0,0
1,0,0,0.813,-0.392,1.241,3.122,1,0
1,0,0,7.401,-0.003,7.424,3.857,3,1
0,0,1,-1.486,-0.09,-0.4,-0.064,0,0
1,0,0,1.738,-0.063,-0.483,-0.042,0,0
0,0,1,2.746,0.429,0.462,0.098,1,0
0,1,0,7.071,-0.137,7.616,3.362,3,1
0,1,0,1.441,-0.062,-0.287,-0.094,0,0
0,1,0,4.124,11.5,12.73,-0.115,3,1
0,0,1,2.812,41.189,14.175,0.203,3,1
0,0,1,0.949,0.115,-0.367,-0.088,0,0
0,1,0,-0.309,-0.203,1.449,3.477,1,0
1,0,0,0.006,0.026,0.093,-0.075,0,0
1,0,0,7.286,-0.069,5.059,5.306,3,1
0,1,0,-1.637,0.016,0.001,-0.055,0,0
0,1,0,0.609,0.278,0.57,0.03,0,0
0,0,1,0.196,-0.158,0.734,0.007,0,0
0,0,1,-1.096,-0.469,-0.4,0.063,0,0
0,1,0,3.013,1.221,16.795,-0.171,2,1
1,0,0,3.084,1.092,14.361,-0.014,2,1
0,0,1,2.74,0.18,0.114,0.024,1,0
0,1,0,-0.251,-0.124,0.107,0.197,0,0
0,1,0,1.329,-0.458,0.018,-0.032,0,0
0,1,0,4.832,0.07,3.801,2.884,3,1
0,1,0,-0.108,0.006,0.214,0.049,0,0
1,0,0,-0.28,-0.24,0.202,0.111,0,0
0,0,1,0.421,0.059,0.202,0.084,0,0
0,1,0,-0.037,-0.057,0.362,-0.014,0,0
0,0,1,-2.088,-0.376,-0.014,-0.081,0,0
0,1,0,0.542,0.105,-0.098,0.018,0,0
1,0,0,5.421,-0.29,8.143,2.784,3,1
0,1,0,0.674,0.367,-0.553,0.078,0,0
0,1,0,3.276,16.164,11.501,0.075,3,1
0,0,1,0.227,0.4,-0.4,0.075,0,0
0,1,0,-0.543,0.479,-0.783,0.032,0,0
0,0,1,3.957,1.115,17.615,-0.089,2,1
0,0,1,4.945,1.472,12.237,0.047,2,1
1,0,0,0.356,0.03,-0.286,-0.076,0,0
0,1,0,1.654,-0.232,-0.589,0.028,0,0
1,0,0,2.967,-0.048,4.106,4.773,3,1
0,0,1,6.152,-0.085,4.473,4.916,3,1
0,0,1,-1.985,0.173,-0.4,-0.005,0,0
1,0,0,2.089,-0.28,0.285,-0.014,0,0
0,0,1,3.146,65.243,14.26,0.006,3,1
0,0,1,-2.541,0.04,-0.14,0.039,0,0
0,1,0,-1.873,0.113,-0.615,0.004,0,0
1,0,0,0.942,0.17,-0.8,-0.076,0,0
0,1,0,4.006,1.119,14.911,-0.049,2,1
0,1,0,0.737,-0.136,-0.421,-0.014,0,0
0,0,1,0.739,-0.041,-0.045,-0.163,0,0
1,0,0,-0.009,0.058,-0.8,0.007,0,0
0,1,0,0.277,0.197,0.545,-0.247,0,0
1,0,0,6.008,0.169,10.832,-0.255,2,1
1,0,0,-0.785,0.061,-0.407,-0.069,0,0
0,0,1,-1.124,0.114,0.223,0.018,0,0
0,0,1,0.637,0.272,0.055,-0.106,0,0
0,0,1,6.31,-0.175,5.871,3.998,3,1
1,0,0,0.672,0.112,-0.126,0.046,0,0
1,0,0,9.923,0.503,3.977,5.771,3,1
1,0,0,5.124,1.611,17.899,-0.075,2,1
0,0,1,-0.084,-0.218,0.249,0.044,0,0
0,0,1,6.866,0.397,7.569,3.855,3,1
0,0,1,0.617,53.92,11.196,-0.053,2,1
0,1,0,9.875,0.117,7.057,3.232,3,1
0,1,0,6.308,-0.461,3.519,-0.087,2,1
0,0,1,-0.116,-0.574,-0.275,-0.084,0,0
1,0,0,-1.766,0.04,0.599,-0.029,0,0
0,1,0,0.328,-0.08,-0.145,-0.006,0,0
0,1,0,-0.432,0.227,-0.56,0.089,0,0
0,0,1,-0.824,0.365,0.149,-0.032,0,0
1,0,0,-0.985,0.224,0.066,0.053,0,0
0,1,0,0.553,-0.336,0.166,0.05,0,0
0,1,0,8.347,-0.163,2.856,-0.155,2,1
0,1,0,6.378,-0.036,4.427,3.851,3,1
1,0,0,5.861,-0.367,6.008,2.561,3,1
1,0,0,-0.945,0.35,0.787,-0.279,0,0
0,1,0,0.938,-0.02,0.364,-0.232,0,0
0,0,1,1.054,-0.126,1.183,2.37,1,0
0,1,0,1.849,0.174,0.136,0.008,0,0
0,0,1,0.279,-0.07,0.262,0.053,0,0
1,0,0,-1.007,-0.136,1.008,0.109,0,0
0,0,1,4.126,43.153,11.564,-0.021,3,1
0,0,1,0.423,0.052,-0.4,-0.107,0,0
1,0,0,5.814,1.212,15.206,-0.12,2,1
0,0,1,0.233,0.142,0.772,2.927,1,0
1,0,0,0.695,-0.121,-0.219,-0.025,0,0
0,1,0,3.1,14.915,9.638,0.019,3,1
1,0,0,0.7,-0.114,-0.211,0.033,0,0
0,1,0,2.204,-0.388,-0.141,-0.036,0,0
0,0,1,7.07,0.029,6.706,-0.016,2,1
0,0,1,-0.81,0.24,-0.192,-0.044,0,0
0,1,0,0.609,-0.567,0.167,-0.039,0,0
0,0,1,6.267,-0.161,9.599,-0.298,2,1
0,0,1,7.057,0.338,5.977,4.907,3,1
0,0,1,2.177,0.178,0.843,-0.1,0,0
0,0,1,0.673,-0.299,0.696,0.034,0,0
1,0,0,5.075,-0.018,4.068,0.042,2,1
0,0,1,0.491,-0.054,0.287,0.096,0,0
1,0,0,7.456,0.064,7.044,3.88,3,1
0,1,0,0.372,0.319,-0.347,-0.066,0,0
0,0,1,3.618,1.214,11.263,-0.039,2,1
0,1,0,4.114,5.458,9.728,-0.061,3,1
0,0,1,1.294,0.035,-0.4,0.051,0,0
0,1,0,0.347,-0.252,0.19,0.073,0,0
0,1,0,0.36,0.399,0.172,0.058,0,0
0,1,0,7.053,-0.03,3.346,0.012,2,1
0,1,0,0.841,-0.156,0.708,-0.078,0,0
1,0,0,-1.374,0.299,0.187,-0.129,0,0
0,0,1,0.694,-0.347,-0.01,0.038,0,0
1,0,0,-1.033,0.025,-0.405,-0.192,0,0
0,0,1,-1.038,0.452,-0.4,0.042,0,0
1,0,0,0.57,0.171,0.17,-0.069,0,0
0,1,0,0.717,-0.392,-0.733,0.13,0,0
0,1,0,2.288,-0.015,2.066,2.371,2,0
0,0,1,-1.626,-0.305,0.944,0.03,0,0
1,0,0,3.917,1.086,12.879,0.146,2,1
1,0,0,0.83,0.046,0.765,-0.051,0,0
0,1,0,9.691,-0.155,5.092,-0.047,2,1
1,0,0,6.48,0.197,6.313,3.331,3,1
0,0,1,1.498,-0.179,-0.4,0.049,0,0
0,0,1,-0.438,-0.112,-0.143,0.054,0,0
0,1,0,1.226,-0.178,-0.764,0,0,0
0,0,1,0.264,-0.371,-0.164,-0.059,0,0
0,1,0,-0.61,0.15,1.145,-0.036,0,0
1,0,0,9.758,-0.066,4.741,-0.006,2,1
1,0,0,-1.989,-0.19,-0.305,0.028,0,0
0,1,0,0.412,0.079,-0.432,-0.098,0,0
0,1,0,6.91,0.344,7.65,-0.155,2,1
0,0,1,2.819,50.197,9.732,-0.09,3,1
0,1,0,6.573,0.021,9.917,-0.188,2,1
1,0,0,0.742,0.065,1.067,2.012,1,0
0,1,0,-0.603,0.088,-0.443,0.096,0,0
0,1,0,10.468,0.304,3.06,-0.094,2,1
0,1,0,4.112,1.563,17.146,-0.027,2,1
0,1,0,-1.888,0.018,0.209,0.036,0,0
1,0,0,4.9,1.373,10.894,-0.042,2,1
1,0,0,4.757,1.252,10.432,-0.042,2,1
0,0,1,-0.402,-0.667,0.659,-0.001,0,0
0,0,1,8.446,0.226,5.026,4.06,3,1
1,0,0,1.079,0.269,0.827,-0.051,0,0
0,0,1,0.369,0.088,-0.24,0.049,0,0
1,0,0,-0.708,-0.256,-0.076,-0.017,0,0
0,1,0,2.321,12,19.115,-0.062,2,1
0,0,1,5.092,-0.128,5.598,-0.102,2,1
1,0,0,8.811,-0.642,1.778,0.009,1,1
0,0,1,0.413,-0.461,-0.12,-0.046,0,0
0,0,1,2.487,0.049,4.276,4.046,2,1
0,0,1,-0.616,0.225,0.349,0.085,0,0
1,0,0,2.452,1.619,16.219,0.044,1,1
0,0,1,-0.934,-0.065,-0.22,0.102,0,0
0,1,0,5.478,-0.405,5.285,4.979,3,1
1,0,0,0.724,-0.356,0.311,-0.013,0,0
0,0,1,3.966,0.149,10.64,-0.172,2,1
1,0,0,1.004,-0.262,-0.498,0.023,0,0
0,0,1,0.901,0.501,-0.397,0.01,0,0
0,0,1,2.614,0.928,10.354,0.032,2,1
0,0,1,0.015,-0.299,0.075,0.049,0,0
1,0,0,0.549,0.14,-0.648,0.105,0,0
1,0,0,0.35,-0.072,0.134,-0.134,0,0
0,1,0,4.353,1.1,12.561,0.122,2,1
0,0,1,0.485,0.27,0.868,0.028,0,0
0,1,0,1.629,0.017,0.279,-0.053,0,0
1,0,0,-0.155,0.322,1.021,0,0,0
0,0,1,7.232,0.41,6.311,-0.339,2,1
0,0,1,-1.145,-0.371,-0.4,0.058,0,0
0,0,1,-1.193,-0.177,-0.332,0.003,0,0
0,1,0,4.501,0.184,6.707,4.248,3,1
0,0,1,0.737,0.181,-0.354,-0.08,0,0
1,0,0,5.201,-0.139,7.326,3.891,3,1
0,0,1,0.193,0.48,-0.4,0.019,0,0
1,0,0,7.166,-0.45,6.024,-0.291,2,1
0,1,0,0.305,0.338,-0.325,0.02,0,0
0,0,1,-1.097,-0.304,0.916,0.163,0,0
1,0,0,3.092,1.551,11.112,0.081,2,1
0,1,0,0.281,0.094,-0.645,-0.019,0,0
0,1,0,0.189,0.24,1.328,3.436,1,0
0,1,0,0.924,0.234,0.129,0.016,0,0
1,0,0,-0.579,0.114,-0.091,-0.013,0,0
0,0,1,-0.253,0.122,0.129,0.083,0,0
0,0,1,1.637,0.487,0.064,0.085,0,0
0,1,0,0.446,-0.223,0.323,-0.124,0,0
0,1,0,-0.487,-0.235,0.47,0.034,0,0
0,0,1,0.938,-0.313,0.136,0.051,0,0
0,0,1,7.781,0.169,6.874,5.697,3,1
0,0,1,-1.397,-0.303,-0.271,0.028,0,0
1,0,0,2.343,0.011,6.809,4.085,2,1
0,0,1,4.052,50.816,8.664,0.015,3,1
0,0,1,-0.489,0.009,-0.105,-0.038,0,0
1,0,0,3.791,-0.157,7.504,5.001,3,1
0,0,1,1.623,-0.273,-0.22,-0.077,0,0
0,1,0,1.606,1.151,17.626,-0.007,1,1
0,1,0,-0.13,-0.42,-0.079,0.05,0,0
1,0,0,-1.739,-0.04,0.911,-0.056,0,0
0,0,1,0.548,0.482,0.269,-0.008,0,0
1,0,0,3.755,1.914,11.26,-0.09,2,1
0,1,0,-0.072,0.223,-0.847,-0.001,0,0
0,1,0,0.34,-0.287,-0.131,0.073,0,0
0,0,1,-0.312,-0.253,-0.037,-0.131,0,0
0,0,1,0.535,-0.075,-0.4,0.059,0,0
0,0,1,3.074,0.414,7.275,3.246,3,1
1,0,0,0.172,0.389,0.073,-0.048,0,0
0,1,0,-0.752,0.058,0.109,0.117,0,0
0,1,0,-1.065,-0.377,-0.435,-0.012,0,0
0,0,1,5.369,-0.282,4.574,3.609,3,1
0,1,0,7.287,0.074,5.857,3.879,3,1
0,0,1,2.264,34.462,15.422,0.025,2,1
0,0,1,-0.484,-0.186,0.304,-0.116,0,0
0,1,0,5.976,0.073,5.99,0.107,2,1
0,1,0,-0.86,-0.138,0.061,0.076,0,0
0,1,0,-0.09,-0.112,0.298,-0.018,0,0
1,0,0,4.781,0.99,18.443,0.016,2,1
1,0,0,3.318,34.193,17.041,0.132,3,1
0,0,1,-0.857,-0.097,-0.4,0.116,0,0
0,0,1,0.982,0.311,-0.4,0.016,0,0
0,1,0,1.509,1.232,16.697,-0.134,1,1
0,0,1,3.77,1.027,15.648,0.189,2,1
1,0,0,1.475,0.435,-0.44,-0.074,0,0
1,0,0,1.232,0.456,0.293,-0.048,0,0
1,0,0,0.176,0.397,0.766,0.083,0,0
0,1,0,-0.691,0.156,-0.362,-0.052,0,0
0,1,0,2.033,1.527,11.337,-0.081,1,1
1,0,0,0.208,-0.162,-0.311,0.1,0,0
0,0,1,4.794,0.016,5.478,5.542,3,1
0,1,0,0.233,0.152,-0.49,-0.096,0,0
0,1,0,11.965,0.031,4.357,-0.024,2,1
0,0,1,5.137,-0.213,6.072,3.79,3,1
0,0,1,-1.151,-0.109,-0.4,-0.006,0,0
1,0,0,1.638,-0.112,-0.194,-0.086,0,0
0,0,1,10.692,0.523,4.298,-0.05,2,1
1,0,0,0.609,-0.133,-0.587,-0.007,0,0
1,0,0,5.131,1.219,10.872,0.096,2,1
0,1,0,8.816,-0.278,5.785,5.025,3,1
0,0,1,0.853,41.043,19.176,0.098,2,1
1,0,0,0.072,0.231,-0.176,-0.015,0,0
0,1,0,0.555,0.029,-0.037,0.052,0,0
0,1,0,4.08,10.895,11.176,-0.131,3,1
0,0,1,1.808,28.45,11.155,0.022,2,1
0,1,0,5.176,1.197,11.471,0.129,2,1
0,0,1,-0.197,0.059,-0.4,-0.038,0,0
0,1,0,1.273,0.494,-0.025,-0.098,0,0
0,1,0,5.414,0.034,3.673,0.015,2,1
0,1,0,-0.116,0.253,-0.971,-0.053,0,0
1,0,0,0.729,0.147,1.326,2.214,1,0
0,0,1,-0.571,0.232,0.587,-0.126,0,0
0,1,0,6.142,0.108,10.84,-0.328,2,1
1,0,0,-1.737,-0.194,0.563,-0.047,0,0
1,0,0,0.693,21.552,18.417,0.089,2,1
0,1,0,1.225,0.436,-0.003,-0.11,0,0
1,0,0,-0.357,0.053,0.009,-0.138,0,0
0,1,0,5.307,15.853,11.722,-0.018,3,1
1,0,0,0.907,-0.417,-0.336,0.061,0,0
1,0,0,1.159,-0.389,-0.8,0.01,0,0
0,0,1,7.372,-0.221,5.49,0.134,2,1
0,0,1,0.303,0.065,0.044,0.059,0,0
1,0,0,11.265,-0.113,5.133,-0.055,2,1
0,1,0,0.642,-0.31,0.152,-0.065,0,0
1,0,0,1.913,26.084,17.215,0.017,2,1
1,0,0,-0.292,-0.296,-0.743,0.093,0,0
1,0,0,6.108,0.165,7.448,-0.197,2,1
1,0,0,0.937,-0.109,-0.693,-0.019,0,0
0,0,1,-0.289,0.339,-0.4,0.085,0,0
1,0,0,7.061,-0.241,10.785,-0.299,2,1
1,0,0,1.373,-0.263,0.586,0.071,0,0
0,1,0,0.208,0.023,-0.19,-0.014,0,0
0,0,1,5.85,1.145,17.193,-0.078,2,1
0,1,0,2.325,1.164,15.169,0.153,1,1
0,1,0,0.331,0.186,0.352,-0.011,0,0
1,0,0,3.499,1.426,13.239,-0.061,2,1
1,0,0,1.571,0.398,0.237,-0.017,0,0
0,1,0,0.932,0.144,-0.867,0.083,0,0
1,0,0,3.845,1.486,9.647,-0.051,2,1
1,0,0,0.395,-0.02,-0.412,0.033,0,0
0,1,0,3.839,11.765,9.602,0,3,1
0,0,1,2.919,26.872,16.464,-0.023,3,1
0,0,1,1.532,0.033,1.382,3.33,1,0
1,0,0,6.944,0.163,6.137,5.858,3,1
0,0,1,-1.488,0.171,0.344,0.133,0,0
1,0,0,0.481,-0.237,-0.456,-0.101,0,0
1,0,0,0.946,0.008,0.928,0.061,0,0
0,0,1,10.043,-0.303,4.027,0.024,2,1
1,0,0,0.9,0.031,-0.065,0.021,0,0
0,0,1,-0.93,0.122,-0.35,0.097,0,0
0,1,0,0.925,-0.049,0.356,0.09,0,0
0,0,1,-0.206,-0.088,-0.067,-0.147,0,0
1,0,0,2.941,24.059,7.569,0.033,3,1
0,1,0,-0.94,-0.407,-0.17,-0.011,0,0
0,0,1,-0.181,-0.036,-0.041,0.222,0,0
1,0,0,0.635,0.034,-0.704,-0.026,0,0
0,1,0,-0.773,-0.243,0.425,-0.067,0,0
0,0,1,0.391,0.272,-0.4,0.21,0,0
0,0,1,0.218,-0.262,0.128,-0.141,0,0
1,0,0,8.408,-0.039,7.82,3.999,3,1
1,0,0,-1.907,-0.037,0.127,0.073,0,0
0,0,1,-0.485,-0.101,0.452,0.059,0,0
1,0,0,8.692,0.242,6.108,0.102,2,1
0,0,1,0.938,-0.127,0.213,0.003,0,0
0,0,1,-1.068,-0.102,0.473,-0.055,0,0
0,0,1,0.16,-0.455,-0.4,0.011,0,0
0,1,0,3.047,1.441,15.724,-0.062,2,1
1,0,0,-1.279,0.116,0.685,0.056,0,0
1,0,0,-0.078,-0.101,-0.113,0.072,0,0
1,0,0,4.273,1.528,14.987,0.019,2,1
0,1,0,0.865,0.319,-0.346,-0.012,0,0
1,0,0,-0.397,-0.533,0.004,0.052,0,0
1,0,0,0.584,-0.294,-0.541,-0.098,0,0
0,1,0,0.204,0.048,-0.181,0.016,0,0
0,1,0,0.309,0.275,0.592,-0.068,0,0
0,1,0,0.032,0.284,-0.255,0.077,0,0
0,0,1,7.88,0.14,5.247,-0.022,2,1
0,0,1,1.237,-0.018,1.986,2.492,1,0
1,0,0,1.437,0.285,0.677,0.091,0,0
0,0,1,-0.283,0.316,-0.4,-0.085,0,0
1,0,0,-0.22,-0.226,-0.197,-0.048,0,0
0,1,0,-1.729,0.023,0.103,-0.273,0,0
0,1,0,4.037,13.348,13.46,-0.08,3,1
1,0,0,8.412,0.221,4.69,0.159,2,1
0,0,1,0.593,0.288,0.507,-0.054,0,0
0,0,1,5.159,1.591,12.349,-0.045,2,1
1,0,0,0.821,0.356,0.591,0.018,0,0
0,0,1,4.796,-0.31,4.084,-0.081,2,1
1,0,0,-0.553,16.213,14.067,0.056,2,1
0,0,1,0.959,62.419,16.02,0.051,2,1
0,1,0,1.693,0.095,-0.651,-0.026,0,0
1,0,0,5.562,0.118,7.216,-0.348,2,1
1,0,0,1.612,-0.145,0.085,0.086,0,0
1,0,0,1.27,0.599,0.226,0.126,0,0
1,0,0,1.111,0.396,0.488,3.184,1,0
0,0,1,1.297,-0.172,-0.341,-0.073,0,0
0,0,1,-0.23,0.177,-0.253,-0.022,0,0
0,0,1,0.253,-0.117,-0.295,-0.106,0,0
1,0,0,-0.493,0.04,-0.632,-0.249,0,0
0,0,1,0.624,-0.031,-0.085,-0.069,0,0
1,0,0,0.739,0.378,-0.656,-0.028,0,0
1,0,0,9.674,0.077,3.509,5.066,3,1
0,0,1,4.042,1.231,13.72,-0.106,2,1
1,0,0,-0.768,-0.042,0.142,-0.116,0,0
1,0,0,2.217,20.959,15.519,-0.112,2,1
1,0,0,6.386,-0.415,4.219,2.526,3,1
0,0,1,1.241,0.042,-0.239,0.007,0,0
0,0,1,-1.841,-0.372,-0.4,0.12,0,0
1,0,0,4.199,29.893,12.307,0.087,3,1
0,0,1,1.315,-0.204,0.916,-0.148,0,0
0,1,0,1.942,-0.231,-0.079,0.064,0,0
0,0,1,3.113,1.532,11.459,0.026,2,1
0,1,0,1.707,-0.044,0.311,-0.113,0,0
0,1,0,0.462,-0.225,0.218,0.012,0,0
1,0,0,0.22,23.875,17.661,-0.032,2,1
1,0,0,6.523,0.294,6.596,3.23,3,1
0,0,1,1.447,-0.231,0.05,-0.119,0,0
0,1,0,-0.513,0.314,-0.209,0.015,0,0
0,1,0,1.094,-0.199,0.46,-0.001,0,0
0,0,1,-0.741,0.054,-0.364,-0.016,0,0
1,0,0,5.319,-0.116,6.424,3.33,3,1
1,0,0,1.208,0.24,1.604,2.746,1,0
1,0,0,-0.437,0.005,-0.539,-0.132,0,0
0,0,1,0.957,0.753,-0.207,-0.14,0,0
1,0,0,-0.368,-0.074,0.095,-0.049,0,0
1,0,0,-1.006,-0.608,0.397,-0.026,0,0
0,0,1,0.286,0.174,-0.122,0.045,0,0
0,1,0,1.56,-0.203,0.387,-0.003,0,0
0,0,1,-0.236,0.055,-0.4,-0.013,0,0
1,0,0,-0.935,0.101,-0.053,0.016,0,0
0,1,0,1.011,-0.187,0.106,-0.024,0,0
1,0,0,1.362,0.288,-0.285,0.002,0,0
1,0,0,0.344,0.124,0.6,0.135,0,0
0,0,1,5.782,-0.283,3.287,-0.058,2,1
0,1,0,1.429,0.149,0.295,0.022,0,0
1,0,0,2.509,21.36,19.059,-0.209,3,1
0,1,0,0.059,-0.263,-0.323,0.037,0,0
1,0,0,6.197,0.212,9.392,-0.227,2,1
0,0,1,4.628,0.042,4.466,4.193,3,1
0,0,1,6.657,0.388,5.2,2.663,3,1
1,0,0,-0.093,0.432,0.415,-0.187,0,0
1,0,0,3.507,11.599,14.34,0.083,3,1
1,0,0,-0.087,-0.302,-0.101,0.118,0,0
0,0,1,4.592,1.548,13.716,0.155,2,1
0,1,0,5.761,1.237,14.331,-0.051,2,1
0,0,1,0.897,-0.101,-0.4,-0.013,0,0
0,0,1,0.643,0.275,1.559,2.556,1,0
1,0,0,-1.001,0.293,0.514,0.005,0,0
0,1,0,9.4,0.377,3.978,-0.085,2,1
0,1,0,1.306,0.013,-0.579,0.028,0,0
1,0,0,4.356,-0.206,4.963,3.344,3,1
0,1,0,-1.4,-0.072,-0.523,0.056,0,0
1,0,0,0.561,-0.18,0.368,-0.104,0,0
0,0,1,3.03,26.327,17.292,-0.029,3,1
0,0,1,6.145,-0.174,9.636,-0.386,2,1
1,0,0,-0.21,0,1.166,-0.074,0,0
0,0,1,10.816,0.429,4.468,0.06,2,1
1,0,0,-2.209,0.026,-0.291,-0.136,0,0
0,0,1,0.585,0.44,-0.215,0.01,0,0
1,0,0,1.826,1.529,16.677,-0.05,1,1
0,0,1,-0.186,0.063,-0.4,0.065,0,0
0,1,0,4.33,0.203,5.218,2.558,3,1
0,0,1,-0.396,0.544,-0.4,-0.016,0,0
0,1,0,-1.672,0.28,0.496,-0.037,0,0
0,0,1,1.024,0.336,0.553,-0.066,0,0
0,0,1,-0.79,-0.273,-0.246,0.025,0,0
0,1,0,1.093,-0.583,-0.53,0.031,0,0
0,0,1,-2.277,-0.439,0.205,0.11,0,0
0,1,0,9.318,0.209,5.532,3.188,3,1
1,0,0,-0.283,-0.07,0.244,-0.051,0,0
0,0,1,8.213,-0.225,7.582,5.699,3,1
1,0,0,0.237,-0.065,-0.041,-0.048,0,0
0,0,1,-2.115,0.322,0.074,0.006,0,0
0,1,0,1.661,0.637,0.501,-0.073,0,0
1,0,0,1.389,-0.079,-0.357,-0.177,0,0
1,0,0,0.421,-0.14,0.25,-0.011,0,0
0,0,1,10.823,-0.172,4.869,4.812,3,1
0,1,0,-0.044,0.085,0.157,0.07,0,0
0,1,0,-0.436,0.173,0.035,-0.067,0,0
0,1,0,0.877,-0.139,0.57,-0.06,0,0
0,1,0,1.253,-0.285,0.274,-0.05,0,0
0,1,0,2.802,0.908,16.082,0.152,2,1
1,0,0,5.304,0.025,6.287,3.51,3,1
0,1,0,0.841,-0.38,-0.367,-0.116,0,0
0,0,1,-0.702,-0.476,-0.196,-0.126,0,0
0,1,0,-0.396,0.357,0.253,-0.095,0,0
0,1,0,-0.274,-0.179,-0.398,-0.118,0,0
0,0,1,2.489,0.056,1.503,2.277,1,0
0,1,0,-0.418,0.259,0.04,-0.125,0,0
0,1,0,6.846,-0.264,3.213,-0.016,2,1
0,0,1,0.345,0.431,-0.299,-0.027,0,0
0,1,0,2.328,1.629,9.957,-0.006,1,1
1,0,0,4.923,1.604,16.53,-0.139,2,1
1,0,0,1.741,0.061,-0.613,-0.102,0,0
1,0,0,0.028,-0.183,0.348,0.066,0,0
0,0,1,-0.24,0.027,-0.246,0.037,0,0
0,0,1,7.061,0.319,1.898,-0.072,1,1
0,1,0,0.451,-0.462,-0.914,-0.204,0,0
0,1,0,6.226,9.835,12.222,-0.06,3,1
0,1,0,0.712,0.332,0.223,0.012,0,0
0,0,1,1.798,-0.192,0.314,0.061,0,0
0,1,0,0.794,0.478,0.244,-0.048,0,0
0,0,1,0.743,47.626,17.935,0.059,2,1
0,0,1,-1.653,-0.217,0.813,-0.033,0,0
1,0,0,6.278,-0.14,4.767,4.879,3,1
0,0,1,-0.941,-0.105,0.509,0.085,0,0
0,1,0,-1.746,0.006,0.382,-0.016,0,0
1,0,0,0.804,-0.104,-0.11,-0.052,0,0
0,1,0,-1.061,-0.192,0.395,-0.087,0,0
0,0,1,-0.444,-0.054,0.442,-0.087,0,0
1,0,0,1.634,1.421,13.524,-0.117,1,1
0,0,1,0.516,-0.22,0.448,-0.054,0,0
1,0,0,0.579,0.008,-0.087,-0.163,0,0
1,0,0,1.848,17.636,18.945,0.002,2,1
0,0,1,0.096,-0.231,-0.297,0.002,0,0
1,0,0,-0.716,-0.207,0.574,-0.054,0,0
1,0,0,1.564,-0.122,-0.103,-0.113,0,0
1,0,0,6.532,-0.217,9.021,-0.395,2,1
0,1,0,4.592,-0.15,7.051,-0.136,2,1
0,1,0,4.98,2.358,13.274,0.035,3,1
0,0,1,-0.881,0.188,0.153,-0.046,0,0
1,0,0,1.297,-0.148,0.021,0.016,0,0
0,0,1,-1.012,0.215,0.403,-0.022,0,0
0,0,1,5.092,1.517,11.83,0.038,2,1
0,0,1,0.82,0.408,-0.12,0.046,0,0
0,0,1,0.292,0.199,-0.4,0.171,0,0
0,1,0,2.787,1.262,13.47,0.041,2,1
1,0,0,0.183,0.059,-0.067,0.001,0,0
1,0,0,7.073,0.491,7.455,3.592,3,1
1,0,0,-0.013,0.014,-0.023,0.003,0,0
1,0,0,0.999,-0.337,0.674,1.942,1,0
0,0,1,2.246,27.413,13.005,-0.051,2,1
0,1,0,-1.304,-0.232,-0.354,-0.023,0,0
0,1,0,0.839,15.443,18.253,-0.152,2,1
1,0,0,-0.779,-0.031,1.046,-0.002,0,0
0,1,0,-0.914,-0.168,-0.55,-0.012,0,0
1,0,0,7.597,0.538,7.126,-0.069,2,1
0,1,0,-0.623,0.179,-0.241,0.008,0,0
1,0,0,6.78,0.033,4.307,4.3,3,1
1,0,0,-0.326,0.07,0.036,-0.076,0,0
1,0,0,0.674,-0.415,-0.358,0.107,0,0
0,1,0,3.694,13.843,9.109,-0.027,3,1
1,0,0,1.405,-0.198,-0.425,0.048,0,0
0,1,0,11.823,-0.164,5.346,0.004,2,1
1,0,0,-0.631,0.354,0.612,-0.084,0,0
0,1,0,0.01,0.162,0.154,0.084,0,0
0,1,0,0.549,-0.122,-0.327,-0.021,0,0
0,1,0,-0.582,0.067,0.669,0.115,0,0
0,1,0,-0.46,-0.129,-0.493,0.046,0,0
0,1,0,1.696,1.19,10.424,-0.055,1,1
0,0,1,2.998,25.628,14.089,-0.081,3,1
0,1,0,7.108,0.36,11.91,-0.204,2,1
0,0,1,2.657,60.173,16.246,-0.121,3,1
0,1,0,7.195,-0.092,5.174,4.271,3,1
0,0,1,-0.654,-0.179,-0.253,0.126,0,0
0,0,1,0.406,0.07,0.379,0.081,0,0
0,1,0,-0.269,0.367,0.333,-0.067,0,0
0,1,0,-0.359,-0.161,-0.852,-0.034,0,0
1,0,0,1.625,0.253,-0.68,0.123,0,0
1,0,0,10.965,0.125,2.485,0.042,2,1
1,0,0,4.979,0.996,13.968,0.039,2,1
0,1,0,-1.265,-0.296,0.48,0.132,0,0
0,1,0,5.697,-0.431,5.517,4.649,3,1
0,0,1,1.048,1.343,10.613,-0.154,1,1
1,0,0,6.702,1.372,11.649,0.102,2,1
0,0,1,-0.322,-0.265,-0.182,0.042,0,0
0,1,0,1.556,0.123,0.479,2.766,1,0
0,0,1,0.764,-0.206,0.299,0.094,0,0
0,1,0,1.062,0.074,0.351,-0.044,0,0
0,0,1,8.144,1.032,14.818,-0.094,2,1
0,0,1,3.548,39.654,11.875,0.022,3,1
0,1,0,-0.213,-0.022,0.106,0.005,0,0
0,1,0,-0.347,0.688,-1.023,-0.058,0,0
0,0,1,1.159,0.174,0.262,-0.015,0,0
0,1,0,-0.117,0.205,-0.785,0.035,0,0
0,1,0,10.204,-0.303,5.15,0.208,2,1
0,1,0,5.567,-0.331,4.188,4.822,3,1
1,0,0,5.359,-0.047,4.337,0.102,2,1
0,0,1,-1.047,-0.2,0.431,0.005,0,0
0,0,1,-2.933,-0.177,-0.4,-0.12,0,0
0,1,0,-1.816,-0.134,-0.552,0.265,0,0
1,0,0,1.262,21.366,8.643,-0.039,2,1
1,0,0,0.913,0.606,-0.076,0.152,0,0
0,1,0,-2.107,0.257,-0.417,0.106,0,0
1,0,0,11.555,0.1,4.204,-0.011,2,1
1,0,0,1.952,0.199,0.777,0.02,0,0
0,0,1,-0.451,0.26,-0.044,0.033,0,0
0,1,0,8.164,-0.667,4.145,4.266,3,1
0,0,1,-1.023,0.037,0.313,0.083,0,0
0,1,0,3.37,12.299,12.024,0.007,3,1
0,1,0,2.415,8.394,11.514,-0.09,2,1
0,1,0,6.516,-0.126,4.557,0.061,2,1
1,0,0,10.02,0.156,3.173,0.161,2,1
0,1,0,-0.647,-0.341,-0.026,-0.029,0,0
0,1,0,3.966,14.604,15.541,0.203,3,1
0,1,0,1.02,8.862,20.074,-0.067,2,1
0,1,0,2.076,6.533,9.566,-0.064,2,1
0,1,0,-1.929,0.156,-0.236,-0.028,0,0
1,0,0,-1.341,-0.324,0.306,-0.089,0,0
1,0,0,7.261,-0.097,5.441,0.115,2,1
0,1,0,2.592,0.143,0.764,-0.058,1,0
1,0,0,3.304,1.4,16.035,-0.04,2,1
1,0,0,4.109,29.781,16.878,0.02,3,1
0,0,1,0.21,0.093,0.043,0.096,0,0
1,0,0,5.865,-0.301,11.303,-0.185,2,1
0,0,1,0.503,-0.083,-0.4,-0.097,0,0
0,0,1,5.243,-0.22,5.686,3.853,3,1
0,1,0,-0.026,-0.083,0.546,-0.034,0,0
1,0,0,7.199,-0.276,4.309,2.599,3,1
0,1,0,0.228,-0.4,0.076,0.012,0,0
1,0,0,-0.034,-0.32,-0.205,-0.12,0,0
1,0,0,0.673,-0.117,-0.114,0.011,0,0
0,0,1,0.01,0.348,0.235,0.081,0,0
1,0,0,3.238,16.362,9.863,0.022,3,1
1,0,0,7.149,0.151,4.705,5.203,3,1
1,0,0,3.464,1.429,16.396,0.078,2,1
1,0,0,10.001,0.384,4.918,-0.121,2,1
1,0,0,1.021,-0.251,-0.209,0.124,0,0
0,1,0,-1.402,0.296,-0.073,-0.074,0,0
0,0,1,0.828,-0.097,-0.4,0,0,0
0,0,1,0.372,-0.328,-0.386,-0.145,0,0
0,1,0,0.05,-0.472,0.037,0.013,0,0
0,1,0,-0.687,0.422,0.547,-0.047,0,0
1,0,0,2.936,0.419,4.441,3.184,3,1
0,1,0,4.834,1.774,9.747,0,2,1
0,1,0,1.018,-0.437,0.035,0.051,0,0
0,1,0,2.244,16.505,9.085,-0.03,2,1
0,0,1,5.474,1.684,11.903,0.027,2,1
0,1,0,11.029,0.063,4.734,-0.049,2,1
0,1,0,-0.068,13.348,17.644,-0.022,2,1
0,1,0,7.01,0.407,8.943,-0.3,2,1
1,0,0,3.851,1.602,9.94,0.002,2,1
0,0,1,2.266,0.271,0.104,-0.034,0,0
0,0,1,1.599,0.662,0.582,0.017,0,0
0,1,0,8.849,0.337,2.975,-0.126,2,1
1,0,0,0.103,0.207,-0.491,-0.042,0,0
0,0,1,-0.646,-0.177,-0.204,-0.112,0,0
0,1,0,-0.429,0.025,0.834,0.014,0,0
1,0,0,9.292,0.028,5.843,-0.046,2,1
0,0,1,-0.375,-0.437,0.048,0.046,0,0
1,0,0,9.052,0.083,3.415,-0.01,2,1
0,1,0,0.427,0.235,0.463,0.063,0,0
0,1,0,-0.677,0.179,-0.519,-0.053,0,0
0,1,0,6.523,0.229,7.622,3.47,3,1
0,1,0,-1.233,-0.006,0.364,0.009,0,0
0,0,1,-1.263,0.154,0.426,0.037,0,0
0,1,0,6.427,0.214,6.918,2.606,3,1
1,0,0,2.044,0.329,1.309,2.867,1,0
1,0,0,0.386,-0.667,0.192,0.054,0,0
1,0,0,1.026,0.359,-0.245,0.004,0,0
1,0,0,0.182,0.589,-0.518,-0.004,0,0
1,0,0,-0.013,-0.07,0.307,-0.007,0,0
1,0,0,-0.185,33.555,10.078,-0.018,2,1
1,0,0,-0.165,-0.079,-0.049,0.083,0,0
1,0,0,4.373,1.186,19.217,-0.002,2,1
0,1,0,8.836,0.11,5.701,0.027,2,1
0,0,1,-1.347,-0.348,0.251,-0.076,0,0
0,1,0,0.164,-0.139,-0.841,-0.005,0,0
0,0,1,0.019,0.377,0.123,-0.069,0,0
0,0,1,5.481,-0.28,2.758,-0.081,2,1
0,0,1,0.329,-0.263,-0.4,0.069,0,0
0,0,1,-0.503,0.131,0.498,0.06,0,0
1,0,0,0.226,-0.235,0.533,-0.015,0,0
1,0,0,1.301,16.488,19.305,0.067,2,1
1,0,0,10,0.194,6.724,5.568,3,1
0,0,1,-0.306,0.369,-0.391,0.01,0,0
1,0,0,6.195,-0.105,3.747,0.056,2,1
1,0,0,2.555,0.066,0.53,0.014,1,0
1,0,0,0.36,0.11,0.549,-0.13,0,0
1,0,0,-0.378,-0.096,-0.8,0.036,0,0
0,1,0,4.821,1.68,14.373,-0.057,2,1
1,0,0,7.314,-0.386,5.651,3.745,3,1
0,0,1,2.284,0.193,0.188,0.047,0,0
0,0,1,0.717,-0.103,-0.4,0,0,0
0,0,1,0.153,0.436,-0.088,-0.047,0,0
0,0,1,2.054,0.028,-0.112,-0.079,0,0
0,0,1,1.063,-0.234,0.553,0.031,0,0
0,0,1,-0.15,0.449,0.261,0.034,0,0
0,0,1,-0.211,0.141,0.224,0.048,0,0
1,0,0,6.462,-0.667,9.946,-0.227,2,1
1,0,0,-0.111,-0.392,-0.149,-0.097,0,0
1,0,0,4.617,19.401,20.67,-0.146,3,1
1,0,0,12.07,-0.101,3.171,0.045,2,1
0,1,0,-0.463,-0.074,0.664,0.015,0,0
0,1,0,0.327,0.032,0.33,0.079,0,0
0,0,1,2.495,55.396,14.538,0.133,2,1
0,1,0,1.536,12.056,16.708,-0.008,2,1
0,1,0,-1.449,-0.072,1.068,0.023,0,0
1,0,0,1.083,28.213,9.503,0.17,2,1
0,1,0,-0.221,0.222,0.238,-0.022,0,0
0,1,0,0.939,0.083,-0.399,0.043,0,0
0,0,1,-0.146,0.247,0.146,-0.164,0,0
1,0,0,0.459,-0.399,-0.353,-0.059,0,0
0,0,1,-0.802,-0.074,-0.029,0.027,0,0
1,0,0,0.622,-0.563,0.549,0.109,0,0
1,0,0,-0.955,0.301,0.812,-0.114,0,0
0,1,0,0.357,-0.049,0.662,-0.04,0,0
1,0,0,5.746,0.125,6.934,4.658,3,1
1,0,0,-0.433,-0.323,0.408,-0.021,0,0
1,0,0,10.943,-0.283,4.281,-0.051,2,1
1,0,0,-0.685,-0.01,-0.118,-0.175,0,0
0,1,0,1.891,-0.425,-0.11,-0.088,0,0
0,0,1,12.009,0.178,4.346,-0.134,2,1
0,1,0,0.442,0.347,0.396,0.005,0,0
0,1,0,1.151,0.263,-1.019,-0.148,0,0
0,1,0,7.405,-0.145,5.887,0.059,2,1
1,0,0,0.867,-0.391,0.007,0.017,0,0
0,1,0,0.305,-0.526,-0.044,0.162,0,0
1,0,0,1.03,0.835,0.705,-0.056,0,0
1,0,0,0.571,-0.009,0.114,-0.05,0,0
0,1,0,0.5,-0.051,0.13,0.049,0,0
0,1,0,5.906,-0.131,4.923,5.917,3,1
0,0,1,-0.274,0.525,-0.008,0.114,0,0
0,0,1,6.087,0.477,4.723,0.055,2,1
1,0,0,6.847,0.218,4.37,4.084,3,1
0,1,0,0.548,15.174,13.961,-0.104,2,1
1,0,0,0.086,0.375,0.292,0.037,0,0
0,1,0,0.278,-0.332,-0.263,0.058,0,0
1,0,0,0.933,-0.357,0.324,0.144,0,0
0,0,1,7.531,-0.159,3.209,-0.037,2,1
0,0,1,0.677,0.04,-0.4,-0.134,0,0
0,1,0,1.47,0.126,0.643,0.061,0,0
0,1,0,0.08,-0.099,-0.247,0.024,0,0
1,0,0,1.254,-0.046,1.307,2.16,1,0
0,0,1,3.095,43.575,16.971,0.036,3,1
1,0,0,-1.041,0.203,-0.043,-0.119,0,0
0,1,0,1.235,0.072,-0.246,0.157,0,0
0,1,0,-0.35,0.437,0.093,0.072,0,0
1,0,0,4.327,0.916,11.137,0.078,2,1
1,0,0,-1.251,0.04,0.606,0.107,0,0
1,0,0,-0.821,0.25,-0.263,0.041,0,0
1,0,0,-0.465,0.008,-0.6,0.024,0,0
1,0,0,-0.322,-0.111,-0.664,0.063,0,0
1,0,0,5.994,-0.055,8.936,-0.191,2,1
1,0,0,5.456,-0.105,13.08,-0.371,2,1
0,0,1,1.342,0.222,0.769,-0.094,0,0
0,1,0,3.847,1.566,16.482,-0.031,2,1
1,0,0,-0.848,-0.095,0.591,0.061,0,0
0,1,0,6.206,1.372,10.319,0.08,2,1
0,1,0,0.463,-0.169,-0.103,-0.046,0,0
0,0,1,2.391,-0.066,-0.095,0.057,0,0
0,1,0,4.493,1.503,15.444,-0.026,2,1
1,0,0,-0.626,0.004,0.085,-0.029,0,0
1,0,0,2.032,28.065,9.992,0.019,2,1
1,0,0,-0.177,-0.168,-0.8,0.15,0,0
1,0,0,0.678,0.56,-0.063,0.049,0,0
0,0,1,0.391,-0.33,0.063,-0.041,0,0
1,0,0,2.067,1.138,14.733,0.158,1,1
1,0,0,-0.331,-0.048,0.207,0.077,0,0
0,0,1,8.493,0.057,2.361,0.002,2,1
0,0,1,0.977,0.232,-0.4,-0.027,0,0
1,0,0,1.998,-0.398,0.039,-0.015,0,0
0,1,0,-0.47,0.045,0.546,0.062,0,0
1,0,0,2.793,25.557,9.079,-0.024,3,1
0,1,0,0.324,-0.263,0.646,0.066,0,0
1,0,0,5.223,0.138,7.399,4.946,3,1
0,1,0,4.017,1.661,14.729,-0.006,2,1
0,0,1,0.976,-0.402,1.022,0.033,0,0
0,1,0,0.887,12.005,19.279,0.022,2,1
1,0,0,-1.38,-0.617,-0.03,-0.032,0,0
1,0,0,0.045,0.447,0.345,-0.002,0,0
0,1,0,1.513,7.361,15.225,-0.089,2,1
0,0,1,8.278,-0.094,3.267,0.014,2,1
1,0,0,-0.674,0.152,0.021,-0.07,0,0
0,0,1,-1.495,0.067,-0.056,0.006,0,0
1,0,0,0.275,-0.199,-0.415,0.057,0,0
0,1,0,-1.061,-0.042,-0.273,-0.033,0,0
0,0,1,-0.37,-0.278,0.342,0.058,0,0
1,0,0,1.609,29.385,19.36,0.05,2,1
0,0,1,-1.176,0.201,-0.374,-0.059,0,0
0,0,1,4.031,1.497,15.282,-0.173,2,1
0,1,0,8.032,-0.097,5.352,5.734,3,1
0,0,1,-1.391,0.386,-0.4,0.079,0,0
0,0,1,-3.34,0.049,-0.078,-0.004,0,0
0,0,1,-1.252,0.008,-0.204,-0.137,0,0
0,0,1,2.235,57.586,17.125,0.002,2,1
0,0,1,1.035,-0.327,-0.046,0.073,0,0
0,1,0,0.419,0.084,-0.333,0.046,0,0
1,0,0,-0.496,-0.193,0.289,0.019,0,0
1,0,0,10.688,0.177,1.994,0.021,1,1
0,0,1,0.237,-0.018,-0.359,-0.032,0,0
1,0,0,-0.174,-0.021,-0.129,0.05,0,0
0,0,1,-0.577,-0.275,0.486,0.059,0,0
1,0,0,-0.745,-0.022,-0.11,0.029,0,0
0,0,1,1.206,0.38,-0.094,-0.058,0,0
0,0,1,-1.507,-0.127,-0.071,-0.07,0,0
0,1,0,0.053,-0.342,-0.135,-0.077,0,0
0,0,1,-0.685,0.464,-0.063,-0.104,0,0
1,0,0,5.722,0.268,8.964,-0.203,2,1
0,0,1,0.707,0.39,-0.4,0.133,0,0
0,0,1,0.932,-0.111,0.093,-0.028,0,0
1,0,0,-0.677,-0.314,-0.448,-0.051,0,0
0,0,1,-0.104,0.102,0.216,-0.116,0,0
0,0,1,-0.711,-0.052,0.16,0.076,0,0
0,0,1,0.04,0.062,0.048,-0.004,0,0
0,1,0,2.942,1.223,16.276,-0.082,2,1
0,1,0,2.373,0.139,-0.762,0.107,0,0
1,0,0,5.465,-0.387,5.088,4.289,3,1
0,0,1,5.291,0.463,2.305,-0.022,2,1
0,0,1,-1.634,-0.032,0.002,0.014,0,0
0,1,0,0.105,6.089,16.483,0.038,2,1
0,0,1,0.001,0.168,0.339,0.052,0,0
1,0,0,7.074,0.251,4.478,4.178,3,1
0,1,0,-0.487,0.867,-0.247,-0.066,0,0
0,1,0,11.469,-0.051,3.131,0.174,2,1
0,1,0,2.74,2.197,16.541,-0.145,3,1
1,0,0,-1.632,-0.06,0.186,0.123,0,0
0,1,0,-1.394,0.098,-0.396,0.007,0,0
0,0,1,-1.166,-0.144,-0.4,-0.073,0,0
0,0,1,3.867,1.343,16.528,-0.196,2,1
1,0,0,5.173,-0.12,4.072,3.837,3,1
1,0,0,12.103,0.169,5.517,-0.093,2,1
0,0,1,6.458,-0.355,1.516,-0.075,1,1
0,0,1,-0.823,-0.054,-0.4,-0.067,0,0
0,1,0,0.125,0.303,1.089,0.064,0,0
0,0,1,0.623,-0.173,0.652,-0.047,0,0
1,0,0,4.964,0.429,4.817,0.056,2,1
1,0,0,-0.291,-0.088,0.995,0.042,0,0
1,0,0,0.428,-0.205,0.416,-0.06,0,0
1,0,0,-1.126,0.044,0.078,0.089,0,0
0,1,0,0.796,-0.451,-1.061,0.002,0,0
1,0,0,4.566,-0.373,7.611,5.577,3,1
1,0,0,-0.674,0.58,0.591,0.052,0,0
0,1,0,0.232,-0.014,0.158,0.011,0,0
0,0,1,0.698,0.132,0.214,0.023,0,0
1,0,0,11.576,0.313,4.121,0.01,2,1
0,1,0,10.786,0.231,5.949,-0.117,2,1
1,0,0,3.144,15.05,15.359,0.039,3,1
0,1,0,1.561,14.281,18.908,0.062,2,1
1,0,0,-1.281,-0.402,-0.327,-0.067,0,0
0,0,1,0.721,0.261,0.345,0.197,0,0
0,1,0,6.414,-0.006,4.532,2.843,3,1
1,0,0,8.645,-0.158,5.202,-0.164,2,1
0,1,0,1.013,0.372,-0.781,0.096,0,0
0,1,0,6.936,0.205,6.486,4.017,3,1
0,0,1,-1.325,-0.1,0.708,0.026,0,0
0,1,0,6.547,0.348,8.744,5.978,3,1
0,0,1,3.361,0.136,7.095,5.196,3,1
0,1,0,5.823,-0.554,12.154,-0.146,2,1
0,0,1,0.418,0.097,0.185,0.043,0,0
0,0,1,0.314,0.041,0.322,0.014,0,0
1,0,0,5.87,-0.065,7.146,5.429,3,1
1,0,0,1.98,0.056,-0.8,0.167,0,0
1,0,0,6.03,1.494,16.271,-0.015,2,1
1,0,0,0.413,-0.001,-0.8,-0.013,0,0
0,1,0,0.825,-0.243,0.658,0.075,0,0
0,1,0,10.808,0.223,4.575,0.135,2,1
1,0,0,7.368,-0.095,7.206,-0.147,2,1
0,0,1,9.175,-0.196,5.241,3.165,3,1
0,0,1,8.5,-0.256,5.036,0.046,2,1
1,0,0,3.767,1.1,17.662,-0.031,2,1
0,0,1,-1.317,-0.129,0.471,-0.141,0,0
0,1,0,3.663,1.484,12.051,0.033,2,1
0,0,1,1.178,0.198,-0.4,-0.127,0,0
1,0,0,0.955,21.402,18.649,0.071,2,1
0,0,1,-0.611,-0.175,-0.347,-0.029,0,0
1,0,0,0.293,0.173,-0.036,-0.02,0,0
1,0,0,-1.566,-0.026,0.126,-0.007,0,0
1,0,0,-0.085,0.156,0.012,-0.179,0,0
0,0,1,-0.822,-0.364,-0.379,-0.029,0,0
0,0,1,4.873,0.938,12.422,-0.091,2,1
0,1,0,2.858,1.189,12.462,0.048,2,1
1,0,0,-0.825,-0.46,-0.244,0.083,0,0
0,1,0,7.256,-0.136,3.864,-0.077,2,1
0,1,0,-0.455,-0.007,0.857,0.01,0,0
0,0,1,-0.084,0.094,0.006,0.004,0,0
1,0,0,0.478,0.311,0.402,0.083,0,0
0,0,1,6.43,0.215,7.342,2.64,3,1
1,0,0,3.569,1.099,15.434,0.042,2,1
0,0,1,1.418,1.088,12.175,0.054,1,1
0,1,0,-1.152,0.004,-0.744,-0.15,0,0
0,0,1,0.748,-0.231,-0.4,0.119,0,0
0,1,0,-1.531,-0.011,-0.085,-0.129,0,0
1,0,0,0.508,0.652,0.504,0.073,0,0
0,0,1,0.178,0.261,-0.319,0.017,0,0
0,1,0,5.182,0.232,11.043,-0.224,2,1
0,1,0,-0.459,0.044,-0.365,-0.063,0,0
0,0,1,6.222,0.032,12.379,-0.12,2,1
1,0,0,6.278,0.021,10.122,-0.117,2,1
0,1,0,0.252,-0.145,-0.015,-0.024,0,0
1,0,0,6.108,-0.365,4.301,-0.063,2,1
0,1,0,1.367,12.059,14.726,-0.076,2,1
0,0,1,0.203,0.577,1.24,0.036,0,0
0,1,0,7.941,-0.071,1.511,0.021,1,1
0,0,1,-1.334,0.029,-0.4,-0.111,0,0
0,0,1,0.196,-0.131,0.815,0.089,0,0
1,0,0,2.603,-0.266,0.622,-0.064,1,0
1,0,0,0.146,0.244,-0.336,-0.014,0,0
0,1,0,1.309,-0.241,0.265,1.929,1,0
0,0,1,6.445,-0.667,5.6,-0.063,2,1
0,1,0,0.466,0.013,-0.438,-0.007,0,0
1,0,0,6.18,0.105,3.335,0.063,2,1
0,1,0,-0.342,-0.01,-0.704,-0.094,0,0
0,0,1,2.655,31.183,10.496,-0.056,3,1
0,1,0,4.033,0.639,15.697,-0.066,2,1
0,0,1,0.441,0.174,0.695,-0.126,0,0
0,1,0,0.392,0.203,0.573,0.246,0,0
0,1,0,5.357,0.291,7.439,-0.244,2,1
1,0,0,-0.379,0.215,0.402,0.14,0,0
0,0,1,0.424,0.008,-0.134,-0.064,0,0
1,0,0,5.389,0.354,3.984,-0.055,2,1
1,0,0,9.153,0.013,4.277,0.206,2,1
0,0,1,-0.577,0.039,0.128,0.025,0,0
1,0,0,0.416,0.31,-0.8,-0.066,0,0
1,0,0,-1.205,0.301,-0.632,-0.037,0,0
1,0,0,-1.448,-0.026,0.722,0.021,0,0
0,1,0,-0.022,-0.15,-0.399,-0.003,0,0
0,1,0,1.193,0.157,0.48,-0.017,0,0
0,0,1,-0.827,0.091,0.55,-0.02,0,0
1,0,0,7.771,0.116,4.765,-0.139,2,1
0,0,1,0.619,-0.258,1.272,-0.042,0,0
0,1,0,3.224,1.19,17.354,0.062,2,1
1,0,0,1.381,0,0.033,0.107,0,0
0,1,0,1.75,0.919,12.961,-0.267,1,1
0,1,0,-2.41,-0.12,0.215,-0.122,0,0
0,0,1,4.898,-0.033,6.11,5.488,3,1
0,0,1,1.357,0.028,0.02,2.995,1,0
0,1,0,4.096,0.317,10.015,-0.251,2,1
0,1,0,12.475,0.077,4.958,-0.077,2,1
1,0,0,7.937,-0.381,4.808,4.046,3,1
0,1,0,1.359,-0.154,0.582,3.226,1,0
1,0,0,2.806,-0.046,0.067,0.031,1,0
0,1,0,0.178,-0.058,-0.065,-0.03,0,0
1,0,0,2.742,1.101,13.868,-0.136,2,1
1,0,0,0.296,0.059,0.042,0.119,0,0
0,1,0,-1.007,-0.019,-0.024,-0.029,0,0
0,1,0,0.24,-0.222,-0.136,0.023,0,0
0,0,1,1.322,64.71,8.783,-0.013,2,1
0,0,1,0.352,-0.096,-0.4,0.016,0,0
0,0,1,0.858,41.261,14.818,-0.004,2,1
0,0,1,2.567,0.093,-0.025,0.12,1,0
0,1,0,-0.828,-0.066,0.346,-0.07,0,0
1,0,0,2.578,24.235,11.224,-0.025,3,1
0,1,0,10.226,0.133,4.37,-0.005,2,1
0,0,1,6.697,0.313,11.624,-0.214,2,1
0,1,0,0.393,0.139,-0.334,0.09,0,0
0,1,0,-1.244,-0.155,0.636,0.095,0,0
0,0,1,1.726,0.797,1.032,2.942,1,0
0,0,1,3.58,62.822,12.672,-0.137,3,1
1,0,0,6.291,0.368,10.35,-0.317,2,1
1,0,0,-0.288,0.215,-0.8,0.002,0,0
0,1,0,-0.752,-0.025,0.349,-0.084,0,0
0,1,0,-0.337,-0.446,0.281,-0.034,0,0
0,0,1,-0.167,-0.179,-0.4,-0.066,0,0
1,0,0,1.309,-0.505,0.082,-0.025,0,0
1,0,0,6.458,-0.549,3.977,3.047,3,1
0,1,0,-0.183,0.393,-0.037,-0.077,0,0
1,0,0,0.962,0.404,-0.058,-0.04,0,0
0,0,1,0.348,0.141,-0.4,0.055,0,0
0,1,0,1.434,-0.059,-0.387,0.049,0,0
0,1,0,-1.915,-0.306,-0.045,-0.037,0,0
0,1,0,6.461,-0.157,4.105,0.091,2,1
0,1,0,4.463,1.329,16.639,0.03,2,1
0,0,1,6.845,-0.124,3.214,0.119,2,1
1,0,0,7.601,0.055,7.846,-0.211,2,1
0,1,0,10.014,-0.174,4.026,0.022,2,1
0,1,0,-0.223,14.334,15.981,0.123,2,1
0,1,0,2.033,-0.042,-0.42,-0.151,0,0
0,1,0,1.024,-0.249,0.415,0.019,0,0
1,0,0,5.727,-0.034,6.405,4.58,3,1
0,1,0,3.835,1.13,17.434,-0.046,2,1
0,1,0,0.558,-0.078,-0.578,0.135,0,0
0,0,1,2.888,0.767,13.748,0.007,2,1
1,0,0,7.393,-0.304,6.133,-0.098,2,1
0,1,0,-1.173,0.235,-0.384,0.026,0,0
0,1,0,-1.036,-0.495,-0.25,-0.032,0,0
0,1,0,0.815,0.425,0.127,0.022,0,0
0,1,0,1.299,-0.279,-0.338,-0.058,0,0
0,0,1,0.555,-0.083,-0.083,0.004,0,0
0,0,1,0.157,-0.215,-0.27,-0.06,0,0
1,0,0,-2.73,-0.244,-0.302,-0.018,0,0
0,0,1,10.831,0,3.217,-0.013,2,1
0,1,0,1.026,-0.032,-0.403,-0.046,0,0
0,1,0,-1.24,0.173,-0.104,0.087,0,0
0,1,0,4.957,0.19,10.543,-0.255,2,1
0,0,1,0.219,-0.424,-0.4,0.105,0,0
0,1,0,3.815,1.471,12.9,0.006,2,1
0,1,0,7.051,-0.133,4.45,4.747,3,1
0,0,1,-1.607,-0.258,0.097,-0.103,0,0
0,1,0,4.596,1.037,15.566,0.013,2,1
0,0,1,7.687,0.431,3.552,0.048,2,1
1,0,0,11.451,-0.108,5.917,0.082,2,1
0,1,0,4.246,1.682,13.856,-0.142,2,1
1,0,0,0.248,0.35,-0.52,0.058,0,0
0,1,0,1.526,15.267,16.944,-0.026,2,1
0,1,0,3.517,1.486,11.665,-0.054,2,1
0,0,1,-0.315,0.479,-0.009,-0.053,0,0
0,0,1,-0.52,0.211,1.18,-0.024,0,0
0,0,1,4.922,1.066,14.517,-0.115,2,1
0,1,0,-0.309,0.247,0.307,-0.017,0,0
0,0,1,-2.932,-0.474,-0.192,-0.036,0,0
0,0,1,-0.715,-0.371,-0.208,0.025,0,0
1,0,0,0.983,-0.592,0.514,0.05,0,0
0,0,1,-0.858,0.176,-0.4,0.071,0,0
1,0,0,1.853,-0.409,0.361,0.149,0,0
1,0,0,-2.703,-0.192,-0.522,0.056,0,0
0,0,1,0.544,-0.389,-0.4,-0.077,0,0
0,0,1,0.959,-0.31,0.365,-0.006,0,0
0,1,0,-0.828,-0.405,0.77,-0.1,0,0
0,0,1,-0.536,-0.147,0.48,0.011,0,0
1,0,0,1.618,-0.347,0.518,0.116,0,0
0,0,1,-1.718,0.158,0.235,-0.023,0,0
1,0,0,-0.361,-0.472,0.43,0.007,0,0
0,1,0,10.045,-0.252,2.95,-0.128,2,1
0,0,1,0.102,-0.159,0.139,0.079,0,0
0,0,1,0.966,40.626,12.005,0.002,2,1
1,0,0,0.235,0.204,0.062,0.013,0,0
0,0,1,0.058,0.383,0.212,-0.051,0,0
0,1,0,1.394,9.19,10.547,0.033,2,1
0,1,0,0.931,0.104,0.905,2.31,1,0
0,1,0,0.536,0.19,-0.756,-0.097,0,0
1,0,0,0.988,0.404,0.26,-0.068,0,0
1,0,0,0.322,-0.124,-0.236,-0.056,0,0
0,1,0,2.941,-0.559,7.416,5.025,3,1
0,0,1,0.391,-0.404,-0.253,0.021,0,0
0,1,0,0.154,-0.077,-0.103,-0.011,0,0
1,0,0,-0.19,0.01,0.343,-0.151,0,0
0,1,0,2.606,1.381,15.284,0.003,2,1
0,1,0,1.491,1.249,15.437,0.023,1,1
0,1,0,-0.573,-0.022,0.869,-0.07,0,0
1,0,0,8.19,0.014,2.401,0.02,2,1
1,0,0,-0.001,0.491,0.477,0.03,0,0
0,0,1,2.629,34.006,9.706,-0.015,3,1
0,0,1,7.588,0.677,5.039,-0.037,2,1
0,0,1,3.093,1.83,14.741,0.04,2,1
0,0,1,0.934,-0.35,-0.368,0.042,0,0
0,0,1,-0.364,-0.164,-0.023,-0.079,0,0
0,0,1,2.619,1.21,10.394,0.065,2,1
0,1,0,1.257,15.744,18.352,0.057,2,1
1,0,0,2.903,1.5,17.982,0.045,2,1
1,0,0,0.599,0.011,0.138,0.028,0,0
1,0,0,6.259,-0.109,10.481,-0.373,2,1
0,1,0,2.849,-0.042,-0.25,0.135,1,0
1,0,0,0.292,-0.136,0.68,-0.115,0,0
1,0,0,1.029,0.223,0.3,-0.05,0,0
0,0,1,4.588,0.255,7.867,2.931,3,1
1,0,0,0.218,0.193,0.86,-0.041,0,0
1,0,0,-0.049,0.175,-0.046,0.076,0,0
0,0,1,4.419,-0.212,10.489,-0.189,2,1
0,0,1,1.914,0.036,0.343,0.166,0,0
1,0,0,4.598,0.002,1.505,-0.06,1,1
0,0,1,-0.536,0.098,0.599,-0.064,0,0
0,0,1,-1.001,-0.595,-0.4,-0.016,0,0
1,0,0,6.719,-0.184,3.432,-0.103,2,1
0,0,1,-0.593,0.028,-0.117,0.106,0,0
0,0,1,1.276,0.165,0.256,0.108,0,0
0,0,1,9.961,-0.251,5.146,-0.096,2,1
0,0,1,0.139,0.353,-0.137,0.175,0,0
0,0,1,0.051,0.411,0.027,-0.163,0,0
1,0,0,8.561,-0.36,4.697,5.661,3,1
0,0,1,1.045,0.446,-0.022,-0.021,0,0
1,0,0,1.09,-0.144,1.093,0.054,0,0
0,1,0,0.209,-0.03,-0.118,-0.253,0,0
1,0,0,-0.286,0.05,-0.321,0.065,0,0
0,0,1,7.374,0.355,4.478,4.054,3,1
1,0,0,-2.26,0.206,0.494,-0.07,0,0
1,0,0,1.15,-0.25,-0.273,-0.106,0,0
0,0,1,-0.13,0.032,-0.342,0.009,0,0
1,0,0,0.504,0.086,1.646,3.469,1,0
0,1,0,4.263,1.332,11.469,-0.141,2,1
1,0,0,-0.041,0.016,0.96,-0.22,0,0
0,1,0,2.956,15.213,19.093,0.06,3,1
1,0,0,6.79,-0.447,8.461,3.173,3,1
1,0,0,-0.759,0.025,-0.8,-0.081,0,0
0,1,0,-0.036,-0.128,-0.252,-0.144,0,0
0,1,0,-1.479,-0.103,0.208,-0.06,0,0
0,1,0,0.448,0.121,0.768,-0.059,0,0
0,1,0,0.163,0.475,-0.167,0.093,0,0
0,1,0,-1.998,0.07,-0.213,0.025,0,0
0,1,0,3.58,1.543,14.74,-0.124,2,1
1,0,0,0.068,-0.667,-0.331,-0.057,0,0
0,1,0,-0.068,-0.253,0.467,0.024,0,0
0,0,1,6.475,-0.05,2.675,0.115,2,1
1,0,0,-0.435,0.156,0.294,0.171,0,0
0,1,0,0.683,-0.066,0.14,0.005,0,0
1,0,0,6.721,0.188,6.411,4.733,3,1
0,0,1,0.146,-0.334,0.602,0.01,0,0
0,1,0,-1.143,-0.249,1.02,-0.017,0,0
0,1,0,8.581,0.203,7.177,5.447,3,1
1,0,0,1.52,0.246,-0.259,0.018,0,0
0,0,1,-1.386,0.013,-0.375,0.041,0,0
0,1,0,-1.663,0.064,-0.317,0.042,0,0
0,1,0,-0.106,0.107,-0.184,0.046,0,0
0,1,0,-0.142,0.044,0.226,0.078,0,0
0,1,0,-1.032,0.218,-0.606,-0.018,0,0
0,0,1,2.204,1.324,15.995,-0.106,1,1
0,1,0,3.116,1.52,12.985,0.143,2,1
0,0,1,0.067,0.038,-0.4,-0.147,0,0
0,1,0,3.883,7.512,12.225,-0.107,3,1
1,0,0,-1.104,-0.117,-0.011,-0.187,0,0
1,0,0,4.181,0.048,7.018,-0.317,2,1
1,0,0,9.853,0.225,4.116,-0.112,2,1
0,0,1,0.243,-0.166,-0.394,0.061,0,0
0,1,0,10.466,0.223,3.596,-0.033,2,1
1,0,0,-0.385,-0.14,0.19,-0.051,0,0
1,0,0,-1.12,0.327,0.335,0.019,0,0
0,0,1,2.223,36.019,16.941,0.034,2,1
1,0,0,0.64,-0.073,0.595,-0.023,0,0
1,0,0,1.374,0.03,0.718,0.012,0,0
0,0,1,0.644,-0.19,-0.014,0.246,0,0
0,1,0,2.488,11.169,11.377,0.081,2,1
0,1,0,0.441,0.382,-0.447,0.025,0,0
1,0,0,-0.741,-0.307,0.47,-0.129,0,0
0,1,0,0.128,0.372,0.003,0.143,0,0
1,0,0,0.914,-0.086,0.469,2.669,1,0
0,1,0,0.35,-0.108,-0.211,-0.097,0,0
0,0,1,0.055,-0.218,-0.4,0.076,0,0
0,1,0,6.784,0.709,6.814,5.814,3,1
0,1,0,-0.278,0.545,-0.529,-0.123,0,0
0,1,0,5.87,1.31,17.485,-0.071,2,1
0,0,1,0.315,-0.071,1.035,0.04,0,0
0,1,0,3.112,11.152,9.251,-0.021,3,1
1,0,0,-1.537,0.473,-0.387,-0.029,0,0
0,1,0,-0.002,0.045,-0.046,-0.072,0,0
0,1,0,2.798,1.366,12.356,0.01,2,1
0,0,1,-0.107,0.278,0.376,-0.105,0,0
1,0,0,0.66,-0.146,-0.155,-0.011,0,0
0,1,0,5.194,0.093,5.916,5.192,3,1
0,0,1,6.933,0.379,9.87,-0.163,2,1
0,1,0,-0.914,0.021,0.653,-0.046,0,0
0,0,1,2.952,0.694,18.116,0.021,2,1
0,0,1,7.902,0.136,7.42,3.63,3,1
0,0,1,0.053,-0.268,1.16,0.011,0,0
0,0,1,6.317,0.353,6.369,0.003,2,1
0,0,1,7.683,0.023,1.666,0.041,1,1
0,1,0,4.261,11.903,18.954,-0.036,3,1
0,0,1,0.132,0.013,0.282,0.076,0,0
0,0,1,-1.108,-0.033,0.272,-0.08,0,0
1,0,0,-0.086,-0.191,-0.718,0.05,0,0
0,0,1,0.382,0.083,1.2,2.748,1,0
0,1,0,5.711,1.545,17.395,-0.061,2,1
0,1,0,1.772,0.051,0.713,0.162,0,0
0,1,0,-0.864,-0.165,0.655,-0.049,0,0
0,1,0,0.267,0.622,0.25,0.1,0,0
1,0,0,0.726,0.407,0.75,-0.073,0,0
1,0,0,6.895,0.054,3.902,-0.106,2,1
0,0,1,4.526,1.478,14.995,0.034,2,1
1,0,0,8.977,0.051,6.303,0.056,2,1
0,1,0,-0.113,0.205,-0.58,0.117,0,0
0,1,0,-0.314,0.089,0.316,0.048,0,0
1,0,0,1.277,-0.047,0,0.091,0,0
0,1,0,0.271,-0.098,0.103,0.217,0,0
1,0,0,-0.04,0.085,0.376,0.014,0,0
0,1,0,-2.587,-0.131,0.731,0.039,0,0
0,1,0,9.6,0.167,6.228,0.151,2,1
0,0,1,-0.112,-0.052,-0.268,0.033,0,0
0,0,1,-1.636,0.022,0.594,0.057,0,0
0,0,1,7.663,-0.297,2.789,-0.112,2,1
0,1,0,0.248,0.135,0.474,0.082,0,0
0,1,0,2.774,1.567,15.177,0.094,2,1
0,1,0,0.282,0.317,0.513,-0.116,0,0
0,1,0,0.711,-0.107,-0.018,0.007,0,0
1,0,0,8.423,-0.13,7.891,2.511,3,1
1,0,0,0.663,-0.333,-0.347,-0.015,0,0
0,0,1,-0.429,0.24,0.107,0.043,0,0
0,0,1,7.501,-0.175,5.552,4.224,3,1
0,0,1,1.849,0.301,-0.4,0.083,0,0
0,0,1,1.135,0.079,1.763,2.985,1,0
0,0,1,1.268,37.683,16.869,-0.09,2,1
1,0,0,-0.808,0.546,0.225,-0.037,0,0
1,0,0,5.686,0.041,2.744,-0.028,2,1
0,0,1,6.204,-0.565,6.491,5.992,3,1
1,0,0,13.85,0.066,3.639,-0.138,2,1
0,0,1,0.956,-0.209,0.462,0.063,0,0
0,0,1,3.298,51.734,18.144,-0.039,3,1
0,0,1,-1.422,-0.107,0.765,0.042,0,0
0,1,0,1.38,-0.403,-0.209,-0.044,0,0
0,0,1,-1.164,0.02,-0.342,-0.047,0,0
1,0,0,4.551,0.338,10.603,-0.204,2,1
0,1,0,-0.097,-0.195,0.941,-0.178,0,0
0,1,0,4.023,6.743,13.97,0.123,3,1
0,0,1,-0.693,-0.248,-0.4,-0.024,0,0
0,0,1,5.049,-0.176,7.307,3.48,3,1
1,0,0,6.398,-0.27,8.571,-0.304,2,1
0,0,1,-0.593,-0.226,-0.4,0.05,0,0
0,0,1,1.424,-0.039,0.18,0.022,0,0
0,1,0,0.536,-0.445,0.488,-0.037,0,0
0,1,0,2.475,16.45,17.068,-0.174,2,1
0,0,1,3.42,1.709,11.85,-0.008,2,1
1,0,0,2.631,14.075,17.703,0.016,3,1
0,0,1,0.225,0.26,0.19,-0.078,0,0
0,1,0,13.566,0.258,5.822,-0.115,2,1
1,0,0,-0.315,-0.19,0.311,-0.025,0,0
0,1,0,1.199,0.115,0.565,-0.073,0,0
0,0,1,6.539,-0.131,4.869,4.313,3,1
0,0,1,-0.418,0.319,-0.024,-0.015,0,0
0,1,0,5.469,0.206,8.353,-0.174,2,1
0,0,1,-1.408,-0.21,-0.317,0.077,0,0
1,0,0,2.091,0.107,5.208,5.708,2,1
1,0,0,4.852,-0.246,5.551,4.59,3,1
0,1,0,1.899,2.247,11.544,0.14,2,1
1,0,0,2.791,-0.162,0.414,0.077,1,0
0,1,0,1.729,1.271,14.506,-0.045,1,1
0,1,0,0.416,-0.25,0.027,0.033,0,0
0,0,1,-0.119,-0.464,0.573,0.016,0,0
0,1,0,-0.382,-0.464,0.356,-0.06,0,0
0,0,1,-0.392,0.157,-0.271,-0.034,0,0
0,1,0,1.445,-0.391,0.742,0.051,0,0
0,0,1,5.198,0.272,12.161,-0.381,2,1
0,0,1,-0.468,0.175,0.169,0.123,0,0
0,1,0,1.783,1.288,17.124,0.136,1,1
0,0,1,-1.817,-0.337,-0.345,0.006,0,0
0,0,1,-0.79,-0.4,0.033,0.08,0,0
0,0,1,1.512,0.003,0.295,-0.035,0,0
1,0,0,-0.135,0.219,0.441,-0.013,0,0
0,0,1,5.496,0.224,11.86,-0.297,2,1
0,1,0,5.804,0.279,8.749,-0.399,2,1
1,0,0,0.507,0.271,1.081,2.607,1,0
1,0,0,0.556,-0.287,0.043,0.045,0,0
0,0,1,4.428,1.169,11.732,0.026,2,1
0,1,0,-0.898,-0.373,-0.119,-0.119,0,0
0,1,0,-0.6,0.213,0.211,-0.065,0,0
1,0,0,-0.195,0.286,-0.272,0.134,0,0
0,0,1,1.705,1.484,12.826,0.127,1,1
0,1,0,5.019,15.045,9.591,0.042,3,1
0,1,0,-1.171,0.821,-0.215,-0.093,0,0
0,0,1,-3.132,0.024,0.155,-0.003,0,0
0,1,0,0.54,-0.349,0.103,0.03,0,0
0,1,0,8.102,-0.01,7.79,3.936,3,1
0,0,1,0.533,-0.03,-0.127,-0.089,0,0
0,0,1,-0.963,0.25,-0.4,0.107,0,0
0,0,1,3.094,46.394,19.02,-0.046,3,1
0,1,0,-1.647,0.024,0.451,0.103,0,0
0,1,0,-0.937,0.167,0.381,-0.085,0,0
0,0,1,-0.389,-0.322,0.332,-0.147,0,0
0,0,1,5.627,0.255,10.288,-0.301,2,1
0,1,0,-0.808,-0.299,0.621,-0.096,0,0
0,0,1,-1.091,-0.498,0.157,0.056,0,0
1,0,0,1.092,0.233,0.123,-0.017,0,0
1,0,0,-0.166,-0.148,0.528,0.038,0,0
0,1,0,-1.025,-0.176,-0.117,0.006,0,0
0,0,1,-0.127,-0.134,0.367,0.013,0,0
0,1,0,1.761,-0.066,0.186,-0.038,0,0
0,1,0,1.11,-0.059,1.073,2.562,1,0
0,0,1,4.355,-0.627,4.583,0.017,2,1
0,1,0,0.389,-0.26,-0.185,-0.152,0,0
0,0,1,0.813,-0.195,0.668,0.048,0,0
1,0,0,0.659,0.269,-0.021,0.028,0,0
1,0,0,0.76,-0.089,-0.183,-0.008,0,0
1,0,0,-0.117,-0.37,-0.442,0.035,0,0
0,0,1,6.986,0.601,9.371,-0.243,2,1
0,0,1,-0.708,-0.292,0.291,0.056,0,0
1,0,0,4.036,1.069,11.62,-0.058,2,1
0,1,0,-0.245,-0.019,0.345,0.028,0,0
1,0,0,-0.61,0.225,-0.341,-0.015,0,0
1,0,0,0.629,-0.283,0.286,-0.131,0,0
1,0,0,7.699,-0.149,7.19,3.639,3,1
1,0,0,-1.874,0.286,0.503,-0.109,0,0
0,1,0,7.474,0.258,4.416,0.163,2,1
0,1,0,8.455,-0.255,4.394,4.143,3,1
1,0,0,-0.495,0.152,0.184,-0.02,0,0
1,0,0,6.893,-0.112,6.428,3.044,3,1
0,0,1,-2.357,-0.288,0.062,0.008,0,0
0,1,0,0.53,16.128,15.712,-0.085,2,1
0,1,0,0.791,11.787,14.729,-0.024,2,1
0,1,0,6.201,-0.408,7.823,5.258,3,1
0,0,1,3.757,2.037,14.713,0.059,3,1
1,0,0,7.179,-0.101,7.528,3.283,3,1
0,1,0,-1.272,0.618,0.485,-0.205,0,0
1,0,0,-0.482,-0.051,-0.8,-0.093,0,0
0,0,1,0.198,0.364,0.029,0.002,0,0
0,1,0,-0.57,-0.051,-0.233,-0.012,0,0
0,0,1,-0.541,-0.192,0.58,-0.089,0,0
0,1,0,9.046,-0.406,5.257,0.08,2,1
0,1,0,3.565,8.258,9.583,0,3,1
0,0,1,-2.154,0.035,0.404,-0.135,0,0
1,0,0,0.556,0.177,0.163,0.066,0,0
0,1,0,10.204,-0.03,5.259,0.058,2,1
0,0,1,-1.158,-0.243,-0.4,0.094,0,0
0,0,1,-1.949,-0.448,0.29,0.069,0,0
0,1,0,3.491,1.158,12.39,0.1,2,1
0,0,1,1.138,0.244,-0.306,0.041,0,0
1,0,0,0.911,-0.435,-0.337,-0.106,0,0
1,0,0,4.314,1.058,16.674,0.171,2,1
0,1,0,0.758,-0.252,0.389,0.079,0,0
0,1,0,-0.307,0.01,-0.156,0.061,0,0
0,0,1,1.843,64.97,17.955,-0.039,2,1
0,1,0,-0.971,-0.243,0.191,-0.024,0,0
0,0,1,0.182,0.419,0.255,-0.011,0,0
0,0,1,4.583,55.679,7.303,0.008,3,1
0,0,1,3.489,31.882,17.252,0.054,3,1
0,0,1,9.099,0,3.837,0.061,2,1
0,1,0,0.407,-0.337,0.451,-0.098,0,0
1,0,0,-0.163,-0.136,0.413,-0.005,0,0
0,0,1,-0.251,0.123,0.179,0.057,0,0
1,0,0,-0.296,0.092,-0.177,0.125,0,0
0,1,0,0.847,0.305,-0.745,-0.025,0,0
1,0,0,2.603,25.833,14.731,0.055,3,1
0,0,1,-0.514,-0.049,0.113,-0.057,0,0
0,0,1,3.673,31.811,16.572,0.149,3,1
1,0,0,0.604,0.25,-0.764,0.084,0,0
0,0,1,-0.773,-0.067,0.02,-0.157,0,0
0,1,0,-0.588,0.173,-0.127,-0.064,0,0
0,1,0,0.731,10.858,10.969,0.056,2,1
1,0,0,-0.352,-0.463,-0.064,-0.035,0,0
0,1,0,9.222,0.236,4.591,3.41,3,1
1,0,0,4.59,0.434,5.811,5.267,3,1
0,0,1,10.883,-0.05,5.585,-0.197,2,1
0,1,0,1.217,-0.128,1.191,2.554,1,0
0,0,1,1.197,0.061,0.736,0.08,0,0
0,0,1,0.279,0.015,0.873,0.051,0,0
0,1,0,1.006,-0.308,-0.749,-0.009,0,0
0,0,1,-0.849,0.223,-0.4,0.15,0,0
0,1,0,0.232,-0.064,-0.031,-0.1,0,0
1,0,0,2.593,0.765,16.182,-0.127,2,1
1,0,0,5.934,0.421,5.28,-0.012,2,1
0,0,1,9.192,-0.33,3.817,-0.04,2,1
1,0,0,0.813,0.267,0.279,-0.106,0,0
0,1,0,6.834,0.133,2.195,0.188,2,1
0,0,1,-1.042,0.233,-0.4,0.027,0,0
1,0,0,11.187,-0.024,3.617,-0.016,2,1
0,1,0,3.81,1.232,10.837,0.008,2,1
0,0,1,-0.291,-0.233,0.051,0.13,0,0
0,0,1,4.876,-0.309,4.759,3.212,3,1
0,0,1,0.035,-0.216,1.004,2.91,1,0
1,0,0,4.188,1.129,13.75,-0.001,2,1
0,0,1,-1.522,-0.146,0.219,-0.152,0,0
0,0,1,2.027,34.865,17.842,-0.06,2,1
0,0,1,2.514,1.775,13.815,-0.038,2,1
0,1,0,0.81,0.044,0.756,-0.033,0,0
0,1,0,-1.245,0.041,-0.523,0.138,0,0
0,1,0,2.424,1.35,16.741,-0.054,1,1
0,1,0,4.858,1.376,17.361,-0.121,2,1
1,0,0,10.029,0.136,4.542,-0.035,2,1
0,0,1,9.703,-0.146,1.65,0.073,1,1
0,1,0,5.319,0.994,13.147,0.018,2,1
0,1,0,1.979,14.896,10.781,0.078,2,1
0,1,0,-0.412,-0.15,0.094,0.018,0,0
1,0,0,-0.123,-0.08,0.227,0.074,0,0
1,0,0,-0.051,0.12,-0.226,0.071,0,0
0,1,0,-0.921,-0.142,-0.219,-0.088,0,0
0,0,1,11.884,0.602,1.552,0.099,1,1
0,0,1,-0.265,0.008,-0.343,0.051,0,0
0,1,0,3.513,0.333,4.005,4.33,3,1
0,0,1,1.891,53.564,11.707,0.104,2,1
1,0,0,0.152,0.216,-0.757,0.013,0,0
1,0,0,2.554,28.405,11.257,-0.058,3,1
1,0,0,11.244,0.005,3.533,-0.013,2,1
1,0,0,3.478,0.022,6.808,4.52,3,1
0,1,0,3.196,1.199,13.781,-0.123,2,1
0,0,1,-0.616,-0.55,-0.124,-0.028,0,0
0,1,0,-1.479,-0.201,-0.733,-0.096,0,0
0,1,0,-0.912,-0.277,-0.039,0.121,0,0
0,1,0,0.886,-0.013,0.156,0.062,0,0
1,0,0,-0.227,0.577,-0.374,0.027,0,0
0,1,0,0.895,-0.356,-0.594,0.064,0,0
0,1,0,-1.728,-0.06,0.118,0.082,0,0
1,0,0,-0.808,-0.328,-0.8,-0.026,0,0
1,0,0,0.817,30.006,15.196,0.058,2,1
0,1,0,0.733,0.171,0.258,-0.031,0,0
0,1,0,1.709,0.287,1.08,3.042,1,0
0,0,1,0.658,0.124,-0.108,-0.007,0,0
0,0,1,0.12,0.08,-0.224,0.123,0,0
1,0,0,4.302,-0.283,3.974,5.2,3,1
1,0,0,-0.437,0.043,-0.412,0.047,0,0
0,1,0,3.849,1.436,13.369,0.04,2,1
0,0,1,2.11,38.472,15.538,-0.035,2,1
0,0,1,0.415,-0.039,0.313,-0.038,0,0
0,0,1,1.53,60.333,14.891,0.009,2,1
1,0,0,-1.665,-0.161,0.534,-0.12,0,0
0,1,0,1.395,8.615,17.842,-0.144,2,1
0,0,1,-0.601,-0.358,-0.374,-0.036,0,0
1,0,0,4.525,31.443,18.725,0.073,3,1
1,0,0,0.992,-0.196,0.127,-0.08,0,0
0,0,1,8.622,-0.067,2.255,0.023,2,1
0,1,0,10.223,0.082,1.586,0.035,1,1
0,0,1,8.826,-0.364,6.128,2.728,3,1
0,0,1,6.433,-0.466,9.301,-0.271,2,1
0,1,0,1.015,-0.024,-0.407,-0.268,0,0
0,0,1,9.039,0.192,4.012,0.028,2,1
1,0,0,3.955,0.3,6.589,4.933,3,1
0,0,1,1.286,0.22,-0.253,0.05,0,0
1,0,0,1.482,0.958,0.52,3.298,1,0
0,0,1,-0.737,0.002,-0.358,-0.119,0,0
0,1,0,0.791,0.175,0.235,-0.023,0,0
0,0,1,-1.064,-0.036,-0.329,-0.123,0,0
1,0,0,0.514,-0.406,-0.466,-0.06,0,0
0,0,1,0.896,-0.061,0.397,-0.013,0,0
0,1,0,8.516,-0.049,3.926,-0.106,2,1
0,0,1,10.92,0.506,4.504,0.06,2,1
0,1,0,-0.74,0.094,-1.069,0.069,0,0
0,1,0,3.306,12.289,16.758,-0.083,3,1
1,0,0,1.183,-0.147,0.138,-0.076,0,0
1,0,0,10.707,0.107,3.392,-0.093,2,1
0,0,1,-0.777,0.211,-0.061,-0.082,0,0
0,1,0,0.847,-0.324,1.672,1.949,1,0
1,0,0,6.133,0.207,4.405,4.343,3,1
1,0,0,0.422,0.363,0.46,0.114,0,0
1,0,0,0.738,-0.182,-0.118,0.039,0,0
0,0,1,-0.732,0.149,0.072,0.173,0,0
1,0,0,1.064,0.198,-0.764,0.035,0,0
1,0,0,0.54,-0.474,-0.633,-0.143,0,0
0,1,0,5.595,-0.148,6.317,3.183,3,1
0,0,1,-0.442,-0.36,-0.4,-0.021,0,0
0,0,1,-1.19,-0.055,-0.4,0.13,0,0
0,1,0,0.599,0.063,0.354,-0.074,0,0
0,0,1,0.965,0.022,0.031,2.321,1,0
0,0,1,-0.3,0.398,0.75,0.022,0,0
0,0,1,2.06,-0.13,0.297,0.159,0,0
0,0,1,6.617,-0.153,10.689,-0.281,2,1
0,0,1,0.333,0.045,0.514,0.115,0,0
0,0,1,7.04,-0.108,7.339,3.897,3,1
0,1,0,-0.104,-0.18,-0.423,0.07,0,0
1,0,0,6.379,-0.264,6.498,4.451,3,1
0,1,0,-2.529,0.489,0.238,-0.027,0,0
1,0,0,-0.568,0.045,0.645,-0.084,0,0
0,0,1,1.831,-0.416,-0.237,0.071,0,0
0,0,1,3.528,1.23,14.627,0.127,2,1
0,1,0,-0.227,-0.667,0.199,-0.107,0,0
0,1,0,-3.398,-0.171,0.484,-0.275,0,0
0,1,0,6.292,0.343,3.673,-0.088,2,1
0,0,1,3.975,47.741,15.279,0.047,3,1
0,1,0,0.814,-0.038,-0.146,-0.104,0,0
0,0,1,8.23,-0.006,6.396,3.924,3,1
0,0,1,0.493,0.461,-0.375,-0.012,0,0
0,0,1,-0.811,0.117,0.062,0.093,0,0
0,0,1,3.555,1.243,13.094,0.135,2,1
0,1,0,4.071,1.66,13.745,-0.095,2,1
0,0,1,0.838,-0.172,-0.221,-0.065,0,0
0,0,1,-1.6,-0.39,0.157,0.027,0,0
0,0,1,1.785,-0.324,0.347,-0.072,0,0
0,0,1,0.82,-0.283,-0.147,0.08,0,0
1,0,0,3.004,0.627,-0.634,-0.072,1,0
0,1,0,3.13,0.034,7.191,4.039,3,1
0,1,0,1.941,0.077,0.006,-0.106,0,0
0,1,0,-0.254,-0.107,0.232,-0.007,0,0
0,0,1,-0.525,-0.121,0.88,-0.045,0,0
0,1,0,-0.691,-0.203,-0.322,0.094,0,0
1,0,0,0.444,0.201,0.331,0.143,0,0
0,1,0,7.169,0.106,10.626,-0.178,2,1
0,1,0,4.937,0.27,2.633,-0.047,2,1
0,1,0,-0.202,-0.09,0.427,-0.123,0,0
1,0,0,2.882,31.282,19.283,-0.098,3,1
0,1,0,2.048,-0.558,0.295,-0.069,0,0
0,1,0,1.27,6.646,12.108,-0.022,2,1
0,1,0,0.22,0.057,0.191,0.044,0,0
0,1,0,1.213,0.09,-0.034,3.177,1,0
1,0,0,0.371,0.423,0.826,3.367,1,0
0,0,1,5.065,1.649,17.833,0,2,1
0,1,0,0.68,-0.019,-0.01,-0.083,0,0
0,1,0,2.445,13.841,12.389,0.04,2,1
0,1,0,6.062,0.275,7.355,2.518,3,1
0,1,0,5.944,0.066,6.781,-0.213,2,1
1,0,0,0.726,0.228,-0.283,-0.11,0,0
1,0,0,-0.962,0.03,0.386,-0.128,0,0
0,0,1,0.371,0.358,-0.4,-0.075,0,0
1,0,0,-1.331,-0.187,-0.263,-0.141,0,0
0,1,0,-0.384,0.055,0.04,0.122,0,0
0,1,0,6.207,-0.199,8.181,-0.108,2,1
0,1,0,1.877,11.551,14.248,-0.067,2,1
1,0,0,-1.142,0.091,-0.793,0.003,0,0
0,1,0,1.342,6.937,17.643,0.081,2,1
0,1,0,8.633,-0.315,2.649,0.013,2,1
1,0,0,4.187,10.878,13.475,-0.043,3,1
0,1,0,3.545,16.393,16.252,-0.163,3,1
0,0,1,0.346,-0.16,-0.196,0.007,0,0
0,0,1,-0.022,0.471,0.02,0.025,0,0
1,0,0,0.221,-0.016,-0.136,-0.204,0,0
0,0,1,1.189,-0.026,0.198,-0.062,0,0
1,0,0,7.764,-0.248,4.901,4.834,3,1
0,0,1,-0.846,0.238,-0.4,-0.07,0,0
0,0,1,8.199,-0.057,11.671,-0.25,2,1
0,0,1,0.35,24.982,20.548,0.155,2,1
0,1,0,4.211,4.555,19.897,0.039,3,1
1,0,0,-1.451,0.405,1.278,3.177,1,0
0,0,1,-0.196,-0.129,-0.036,-0.02,0,0
0,0,1,0.466,0.416,0.004,0.042,0,0
0,0,1,-0.521,-0.108,-0.201,0.053,0,0
1,0,0,0.457,0.149,-0.144,0.055,0,0
0,0,1,1.952,0.259,-0.326,0.121,0,0
1,0,0,0.109,0.266,0.248,0.111,0,0
0,1,0,8.607,0.22,4.704,3.011,3,1
0,0,1,3.01,1.479,11.267,-0.084,2,1
0,0,1,-0.283,0.145,-0.4,0.028,0,0
1,0,0,0.204,0.437,-0.146,-0.074,0,0
0,0,1,12.279,-0.631,4.687,0.023,2,1
1,0,0,2.327,-0.076,0.148,2.802,1,0
0,1,0,-0.281,0.508,-0.553,-0.065,0,0
0,0,1,1.18,25.393,14.867,0.003,2,1
0,1,0,-0.137,0.346,0.097,-0.117,0,0
0,1,0,-0.198,9.032,10.621,-0.027,2,1
1,0,0,0.662,-0.155,0.12,-0.084,0,0
0,1,0,0.699,1.324,10.407,0.059,1,1
0,0,1,5.811,0.082,10.161,-0.101,2,1
0,1,0,0.786,0.264,0.759,-0.054,0,0
1,0,0,-1.449,0.459,0.437,-0.016,0,0
0,1,0,9.337,-0.247,5.348,0.104,2,1
0,1,0,2.574,1.382,15.971,-0.059,2,1
0,1,0,-1.185,0.139,-0.477,-0.02,0,0
0,0,1,7.613,-0.062,2.056,-0.021,2,1
0,0,1,6.046,0.129,7.401,-0.308,2,1
0,1,0,8.334,0.091,6.257,-0.016,2,1
0,1,0,-0.013,0.101,0.317,0.076,0,0
1,0,0,0.517,0.626,0.098,-0.133,0,0
0,1,0,0.99,-0.325,0.341,2.848,1,0
1,0,0,-0.821,-0.045,-0.171,-0.098,0,0
1,0,0,0.989,-0.018,0.595,0.096,0,0
0,0,1,-1.315,0.107,0.718,-0.042,0,0
1,0,0,0.298,0.127,-0.8,-0.149,0,0
1,0,0,5.429,0.072,8.828,-0.358,2,1
0,1,0,1.293,0.123,-0.836,-0.008,0,0
0,0,1,2.482,48.281,16.908,0.154,2,1
0,0,1,-0.718,-0.339,-0.4,0.12,0,0
0,0,1,-0.764,-0.114,0.01,-0.034,0,0
1,0,0,-0.072,-0.158,0.212,0.035,0,0
0,0,1,0.119,0.383,0.902,-0.042,0,0
0,0,1,0.169,0,-0.4,-0.071,0,0
0,0,1,-0.227,-0.007,0.838,-0.149,0,0
0,1,0,0.319,-0.179,0.404,-0.029,0,0
0,1,0,3.011,1.619,16.644,-0.066,2,1
1,0,0,6.9,-0.463,4.965,2.546,3,1
0,0,1,0.08,0.249,1.314,0.03,0,0
0,1,0,0.038,0.458,0.236,0.088,0,0
1,0,0,5.717,-0.029,5.863,3.482,3,1
0,1,0,3.41,-0.253,7.554,4.353,3,1
0,1,0,-1.066,-0.346,0.141,0.091,0,0
0,1,0,3.504,11.529,8.063,0.061,3,1
0,0,1,3.33,-0.066,11.58,-0.177,2,1
0,0,1,3.937,1.378,10.054,-0.005,2,1
0,0,1,0.639,0.496,0.22,-0.056,0,0
0,0,1,1.538,59.09,18.99,-0.031,2,1
0,0,1,-0.279,-0.166,-0.224,0.163,0,0
0,0,1,-0.496,-0.269,-0.4,0.046,0,0
0,1,0,-0.931,0.082,-0.298,-0.132,0,0
0,0,1,-0.851,-0.056,-0.237,0.036,0,0
0,0,1,5.944,-0.142,7.497,4.907,3,1
1,0,0,-0.184,0.056,-0.023,-0.155,0,0
0,1,0,0.766,0.241,0.74,-0.082,0,0
0,0,1,-0.326,-0.13,1.341,0.099,0,0
0,1,0,1.228,-0.194,-0.763,-0.137,0,0
0,1,0,12.824,0.29,2.705,0.061,2,1
0,0,1,3.47,22.845,13.73,0.053,3,1
0,1,0,0.242,0.319,0.087,-0.066,0,0
0,0,1,-0.273,-0.123,-0.4,0.085,0,0
1,0,0,8.254,0.364,4.828,0.051,2,1
0,1,0,5.013,0.292,2.584,-0.1,2,1
1,0,0,1.362,-0.402,-0.443,0.018,0,0
0,0,1,-0.044,0.661,0.894,0.063,0,0
0,1,0,2.719,1.356,12.94,0.082,2,1
1,0,0,5.563,0.237,7.875,-0.15,2,1
0,0,1,0.144,0.135,-0.008,0.015,0,0
0,1,0,1.662,-0.194,0.793,0.093,0,0
1,0,0,4.096,-0.045,9.051,-0.273,2,1
1,0,0,8.807,-0.467,2.404,0.033,2,1
0,1,0,-0.515,0.052,-0.133,0.044,0,0
0,0,1,-0.857,0.148,0.897,0.09,0,0
0,1,0,1.979,-0.192,0.791,2.594,1,0
1,0,0,1.379,-0.154,0.488,0.038,0,0
1,0,0,0.775,-0.158,0.309,-0.006,0,0
1,0,0,-0.001,-0.123,1.199,-0.013,0,0
0,0,1,-2.421,0.137,-0.211,0.042,0,0
0,1,0,0.07,-0.064,-0.552,0.102,0,0
0,1,0,-0.369,0.169,0.503,-0.098,0,0
1,0,0,4.712,1.374,14.52,-0.067,2,1
1,0,0,6.908,0.162,7.247,5.761,3,1
0,1,0,-0.915,0.401,0.108,-0.005,0,0
1,0,0,0.398,0.152,-0.12,-0.176,0,0
0,1,0,2.645,13.315,11.16,0.099,3,1
0,1,0,6.19,-0.022,5.83,3.3,3,1
0,0,1,10.519,-0.167,6.024,5.942,3,1
0,1,0,0.711,-0.421,0.098,-0.023,0,0
0,0,1,0.994,0.386,0.12,-0.211,0,0
1,0,0,0.897,-0.068,0.427,0.19,0,0
0,0,1,-1.123,-0.028,0.192,0.047,0,0
1,0,0,4.156,0.983,12.538,0.067,2,1
0,1,0,-0.681,-0.161,-0.356,-0.091,0,0
1,0,0,3.767,26.57,14.693,-0.082,3,1
0,1,0,0.062,0.42,-0.217,0.108,0,0
0,0,1,0.117,0.221,-0.17,-0.087,0,0
0,1,0,-1.654,0.243,-0.266,0.073,0,0
0,0,1,-1.358,-0.228,-0.11,-0.019,0,0
0,0,1,8.074,0.359,3.844,0.057,2,1
0,1,0,-1.621,-0.231,-0.607,-0.102,0,0
1,0,0,6.746,-0.239,6.657,3.859,3,1
0,0,1,-2.608,-0.107,-0.4,0.074,0,0
0,1,0,-0.634,-0.461,0.51,-0.149,0,0
1,0,0,0.923,-0.45,-0.309,0.15,0,0
0,0,1,1.191,1.352,10.154,-0.046,1,1
1,0,0,0.41,0.377,-0.287,0.003,0,0
0,0,1,-0.264,-0.082,0.166,0.074,0,0
1,0,0,2.443,20.336,10.669,0.083,2,1
1,0,0,4.06,-0.027,5.9,2.602,3,1
1,0,0,-1.826,-0.09,-0.076,0.021,0,0
0,0,1,-1.717,-0.074,0.266,0.013,0,0
1,0,0,0.925,-0.068,-0.359,-0.055,0,0
0,1,0,-0.425,-0.059,-0.251,-0.161,0,0
0,0,1,1.104,-0.023,-0.208,0.024,0,0
1,0,0,-0.222,-0.081,0.103,-0.039,0,0
0,0,1,-0.06,-0.296,-0.131,0.027,0,0
1,0,0,1.352,0.121,-0.207,0.06,0,0
1,0,0,1.483,-0.387,0.651,2.973,1,0
1,0,0,-0.31,-0.059,0.127,0.133,0,0
0,0,1,5.894,0.245,4.354,4.389,3,1
0,1,0,-0.702,0.275,-0.465,0.019,0,0
0,0,1,10.757,0.128,6.247,0.015,2,1
0,1,0,2.031,0.336,-0.274,2.201,1,0
0,1,0,4.276,-0.166,6.327,5.364,3,1
0,0,1,-0.509,-0.055,-0.241,0.057,0,0
0,0,1,7.428,-0.142,5.566,3.842,3,1
0,1,0,5.688,0.002,9.739,-0.246,2,1
0,0,1,-0.634,-0.044,0.16,-0.066,0,0
0,0,1,-1.397,0.279,0.159,0.094,0,0
0,1,0,-1.79,-0.001,0.744,0.023,0,0
0,1,0,-0.143,-0.156,0.86,0.198,0,0
0,0,1,1.193,-0.107,0.513,0.069,0,0
1,0,0,0.002,-0.002,-0.167,0.13,0,0
0,0,1,2.838,45.072,16.795,0.07,3,1
1,0,0,-0.942,0.352,-0.004,-0.011,0,0
1,0,0,-1.332,0.087,0.215,-0.039,0,0
1,0,0,8.825,0.185,5.151,-0.069,2,1
0,1,0,0.867,-0.069,1.773,1.911,1,0
1,0,0,4.631,0.652,17.968,0.114,2,1
0,1,0,0.596,-0.014,0.57,-0.057,0,0
0,1,0,-1.085,0.55,0.096,-0.088,0,0
0,1,0,7.794,0.058,9.526,-0.247,2,1
1,0,0,0.758,0.212,0.718,-0.051,0,0
1,0,0,1.499,0.425,0.618,0.022,0,0
0,0,1,1.066,0.223,0.666,1.817,1,0
0,1,0,6.463,1.178,17.869,0.109,2,1
0,1,0,9.048,0.221,3.213,0.024,2,1
1,0,0,8.649,0.172,1.989,0.033,1,1
0,0,1,0.073,-0.126,0.099,0.027,0,0
0,0,1,8.176,0.502,7.044,3.381,3,1
0,0,1,0.367,0.26,0.121,-0.184,0,0
0,1,0,2.367,0.561,0.012,0.01,0,0
0,1,0,6.173,0.422,6.012,-0.358,2,1
0,1,0,-0.033,0.098,-0.038,0.131,0,0
0,1,0,1.1,-0.371,0.614,0.102,0,0
0,1,0,1.381,0.035,0.044,0.036,0,0
0,1,0,-0.095,-0.265,0.297,-0.025,0,0
1,0,0,-1.666,0.082,-0.118,0.01,0,0
0,0,1,0.167,-0.055,-0.147,0.014,0,0
1,0,0,-2.031,-0.33,0.276,0.055,0,0
1,0,0,0.276,-0.223,0.296,0.052,0,0
0,0,1,3.279,0.579,5.944,3.638,3,1
1,0,0,0.296,0.183,0.075,-0.202,0,0
1,0,0,2.072,0.078,0.287,0.082,0,0
0,0,1,0.007,0.305,-0.4,0.113,0,0
0,1,0,6.741,-0.13,6.53,4.9,3,1
0,1,0,-1.368,-0.275,0.091,-0.008,0,0
0,0,1,6.016,0.207,6.279,-0.254,2,1
0,0,1,5.569,-0.377,11.886,-0.346,2,1
0,0,1,-1.159,-0.082,0.395,0.101,0,0
1,0,0,0.589,0.115,-0.532,-0.122,0,0
0,0,1,5.816,-0.16,5.614,5.61,3,1
1,0,0,0.999,0.189,-0.152,0.038,0,0
0,1,0,7.29,-0.252,5.187,4.718,3,1
1,0,0,5.803,1.342,14.173,-0.099,2,1
1,0,0,0.869,0.415,-0.189,0.069,0,0
1,0,0,7.064,0.167,6.551,5.576,3,1
0,0,1,0.806,-0.31,-0.231,-0.005,0,0
0,0,1,6.75,-0.195,5.294,0.046,2,1
0,0,1,8.651,0.492,1.694,0.033,1,1
1,0,0,2.029,-0.216,8.29,3.043,2,1
0,0,1,0.25,-0.018,-0.4,0.03,0,0
0,0,1,0.135,0.503,-0.4,0.076,0,0
0,1,0,11.608,0.534,5.056,0.037,2,1
0,0,1,-0.15,0.187,0.277,-0.112,0,0
1,0,0,5.901,-0.315,6.473,2.838,3,1
0,0,1,5.235,0.583,7.653,3.143,3,1
1,0,0,1.081,-0.183,-0.8,0.041,0,0
1,0,0,11.468,-0.062,3.315,-0.08,2,1
0,1,0,6.48,0.07,11.296,-0.22,2,1
0,1,0,0.116,0.411,-0.66,-0.081,0,0
1,0,0,-0.518,0.035,-0.507,-0.117,0,0
0,0,1,1.499,-0.181,0.63,-0.049,0,0
0,1,0,-1.032,-0.154,0.057,0.001,0,0
0,1,0,-1.066,0.137,0.19,0.058,0,0
0,1,0,-2.127,-0.623,0.165,-0.009,0,0
0,0,1,-1.182,0.385,-0.4,0.042,0,0
0,0,1,6.369,0.52,3.966,0.099,2,1
1,0,0,-0.874,-0.068,0.087,0.031,0,0
1,0,0,-0.646,-0.199,-0.063,0.017,0,0
0,0,1,1.505,-0.233,0.854,-0.085,0,0
0,1,0,5.775,0.642,6.503,4.332,3,1
0,0,1,-0.166,0.36,-0.123,0.04,0,0
1,0,0,-0.215,-0.061,-0.254,0.076,0,0
0,0,1,-0.408,0.426,0.76,-0.048,0,0
0,1,0,-0.418,0.148,0.565,0.059,0,0
0,1,0,0.392,0.463,0.284,0.136,0,0
0,1,0,6.284,-0.345,5.746,3.936,3,1
0,1,0,1.454,-0.074,0.238,0.043,0,0
0,1,0,10.43,-0.31,2.437,-0.221,2,1
0,0,1,0.582,0.091,0.684,0.028,0,0
0,0,1,9.724,-0.163,2.894,0.079,2,1
0,0,1,4.523,1.251,12.351,0.005,2,1
0,1,0,4.382,0.376,7.24,4.098,3,1
0,1,0,-1.135,0.376,0.894,0.017,0,0
0,1,0,5.968,0.231,4.622,0.057,2,1
0,0,1,1.091,34.046,9.288,0.103,2,1
0,1,0,-0.011,0.075,0.123,0.013,0,0
0,1,0,1.393,0.197,0.06,-0.013,0,0
1,0,0,1.648,-0.386,-0.048,-0.034,0,0
1,0,0,-0.265,-0.026,-0.143,-0.03,0,0
1,0,0,-0.296,-0.373,-0.162,-0.043,0,0
0,1,0,0.704,0.3,-0.547,0.019,0,0
0,0,1,0.373,-0.24,0.895,0.016,0,0
1,0,0,9.727,0.11,3.147,-0.013,2,1
1,0,0,0.511,0.323,0.001,0.08,0,0
0,0,1,-0.215,0.18,0.226,0.024,0,0
0,0,1,-0.76,0.145,0.651,0.005,0,0
0,1,0,1.335,0.599,-0.362,0.1,0,0
0,0,1,-0.249,0.09,-0.18,0.123,0,0
1,0,0,-1.4,-0.104,0.425,0.086,0,0
1,0,0,5.714,0.408,4.446,3.492,3,1
0,1,0,-1.527,0.14,-0.672,-0.037,0,0
0,1,0,-0.531,-0.261,-0.976,-0.041,0,0
0,1,0,3.437,1.384,13.442,-0.028,2,1
0,1,0,1.202,-0.162,-0.793,0.099,0,0
1,0,0,7.464,-0.025,8.114,4.745,3,1
1,0,0,-0.059,0.588,0.364,0.067,0,0
0,1,0,0.987,0.448,0.021,0.03,0,0
0,1,0,0.542,-0.003,-0.187,-0.089,0,0
0,1,0,-0.926,-0.083,0.431,0.111,0,0
0,0,1,4.911,46.144,16.349,-0.017,3,1
1,0,0,2.799,0.132,0.077,0.053,1,0
1,0,0,-1.597,0.183,-0.633,-0.018,0,0
1,0,0,4.032,1.088,10.44,0.156,2,1
0,1,0,-1.223,0.052,-0.068,-0.09,0,0
0,0,1,5.415,1.784,14.94,-0.01,2,1
1,0,0,1.578,-0.352,-0.219,0.038,0,0
0,0,1,1.604,-0.263,-0.4,0.112,0,0
0,1,0,-0.181,-0.481,-0.351,0.044,0,0
0,0,1,7.307,-0.602,2.71,0.009,2,1
1,0,0,-0.08,-0.155,0.288,-0.045,0,0
0,0,1,7.353,-0.16,6.662,5.064,3,1
1,0,0,2.224,24.507,18.872,0.039,2,1
0,0,1,0.224,0.099,-0.4,0.091,0,0
1,0,0,-0.136,0.125,0.023,0.157,0,0
0,1,0,8.873,-0.448,5.049,3.07,3,1
0,1,0,1.258,0.279,1.237,0.022,0,0
0,1,0,2.547,4.905,20.391,0.038,3,1
0,1,0,8.196,0.498,5.245,-0.006,2,1
0,1,0,-0.078,0.183,-0.493,0.047,0,0
0,0,1,-1.164,0.034,1.034,0.041,0,0
0,0,1,-0.946,-0.018,0.182,-0.07,0,0
0,1,0,1.538,1.15,10.301,0.111,1,1
0,0,1,0.573,0.253,0.004,1.924,1,0
0,0,1,-1.458,0.187,0.016,0.018,0,0
0,1,0,-0.51,-0.456,-0.111,-0.035,0,0
0,1,0,0.567,0.043,-0.707,-0.037,0,0
0,1,0,0.36,0.062,0.455,0.058,0,0
0,1,0,-0.419,-0.108,0.438,0.078,0,0
1,0,0,1.294,0.248,-0.01,0.121,0,0
0,0,1,-0.339,0.009,-0.4,0.066,0,0
0,1,0,8.626,-0.397,3.79,-0.013,2,1
0,1,0,-0.215,-0.031,-0.164,0.11,0,0
0,0,1,1.441,-0.055,0.105,-0.091,0,0
0,1,0,0.242,-0.219,-0.1,0.091,0,0
1,0,0,0.698,0.193,0.461,0.033,0,0
0,0,1,7.063,0.45,4.454,-0.008,2,1
0,1,0,-0.789,0.002,0.881,0.069,0,0
0,0,1,-0.675,0.137,-0.224,-0.044,0,0
0,1,0,1.145,-0.082,-0.638,0.219,0,0
0,1,0,-0.959,0.347,-0.381,-0.073,0,0
0,0,1,6.682,0.154,6.477,4.432,3,1
0,1,0,1.407,7.984,10.631,-0.001,2,1
1,0,0,2.928,0.166,0.573,3.208,2,0
0,0,1,-0.774,-0.167,-0.398,0.133,0,0
0,1,0,0.437,0.243,1.37,2.025,1,0
0,1,0,7.091,1.473,17.848,-0.025,2,1
0,1,0,1.566,0.179,0.467,-0.02,0,0
1,0,0,-0.198,-0.318,-0.8,0.055,0,0
1,0,0,-2.495,0.145,-0.231,0.029,0,0
0,0,1,0.584,0.328,-0.044,-0.028,0,0
1,0,0,-0.942,-0.026,-0.353,-0.108,0,0
0,1,0,1.643,0.293,-1.037,0.159,0,0
1,0,0,2.552,0.766,13.201,-0.059,2,1
1,0,0,3.055,-0.379,6.223,5.93,3,1
0,1,0,0.949,0.164,0.019,-0.248,0,0
0,0,1,0.705,-0.167,0.983,1.912,1,0
1,0,0,0.237,-0.388,1.12,0.045,0,0
1,0,0,1.14,0.476,2.333,2.138,2,0
1,0,0,0.227,0.551,0.446,0.067,0,0
1,0,0,8.556,-0.284,2.52,0.023,2,1
0,0,1,1.12,-0.665,0.83,0.078,0,0
1,0,0,1.142,-0.356,-0.352,-0.056,0,0
0,1,0,3.612,11.183,8.605,0.116,3,1
0,1,0,7.275,0.146,4.817,5.634,3,1
0,1,0,4.917,0.139,7.082,2.941,3,1
1,0,0,-0.159,0.148,-0.241,-0.038,0,0
1,0,0,0.191,0.79,0.597,-0.088,0,0
1,0,0,9.611,-0.212,4.282,3.833,3,1
0,0,1,8.948,-0.455,3.808,5.825,3,1
1,0,0,6.495,-0.667,2.276,-0.041,2,1
0,0,1,6.853,-0.029,6.001,4.852,3,1
0,1,0,0.643,-0.226,1.087,1.956,1,0
1,0,0,-0.013,0.218,-0.237,0.122,0,0
0,0,1,3.775,1.323,16.435,0.124,2,1
0,0,1,4.82,-0.177,4.192,5.542,3,1
1,0,0,-1.149,0.755,-0.135,-0.111,0,0
0,0,1,0.816,0.274,0.648,0.04,0,0
0,1,0,-1.847,-0.177,-0.021,-0.044,0,0
1,0,0,-2.329,0.062,-0.072,0.103,0,0
0,1,0,-2.832,-0.076,0.109,-0.076,0,0
0,0,1,-1.624,-0.176,-0.4,0.032,0,0
0,1,0,3.069,7.909,14.293,0.074,3,1
1,0,0,-0.091,-0.014,-0.042,0.142,0,0
0,0,1,1.947,51.912,17.632,0.107,2,1
1,0,0,6.964,-0.327,6.951,4.945,3,1
1,0,0,5.685,0.044,10.557,-0.183,2,1
0,1,0,-0.279,0.038,0.413,-0.063,0,0
0,0,1,-0.188,0.202,-0.121,-0.159,0,0
0,0,1,-0.419,0.273,-0.4,-0.02,0,0
0,1,0,1.105,0.459,0.683,-0.096,0,0
1,0,0,-0.168,0.491,-0.599,0.11,0,0
0,1,0,-1.323,-0.398,0.856,-0.057,0,0
0,1,0,-1.393,-0.032,0.514,0.199,0,0
1,0,0,-1.008,0.116,-0.511,-0.126,0,0
0,1,0,7.262,-0.054,5.959,-0.039,2,1
0,0,1,0.057,-0.114,-0.32,0.025,0,0
1,0,0,-2.376,0.399,0.081,0.112,0,0
0,0,1,8.524,0.166,6.282,5.618,3,1
1,0,0,1.524,0.248,-0.495,-0.148,0,0
0,0,1,-1.065,0.13,-0.4,-0.013,0,0
0,1,0,6.913,0.188,4.275,3.918,3,1
0,0,1,4.834,1.147,11.416,-0.002,2,1
0,1,0,-0.683,0.098,0.718,0.016,0,0
0,1,0,-1.948,0.449,-0.847,-0.078,0,0
0,0,1,0.972,0.243,0.766,-0.269,0,0
0,0,1,0.696,-0.463,0.168,-0.043,0,0
0,1,0,1.751,0.491,0.498,-0.002,0,0
1,0,0,3.429,1.391,11.693,0.073,2,1
0,1,0,-0.43,0.179,1.433,-0.005,0,0
0,0,1,4.659,-0.267,7.022,3.204,3,1
1,0,0,0.434,-0.007,0.448,-0.069,0,0
0,0,1,-0.382,-0.422,0.268,-0.008,0,0
0,0,1,0.655,0.175,0.297,-0.096,0,0
1,0,0,0.449,-0.117,-0.48,-0.157,0,0
1,0,0,-0.585,0.212,-0.131,0.012,0,0
0,0,1,0.619,-0.329,0.151,-0.026,0,0
1,0,0,0.869,-0.212,2.263,2.773,2,0
1,0,0,4.313,1.325,13.827,0.011,2,1
1,0,0,1.45,0.185,-0.8,0.02,0,0
0,0,1,-1.073,0.083,0.634,-0.062,0,0
0,1,0,0.684,0.29,0.528,-0.03,0,0
0,1,0,0.099,-0.195,-0.283,-0.005,0,0
1,0,0,-0.119,-0.483,-0.507,0.017,0,0
1,0,0,0.255,0.542,-0.032,0.028,0,0
0,0,1,1.186,-0.117,-0.008,2.787,1,0
1,0,0,2.716,13.82,18.175,-0.111,3,1
1,0,0,-1.487,-0.139,0.398,-0.046,0,0
0,1,0,1.337,0.036,0.715,1.958,1,0
1,0,0,-0.924,-0.085,-0.352,0.048,0,0
1,0,0,4.997,0.307,4.589,4.792,3,1
1,0,0,0.751,28.533,15.002,0.014,2,1
0,0,1,1.377,46.047,16.405,0.071,2,1
0,1,0,-1.669,0.344,-0.378,0.065,0,0
1,0,0,0.852,-0.318,-0.26,0.07,0,0
0,1,0,-1.215,-0.112,0.352,-0.051,0,0
1,0,0,-1.853,-0.173,-0.26,0.114,0,0
0,1,0,1.494,0.173,0.523,-0.046,0,0
1,0,0,0.352,-0.061,-0.166,-0.019,0,0
1,0,0,0.126,-0.357,0.557,-0.073,0,0
0,0,1,-0.876,0.126,0.791,0.024,0,0
0,1,0,-0.429,-0.024,0.518,-0.089,0,0
1,0,0,-0.517,0.298,0.384,-0.083,0,0
0,1,0,1.245,0.006,0.531,-0.026,0,0
1,0,0,0.571,-0.086,0.563,0.159,0,0
0,0,1,3.944,1.072,16.004,0.036,2,1
0,1,0,5.644,-0.018,1.812,-0.092,1,1
0,0,1,-0.142,0.064,0.058,-0.149,0,0
1,0,0,0.11,0.134,0.252,-0.036,0,0
0,1,0,-0.85,-0.474,-0.746,0.011,0,0
1,0,0,-0.394,-0.196,0.337,0.004,0,0
0,1,0,0.887,0.093,0.064,0.021,0,0
0,1,0,1.404,-0.268,0.452,-0.195,0,0
0,1,0,-0.831,-0.031,0.46,-0.128,0,0
0,0,1,1.535,0.226,0.195,-0.117,0,0
1,0,0,-0.06,-0.22,-0.444,0.003,0,0
0,0,1,0.271,0.214,-0.111,0.011,0,0
1,0,0,-0.761,0.31,0.055,-0.015,0,0
0,1,0,0.919,-0.16,-0.091,0.052,0,0
1,0,0,3.576,1.08,10.667,0.042,2,1
0,1,0,11.617,0.178,4.579,-0.037,2,1
0,1,0,-0.037,0.072,-0.612,-0.136,0,0
0,1,0,-1.177,0.398,1.45,-0.012,0,0
1,0,0,-1.089,-0.567,-0.011,0.206,0,0
0,1,0,-0.097,0.387,-0.166,0.026,0,0
0,1,0,4.969,0.076,7.724,2.995,3,1
0,0,1,1.426,-0.451,-0.12,0.013,0,0
1,0,0,0.674,-0.143,0.746,-0.056,0,0
0,1,0,1.623,-0.139,-0.067,-0.08,0,0
0,1,0,0.354,0.412,0.3,0.022,0,0
0,1,0,0.129,0.186,0.62,0.043,0,0
1,0,0,-0.989,-0.167,-0.03,0.005,0,0
1,0,0,3.176,26.696,18.993,0.017,3,1
0,0,1,4.956,-0.223,11.443,-0.3,2,1
1,0,0,2.717,-0.039,6.886,3.354,3,1
0,0,1,-0.291,-0.162,0.955,2.083,1,0
0,0,1,-0.722,0.028,0.08,0.021,0,0
0,0,1,-0.887,0.133,-0.4,-0.092,0,0
1,0,0,1.374,0.285,0.731,0.122,0,0
0,0,1,1.42,-0.304,0.785,-0.063,0,0
0,1,0,-0.416,0.178,-0.206,0.036,0,0
0,0,1,0.504,0.165,0.536,-0.154,0,0
0,0,1,0.582,0.24,-0.4,-0.057,0,0
0,1,0,0.659,-0.333,-0.578,0.019,0,0
0,0,1,-0.498,-0.313,-0.321,-0.027,0,0
0,0,1,0.159,0.258,-0.058,0.058,0,0
1,0,0,4.507,-0.299,7.927,-0.31,2,1
0,0,1,-0.561,0.542,-0.14,-0.07,0,0
0,1,0,2.928,11.903,10.425,0.021,3,1
1,0,0,2.396,23.063,7.653,-0.001,2,1
0,1,0,-0.351,-0.191,0.917,0.028,0,0
1,0,0,-0.068,0.09,-0.622,-0.002,0,0
0,1,0,-0.467,0.054,-0.333,0.028,0,0
0,0,1,0.488,40.786,14.276,-0.01,2,1
0,0,1,1.935,0.306,0.094,0.007,0,0
0,1,0,-1.078,-0.078,0.091,0.1,0,0
0,1,0,-1.109,0.195,0.503,0.051,0,0
0,0,1,0.856,-0.302,-0.17,0.052,0,0
1,0,0,5.197,0.176,10.281,-0.119,2,1
0,1,0,9.531,-0.097,2.419,-0.084,2,1
0,0,1,0.082,-0.192,-0.393,-0.036,0,0
0,1,0,0.582,0.724,0.469,-0.081,0,0
1,0,0,0.258,0.103,0.726,3.144,1,0
0,1,0,-3.074,-0.499,-0.188,-0.034,0,0
0,0,1,-0.323,-0.308,0.117,0.003,0,0
0,0,1,4.971,1.23,15.753,0.066,2,1
0,0,1,0.643,0.054,0.884,0.037,0,0
1,0,0,-0.659,-0.393,0.062,-0.04,0,0
0,0,1,-0.153,-0.159,0.702,0.118,0,0
0,1,0,-1.08,0.54,0.227,0.065,0,0
0,0,1,3.764,1.387,17.894,-0.01,2,1
0,1,0,0.475,-0.094,2.278,2.395,2,0
1,0,0,6.25,1.865,10.625,0.012,2,1
0,0,1,-0.069,-0.232,0.834,-0.029,0,0
0,1,0,6.055,0.094,6.968,-0.398,2,1
0,1,0,1.241,-0.066,0.144,-0.141,0,0
0,0,1,1.922,23.833,15.559,-0.073,2,1
0,1,0,10.424,-0.265,5.818,0.023,2,1
0,0,1,-0.804,0.158,0.383,0.066,0,0
0,0,1,0.61,0.412,0.123,-0.04,0,0
1,0,0,4.004,-0.311,5.321,3.82,3,1
1,0,0,-0.125,0.172,-0.264,-0.007,0,0
0,1,0,1.446,0.05,-0.693,0.05,0,0
0,1,0,0.777,-0.026,0.435,0.102,0,0
0,0,1,0.065,-0.276,0.423,0.011,0,0
0,0,1,-1.155,0.155,1.23,3.135,1,0
1,0,0,1.389,-0.043,0.241,-0.02,0,0
0,0,1,1.015,-0.242,-0.307,0.037,0,0
0,0,1,-0.696,-0.017,-0.036,0.096,0,0
0,0,1,0.386,0.21,-0.4,0.003,0,0
1,0,0,-1.139,-0.214,0.892,-0.055,0,0
1,0,0,2.955,29.555,9.911,0.143,3,1
0,0,1,-0.011,0.122,-0.4,0.08,0,0
1,0,0,1.231,-0.239,0.201,-0.064,0,0
0,0,1,0.626,-0.336,0.421,0.004,0,0
0,0,1,3.651,28.595,19.431,-0.066,3,1
0,0,1,1.747,1.369,17.236,-0.154,1,1
0,1,0,-0.972,-0.115,-0.156,-0.055,0,0
1,0,0,0.467,-0.314,1.337,-0.13,0,0
1,0,0,1.335,0.084,0.009,-0.002,0,0
1,0,0,-0.362,-0.578,0.815,-0.084,0,0
1,0,0,-1.435,-0.074,-0.165,-0.019,0,0
0,0,1,-0.26,-0.249,0.203,0.015,0,0
0,1,0,6.266,0.374,10.274,-0.323,2,1
0,1,0,0.465,0.225,-0.346,0.176,0,0
0,1,0,0.74,-0.39,0.202,0.043,0,0
0,1,0,2.022,-0.038,0.861,1.839,1,0
0,0,1,1.634,-0.099,-0.332,-0.027,0,0
0,1,0,2.927,10.353,13.966,-0.069,3,1
0,0,1,6.347,-0.163,9.854,-0.193,2,1
1,0,0,5.952,-0.374,4.564,0.054,2,1
0,0,1,-1.877,0.443,-0.009,0.036,0,0
0,0,1,4.09,0.112,11.548,-0.262,2,1
0,0,1,6.581,0.716,7.237,4.153,3,1
0,1,0,9.855,0.559,1.492,0.148,1,1
1,0,0,7.084,-0.083,5.214,0.036,2,1
0,0,1,1.417,64.184,17.991,-0.028,2,1
1,0,0,-1.404,-0.069,-0.459,-0.078,0,0
0,1,0,-0.2,0.171,-0.242,-0.019,0,0
1,0,0,1.464,-0.36,-0.276,0.067,0,0
0,0,1,4.891,1.34,18.437,0.173,2,1
0,1,0,-0.441,-0.544,0.157,-0.049,0,0
0,1,0,-0.495,-0.327,0.112,-0.039,0,0
0,1,0,-0.048,0.008,-0.226,-0.06,0,0
0,0,1,2.428,30.316,16.18,-0.004,2,1
0,1,0,-0.038,8.053,18.577,-0.045,2,1
0,0,1,5.946,-0.095,9.862,-0.175,2,1
1,0,0,0.745,0.27,0.075,-0.028,0,0
0,1,0,9.159,-0.038,5.31,5.994,3,1
1,0,0,7.776,-0.17,13.044,-0.223,2,1
1,0,0,-1.408,-0.467,0.747,0.026,0,0
0,0,1,-1.373,-0.285,-0.036,-0.113,0,0
0,1,0,-1.608,-0.043,0.299,-0.019,0,0
0,1,0,11.357,-0.175,3.268,0.011,2,1
0,0,1,-1,-0.1,-0.398,-0.171,0,0
1,0,0,2.393,15.763,11.675,-0.082,2,1
1,0,0,2.512,11.418,11.457,0.02,3,1
1,0,0,0.156,-0.043,0.087,0.017,0,0
1,0,0,1.229,12.758,16.073,0.018,2,1
1,0,0,2.601,2.134,16.804,0.082,3,1
0,0,1,-0.946,-0.24,-0.4,0.017,0,0
1,0,0,-1.655,-0.501,0.246,0.03,0,0
0,1,0,1.504,-0.478,1.06,0.024,0,0
0,0,1,-1.094,0.344,-0.177,0.086,0,0
0,1,0,-0.132,0.026,0.158,0.054,0,0
0,1,0,1.521,-0.034,-0.059,-0.034,0,0
0,1,0,4.319,-0.579,5.39,-0.302,2,1
1,0,0,0.766,-0.167,-0.504,0.077,0,0
0,0,1,-1.669,0.081,-0.027,-0.07,0,0
1,0,0,2.941,15.156,15.214,0.025,3,1
0,0,1,-0.568,0.046,0.016,0.076,0,0
0,0,1,0.281,0.118,0.418,0.021,0,0
0,0,1,-0.248,-0.471,0.062,-0.049,0,0
1,0,0,-0.435,-0.026,-0.034,-0.106,0,0
1,0,0,4.72,0.985,12.241,-0.074,2,1
0,0,1,10.126,-0.037,4.141,3.687,3,1
0,0,1,2.253,-0.512,1.178,2.575,1,0
0,0,1,-0.647,-0.037,0.663,-0.098,0,0
0,0,1,6.268,0.172,5.872,5.786,3,1
0,0,1,0.73,0.129,-0.067,-0.103,0,0
0,1,0,2.53,9.509,17,-0.155,3,1
1,0,0,0.98,0.669,0.623,-0.1,0,0
1,0,0,2.256,27.519,14.188,-0.009,2,1
0,1,0,-1.308,-0.661,0.132,0.049,0,0
0,0,1,-0.335,-0.368,-0.221,0.077,0,0
1,0,0,7.667,0.102,2.921,0.176,2,1
1,0,0,4.992,-0.021,3.683,0.086,2,1
0,0,1,0.469,0.091,0.359,2.987,1,0
0,1,0,-1.773,0.125,-0.666,0.028,0,0
0,1,0,0.851,0.126,0.322,-0.018,0,0
0,1,0,0.119,0.06,0.077,0.079,0,0
1,0,0,-0.005,-0.248,1.153,0.055,0,0
0,0,1,-0.539,0.107,0.411,-0.04,0,0
0,0,1,0.363,-0.109,-0.4,-0.003,0,0
1,0,0,-1.1,0.06,-0.01,0.088,0,0
0,1,0,10.407,0.215,3.524,-0.043,2,1
1,0,0,2.324,20.866,11.095,-0.009,2,1
1,0,0,-2.048,-0.247,1.12,0.032,0,0
0,1,0,0.587,0.068,-0.453,-0.019,0,0
1,0,0,1.819,-0.083,0.567,3.378,1,0
0,0,1,1.108,-0.184,0.065,-0.068,0,0
0,1,0,0.275,0.102,0.105,-0.065,0,0
1,0,0,1.438,-0.165,0.097,0.148,0,0
0,0,1,2.318,0.217,0.799,2.859,1,0
0,0,1,0.267,0.019,0.011,-0.022,0,0
0,1,0,6.022,0.028,2.68,-0.046,2,1
0,0,1,1.724,-0.053,-0.007,0.074,0,0
0,0,1,-0.609,-0.426,-0.4,-0.14,0,0
1,0,0,0.726,-0.071,-0.104,0.01,0,0
1,0,0,1.945,28.14,17.99,-0.073,2,1
1,0,0,5.102,27.628,19.905,-0.021,3,1
0,1,0,2.024,-0.069,0.308,2.683,1,0
0,0,1,4.439,1.748,17.091,0.004,2,1
0,1,0,1.715,-0.012,0.217,0.034,0,0
0,1,0,0.963,-0.572,-0.829,0.017,0,0
0,0,1,-1.547,-0.104,-0.4,0.108,0,0
0,0,1,-1.317,-0.285,-0.4,-0.077,0,0
0,1,0,0,-0.148,0.16,0.068,0,0
0,1,0,-0.436,-0.316,-0.519,-0.005,0,0
0,0,1,0.251,0.536,0.358,-0.18,0,0
1,0,0,0.754,16.181,12.435,0.006,2,1
0,0,1,1.239,-0.342,0.051,-0.056,0,0
0,1,0,-1.787,-0.171,-1.217,-0.155,0,0
0,0,1,-0.62,0.232,0.004,-0.005,0,0
0,1,0,7.086,0.16,6.04,-0.007,2,1
0,1,0,-0.76,-0.127,0.121,-0.13,0,0
0,0,1,1.929,57.408,15.041,0.041,2,1
0,1,0,8.662,-0.179,4.534,-0.075,2,1
1,0,0,3.657,1.505,12.417,-0.051,2,1
1,0,0,1.252,-0.098,0.404,3.175,1,0
1,0,0,3.186,1.757,11.823,-0.111,2,1
0,1,0,-1.888,0.135,0.154,0.112,0,0
0,1,0,2.694,11.77,14.745,-0.009,3,1
0,0,1,7.176,0.473,7.916,4.315,3,1
1,0,0,5.426,-0.262,7.852,5.905,3,1
0,0,1,11.181,-0.188,2.38,-0.116,2,1
0,0,1,9.489,-0.106,3.956,0.003,2,1
0,1,0,6.462,-0.071,6.031,-0.164,2,1
0,0,1,4.256,0.117,7.575,3.458,3,1
0,0,1,-1.577,-0.113,-0.103,-0.039,0,0
0,0,1,-0.487,0.125,-0.4,-0.052,0,0
0,0,1,0.89,0.25,-0.4,-0.047,0,0
1,0,0,-1.241,-0.002,-0.4,0.15,0,0
1,0,0,0.869,-0.068,-0.002,0.117,0,0
0,1,0,-0.232,-0.244,-0.237,0.052,0,0
1,0,0,-0.543,0.051,0.028,-0.019,0,0
0,1,0,1.148,-0.174,1.376,3.254,1,0
0,0,1,4.571,1.64,14.616,-0.09,2,1
1,0,0,-0.405,0.418,0.804,0.033,0,0
0,1,0,4.973,0.246,6.544,3.989,3,1
0,0,1,-1.211,0.083,-0.152,-0.023,0,0
0,0,1,3.851,1.494,14.495,0.067,2,1
0,0,1,-0.626,0.179,0.256,0.01,0,0
0,0,1,0.89,0.174,0.548,0.007,0,0
0,0,1,-0.276,0.041,0.361,0.112,0,0
0,0,1,3.827,0.393,8.635,-0.209,2,1
0,1,0,4.987,1.17,13.671,-0.025,2,1
0,1,0,6.237,0.367,6.728,4.985,3,1
0,0,1,-0.311,-0.342,0.368,-0.009,0,0
1,0,0,3.372,21.204,18.923,-0.079,3,1
1,0,0,-0.489,0.589,0.31,-0.111,0,0
0,0,1,0.9,0.013,0.294,0.017,0,0
0,0,1,1.716,0.155,-0.39,0.036,0,0
0,1,0,0.574,-0.345,0.394,0.125,0,0
1,0,0,1.215,0.1,-0.161,-0.015,0,0
1,0,0,5.005,-0.051,9.157,-0.212,2,1
0,1,0,3.475,1.017,18.244,0.009,2,1
0,0,1,2.463,0.961,12.402,0.106,1,1
0,0,1,11.899,0.164,4.809,0.077,2,1
1,0,0,4.08,9.697,19.333,-0.076,3,1
0,0,1,1.627,1.193,10.381,0.07,1,1
0,0,1,0.54,0.186,-0.194,-0.027,0,0
0,1,0,5.301,0.12,7.562,3.857,3,1
1,0,0,0.071,0.105,0.254,-0.029,0,0
0,1,0,-0.914,0.393,1.581,2.153,1,0
0,0,1,0.879,-0.023,0.172,-0.086,0,0
0,1,0,1.332,-0.177,0.563,3.179,1,0
0,1,0,-0.853,-0.369,-0.061,0.101,0,0
0,1,0,-1.076,0.466,-0.177,-0.209,0,0
0,0,1,-0.735,-0.078,0.248,-0.111,0,0
0,0,1,4.112,0.127,6.648,5.063,3,1
0,0,1,1.019,0.602,-0.4,0.091,0,0
1,0,0,4.501,0.143,7.45,4.321,3,1
1,0,0,-0.792,-0.203,-0.399,0.035,0,0
0,1,0,11.43,0.142,4.19,0.093,2,1
0,0,1,8.863,0.007,3.535,-0.02,2,1
1,0,0,7.463,-0.195,5.614,-0.04,2,1
0,1,0,5.982,5.04,9.699,0.083,3,1
0,0,1,0.019,-0.045,-0.4,0.009,0,0
0,1,0,0.288,-0.024,-0.328,-0.201,0,0
0,0,1,-1.627,0.474,-0.4,-0.058,0,0
0,0,1,-0.326,0.302,-0.384,0.029,0,0
0,1,0,0.326,0.17,-0.361,-0.171,0,0
0,1,0,1.355,-0.085,1.706,2.597,1,0
1,0,0,-0.459,-0.107,0.798,2.011,1,0
0,0,1,-0.904,-0.094,0.336,-0.004,0,0
0,1,0,0.068,0.25,0.01,0.051,0,0
1,0,0,2.703,1.219,14.338,-0.033,2,1
0,0,1,-0.268,-0.312,0.101,0.07,0,0
0,0,1,0.522,-0.201,0.146,-0.083,0,0
0,1,0,0.563,-0.17,0.803,1.838,1,0
0,1,0,2.822,9.137,17.18,0.101,3,1
0,1,0,2.545,1.663,10.395,-0.12,2,1
1,0,0,0.94,10.013,17.768,-0.04,2,1
1,0,0,0.828,-0.202,-0.45,-0.233,0,0
0,0,1,3.803,30.633,19.194,0.084,3,1
1,0,0,-1.47,0.126,0.452,-0.146,0,0
1,0,0,-0.036,-0.34,-0.387,-0.006,0,0
1,0,0,7.403,0.111,3.498,0.004,2,1
1,0,0,7.497,0.24,4.183,3.306,3,1
0,0,1,2.262,1.598,16.218,0.026,1,1
0,0,1,0.67,-0.283,-0.4,-0.041,0,0
0,1,0,-0.382,0.547,-0.295,-0.068,0,0
1,0,0,-1.587,-0.218,-0.8,-0.085,0,0
0,1,0,9.851,-0.482,3.679,0.119,2,1
1,0,0,0.343,0.105,-0.234,0.1,0,0
0,1,0,3.437,1.282,14.17,0.006,2,1
1,0,0,5.793,1.616,13.63,-0.116,2,1
1,0,0,-1.013,0.089,-0.106,-0.074,0,0
1,0,0,1.976,0.201,4.155,2.916,2,1
0,0,1,0.429,-0.428,0.597,0.037,0,0
1,0,0,-0.836,0.119,0.419,0.029,0,0
0,1,0,2.207,1.43,17.893,0.046,1,1
0,0,1,0.594,0.09,0.773,-0.055,0,0
1,0,0,5.006,-0.096,5.36,-0.192,2,1
1,0,0,8.984,-0.295,6.149,5.415,3,1
1,0,0,0.683,-0.267,1.538,2.937,1,0
1,0,0,2.137,19.097,7.76,0.085,2,1
0,0,1,-0.419,-0.342,0.5,0.005,0,0
0,0,1,1.798,0.712,0.046,-0.064,0,0
1,0,0,1.792,0.364,1.295,3.38,1,0
1,0,0,7.683,0.002,7.486,-0.145,2,1
1,0,0,1.598,0.419,0.182,0.058,0,0
0,0,1,2.264,-0.229,0.899,2.108,1,0
1,0,0,4.55,0.022,2.989,-0.125,2,1
1,0,0,0.95,-0.215,-0.42,-0.102,0,0
0,1,0,-0.144,0.27,0.31,-0.003,0,0
0,1,0,0.292,0.419,0.155,0.046,0,0
1,0,0,0.094,-0.053,0.038,0.091,0,0
1,0,0,2.301,0.081,-0.159,-0.179,0,0
0,1,0,3.267,1.411,15.906,-0.12,2,1
0,0,1,7.115,0.109,7.028,5.874,3,1
0,0,1,0.886,0.333,0.727,-0.039,0,0
0,0,1,1.264,0.167,-0.1,-0.065,0,0
0,1,0,0.003,-0.222,-0.013,0.065,0,0
0,0,1,2.706,-0.217,4.164,3.237,3,1
0,1,0,3.383,5.348,10.202,-0.043,3,1
0,1,0,-0.019,-0.272,0.217,0.039,0,0
0,0,1,1.514,-0.447,0.907,-0.009,0,0
1,0,0,-1.563,0.148,0.638,0.029,0,0
1,0,0,3.592,1.124,17.22,0.1,2,1
0,0,1,1.14,0.006,0.149,0,0,0
0,0,1,1.069,0.228,0.792,-0.099,0,0
1,0,0,-0.852,0.08,-0.185,0.031,0,0
1,0,0,1.276,-0.47,-0.107,-0.022,0,0
1,0,0,-0.699,0.051,-0.478,-0.064,0,0
0,0,1,-0.793,-0.583,-0.4,-0.003,0,0
1,0,0,3.785,1.184,10.11,-0.094,2,1
0,0,1,3.532,1.621,9.959,0.132,2,1
1,0,0,8.561,0.114,6.378,2.57,3,1
1,0,0,2.672,1.664,13.327,0.014,2,1
0,0,1,-1.521,0.246,-0.322,0.031,0,0
0,1,0,8.124,0.404,9.008,-0.394,2,1
0,1,0,5.323,15.554,11.802,-0.23,3,1
0,0,1,-0.851,0.179,-0.4,-0.079,0,0
0,1,0,1.027,0.164,-0.006,0,0,0
0,1,0,0.119,0.277,-0.48,-0.037,0,0
0,1,0,0.981,0.356,-0.301,0.158,0,0
0,1,0,6.375,0.306,7.922,2.806,3,1
0,0,1,2.392,1.066,15.179,-0.047,1,1
0,1,0,4.965,0.061,8.367,3.259,3,1
1,0,0,6.076,0.104,7.862,2.762,3,1
0,1,0,1.41,1.361,10.585,0.012,1,1
1,0,0,0.929,-0.233,-0.148,0.065,0,0
1,0,0,-0.008,-0.159,0.57,0.094,0,0
0,0,1,0.177,0.195,-0.4,0.161,0,0
0,1,0,-0.459,-0.116,0.465,0.033,0,0
0,0,1,9.233,-0.518,2.097,-0.045,2,1
0,0,1,-0.013,-0.198,-0.4,-0.073,0,0
0,0,1,5.315,1.291,13.254,0.013,2,1
0,1,0,1.171,-0.032,0.041,-0.169,0,0
0,0,1,-2.131,-0.129,0.314,-0.014,0,0
0,0,1,-1.125,-0.189,-0.345,0.125,0,0
1,0,0,3.289,1.571,13.936,0.023,2,1
0,0,1,0.944,0.002,-0.4,0.048,0,0
1,0,0,-1.914,0.275,-0.462,-0.013,0,0
0,0,1,-0.136,-0.012,0.224,0.095,0,0
1,0,0,6.254,-0.344,3.746,-0.036,2,1
1,0,0,-0.522,-0.179,0.032,0.11,0,0
0,0,1,4.166,65.03,20.007,0.028,3,1
1,0,0,-1.052,0.102,0.167,0.044,0,0
1,0,0,-0.553,0.148,0.52,0.048,0,0
0,1,0,2.603,7.746,13.141,0.132,3,1
0,1,0,2.814,0.195,0.575,3.011,2,0
0,1,0,0.345,-0.418,-0.175,0.106,0,0
0,0,1,6.541,-0.387,7.269,4.587,3,1
0,1,0,-0.411,-0.595,0.37,-0.014,0,0
1,0,0,-1.177,0.194,-0.113,-0.136,0,0
1,0,0,-1.084,-0.035,-0.207,-0.169,0,0
0,1,0,0.449,0.468,0.443,0.043,0,0
1,0,0,1.772,0.959,17.173,0.04,1,1
1,0,0,0.66,0.163,0.439,-0.02,0,0
0,1,0,7.211,-0.55,4.592,5.685,3,1
1,0,0,-1.685,0.295,0.699,-0.015,0,0
0,0,1,0.493,-0.21,1.352,2.455,1,0
1,0,0,7.818,0.191,4.232,0.016,2,1
1,0,0,6.497,-0.142,4.933,5.442,3,1
1,0,0,0.169,0.347,0.162,-0.026,0,0
1,0,0,1.099,-0.186,0.777,-0.033,0,0
0,1,0,-0.545,0.063,0.428,-0.03,0,0
0,1,0,-0.488,-0.183,-0.875,0.077,0,0
0,0,1,1.398,-0.214,1.205,2.997,1,0
0,1,0,-0.906,0.048,0.22,-0.121,0,0
0,1,0,11.074,-0.157,5.168,0.024,2,1
0,1,0,1.099,0.017,-0.52,-0.004,0,0
0,1,0,2.421,12.212,13.109,-0.085,2,1
1,0,0,7.964,0.24,5.349,0.079,2,1
1,0,0,5.312,-0.168,11.084,-0.339,2,1
0,0,1,-0.836,0.057,0.35,-0.098,0,0
0,0,1,-0.782,0.452,-0.329,0.008,0,0
0,1,0,-1.145,-0.066,0.406,0.125,0,0
0,0,1,1.162,0.089,0.404,-0.011,0,0
0,1,0,1.889,0.297,1.77,1.888,1,0
0,0,1,1.142,27.725,9.735,-0.182,2,1
0,1,0,0.888,0.074,0.201,-0.106,0,0
0,0,1,2.271,0.211,-0.381,-0.121,0,0
0,0,1,-0.935,-0.302,-0.078,0.011,0,0
1,0,0,0.679,-0.244,0.002,0.03,0,0
0,1,0,5.126,11.041,7.252,0.098,3,1
1,0,0,0.51,-0.248,-0.184,0.051,0,0
1,0,0,0.255,0.175,0.791,-0.068,0,0
0,1,0,-0.907,-0.246,0.07,-0.068,0,0
0,0,1,-0.724,0.278,-0.295,-0.115,0,0
0,0,1,0.828,0.052,-0.35,-0.027,0,0
1,0,0,1.695,14.888,12.337,-0.073,2,1
0,1,0,-1.537,-0.353,-0.134,0.058,0,0
0,1,0,1.271,-0.382,0.993,1.84,1,0
0,1,0,0.63,1.694,15.162,0.066,1,1
0,0,1,5.936,0.062,5.156,4.465,3,1
1,0,0,7.55,-0.009,5.774,-0.003,2,1
0,0,1,5.267,31.823,11.547,-0.019,3,1
1,0,0,5.403,1.175,16.125,-0.116,2,1
0,1,0,-0.147,0.027,-0.26,-0.054,0,0
1,0,0,-0.083,0.56,0.716,-0.175,0,0
1,0,0,-0.913,-0.068,-0.737,-0.056,0,0
0,1,0,0.49,-0.08,0.169,-0.068,0,0
0,0,1,-0.995,-0.224,-0.148,0.11,0,0
0,0,1,5.896,0.118,7.811,4.631,3,1
0,0,1,-0.728,0.006,0.502,-0.068,0,0
0,1,0,1.748,-0.35,-0.185,-0.111,0,0
1,0,0,-0.486,-0.145,-0.133,0.001,0,0
1,0,0,6.624,-0.032,10.751,-0.292,2,1
0,0,1,-0.515,-0.13,1.54,3.452,1,0
0,1,0,5.266,0.533,5.151,0.049,2,1
0,1,0,0.015,0.161,-0.476,0.091,0,0
1,0,0,1.024,0.106,0.079,0.036,0,0
0,0,1,-1.481,-0.006,-0.4,0.089,0,0
1,0,0,-0.77,-0.175,0.332,0.134,0,0
0,0,1,2.85,1.498,17.957,0.037,2,1
1,0,0,5.334,-0.044,11.926,-0.186,2,1
0,1,0,0.008,-0.014,-0.393,-0.064,0,0
0,0,1,-0.41,0.364,0.774,-0.122,0,0
0,1,0,-1.37,-0.113,0.488,0.061,0,0
0,0,1,4.811,1.332,18.396,-0.034,2,1
0,0,1,4.739,51.78,10.42,0.123,3,1
1,0,0,-0.302,-0.098,-0.282,0.008,0,0
0,0,1,9.757,-0.025,3.63,0.013,2,1
1,0,0,4.807,14.391,9.385,-0.092,3,1
0,1,0,-1.152,0.032,-0.755,0.048,0,0
1,0,0,0.557,0.072,-0.177,0.043,0,0
1,0,0,-0.481,-0.382,0.014,0.046,0,0
1,0,0,3.117,1.191,10.841,-0.038,2,1
0,0,1,3.812,1.602,15.382,0.077,2,1
0,0,1,2.625,61.873,9.928,0.019,3,1
0,1,0,-0.169,-0.436,0.043,-0.08,0,0
0,0,1,-0.581,-0.035,-0.087,0.053,0,0
1,0,0,0.146,0.425,-0.612,0.027,0,0
0,1,0,-0.425,0.194,-0.279,0.158,0,0
0,0,1,0.65,-0.105,0.434,0.008,0,0
1,0,0,5.442,-0.295,12.992,-0.381,2,1
0,0,1,1.665,31.673,12.846,0.025,2,1
0,1,0,1.381,0.002,0.616,1.852,1,0
1,0,0,-1.103,0.134,-0.613,0.046,0,0
1,0,0,0.267,-0.427,-0.014,0.031,0,0
0,0,1,0.238,-0.317,-0.224,0.012,0,0
0,1,0,5.298,1.192,17.514,0.095,2,1
1,0,0,1.951,1.008,0.145,-0.072,0,0
1,0,0,7.452,0.121,5.405,3.111,3,1
1,0,0,0.076,0.257,-0.059,0.005,0,0
1,0,0,1.921,-0.412,0.273,-0.002,0,0
0,1,0,1.035,0.119,0.11,0.041,0,0
0,0,1,8.104,-0.057,4.421,-0.059,2,1
1,0,0,1.238,0.421,-0.184,-0.053,0,0
0,0,1,-1.234,-0.217,-0.09,0.038,0,0
0,0,1,5.226,1.36,18.079,-0.081,2,1
0,1,0,5.656,0.124,5.727,-0.052,2,1
1,0,0,4.739,0.484,10.911,-0.21,2,1
1,0,0,8.745,0.154,2.823,-0.096,2,1
0,0,1,0.365,-0.285,-0.174,-0.2,0,0
0,0,1,0.672,-0.361,0.054,0.006,0,0
0,0,1,0.33,0.238,-0.037,-0.123,0,0
0,1,0,3.058,15.122,14.706,-0.033,3,1
0,0,1,7.768,0.305,9.417,4.491,3,1
0,0,1,0.109,-0.667,-0.102,-0.059,0,0
0,0,1,2.179,-0.072,1.028,3.236,1,0
0,1,0,0.578,-0.184,1.068,0.211,0,0
1,0,0,-0.308,0.149,0.223,0.062,0,0
1,0,0,11.786,0.004,2.965,-0.156,2,1
0,0,1,1.703,-0.12,0.066,-0.061,0,0
0,1,0,1.131,-0.267,-0.382,-0.02,0,0
1,0,0,0.148,-0.348,-0.002,0.016,0,0
0,1,0,0.891,0.119,-0.196,-0.049,0,0
1,0,0,-0.086,0.029,0.063,-0.035,0,0
0,0,1,1.178,-0.058,0.433,-0.086,0,0
1,0,0,0.143,0.222,-0.293,-0.098,0,0
1,0,0,-0.482,0.047,0.116,0.165,0,0
1,0,0,0.019,-0.326,0.786,-0.074,0,0
1,0,0,6.56,-0.03,3.879,5.725,3,1
0,1,0,-0.151,-0.162,0.084,0.132,0,0
0,0,1,1.097,35.13,18.973,0.046,2,1
1,0,0,1.261,0.173,-0.021,0.026,0,0
0,1,0,-0.896,-0.667,0.001,0.074,0,0
0,0,1,3.511,1.386,14.512,-0.049,2,1
0,1,0,1.483,-0.338,0.536,0.02,0,0
0,1,0,0.608,1.217,19.078,-0.019,1,1
1,0,0,-1.548,-0.436,0.158,0.131,0,0
0,1,0,10.288,0.332,5.27,-0.124,2,1
1,0,0,-0.02,0.264,0.455,0.01,0,0
0,0,1,1.928,1.325,12.256,-0.079,1,1
0,1,0,8.462,-0.41,5.469,0.198,2,1
0,1,0,0.017,-0.539,-0.64,0.163,0,0
0,1,0,1.066,0.23,0.009,-0.028,0,0
0,1,0,0.141,0.187,0.304,0.132,0,0
1,0,0,0.6,-0.107,0.666,-0.038,0,0
1,0,0,2.722,12.689,18.934,-0.154,3,1
0,0,1,0.676,0.051,0.252,-0.008,0,0
0,1,0,-2.162,0.037,-0.12,0.118,0,0
0,1,0,2.944,9.301,13.432,0.122,3,1
0,1,0,2.488,1.309,17.089,-0.168,1,1
1,0,0,0.473,-0.261,0.273,-0.043,0,0
1,0,0,-0.979,-0.223,-0.512,-0.024,0,0
0,1,0,0.622,-0.403,-0.318,-0.141,0,0
1,0,0,0.292,-0.38,-0.135,-0.061,0,0
0,1,0,3.248,1.299,16.325,-0.098,2,1
0,1,0,0.267,-0.572,-0.405,0.069,0,0
0,0,1,-1.038,0.039,-0.4,-0.018,0,0
0,1,0,4.186,1.383,14.93,0.071,2,1
1,0,0,-0.171,0.097,0.181,0.084,0,0
0,1,0,0.892,0.12,0.465,-0.062,0,0
0,0,1,1.102,-0.011,0.895,3.088,1,0
0,1,0,-0.563,-0.256,0.047,0.066,0,0
0,1,0,7.71,0.078,1.083,-0.011,1,1
0,1,0,-0.033,0.243,2.662,3.224,2,0
0,0,1,0.123,0.488,-0.25,-0.01,0,0
0,0,1,6.564,-0.192,7.41,3.96,3,1
0,0,1,0.088,-0.269,0.138,0.021,0,0
1,0,0,0.193,0.144,0.489,0.059,0,0
0,0,1,0.242,0.01,-0.4,-0.083,0,0
0,0,1,3.264,1.489,9.943,0.128,2,1
0,1,0,0.521,0.125,-0.232,0.063,0,0
0,0,1,0.618,-0.316,0.561,-0.01,0,0
0,1,0,-1.046,0.395,0.261,0.059,0,0
0,1,0,-0.236,-0.533,0.291,-0.044,0,0
0,0,1,2.233,1.928,11.179,-0.128,1,1
0,1,0,1.055,0.103,0.36,0.061,0,0
0,0,1,1.735,-0.096,2.147,2.059,2,0
1,0,0,0.876,-0.145,-0.132,0.079,0,0
1,0,0,-1.329,-0.033,-0.595,-0.046,0,0
1,0,0,7.174,0.445,6.15,-0.295,2,1
1,0,0,0.986,0.528,0.036,0.063,0,0
0,1,0,0.215,0.075,-0.283,0.039,0,0
0,1,0,1.57,-0.021,-0.101,-0.043,0,0
1,0,0,4.911,0.12,8.405,-0.309,2,1
0,1,0,2.098,1.362,11.177,0.027,1,1
0,1,0,0.327,-0.181,0.318,0.042,0,0
0,1,0,-0.599,0.073,0.191,0.102,0,0
0,0,1,-1.325,0.013,-0.137,0.027,0,0
0,1,0,0.393,-0.146,-0.549,-0.018,0,0
0,0,1,1.147,0.006,0.069,-0.043,0,0
1,0,0,10.399,0.694,2.911,-0.127,2,1
0,0,1,-1.588,0.284,-0.216,0.086,0,0
0,1,0,-1.985,-0.17,-1.104,-0.085,0,0
0,0,1,7.876,0.673,7.701,3.278,3,1
0,1,0,6.18,1.541,14.121,0.07,2,1
0,0,1,-0.522,-0.022,0.146,0.04,0,0
1,0,0,6.636,-0.14,5.899,4.256,3,1
1,0,0,5.177,-0.298,3.714,-0.043,2,1
0,1,0,-0.16,-0.148,0.201,-0.011,0,0
1,0,0,1.376,-0.509,-0.116,0.117,0,0
1,0,0,2.423,13.507,11.174,-0.096,2,1
1,0,0,0.58,0.08,0.313,-0.048,0,0
0,1,0,1.459,-0.114,-0.272,0.032,0,0
0,0,1,-0.522,0.747,0.629,-0.058,0,0
1,0,0,-0.068,0.384,0.564,-0.183,0,0
0,1,0,-0.454,-0.104,0.049,-0.032,0,0
1,0,0,-1.689,-0.455,0.112,0.16,0,0
0,1,0,3.047,0.448,4.961,4.512,3,1
1,0,0,1.235,-0.134,0.727,0.011,0,0
0,1,0,9.005,-0.232,5.386,0.185,2,1
0,1,0,0.315,0.031,-0.521,0.089,0,0
0,0,1,0.208,-0.011,0.189,-0.141,0,0
1,0,0,2.019,0.1,0.293,2.396,1,0
1,0,0,5.062,-0.061,7.933,-0.374,2,1
1,0,0,4.169,1.576,12.232,-0.015,2,1
0,1,0,-0.689,-0.018,0.109,-0.11,0,0
0,0,1,7.523,-0.07,2.777,-0.098,2,1
0,1,0,0.925,0.017,-0.41,0.115,0,0
0,0,1,-0.45,0.037,0.662,-0.093,0,0
1,0,0,8.137,-0.239,4.3,4.518,3,1
0,0,1,-0.634,-0.139,0.249,-0.102,0,0
1,0,0,0.105,-0.082,0.047,2.825,1,0
0,0,1,6.789,0.1,8.622,3.97,3,1
0,1,0,0.724,-0.256,-1.306,0.005,0,0
0,1,0,5.151,1,10.913,-0.032,2,1
0,1,0,0.493,0.33,-0.62,-0.114,0,0
1,0,0,1.174,17.463,12.437,0.014,2,1
0,1,0,2.807,1.311,16.99,0.078,2,1
1,0,0,0.574,0.053,-0.414,0.111,0,0
1,0,0,-0.029,0.579,0.474,-0.006,0,0
0,1,0,-0.394,0.219,-0.95,0.032,0,0
0,1,0,4.224,1.317,9.505,0,2,1
0,1,0,-0.073,0.071,0.412,0.11,0,0
1,0,0,-0.436,-0.055,0.458,-0.101,0,0
0,0,1,0.316,-0.103,0.986,0.03,0,0
1,0,0,4.474,0.072,9.365,-0.369,2,1
1,0,0,-0.355,0.23,0.15,0.074,0,0
0,0,1,-0.589,-0.193,-0.4,-0.028,0,0
0,1,0,10.808,0.135,3.476,0.044,2,1
1,0,0,-1.483,-0.137,-0.527,0.048,0,0
0,0,1,-0.431,-0.018,-0.013,3.107,1,0
1,0,0,2.043,0.353,1.636,2.376,1,0
0,0,1,8.766,-0.277,6.06,0.031,2,1
1,0,0,3.819,0.595,5.062,5.596,3,1
1,0,0,4.319,0.152,5.236,0.005,2,1
0,1,0,1.515,-0.007,-0.605,1.923,1,0
1,0,0,-0.165,0.252,0.152,-0.09,0,0
1,0,0,-2.575,0.248,-0.8,-0.054,0,0
0,1,0,2.999,11.106,9.215,0.018,3,1
1,0,0,5.489,-0.217,8.173,3.209,3,1
0,0,1,0.67,-0.068,0.701,-0.067,0,0
1,0,0,-0.923,-0.188,-0.089,-0.117,0,0
1,0,0,3.594,25.152,12.195,0.003,3,1
1,0,0,0.111,0.61,0.215,-0.073,0,0
0,0,1,8.106,0.173,7.827,5.486,3,1
0,1,0,-0.445,0.012,-0.305,0.172,0,0
1,0,0,1.097,25.279,15.216,0.001,2,1
0,0,1,1.373,0.846,0.64,-0.001,0,0
1,0,0,8.003,-0.25,4.662,4.939,3,1
0,0,1,-0.147,0.344,0.348,-0.089,0,0
0,1,0,-1.049,0.233,0.172,0.161,0,0
0,1,0,5.912,0.016,11.698,-0.262,2,1
0,1,0,0.613,0.318,1.188,0.204,0,0
1,0,0,5.981,-0.04,7.776,3.109,3,1
1,0,0,3.393,20.077,8.196,-0.034,3,1
1,0,0,0.496,-0.182,-0.422,0.012,0,0
0,0,1,9.092,0.14,3.713,0.079,2,1
0,1,0,-1.131,0.432,0.164,-0.03,0,0
0,0,1,1.723,0.033,-0.245,-0.073,0,0
0,1,0,0.574,0.223,0.488,0.021,0,0
0,1,0,0.073,11.825,17.029,-0.002,2,1
0,0,1,1.058,-0.073,-0.399,-0.047,0,0
0,1,0,3.353,1.178,17.863,0.051,2,1
1,0,0,6.213,0.395,4.431,-0.166,2,1
0,1,0,3.233,1.468,9.794,-0.065,2,1
0,1,0,5.479,0.333,3.747,0.125,2,1
0,1,0,0.655,0.111,0.45,-0.02,0,0
0,1,0,0.172,-0.296,-0.04,-0.004,0,0
0,1,0,6.949,-0.041,6.557,5.403,3,1
0,0,1,-2.293,-0.328,0.484,0.046,0,0
1,0,0,0.227,0.318,-0.185,0.111,0,0
0,1,0,0.682,0.49,-0.332,-0.084,0,0
0,0,1,0.894,-0.615,0.616,-0.06,0,0
0,0,1,-0.33,-0.566,0.122,-0.004,0,0
0,0,1,-1.166,0.215,-0.4,-0.048,0,0
0,0,1,-0.158,-0.11,-0.179,-0.09,0,0
0,1,0,1.908,-0.365,0.414,-0.09,0,0
0,1,0,-0.529,0.022,-0.426,-0.095,0,0
0,1,0,-0.157,0.252,0.62,-0.022,0,0
0,0,1,-0.014,23.782,8.711,-0.06,2,1
0,0,1,0.81,0.346,0.374,-0.094,0,0
1,0,0,2.642,0.008,0.318,-0.009,1,0
0,0,1,-1.169,-0.072,-0.056,-0.013,0,0
1,0,0,1.436,-0.255,-0.439,-0.043,0,0
0,0,1,-1.04,0.028,1.487,3.296,1,0
1,0,0,-0.552,0.486,0.393,0.156,0,0
0,1,0,-0.398,0.094,-0.002,-0.118,0,0
1,0,0,3.174,1.325,9.901,-0.045,2,1
0,1,0,3.492,-0.359,3.798,0.039,2,1
0,0,1,0.99,0.109,0.436,-0.146,0,0
0,0,1,-0.53,0.144,0.404,0.016,0,0
1,0,0,8.957,0.067,5.426,0.045,2,1
0,1,0,3.872,1.168,10.409,0.036,2,1
0,0,1,1.697,-0.247,-0.012,3.163,1,0
0,1,0,11.524,0.117,3.943,0.08,2,1
1,0,0,0.786,0.276,0.704,0.063,0,0
1,0,0,1.189,-0.145,1.008,-0.083,0,0
1,0,0,8.168,-0.031,4.686,0.071,2,1
0,1,0,-0.227,13.817,12.357,0.091,2,1
0,1,0,7.695,-0.235,7.126,3.206,3,1
0,1,0,5.099,-0.112,6.937,-0.388,2,1
1,0,0,4.889,-0.221,10.075,-0.185,2,1
0,1,0,-1.92,0.167,0.511,-0.062,0,0
1,0,0,5.016,0.195,11.128,-0.12,2,1
1,0,0,2.601,-0.184,1.136,2.898,2,0
1,0,0,0.297,-0.278,0.114,-0.205,0,0
0,1,0,-0.378,0.423,-1.026,-0.097,0,0
0,0,1,0.538,0.204,-0.244,0.103,0,0
0,1,0,4.33,-0.069,8.501,4.642,3,1
0,0,1,-1.264,-0.318,-0.131,-0.064,0,0
0,1,0,0.752,0.248,-0.169,0,0,0
0,0,1,4.566,0.305,11.399,-0.254,2,1
1,0,0,9.751,0.017,4.978,-0.068,2,1
1,0,0,-1.498,0.151,-0.176,0.011,0,0
0,0,1,5.74,-0.041,9.615,-0.167,2,1
0,0,1,-0.503,0.072,0.054,0.016,0,0
1,0,0,0.293,0.027,0.135,-0.025,0,0
0,1,0,0.173,-0.667,-0.656,0.129,0,0
0,1,0,-0.076,0.388,-0.144,-0.036,0,0
0,1,0,-0.186,0.112,0.441,-0.121,0,0
0,1,0,-1.421,-0.055,1.077,-0.056,0,0
0,1,0,1.372,0.41,-0.282,0.02,0,0
1,0,0,-0.617,0.317,-0.435,-0.099,0,0
1,0,0,0.092,0.159,-0.545,-0.069,0,0
0,1,0,0.278,0.112,-0.537,0.027,0,0
0,0,1,-0.053,0.003,0.197,-0.053,0,0
0,1,0,-1.955,0.151,0.906,0.003,0,0
0,1,0,2.192,1.749,11.048,-0.004,1,1
1,0,0,-0.681,-0.395,0.547,0.135,0,0
1,0,0,10.47,-0.034,3.738,0.049,2,1
0,1,0,3.47,1.191,16.827,-0.039,2,1
1,0,0,3.944,1.673,12.666,0.044,2,1
0,0,1,6.71,-0.183,5.049,-0.038,2,1
1,0,0,2.053,-0.519,0.74,0.017,0,0
0,0,1,7.606,0.135,7.893,-0.309,2,1
0,0,1,0.199,0.087,0.016,0.036,0,0
1,0,0,7.127,-0.106,5.965,3.11,3,1
1,0,0,-2.293,-0.092,-0.186,0.005,0,0
0,0,1,-0.498,-0.007,-0.272,-0.017,0,0
0,0,1,0.105,-0.116,0.111,0.013,0,0
0,0,1,8.035,0.329,4.317,-0.086,2,1
0,1,0,-0.892,-0.327,-0.42,0.15,0,0
0,1,0,0.721,0.027,-0.397,-0.043,0,0
0,0,1,0.263,0.237,-0.4,0.162,0,0
0,1,0,4.135,-0.193,4.638,5.893,3,1
0,1,0,-0.303,0.015,-0.116,0.21,0,0
0,1,0,0.207,0.047,0.312,-0.221,0,0
0,0,1,2.484,55.743,14.198,0.129,2,1
1,0,0,8.776,0.085,11.138,-0.368,2,1
0,0,1,1.56,-0.285,-0.108,-0.031,0,0
0,0,1,1.259,34.019,10.333,-0.149,2,1
1,0,0,-0.479,-0.103,-0.8,0.013,0,0
1,0,0,4.376,20.043,9.046,-0.016,3,1
1,0,0,-1.563,0.249,0.167,-0.097,0,0
0,1,0,-0.782,-0.427,-0.367,0.022,0,0
1,0,0,6.765,-0.164,4.874,2.94,3,1
0,0,1,0.533,-0.037,-0.4,0.025,0,0
0,0,1,0.352,-0.535,0.805,-0.093,0,0
0,1,0,0.624,0.045,0.102,0.059,0,0
0,1,0,0.726,-0.116,-0.209,-0.025,0,0
1,0,0,-0.928,0.449,0.959,0.01,0,0
0,1,0,4.784,0.095,7.966,3.915,3,1
0,1,0,3.846,14.129,10.21,-0.036,3,1
0,0,1,7.041,-0.139,3.853,0.007,2,1
0,1,0,1.361,0.14,-0.101,-0.013,0,0
0,1,0,4.292,0.396,10.974,-0.146,2,1
0,1,0,0.011,-0.389,-0.09,-0.073,0,0
1,0,0,5.633,0.183,6.215,-0.347,2,1
0,1,0,0.912,-0.236,-0.205,-0.135,0,0
0,0,1,6.763,-0.065,6.8,2.704,3,1
0,1,0,1.058,14.32,10.464,0.078,2,1
1,0,0,2.929,25.848,11.687,-0.016,3,1
0,1,0,-0.46,0.125,0.231,0.016,0,0
0,1,0,-0.433,0.19,-0.115,-0.08,0,0
1,0,0,1.207,0.159,-0.2,0.029,0,0
1,0,0,0.079,-0.046,0.069,0.043,0,0
0,0,1,-0.141,-0.238,0.027,0.078,0,0
1,0,0,1.227,-0.215,0.235,3.299,1,0
1,0,0,2.204,-0.566,1.092,2.187,1,0
0,1,0,3.2,1.918,10.988,-0.097,2,1
1,0,0,-0.396,0.103,0.123,-0.032,0,0
0,0,1,-0.53,-0.421,-0.22,-0.023,0,0
1,0,0,-1.593,0.134,0.125,-0.204,0,0
0,0,1,7.092,-0.111,2.659,0.029,2,1
1,0,0,-0.488,0.134,-0.237,0.004,0,0
1,0,0,0.259,0.144,0.224,0.021,0,0
0,1,0,-0.174,0.059,0.301,-0.052,0,0
0,1,0,3.423,-0.165,7.851,2.878,3,1
0,1,0,4.841,-0.667,5.344,0.053,2,1
0,1,0,0.241,0.163,0.329,-0.004,0,0
0,0,1,1.366,0.12,-0.308,0.026,0,0
1,0,0,-0.563,0.22,0.28,-0.064,0,0
0,1,0,9.936,0.259,3.117,0.03,2,1
0,1,0,-0.088,-0.053,-0.27,-0.111,0,0
0,0,1,3.381,55.315,14.31,0.09,3,1
0,1,0,0.548,-0.033,-0.404,-0.088,0,0
1,0,0,8.927,-0.01,4.775,5.892,3,1
0,1,0,-0.051,-0.121,-0.525,-0.094,0,0
1,0,0,-1.878,-0.158,0.274,-0.038,0,0
0,1,0,6.789,-0.043,3.036,-0.003,2,1
0,1,0,8.159,0.104,4.134,-0.136,2,1
0,0,1,0.537,-0.093,0.018,0.012,0,0
0,0,1,-0.235,0.072,-0.4,-0.121,0,0
1,0,0,1.63,24.081,12.625,0.169,2,1
0,1,0,-0.074,0.591,-0.437,-0.154,0,0
0,0,1,0.892,0.326,0.848,-0.098,0,0
0,0,1,3.257,36.526,9.736,-0.132,3,1
1,0,0,5.457,0.249,2.535,-0.011,2,1
1,0,0,-1.634,0.188,-0.063,-0.093,0,0
0,0,1,1.513,-0.039,2.026,2.996,2,0
0,0,1,-1.057,-0.053,0.559,-0.074,0,0
1,0,0,-0.897,-0.013,-0.053,0.04,0,0
1,0,0,5.365,25.034,8.91,0.187,3,1
0,0,1,3.227,1.131,14.646,0.043,2,1
0,1,0,4.359,1.255,14.471,-0.008,2,1
0,1,0,-0.315,0.183,0.078,0.051,0,0
1,0,0,2.962,-0.166,0.046,-0.037,1,0
0,1,0,1.236,-0.285,0.148,0.099,0,0
1,0,0,1.812,11.673,17.375,0.057,2,1
0,0,1,0.704,0.128,0.628,0.012,0,0
0,1,0,1.634,7.179,15.708,0.019,2,1
0,1,0,1.576,1.219,14.037,0.026,1,1
1,0,0,3.719,23.056,13.304,0.085,3,1
0,1,0,0.084,-0.086,0.24,0.096,0,0
0,0,1,4.535,0.207,7.843,3.324,3,1
0,0,1,1.276,-0.194,-0.4,-0.141,0,0
0,0,1,0.704,-0.268,-0.4,0.057,0,0
0,0,1,0.752,0.074,0.018,-0.017,0,0
1,0,0,0.565,-0.419,-0.374,0.028,0,0
0,1,0,11.472,-0.006,4.512,-0.002,2,1
0,0,1,8.982,0.509,2.002,-0.009,2,1
0,0,1,-0.61,0.031,-0.4,-0.036,0,0
0,1,0,4.371,1.411,17.25,0.025,2,1
1,0,0,0.809,0.07,0.242,-0.112,0,0
1,0,0,0.379,-0.331,1.101,-0.075,0,0
1,0,0,-0.291,0.007,0.076,0.122,0,0
1,0,0,4.258,0.751,11.768,0.062,2,1
0,0,1,-0.176,-0.05,0.219,-0.015,0,0
1,0,0,3.842,1.545,15.117,-0.054,2,1
0,1,0,5.774,0.089,5.566,5.333,3,1
0,0,1,7.125,-0.242,4.343,0.013,2,1
0,0,1,0.401,-0.068,-0.115,-0.08,0,0
0,1,0,-0.283,-0.229,0.668,-0.07,0,0
1,0,0,0.425,0.596,0.097,-0.032,0,0
0,0,1,1.551,0.046,-0.4,-0.029,0,0
0,1,0,2.152,8.936,8.274,0.019,2,1
0,1,0,0.621,-0.083,0.019,-0.066,0,0
0,1,0,2.325,-0.492,0.178,-0.136,0,0
1,0,0,-1.273,0.269,0.438,0.13,0,0
0,0,1,3.479,0.224,3.017,0.015,2,1
1,0,0,0.964,0.082,-0.4,0.094,0,0
1,0,0,3.798,18.04,19.965,0.029,3,1
0,1,0,7.505,0.213,5.952,-0.064,2,1
0,1,0,-0.497,-0.091,0.92,-0.007,0,0
0,0,1,5.99,-0.119,3.091,-0.086,2,1
0,1,0,0.128,0.358,0.396,0.028,0,0
1,0,0,0.523,0.106,-0.383,0.111,0,0
0,0,1,0.539,-0.115,1.722,2.177,1,0
1,0,0,1.936,-0.026,-0.175,-0.063,0,0
1,0,0,11.05,0.342,3.594,0.125,2,1
0,1,0,7.454,0.224,7.057,5.528,3,1
1,0,0,0.757,0.677,-0.235,0.03,0,0
0,1,0,1.091,0.121,-0.364,-0.046,0,0
0,0,1,-1.187,-0.043,0.341,-0.014,0,0
0,1,0,5.128,0.912,10.144,-0.326,2,1
1,0,0,7.637,0.408,2.457,0.032,2,1
1,0,0,0.866,0.306,-0.371,0.103,0,0
0,1,0,2.106,6.972,8.938,0.151,2,1
0,0,1,2.617,0.051,0.131,0.01,1,0
1,0,0,-2.005,-0.32,0.063,0.047,0,0
0,1,0,4.659,1.608,16.992,-0.049,2,1
0,0,1,-1.19,0.201,-0.305,-0.123,0,0
0,1,0,6.971,0.153,7.058,4.165,3,1
0,0,1,-0.463,-0.109,-0.289,-0.002,0,0
0,0,1,3.264,45.534,19.352,-0.092,3,1
1,0,0,2.134,0.147,0.22,0.002,0,0
0,0,1,0.586,-0.36,-0.131,0.074,0,0
1,0,0,-0.293,-0.156,0.438,-0.035,0,0
0,1,0,9.813,0.172,8.243,5.709,3,1
1,0,0,5.255,1.468,16.027,-0.192,2,1
0,0,1,6.252,0.531,11.399,-0.133,2,1
0,1,0,2.817,0.049,0.911,-0.043,1,0
0,1,0,3.198,13.219,11.586,-0.095,3,1
0,0,1,1.639,0.221,-0.263,0.072,0,0
0,1,0,-0.612,-0.041,-0.084,0.041,0,0
1,0,0,5.143,1.236,13.195,-0.021,2,1
0,1,0,9.484,0.03,6.485,-0.092,2,1
0,0,1,-0.391,0.036,0.017,0.011,0,0
0,0,1,3.596,-0.158,9.069,3.719,3,1
1,0,0,2.974,23.44,7.809,-0.138,3,1
0,0,1,2.041,-0.303,-0.4,-0.009,0,0
0,1,0,0.127,0.529,-0.271,0.024,0,0
0,1,0,1.669,-0.318,-0.157,0.014,0,0
1,0,0,1.669,1.211,13.914,-0.017,1,1
1,0,0,0.264,-0.152,-0.547,0.075,0,0
0,0,1,-0.128,-0.045,-0.4,-0.041,0,0
0,0,1,-0.163,0.562,0.069,0.001,0,0
0,1,0,1.712,-0.077,1.046,0.16,0,0
1,0,0,0.923,-0.095,-0.124,0.087,0,0
0,0,1,0.625,0.153,-0.059,-0.06,0,0
0,1,0,0.963,-0.179,-0.777,-0.017,0,0
0,0,1,-0.782,0.146,0.119,-0.073,0,0
0,1,0,-1.985,0.535,0.701,0.079,0,0
0,0,1,-0.605,-0.153,0.187,-0.086,0,0
0,1,0,-0.757,-0.226,0.217,0.064,0,0
0,0,1,-0.438,0.087,-0.4,0.004,0,0
1,0,0,-0.92,0.138,-0.027,-0.033,0,0
0,0,1,0.685,0.574,-0.045,0.022,0,0
0,1,0,-0.771,-0.413,0.275,0.032,0,0
1,0,0,3.089,1.338,12.27,0.01,2,1
0,1,0,0.365,-0.176,-0.113,-0.165,0,0
0,1,0,-0.853,0.002,0.025,0.104,0,0
0,0,1,0.563,-0.042,-0.313,0.075,0,0
0,1,0,4.519,0.449,9.44,-0.239,2,1
1,0,0,0.762,0.026,1.374,-0.06,0,0
0,1,0,0.228,-0.081,0.344,-0.08,0,0
1,0,0,5.617,0.186,7.971,3.977,3,1
0,1,0,10.447,0.039,5.17,-0.042,2,1
0,0,1,0.928,0.096,-0.4,-0.14,0,0
0,0,1,2.988,41.168,9.744,0.108,3,1
0,1,0,0.584,10.044,10.17,0.036,2,1
0,1,0,5.245,0.246,11.108,-0.292,2,1
0,1,0,1.857,1.929,15.818,0.039,1,1
0,1,0,1.873,1.305,17.836,-0.042,1,1
1,0,0,0.72,-0.078,-0.386,-0.043,0,0
1,0,0,0.318,0.198,0.067,0.085,0,0
1,0,0,8.381,0.916,2.138,0.068,2,1
1,0,0,-0.121,0.218,1.029,-0.003,0,0
0,1,0,1.431,16.227,14.329,-0.04,2,1
1,0,0,0.522,-0.332,0.064,0.057,0,0
1,0,0,-1.495,18.343,13.317,0.155,2,1
0,0,1,0.82,0.146,-0.18,-0.114,0,0
1,0,0,1.43,0.189,0.766,-0.026,0,0
0,0,1,1.234,-0.209,0.287,0.068,0,0
0,1,0,1.168,7.507,18.022,0.066,2,1
1,0,0,4.816,1.481,11.954,0.065,2,1
0,0,1,-0.738,0.033,-0.4,-0.179,0,0
0,1,0,-1.31,0.118,-0.271,-0.123,0,0
1,0,0,-0.329,0.126,0.256,0.097,0,0
1,0,0,0.362,0.161,-0.8,0.049,0,0
1,0,0,4.275,31.539,17.806,-0.023,3,1
0,1,0,0.959,0.378,0.096,-0.068,0,0
0,0,1,6.883,1.632,10.729,-0.074,2,1
1,0,0,10.747,0.236,4.677,0.066,2,1
0,0,1,2.622,0.629,13.615,-0.1,2,1
0,1,0,-1.203,-0.264,0.055,0.049,0,0
0,1,0,5.016,-0.011,6.024,-0.125,2,1
0,0,1,5.728,1.281,11.371,0.038,2,1
1,0,0,5.563,-0.21,9.354,-0.325,2,1
0,0,1,10.292,0.448,6.453,-0.012,2,1
1,0,0,-2.256,-0.366,-0.023,-0.04,0,0
0,0,1,-2.109,-0.185,-0.105,-0.087,0,0
1,0,0,-1.199,-0.259,0.031,-0.048,0,0
1,0,0,-0.442,-0.464,0.067,0.089,0,0
0,1,0,3.72,9.754,8.614,-0.166,3,1
0,0,1,-0.929,-0.232,0.752,-0.026,0,0
0,0,1,1.307,-0.123,-0.4,-0.008,0,0
0,0,1,0.013,0.142,0.373,-0.203,0,0
1,0,0,-0.064,-0.297,-0.8,-0.04,0,0
0,1,0,0.524,0.273,-0.254,0.086,0,0
0,0,1,-0.602,0.007,0.662,0.186,0,0
1,0,0,6.734,-0.153,5.146,4.509,3,1
0,1,0,-0.688,-0.317,0.799,0.002,0,0
0,1,0,3.297,6.316,12.822,-0.043,3,1
0,1,0,-0.445,0.031,0.667,-0.055,0,0
0,1,0,0.024,0.259,0.065,0.078,0,0
0,1,0,0.228,0.056,-0.102,-0.049,0,0
1,0,0,0.588,-0.088,-0.214,0.166,0,0
0,0,1,4.244,1.526,17.232,0.184,2,1
0,1,0,-0.74,-0.219,-0.162,-0.085,0,0
1,0,0,4.181,-0.312,6.502,4.931,3,1
0,1,0,3.281,0.312,6.211,4.316,3,1
0,1,0,-0.271,0.152,0.027,-0.083,0,0
0,1,0,5.395,-0.212,3.072,5.689,3,1
1,0,0,-0.245,-0.063,0.519,0.038,0,0
0,0,1,1.149,-0.667,-0.315,0.018,0,0
1,0,0,7.169,0.032,7.75,4.858,3,1
0,1,0,0.135,0.107,-0.183,0.113,0,0
0,1,0,-0.777,0.164,-0.359,-0.024,0,0
0,0,1,-0.872,-0.219,0.83,0.001,0,0
1,0,0,6.86,-0.333,7.618,5.159,3,1
0,1,0,11.297,-0.152,3.834,-0.006,2,1
0,1,0,1.007,-0.095,-0.527,-0.119,0,0
1,0,0,2.465,0.2,1.33,2.29,1,0
0,0,1,-0.814,-0.153,-0.4,-0.019,0,0
1,0,0,0.117,-0.144,1.538,-0.034,0,0
0,0,1,-1.569,0.285,-0.4,0.07,0,0
0,1,0,1.881,-0.074,1.029,2.968,1,0
0,1,0,6.459,0.721,10.702,-0.367,2,1
0,1,0,0.483,-0.12,-0.361,-0.003,0,0
0,1,0,2.398,1.028,11.222,0.022,1,1
1,0,0,0.91,-0.051,-0.405,-0.069,0,0
1,0,0,0.026,0.005,-0.449,0.049,0,0
0,0,1,1.447,45.251,8.467,0.17,2,1
0,1,0,9.117,0.29,3.189,0.058,2,1
1,0,0,-0.557,0.148,0.687,-0.017,0,0
0,1,0,3.087,2,15.137,-0.083,2,1
1,0,0,5.284,1.54,11.509,-0.109,2,1
1,0,0,7.693,-0.358,5.173,0.072,2,1
1,0,0,1.309,-0.228,1.685,2.43,1,0
0,1,0,4.479,0.157,3.754,-0.071,2,1
1,0,0,1.352,-0.052,-0.122,0.034,0,0
0,1,0,2.149,9.25,20.038,0.088,2,1
0,1,0,1.314,-0.041,0.03,0.026,0,0
0,1,0,0.161,-0.343,-0.818,-0.088,0,0
1,0,0,-0.288,0.127,-0.08,0.086,0,0
0,1,0,-0.744,-0.196,-0.418,0.057,0,0
1,0,0,-0.454,-0.261,-0.8,0.056,0,0
0,0,1,-1.576,0.221,0.074,0.199,0,0
1,0,0,0.37,-0.381,0.038,-0.012,0,0
0,0,1,4.744,1.67,17.576,-0.111,2,1
1,0,0,-1.088,-0.101,0.223,0.02,0,0
1,0,0,2.454,19.248,18.685,-0.122,2,1
0,1,0,-0.939,0.188,0.151,0.207,0,0
1,0,0,-0.518,-0.2,0.282,0.05,0,0
1,0,0,0.375,-0.46,0.958,0.009,0,0
0,0,1,8.245,-0.249,3.641,-0.017,2,1
0,1,0,7.126,-0.179,2.53,0.018,2,1
0,1,0,0.234,0.113,-0.076,-0.083,0,0
1,0,0,-0.757,0.05,-0.146,-0.022,0,0
0,1,0,0.793,0.267,-0.128,-0.085,0,0
0,0,1,0.095,-0.147,-0.178,0.111,0,0
0,1,0,-1.07,-0.044,-0.495,-0.026,0,0
1,0,0,-0.729,0.006,0.473,0.003,0,0
1,0,0,0.018,-0.18,-0.8,0.018,0,0
0,1,0,0.884,0.017,-0.455,-0.136,0,0
0,0,1,8.704,-0.28,4.717,0.009,2,1
1,0,0,7.728,0.019,7.035,-0.209,2,1
1,0,0,0.783,0.059,0.738,0.058,0,0
1,0,0,1.199,-0.088,-0.8,0.091,0,0
1,0,0,2.671,1.368,15.767,0.101,2,1
0,0,1,0.121,0.092,0.196,-0.059,0,0
1,0,0,-0.343,-0.296,0.037,-0.102,0,0
1,0,0,2.58,-0.172,0.422,2.869,2,0
0,0,1,2.426,-0.058,0.472,0.009,0,0
1,0,0,0.333,-0.215,1.06,0.076,0,0
1,0,0,14.526,-0.462,3.242,-0.087,2,1
1,0,0,1.493,0.034,0.004,-0.007,0,0
0,1,0,2.632,1.744,9.761,0.111,2,1
0,0,1,4.577,1.501,15.55,0.047,2,1
1,0,0,2.665,1.184,16.906,-0.093,2,1
1,0,0,1.097,0.25,0.249,0.037,0,0
0,0,1,2.871,0.061,-0.128,-0.052,1,0
1,0,0,0.783,-0.191,0.411,2.389,1,0
1,0,0,-0.156,0.404,0.223,0.138,0,0
1,0,0,0.23,0.499,0.506,0.121,0,0
0,1,0,0.401,0.106,-0.654,-0.081,0,0
0,0,1,-1.042,-0.409,0.16,0.012,0,0
0,1,0,7.792,0.311,5.427,-0.074,2,1
1,0,0,-0.585,0.054,-0.476,-0.036,0,0
0,0,1,-0.383,-0.119,0.121,0.113,0,0
0,0,1,9.953,0.356,5.618,-0.002,2,1
1,0,0,0.842,-0.095,-0.065,-0.135,0,0
1,0,0,0.556,0.271,0.265,0.023,0,0
0,1,0,2.4,0.188,0.318,0.047,0,0
1,0,0,1.215,-0.092,0.099,0.119,0,0
0,0,1,-0.376,0.111,-0.042,0.034,0,0
0,1,0,1.448,-0.172,0.263,2.502,1,0
1,0,0,6.054,-0.159,7.671,-0.139,2,1
1,0,0,-1.795,0.006,0.052,-0.046,0,0
0,1,0,5.572,-0.014,10.437,-0.202,2,1
0,1,0,1.646,4.865,13.755,0.058,2,1
1,0,0,5.967,0.217,5.378,4.076,3,1
0,1,0,2.978,6.4,19.538,-0.111,3,1
1,0,0,0.259,0.454,-0.253,-0.129,0,0
0,1,0,-0.633,-0.11,0.395,0.023,0,0
0,1,0,1.031,0.206,-0.578,-0.022,0,0
0,0,1,6.645,0.107,6.27,-0.296,2,1
0,0,1,2.275,0.699,13.904,-0.105,1,1
0,1,0,1.671,1.352,12.9,-0.054,1,1
0,1,0,-0.435,-0.132,0.435,-0.096,0,0
1,0,0,5.187,11.813,11.426,0.016,3,1
0,1,0,1.025,0.353,-0.06,0.007,0,0
1,0,0,8.46,-0.031,6.963,5.776,3,1
0,0,1,4.964,0.003,4.227,4.718,3,1
0,1,0,0.186,0.048,0.157,0.076,0,0
0,1,0,4.336,1.695,13.623,-0.01,2,1
0,1,0,0.108,-0.134,-0.408,0.055,0,0
0,0,1,0.311,0.668,-0.057,0.068,0,0
0,0,1,0.872,0.652,0.008,-0.095,0,0
1,0,0,4.862,1.605,17.207,0.095,2,1
0,0,1,0.246,-0.022,0.436,0.008,0,0
0,0,1,0.789,0.153,-0.072,0.046,0,0
0,1,0,-0.331,0.194,-0.176,0.014,0,0
1,0,0,1.548,-0.507,0.619,0.038,0,0
0,0,1,1.484,-0.205,0.567,-0.013,0,0
0,1,0,0.51,-0.333,0.29,-0.121,0,0
0,1,0,-0.434,0.274,0.497,0.024,0,0
1,0,0,7.089,0.165,6.737,3.225,3,1
1,0,0,0.637,0.289,0.125,0.058,0,0
0,1,0,1.403,0.241,-1.463,-0.059,0,0
0,0,1,3.705,0.822,11.565,-0.011,2,1
0,0,1,1.594,0.039,0.115,2.172,1,0
0,1,0,0.022,0.043,-0.112,-0.014,0,0
0,1,0,-0.854,0.562,0.21,0.093,0,0
1,0,0,-0.815,0.43,0.387,0.084,0,0
1,0,0,-1.32,0.161,-0.316,0.065,0,0
0,0,1,3.19,1.106,15.484,-0.031,2,1
0,1,0,5.861,0.037,8.542,3.272,3,1
1,0,0,3.426,0.281,0.857,2.564,2,0
0,0,1,0.582,0.293,0.125,-0.035,0,0
0,1,0,1.218,0.093,-0.219,0.058,0,0
0,0,1,3.639,27.224,12.177,-0.075,3,1
0,0,1,0.789,0.292,0.427,2.274,1,0
0,1,0,-1.158,-0.136,0.103,-0.023,0,0
1,0,0,-0.043,0.281,-0.202,-0.023,0,0
1,0,0,0.96,-0.01,-0.274,-0.076,0,0
0,1,0,-1.023,-0.123,-0.169,-0.091,0,0
0,1,0,5.831,-0.167,7.803,5.857,3,1
0,1,0,1.324,-0.305,1.354,2.977,1,0
0,0,1,2.195,51.116,20.292,-0.115,2,1
0,0,1,-1.153,-0.667,0.571,-0.101,0,0
0,1,0,0.027,-0.128,0.732,0.043,0,0
0,0,1,3.794,0.053,6.873,-0.107,2,1
1,0,0,1.024,17.806,20.008,-0.022,2,1
0,1,0,-0.366,0.123,-0.336,0.07,0,0
0,0,1,0.098,0.221,-0.259,-0.069,0,0
1,0,0,-0.409,-0.41,0.71,3.111,1,0
1,0,0,0.99,0.099,0.335,-0.007,0,0
0,1,0,3.289,11.004,21.48,0.102,3,1
1,0,0,-1.207,-0.184,0.068,-0.092,0,0
0,1,0,0.98,0.137,1.089,3.371,1,0
0,1,0,-0.175,-0.003,0.11,-0.08,0,0
0,0,1,0.381,-0.106,-0.166,0.027,0,0
0,1,0,-0.532,0.035,1,-0.008,0,0
0,1,0,-0.122,0,0.482,-0.004,0,0
0,1,0,6.156,0.332,5.999,5.806,3,1
0,0,1,6.898,0.444,1.608,0.138,1,1
1,0,0,-0.965,0.112,-0.356,-0.075,0,0
0,0,1,0.755,-0.126,0.354,-0.055,0,0
0,1,0,-0.845,0.392,0.418,0.045,0,0
1,0,0,6.082,0.058,6.703,-0.256,2,1
0,1,0,1.341,0.479,-0.159,0.021,0,0
1,0,0,-1.143,-0.025,0.279,0.019,0,0
0,1,0,6.418,-0.204,8.294,5.372,3,1
0,1,0,1.371,-0.204,0.839,0.044,0,0
1,0,0,3.911,26.351,14.724,-0.176,3,1
0,1,0,-0.377,-0.037,-0.799,0.02,0,0
0,1,0,-1.49,0.144,0.213,0.102,0,0
1,0,0,3.449,32.717,8.934,-0.077,3,1
0,1,0,3.296,12.193,10.069,0.181,3,1
1,0,0,3.436,20.048,14.795,-0.041,3,1
0,1,0,0.155,-0.197,0.755,-0.079,0,0
0,0,1,0.146,-0.209,-0.4,-0.053,0,0
0,1,0,8.573,0.028,2.994,-0.036,2,1
1,0,0,-1.443,-0.053,-0.461,-0.053,0,0
1,0,0,9.522,-0.129,2.942,-0.006,2,1
1,0,0,-1.124,0.059,-0.535,0.005,0,0
1,0,0,7.038,-0.3,4.065,4.279,3,1
0,1,0,-0.619,-0.393,-0.372,0.165,0,0
0,0,1,4.445,1.341,11.098,0.022,2,1
0,1,0,-0.547,-0.122,0.372,-0.169,0,0
0,0,1,1.22,-0.116,0.343,-0.052,0,0
0,0,1,3.559,38.517,11.643,-0.054,3,1
0,1,0,3.017,7.051,19.095,-0.068,3,1
0,0,1,0.575,-0.084,-0.174,-0.036,0,0
1,0,0,1.239,-0.667,0.029,2.435,1,0
0,1,0,-1.152,0.12,-0.083,-0.094,0,0
1,0,0,-0.224,0.105,-0.8,0.067,0,0
0,1,0,5.688,-0.377,12.524,-0.317,2,1
1,0,0,-0.44,0.056,0.316,0.119,0,0
0,0,1,-1.088,-0.119,-0.4,0.157,0,0
0,0,1,5.932,0.032,6.003,3.717,3,1
0,1,0,10.062,0.098,2.619,-0.012,2,1
0,0,1,7.593,0.228,1.606,-0.025,1,1
0,1,0,-0.104,-0.025,0.141,-0.053,0,0
1,0,0,2.313,10.26,19.466,0.053,2,1
0,1,0,6.411,0.012,4.155,3.577,3,1
0,1,0,2.643,1.527,17.178,0.024,2,1
1,0,0,3.033,24.914,13.603,0.005,3,1
0,1,0,-0.356,0.362,-0.457,-0.01,0,0
1,0,0,4.117,11.473,10.344,-0.081,3,1
0,0,1,-1.339,0.038,-0.207,-0.139,0,0
1,0,0,1.165,-0.167,-0.489,0.005,0,0
0,1,0,1.498,15.271,9.642,-0.19,2,1
0,1,0,1.022,0.269,-0.483,-0.119,0,0
1,0,0,-0.889,-0.01,0.216,0.123,0,0
0,1,0,0.082,-0.037,0.264,-0.019,0,0
0,0,1,0.944,0.144,0.119,-0.005,0,0
1,0,0,-1.281,-0.14,-0.085,0.027,0,0
0,1,0,-0.391,0.35,0.344,0.102,0,0
0,1,0,1.198,-0.077,-0.315,-0.027,0,0
0,1,0,-0.674,0.098,-0.016,-0.111,0,0
1,0,0,-0.197,0.136,0.251,-0.067,0,0
1,0,0,-0.983,-0.189,-0.164,0.069,0,0
0,1,0,0.213,-0.092,0.177,-0.02,0,0
0,0,1,1.81,0.014,-0.036,0.027,0,0
0,1,0,-1.378,-0.088,-0.413,-0.013,0,0
0,1,0,1.761,-0.26,0.406,0.082,0,0
1,0,0,-0.448,-0.025,0.72,0.128,0,0
1,0,0,-0.849,0.112,0.365,-0.013,0,0
1,0,0,-1.405,0.326,-0.681,-0.077,0,0
1,0,0,6.929,-0.138,5.206,-0.058,2,1
1,0,0,3.853,0.839,16.088,-0.017,2,1
1,0,0,0.745,-0.188,0.815,-0.036,0,0
0,0,1,-0.4,0.259,-0.146,-0.092,0,0
1,0,0,-1.961,-0.102,0.722,-0.01,0,0
0,0,1,-0.252,-0.068,-0.4,0.063,0,0
1,0,0,5.529,0.998,12.623,-0.136,2,1
0,0,1,0.707,0.398,0.134,-0.149,0,0
0,1,0,2.929,13.617,10.481,0.016,3,1
1,0,0,12.256,-0.299,6.111,-0.015,2,1
0,1,0,1.96,-0.008,0.123,-0.061,0,0
0,1,0,6.164,-0.196,4.496,4,3,1
1,0,0,1.971,22.224,16.574,-0.008,2,1
1,0,0,10.319,0.275,3.549,0.071,2,1
0,1,0,-0.235,-0.257,0.552,0.157,0,0
0,0,1,-0.832,-0.521,-0.05,0.061,0,0
0,0,1,2.337,0.243,-0.4,0.132,0,0
0,1,0,-0.915,0.506,-0.511,-0.011,0,0
0,1,0,0.877,1.76,11.475,0.175,1,1
0,1,0,0.467,0.108,-0.037,0.068,0,0
0,1,0,0.793,-0.073,0.588,-0.082,0,0
0,1,0,8.651,0.192,6.926,2.736,3,1
0,0,1,8.572,0.637,8.486,-0.175,2,1
0,1,0,1.588,-0.181,7.798,5.399,2,1
1,0,0,6.149,-0.382,2.385,-0.202,2,1
0,1,0,0.944,0.191,0.002,0.065,0,0
0,0,1,11.47,0.028,5.719,-0.146,2,1
0,0,1,-0.828,-0.209,-0.4,0.069,0,0
1,0,0,1.398,-0.115,-0.306,0.028,0,0
0,1,0,-0.407,0.323,-0.864,0.065,0,0
0,0,1,-0.615,-0.099,-0.4,-0.018,0,0
0,0,1,5.924,0.263,6.601,-0.379,2,1
0,1,0,4.189,13.049,16.262,-0.133,3,1
1,0,0,0.789,0.176,-0.698,-0.108,0,0
0,1,0,-0.65,-0.218,-0.41,-0.071,0,0
0,1,0,-0.493,0.136,0.337,0.075,0,0
0,0,1,-0.923,-0.001,0.339,-0.031,0,0
0,0,1,8.401,0.207,6.982,4.793,3,1
1,0,0,1.018,-0.04,-0.072,-0.019,0,0
0,0,1,4.906,0.307,7.544,-0.385,2,1
0,1,0,0.425,0.15,1.179,0.013,0,0
0,1,0,-1.705,-0.311,-0.441,-0.125,0,0
0,0,1,8.859,0.524,5.38,0.024,2,1
0,1,0,0.537,-0.402,0.222,-0.03,0,0
1,0,0,-0.874,0.151,-0.146,-0.04,0,0
0,1,0,3.559,5.397,11.877,-0.082,3,1
1,0,0,0.576,0.381,0.352,0.024,0,0
1,0,0,-0.941,0.016,-0.155,0.051,0,0
0,1,0,0.13,-0.267,0.169,2.13,1,0
0,1,0,1.024,-0.012,-0.034,-0.095,0,0
1,0,0,4.668,0.435,5.878,5.72,3,1
1,0,0,5.03,1.136,15.705,0.059,2,1
0,1,0,7.063,0.083,4.788,2.978,3,1
1,0,0,5.235,1.293,17.661,-0.028,2,1
0,0,1,8.115,-0.052,4.609,0.076,2,1
1,0,0,-0.953,-0.241,-0.184,0.163,0,0
0,1,0,5.255,1.123,13.051,0.001,2,1
0,0,1,2.217,1.632,17.547,-0.108,1,1
0,1,0,8.12,0.387,8.152,5.697,3,1
0,1,0,12.124,-0.069,3.259,-0.039,2,1
1,0,0,-0.778,0.076,-0.167,0.049,0,0
0,0,1,2.846,0.328,-0.177,0.189,1,0
1,0,0,-0.77,-0.022,0.728,-0.172,0,0
0,1,0,5.999,0.01,4.236,0.004,2,1
0,1,0,3.067,-0.013,-0.282,3.361,2,0
0,0,1,0.178,0.165,-0.334,0.011,0,0
0,1,0,5.621,0.348,7.661,4.087,3,1
0,0,1,3.746,58.387,13.601,-0.073,3,1
0,1,0,6.572,0.069,5.244,0.043,2,1
1,0,0,2.172,-0.286,-0.082,0.039,0,0
0,0,1,-0.537,-0.271,0.327,0.035,0,0
0,0,1,4.317,1.356,17.778,0.046,2,1
0,1,0,2.73,0.011,6.096,0.03,2,1
0,0,1,-0.414,-0.363,-0.4,0.003,0,0
0,0,1,-0.7,-0.048,0.423,0.017,0,0
0,1,0,6.663,-0.228,4.669,0.043,2,1
1,0,0,0.592,0.079,-0.288,0.146,0,0
1,0,0,0.111,-0.359,-0.171,0.131,0,0
1,0,0,5.639,0.418,8.389,-0.117,2,1
0,1,0,-1.575,-0.45,0.475,0.159,0,0
0,1,0,0.357,-0.235,0.245,0.041,0,0
1,0,0,-1.271,-0.107,0.077,0.072,0,0
1,0,0,10.273,-0.101,3.023,0.082,2,1
0,0,1,3.446,35.496,16.958,-0.043,3,1
1,0,0,5.347,0.203,4.617,3.867,3,1
0,1,0,1.749,14.475,9.031,-0.093,2,1
1,0,0,0.714,-0.325,0.598,-0.064,0,0
0,0,1,-0.504,-0.001,-0.081,0.126,0,0
1,0,0,8.276,-0.05,3.139,0.064,2,1
0,0,1,1.243,-0.045,0.29,0.042,0,0
0,0,1,0.97,0.58,-0.221,-0.029,0,0
0,1,0,-0.133,-0.129,2.106,2.865,2,0
1,0,0,1.942,-0.022,0.727,3.063,1,0
0,0,1,5.612,1.873,10.82,-0.044,2,1
0,0,1,11.089,-0.177,6.233,-0.034,2,1
0,0,1,0.31,43.034,7.609,0.01,2,1
1,0,0,-0.181,0.4,-0.633,0.052,0,0
0,0,1,4.554,1.062,13.386,-0.068,2,1
0,1,0,2.734,7.747,16.756,-0.05,3,1
1,0,0,4.862,1.643,14.285,0.048,2,1
0,0,1,1.882,-0.107,0.94,-0.018,0,0
0,1,0,4.737,1.398,13.145,-0.181,2,1
1,0,0,-1.02,-0.356,0.107,-0.086,0,0
1,0,0,4.587,0.215,3.394,3.493,3,1
1,0,0,0.528,0.341,0.615,0.029,0,0
1,0,0,-1.675,-0.016,-0.499,0.002,0,0
1,0,0,0.48,0.087,0.083,-0.063,0,0
0,1,0,3.591,13.213,18.82,0.019,3,1
1,0,0,1.556,12.781,18.412,0.011,2,1
0,0,1,5.608,0.403,6.609,3.151,3,1
1,0,0,-0.301,0.242,0.331,0.064,0,0
0,0,1,1.444,-0.188,0.312,0.018,0,0
0,1,0,1.469,1.38,13.791,-0.014,1,1
0,1,0,-0.2,-0.206,1.017,2.286,1,0
1,0,0,-0.152,-0.023,1.661,3.361,1,0
0,1,0,14.5,-0.137,4.982,-0.039,2,1
0,0,1,0.144,-0.316,-0.283,0.121,0,0
0,0,1,0.801,-0.078,-0.091,-0.013,0,0
1,0,0,7.18,-0.157,6.001,0.028,2,1
0,0,1,-0.792,0.101,-0.158,-0.005,0,0
0,0,1,7.574,-0.036,4.135,3.128,3,1
0,1,0,4.455,1.134,15.031,0.12,2,1
0,1,0,0.282,-0.321,-0.31,0.043,0,0
0,0,1,7.516,-0.078,7.625,3.369,3,1
1,0,0,0.409,0.144,0.255,-0.015,0,0
1,0,0,6.659,-0.185,2.305,-0.029,2,1
0,1,0,2.241,-0.018,1.521,2.785,1,0
0,0,1,0.592,-0.078,0.612,0.031,0,0
0,0,1,-0.084,0.01,0.437,-0.01,0,0
1,0,0,1.747,-0.345,-0.792,-0.047,0,0
0,0,1,-0.126,-0.069,-0.379,-0.023,0,0
0,0,1,2.144,58.772,16.164,-0.169,2,1
0,1,0,-0.41,0.02,0.185,-0.117,0,0
1,0,0,-0.844,0.188,0.091,-0.072,0,0
0,1,0,5.975,0.604,3.222,-0.009,2,1
0,1,0,7.523,0.103,4.795,5.443,3,1
1,0,0,1.375,-0.156,0.403,-0.051,0,0
1,0,0,2.342,20.147,10.117,0.069,2,1
0,0,1,-0.16,-0.247,0.064,-0.122,0,0
0,0,1,-0.21,-0.234,-0.126,-0.097,0,0
0,1,0,1.258,-0.182,0.311,0.033,0,0
0,0,1,4.637,1.601,18.887,0.047,2,1
0,0,1,1.985,1.415,12.393,-0.06,1,1
0,1,0,3.378,1.618,12.734,0.022,2,1
1,0,0,3.128,0.977,15.612,0.022,2,1
0,1,0,1.981,5.594,11.621,-0.048,2,1
1,0,0,4.257,19.063,14.964,0.006,3,1
1,0,0,8.383,0.702,5.705,0.003,2,1
0,1,0,0.229,-0.006,-0.757,0.008,0,0
0,1,0,1.555,-0.015,-0.613,0.018,0,0
1,0,0,1.149,-0.496,0.362,0.065,0,0
0,0,1,-0.571,0.349,-0.218,-0.149,0,0
0,1,0,11.595,0.12,1.112,-0.046,1,1
1,0,0,6.577,-0.468,5.532,3.049,3,1
0,1,0,1.279,-0.057,-0.191,-0.076,0,0
0,1,0,10.282,-0.232,6.631,-0.188,2,1
1,0,0,-0.821,0.021,-0.518,0.045,0,0
0,1,0,-0.052,0.144,-0.61,0.055,0,0
0,1,0,-0.8,0.632,0.156,-0.002,0,0
0,1,0,-2.08,0.47,-0.175,0.038,0,0
0,1,0,-0.506,0.206,-0.421,0.017,0,0
0,1,0,-2.234,0.177,0.021,-0.16,0,0
0,1,0,5.797,-0.378,7.348,4.66,3,1
1,0,0,4.361,1.261,13.224,-0.031,2,1
1,0,0,2.723,0.074,-0.071,-0.024,1,0
0,1,0,0.649,-0.32,-0.55,0.08,0,0
0,0,1,-0.63,-0.308,-0.18,0.101,0,0
1,0,0,-0.578,10.99,19.715,-0.003,2,1
0,0,1,1.144,-0.429,0.034,0.025,0,0
1,0,0,-0.749,-0.094,1.183,0.123,0,0
0,0,1,4.058,1.486,11.591,0.129,2,1
0,1,0,5.642,0.145,2.626,0.058,2,1
0,1,0,2.548,0.957,12.589,-0.05,2,1
0,0,1,0.551,0.071,0.131,-0.039,0,0
0,0,1,7.44,-0.002,5.916,-0.242,2,1
1,0,0,-3.431,0.539,-0.081,0.091,0,0
1,0,0,-0.288,0.105,-0.317,-0.026,0,0
0,0,1,3.624,-0.376,5.427,5.435,3,1
1,0,0,-0.168,0.293,0.291,-0.1,0,0
0,1,0,1.293,-0.292,0.292,0.046,0,0
1,0,0,1,0.269,1.27,3.23,1,0
0,0,1,0.322,-0.5,-0.208,0.039,0,0
0,0,1,1.16,-0.179,1.075,2.918,1,0
0,1,0,6.291,-0.136,6.901,5.432,3,1
0,0,1,0.575,0.038,-0.4,-0.061,0,0
0,0,1,2.513,1.274,14.538,0.065,2,1
0,0,1,1.523,-0.107,1.238,2.115,1,0
0,1,0,9.094,-0.417,9.984,-0.266,2,1
1,0,0,0.761,0.277,-0.102,0.001,0,0
0,0,1,-0.377,0.006,0.471,-0.028,0,0
0,0,1,4.01,1.492,18.073,-0.07,2,1
1,0,0,11.018,0.117,2.714,0.05,2,1
1,0,0,4.243,1.629,10.481,0.031,2,1
0,0,1,0.008,-0.285,-0.004,-0.034,0,0
1,0,0,-0.454,0.482,0.259,-0.047,0,0
0,0,1,10.859,-0.073,4.205,3.944,3,1
0,0,1,-0.227,-0.277,-0.4,0.002,0,0
0,0,1,0.672,0.233,-0.4,0.127,0,0
0,0,1,3.279,1.295,15.279,-0.068,2,1
0,0,1,0.069,-0.088,-0.4,-0.03,0,0
1,0,0,0.818,0.306,0.251,-0.267,0,0
0,1,0,6.83,-0.201,4.502,0.081,2,1
1,0,0,6.917,-0.215,11.148,-0.158,2,1
0,1,0,0.918,-0.331,0.117,-0.033,0,0
0,1,0,-0.986,-0.199,-0.541,-0.017,0,0
0,0,1,2.223,0.079,1.436,1.977,1,0
0,1,0,-0.776,-0.118,0.667,-0.143,0,0
0,0,1,6.828,0.051,7.412,-0.126,2,1
0,0,1,0.278,-0.192,0.426,3.161,1,0
1,0,0,-0.295,0.176,0.466,-0.018,0,0
1,0,0,0.907,0.147,-0.003,-0.084,0,0
0,0,1,-0.398,0.395,0.331,0.04,0,0
0,0,1,-0.104,0.046,-0.4,0.008,0,0
0,0,1,1.364,-0.52,0.005,0.073,0,0
0,1,0,2.365,14.122,10.36,-0.016,2,1
1,0,0,-0.571,0.092,0.052,0.007,0,0
0,0,1,-0.912,0.234,-0.057,-0.068,0,0
0,0,1,1.921,23.894,9.152,-0.04,2,1
0,0,1,1.097,-0.311,0.591,-0.03,0,0
0,0,1,1.323,65.543,7.603,-0.048,2,1
0,0,1,1.109,-0.037,0.004,0.206,0,0
0,0,1,1.611,53.925,11.045,0.094,2,1
0,0,1,-0.547,0.25,-0.171,-0.106,0,0
0,0,1,-0.637,-0.544,0.507,0.058,0,0
0,1,0,-0.92,-0.407,-0.31,-0.038,0,0
1,0,0,-0.426,0.361,0.682,0.022,0,0
0,1,0,0.725,-0.075,-0.069,0.092,0,0
1,0,0,5.064,0.884,17.002,0.025,2,1
0,0,1,-0.39,0.222,0.007,0.061,0,0
1,0,0,0.07,0.111,0.21,-0.024,0,0
0,1,0,0.322,-0.164,-0.627,-0.05,0,0
1,0,0,0.45,0.234,0.183,0.128,0,0
0,0,1,6.303,-0.133,8.377,5.515,3,1
0,1,0,-0.937,-0.181,0.885,0.106,0,0
0,0,1,5.214,-0.596,7.503,3.889,3,1
1,0,0,0.302,0.383,0.154,-0.13,0,0
0,1,0,-1.648,0.063,-0.005,0.083,0,0
1,0,0,7.827,0.16,3.538,2.511,3,1
1,0,0,0.642,0.008,0.574,0.002,0,0
0,1,0,0.897,0.245,0.369,0.156,0,0
0,0,1,-0.558,0.199,0.248,-0.129,0,0
1,0,0,0.6,0.331,-0.595,0.004,0,0
0,0,1,0.958,0.106,0.25,-0.15,0,0
0,1,0,0.93,0.249,-0.632,0.104,0,0
1,0,0,5.404,1.635,14.945,-0.016,2,1
0,1,0,-1.093,-0.114,-0.088,-0.198,0,0
1,0,0,1.553,0.172,0.733,-0.068,0,0
0,1,0,1.287,0.08,-0.198,0.027,0,0
0,0,1,0.889,-0.075,0.588,0.061,0,0
0,1,0,-0.835,0.025,-0.316,0.039,0,0
0,0,1,0.938,0.005,-0.308,-0.123,0,0
0,0,1,0.988,0.117,0.272,0.09,0,0
0,1,0,0.729,0.356,-0.461,0.109,0,0
0,1,0,-0.668,-0.015,0.916,0.045,0,0
0,1,0,0.867,-0.12,-0.443,0.004,0,0
1,0,0,5.072,0.054,6.036,3.219,3,1
0,0,1,5.234,1.328,10.021,0.069,2,1
1,0,0,5.294,1.282,16.267,0.082,2,1
0,1,0,5.635,0.455,6.383,-0.186,2,1
0,1,0,-1.187,-0.108,0.19,-0.028,0,0
0,1,0,7.287,-0.115,6.432,3.968,3,1
0,0,1,6.928,-0.097,10.955,-0.125,2,1
0,0,1,5.844,0.1,4.716,-0.081,2,1
0,1,0,4.726,0.146,9.154,-0.152,2,1
0,0,1,0.008,0.418,-0.036,-0.135,0,0
0,0,1,2.427,42.498,15.428,0.181,2,1
1,0,0,0.344,0.331,0.272,-0.075,0,0
0,0,1,3.3,1.689,18.929,-0.045,2,1
1,0,0,5.291,1.592,10.037,-0.011,2,1
0,1,0,7.658,-0.593,8.157,-0.182,2,1
0,1,0,-1.165,0.337,-0.129,0.13,0,0
0,0,1,1.301,0.101,0.084,3.179,1,0
0,1,0,-0.935,0.084,1.582,-0.042,0,0
0,0,1,-0.981,-0.243,0.38,-0.028,0,0
0,1,0,8.386,-0.219,5.963,4.586,3,1
0,0,1,0.942,0.337,0.037,-0.147,0,0
0,0,1,3.159,1.324,13.963,-0.019,2,1
0,1,0,5.011,13.026,12.649,-0.023,3,1
1,0,0,7.283,-0.263,11.372,-0.204,2,1
1,0,0,-0.452,-0.21,-0.022,-0.02,0,0
0,1,0,0.256,-0.046,0.039,-0.033,0,0
0,1,0,0.606,-0.314,1.145,3.292,1,0
0,0,1,-0.574,-0.065,-0.032,-0.21,0,0
0,0,1,11.358,-0.085,3.473,0.019,2,1
1,0,0,0.278,0.176,0.869,-0.063,0,0
0,1,0,2.02,-0.174,0.037,-0.024,0,0
0,1,0,3.207,11.093,8.791,-0.039,3,1
1,0,0,6.43,-0.229,5.467,0.228,2,1
0,1,0,0.23,-0.331,-0.229,0.065,0,0
0,0,1,7.021,-0.248,3.284,0.022,2,1
0,0,1,1.25,-0.235,0.236,-0.157,0,0
0,0,1,-0.127,0.249,0.478,0.018,0,0
0,1,0,3.615,-0.157,9.67,-0.131,2,1
0,0,1,-1.631,-0.425,-0.4,0.003,0,0
1,0,0,2.96,1.061,13.462,-0.157,2,1
0,0,1,-0.497,-0.099,-0.4,0.134,0,0
1,0,0,6.865,-0.487,8.49,2.512,3,1
0,1,0,-0.676,-0.402,-0.108,-0.13,0,0
1,0,0,0.329,0.015,-0.184,0.027,0,0
0,0,1,-0.494,-0.125,-0.033,0.149,0,0
0,1,0,0.911,0.049,0.186,-0.116,0,0
0,0,1,-0.253,0.032,-0.4,-0.143,0,0
1,0,0,0.394,-0.399,-0.732,-0.042,0,0
0,0,1,0.309,-0.047,-0.4,0.024,0,0
0,0,1,11.235,-0.004,8.678,3.891,3,1
0,0,1,2.508,-0.178,0.015,0.048,1,0
0,0,1,-0.255,0.223,0.106,-0.149,0,0
0,1,0,4.291,-0.182,4.88,0.009,2,1
0,1,0,4.009,1.372,11.009,-0.093,2,1
0,1,0,-0.381,0.441,0.43,0.065,0,0
0,1,0,0.662,-0.281,0.483,-0.29,0,0
1,0,0,-0.199,0.004,-0.8,0.076,0,0
1,0,0,-2.158,-0.24,-0.157,-0.168,0,0
1,0,0,-0.325,-0.199,0.934,-0.164,0,0
1,0,0,1.095,0.268,0.837,0.043,0,0
0,1,0,-1.676,0.21,0.685,-0.024,0,0
1,0,0,0.002,-0.576,0.305,0.139,0,0
1,0,0,6.051,0.049,10.221,-0.374,2,1
0,1,0,2.397,0.117,-0.013,2.949,1,0
0,0,1,4.32,1.168,12.502,0.03,2,1
0,1,0,-2.434,-0.162,-0.369,-0.069,0,0
0,1,0,0.554,8.29,13.173,0.058,2,1
0,1,0,-0.484,0.012,0.022,-0.152,0,0
0,0,1,-0.411,0.186,1.207,3.144,1,0
0,1,0,6.887,0.702,5.57,4.398,3,1
1,0,0,8.732,0.238,5.399,3.24,3,1
0,1,0,4.21,1.183,18.588,0.044,2,1
0,0,1,1.039,0.322,-0.125,-0.008,0,0
0,0,1,5.675,0.875,10.847,-0.263,2,1
1,0,0,0.258,-0.167,-0.063,-0.015,0,0
1,0,0,0.512,0.15,0.292,0.052,0,0
1,0,0,0.025,0.445,0.99,2.65,1,0
0,1,0,-0.597,0.024,-0.126,0.035,0,0
0,1,0,7.584,-0.044,4.73,-0.056,2,1
1,0,0,-0.431,0.205,0.009,0.058,0,0
1,0,0,1.551,0.225,0.028,-0.086,0,0
0,1,0,-1.097,0.182,0.444,0.006,0,0
0,0,1,0.743,-0.002,-0.049,0.162,0,0
0,1,0,0.107,-0.224,-0.292,0.015,0,0
0,0,1,0.385,0.375,-0.4,0.075,0,0
0,1,0,-0.013,0.252,-0.016,-0.046,0,0
0,1,0,-0.667,0.003,0.068,-0.094,0,0
0,1,0,-1.421,-0.082,-0.015,0.203,0,0
0,0,1,10.408,-0.491,5.159,-0.053,2,1
0,1,0,11.526,0.155,1.672,-0.097,1,1
0,1,0,-2.657,-0.037,0.463,-0.024,0,0
0,0,1,-0.537,-0.294,0.458,0.007,0,0
1,0,0,8.634,-0.246,6.481,5.043,3,1
1,0,0,-0.362,0.114,-0.672,0.128,0,0
1,0,0,0.901,0.083,-0.753,-0.027,0,0
1,0,0,2.764,1.045,12.715,-0.019,2,1
1,0,0,3.345,0.324,0.544,3.306,2,0
0,1,0,5.863,0.206,2.346,-0.109,2,1
0,1,0,6.51,-0.061,7.831,5.042,3,1
0,0,1,0.61,0.155,0.051,0.088,0,0
0,1,0,-1.004,0.105,0.873,0.027,0,0
0,0,1,2.746,1.572,11.159,0.087,2,1
0,1,0,-0.841,-0.343,0.506,-0.051,0,0
1,0,0,0.624,26.393,7.5,-0.025,2,1
0,1,0,6.205,-0.169,7.11,-0.379,2,1
0,0,1,-0.656,-0.604,-0.089,0.073,0,0
0,1,0,-0.249,-0.222,-0.152,-0.01,0,0
0,1,0,-1.006,0.398,0.1,0.043,0,0
0,0,1,-0.068,-0.317,-0.4,0.009,0,0
0,0,1,2.826,-0.44,-0.154,0.036,1,0
0,0,1,-0.26,0.009,0.031,0.067,0,0
0,1,0,-0.398,0.113,0.613,0.026,0,0
0,0,1,-0.201,-0.006,0.582,-0.038,0,0
1,0,0,0.589,-0.098,-0.8,-0.094,0,0
0,1,0,1.013,-0.059,-0.053,-0.016,0,0
0,0,1,0.868,0.185,-0.37,-0.055,0,0
0,0,1,-0.593,-0.056,0.259,-0.06,0,0
0,1,0,-0.213,-0.15,-0.035,0.038,0,0
0,1,0,6.27,-0.259,9.247,-0.244,2,1
0,0,1,2.352,-0.49,0.219,-0.051,0,0
0,0,1,6.322,-0.097,7.85,3.528,3,1
0,0,1,7.892,0.477,3.582,-0.061,2,1
0,0,1,1.12,0.043,0.433,0.038,0,0
1,0,0,6.329,0.046,5.361,4.584,3,1
0,1,0,0.719,0.141,-0.123,-0.055,0,0
1,0,0,0.231,-0.154,-0.394,-0.043,0,0
0,1,0,-0.738,-0.214,-0.505,0.006,0,0
0,1,0,-1.259,-0.059,0.353,0.007,0,0
0,0,1,3.077,-0.001,1.087,2.241,2,0
1,0,0,5.001,0.492,7.845,-0.293,2,1
0,1,0,-0.484,-0.47,-0.866,0.131,0,0
0,1,0,1.167,-0.018,0.295,0.095,0,0
1,0,0,8.27,-0.325,6.101,-0.28,2,1
0,0,1,3.509,32.29,17.468,0.001,3,1
0,1,0,6.118,-0.104,7.74,-0.35,2,1
0,0,1,-0.481,0.188,-0.117,-0.047,0,0
1,0,0,0.526,0.092,1.914,2.848,1,0
0,0,1,1.992,0.054,1.174,2.22,1,0
0,1,0,5.625,-0.254,5.516,-0.047,2,1
0,1,0,-0.64,-0.131,0.494,-0.067,0,0
0,0,1,0.915,0.109,-0.06,-0.035,0,0
0,1,0,-0.365,0.053,-0.085,-0.053,0,0
0,1,0,-0.406,0.274,0.128,-0.029,0,0
0,1,0,8.399,-0.019,6.224,2.986,3,1
0,0,1,2.931,1.554,19.243,0.054,2,1
1,0,0,0.787,-0.272,-0.574,0.097,0,0
0,0,1,-1.822,-0.019,-0.319,0.062,0,0
0,1,0,1.538,-0.231,0.201,0.065,0,0
0,0,1,4.385,0.037,3.46,0.05,2,1
1,0,0,-0.44,-0.405,-0.626,-0.01,0,0
0,1,0,4.532,1.465,14.505,0.01,2,1
1,0,0,5.445,0.32,12.885,-0.113,2,1
0,0,1,-0.022,-0.146,-0.342,0.083,0,0
0,1,0,1.035,0.38,0.46,0.117,0,0
1,0,0,0.331,0.274,0.076,0.07,0,0
0,0,1,-1.064,0.182,-0.4,-0.036,0,0
1,0,0,1.263,-0.44,0.853,0.076,0,0
0,1,0,-0.294,0.546,-0.468,-0.002,0,0
1,0,0,2.228,1.278,16.918,0.002,1,1
1,0,0,1.999,-0.086,1.381,1.999,1,0
0,1,0,-0.782,-0.366,0.082,-0.031,0,0
0,1,0,1.341,13.332,17.152,0.012,2,1
1,0,0,0.346,0.113,-0.362,-0.029,0,0
1,0,0,6.71,-0.054,3.354,0.031,2,1
1,0,0,3.658,1.102,10.892,0.034,2,1
0,1,0,6.01,-0.067,8.661,-0.278,2,1
0,0,1,3.957,63.589,18.081,-0.122,3,1
1,0,0,-0.987,0.252,-0.159,-0.031,0,0
0,0,1,-1.259,0.189,-0.245,0.133,0,0
0,1,0,-1.927,0.297,0.113,0.001,0,0
0,0,1,0.244,-0.03,-0.4,-0.048,0,0
0,1,0,-0.102,0.137,-0.906,0.096,0,0
1,0,0,2.282,-0.023,1.137,3.056,1,0
0,0,1,1.329,-0.053,0.927,2.03,1,0
0,1,0,2.438,0.02,0.6,0.028,0,0
0,0,1,-0.626,0.015,0.605,0.087,0,0
1,0,0,1.245,0.185,0.863,-0.017,0,0
0,0,1,0.546,-0.034,0.285,-0.056,0,0
0,1,0,0.831,-0.091,0.339,0.094,0,0
0,1,0,0.677,-0.21,0.343,-0.09,0,0
0,1,0,1.143,-0.124,-0.75,0.034,0,0
1,0,0,9.236,0.078,3.16,0.266,2,1
1,0,0,0.671,-0.502,-0.591,-0.06,0,0
0,0,1,-0.843,0.163,1.042,-0.022,0,0
0,1,0,2.375,5.19,9.256,-0.144,2,1
1,0,0,1.769,0.125,1.004,2.428,1,0
1,0,0,0.167,-0.288,0.64,-0.02,0,0
1,0,0,1.999,10.068,18,-0.112,2,1
0,0,1,1.902,34.62,12.731,-0.033,2,1
1,0,0,0.198,-0.02,0.659,-0.034,0,0
0,0,1,2.538,0.45,-0.4,0.125,1,0
1,0,0,1.24,0.016,0.257,-0.074,0,0
0,1,0,10.863,0.082,2.923,-0.057,2,1
0,0,1,-0.158,-0.663,0.48,0.022,0,0
0,1,0,5.403,-0.037,4.418,-0.083,2,1
1,0,0,2.313,10.89,19.191,0.047,2,1
1,0,0,1.612,23.66,16.432,-0.055,2,1
1,0,0,1.715,1.569,14.97,0.069,1,1
0,0,1,-0.381,-0.503,0.312,0.071,0,0
0,1,0,1.566,-0.183,-0.229,-0.034,0,0
0,0,1,-0.689,0.23,-0.364,-0.03,0,0
1,0,0,-0.977,0.468,-0.8,0.118,0,0
0,0,1,0.931,0.373,0.783,-0.058,0,0
0,1,0,-0.094,-0.061,-0.446,0.001,0,0
0,0,1,6.097,-0.082,5.741,0.128,2,1
1,0,0,3.041,1.246,17.15,-0.039,2,1
0,1,0,-1.06,-0.33,0.703,-0.097,0,0
1,0,0,-1.608,0.218,0.386,-0.022,0,0
1,0,0,-1.203,-0.057,0.167,-0.016,0,0
1,0,0,0.538,-0.218,-0.281,0.103,0,0
0,1,0,-0.208,-0.196,0.209,0.08,0,0
0,1,0,-2.216,0.094,-0.187,0.046,0,0
1,0,0,8.702,-0.219,4.652,5.614,3,1
0,0,1,0.441,0.028,0.282,2.452,1,0
0,1,0,0.269,-0.24,-0.169,0.051,0,0
0,0,1,-0.182,0.203,-0.4,0.034,0,0
0,0,1,2.754,-0.026,0.591,0.005,1,0
1,0,0,-0.592,-0.076,-0.126,0.024,0,0
0,1,0,-0.121,-0.245,-0.496,-0.018,0,0
1,0,0,2.841,0.078,0.145,-0.054,1,0
0,1,0,6.243,0.068,4.671,5.079,3,1
0,0,1,-0.239,-0.055,0.813,0.002,0,0
0,0,1,0.306,-0.438,0.148,-0.133,0,0
0,0,1,3.853,0.37,1.278,2.345,2,0
0,0,1,-1.44,0.057,0.279,-0.028,0,0
0,1,0,6.636,0.084,5.49,0.043,2,1
0,0,1,1.787,-0.392,0.844,-0.023,0,0
0,1,0,2.874,1.202,12.11,-0.034,2,1
0,0,1,1.719,0.159,-0.376,0.048,0,0
1,0,0,8.663,0.188,1.794,0.126,1,1
0,0,1,0.165,-0.341,0.453,0.068,0,0
0,0,1,-0.427,-0.004,-0.4,-0.142,0,0
0,0,1,3.812,1.505,16.143,-0.09,2,1
0,1,0,-0.303,-0.08,0.417,0.001,0,0
1,0,0,6.464,0.537,10.996,-0.361,2,1
0,0,1,-0.843,-0.385,-0.055,0.105,0,0
0,1,0,6.016,-0.093,11.023,-0.286,2,1
0,0,1,4.677,0.509,6.709,5.158,3,1
0,0,1,-1.285,-0.117,0.116,-0.104,0,0
0,1,0,0.429,-0.593,-0.129,-0.142,0,0
1,0,0,3.715,0.024,6.255,4.649,3,1
0,1,0,-1.073,-0.152,0.599,-0.019,0,0
0,1,0,0.951,-0.035,0.56,-0.02,0,0
1,0,0,5.832,-0.149,10.699,-0.349,2,1
1,0,0,7.124,0.075,2.184,0.048,2,1
1,0,0,0.818,0.206,0.456,-0.003,0,0
1,0,0,-0.095,0.014,0.783,-0.085,0,0
0,0,1,2.988,1.416,15.871,-0.064,2,1
1,0,0,7.413,-0.02,7.814,4.917,3,1
0,1,0,0.029,0.034,-0.499,-0.043,0,0
0,1,0,-1.573,-0.083,-0.476,-0.077,0,0
0,1,0,0.658,0.193,-0.229,0,0,0
0,0,1,12.568,0.154,4.8,-0.033,2,1
1,0,0,3.138,15.179,14.172,-0.132,3,1
1,0,0,0.286,0.224,-0.798,-0.013,0,0
0,0,1,7.407,0.006,11.059,-0.363,2,1
0,1,0,1.332,-0.316,0.856,2.555,1,0
0,1,0,-0.539,-0.463,-0.027,0.075,0,0
0,0,1,6.23,0.323,3.873,-0.063,2,1
1,0,0,5.833,0.072,5.271,3.619,3,1
0,1,0,5.028,1.211,10.715,-0.006,2,1
1,0,0,7.066,0.26,6.299,-0.228,2,1
1,0,0,0.048,-0.154,0.811,0.1,0,0
0,1,0,2.57,1.133,16.276,0.076,2,1
0,0,1,-0.367,-0.043,0.283,-0.045,0,0
0,1,0,-0.337,-0.326,-0.092,0.016,0,0
0,0,1,6.658,0.335,6.156,4.266,3,1
1,0,0,-0.118,-0.115,-0.269,-0.013,0,0
0,0,1,5.029,0.324,6.007,3.141,3,1
1,0,0,-0.933,0.149,-0.139,-0.023,0,0
0,0,1,0.039,-0.002,-0.036,-0.116,0,0
0,1,0,5.94,-0.233,4.912,0.032,2,1
0,1,0,-2.376,-0.193,0.966,-0.071,0,0
0,1,0,0.632,0.138,-0.458,0.003,0,0
0,0,1,-0.253,0.035,0.405,-0.024,0,0
0,0,1,-1.782,-0.071,0.955,0.048,0,0
1,0,0,3.874,1.599,12.173,0.104,2,1
0,1,0,-0.535,0.149,-0.614,-0.085,0,0
1,0,0,-1.399,-0.045,-0.8,-0.065,0,0
0,0,1,0.766,0.141,-0.4,0.137,0,0
1,0,0,0.282,0.312,-0.132,-0.012,0,0
0,1,0,0.237,-0.017,-0.252,-0.028,0,0
0,1,0,0.107,-0.008,0.73,-0.09,0,0
0,0,1,1.894,0.25,0.07,0.059,0,0
0,1,0,9.208,0.135,6.259,0.039,2,1
1,0,0,-0.295,-0.048,-0.027,0.133,0,0
0,0,1,-1.019,0.003,-0.36,-0.121,0,0
0,1,0,1.321,0.357,0.254,0.036,0,0
1,0,0,1.848,-0.028,0.032,0.032,0,0
0,0,1,-0.517,0.085,-0.4,0.037,0,0
1,0,0,6.063,1.7,17.757,-0.105,2,1
0,0,1,8.415,0.553,5.428,4.771,3,1
1,0,0,0.396,-0.375,-0.15,0.096,0,0
1,0,0,-0.433,0.418,0.037,-0.004,0,0
1,0,0,4.153,1.913,17.692,-0.119,2,1
0,0,1,-0.217,0.024,-0.4,-0.013,0,0
0,0,1,0.709,0.065,0.088,-0.05,0,0
0,1,0,0.587,0.015,0.147,0.062,0,0
0,1,0,6.639,-0.608,4.601,4.183,3,1
1,0,0,8.123,0.187,5.78,3.587,3,1
0,1,0,-2.551,-0.01,-0.52,0.014,0,0
0,0,1,-1.015,0.151,0.424,0.117,0,0
0,1,0,1.828,-0.192,-0.349,0.014,0,0
1,0,0,-0.846,-0.01,0.027,0.046,0,0
0,0,1,5.785,1.338,17.169,-0.082,2,1
0,1,0,8.863,0.388,2.974,0.1,2,1
0,1,0,-4.049,-0.051,-0.512,0.039,0,0
0,0,1,7.202,-0.472,5.83,0.111,2,1
1,0,0,6.62,0.463,9.79,-0.36,2,1
0,0,1,1.01,56.203,18.811,0.005,2,1
1,0,0,2.595,0.951,12.342,0.106,2,1
0,0,1,6.997,0.233,6.634,3.943,3,1
0,1,0,0.198,-0.38,-0.482,0.047,0,0
0,0,1,2.484,-0.171,-0.4,0.026,0,0
0,0,1,0.104,-0.001,-0.102,0.032,0,0
0,0,1,-0.106,-0.447,0.098,0.007,0,0
1,0,0,5.804,0.203,8.729,-0.294,2,1
1,0,0,3.098,0.073,9.53,-0.237,2,1
0,0,1,2.235,-0.034,0.369,-0.049,0,0
0,0,1,-0.392,0.084,0.131,-0.023,0,0
0,0,1,-1.852,0.02,0.275,0.007,0,0
1,0,0,3.39,1.023,17.969,-0.023,2,1
1,0,0,-1.747,-0.096,-0.216,0.073,0,0
1,0,0,-1.241,0.176,0.008,0.063,0,0
1,0,0,-0.182,0.193,-0.106,0.046,0,0
0,0,1,1.048,0.985,12.68,0.08,1,1
0,0,1,-1.429,0.216,0.496,0.017,0,0
0,1,0,7.978,-0.001,2.098,-0.003,2,1
1,0,0,0.074,-0.17,-0.05,-0.024,0,0
0,0,1,1.415,-0.241,0.043,0.16,0,0
1,0,0,2.013,1.191,16.1,-0.041,1,1
0,1,0,1.622,7.008,12.643,-0.07,2,1
1,0,0,-0.572,-0.43,0.312,-0.123,0,0
0,1,0,0.157,-0.441,-0.271,0.021,0,0
1,0,0,8.278,-0.256,6.692,4.261,3,1
1,0,0,0.913,-0.219,0.076,0.049,0,0
0,1,0,-1.215,-0.218,0.591,0,0,0
0,0,1,0.902,-0.197,1.081,3.376,1,0
0,0,1,4.046,1.03,15.052,0.185,2,1
0,0,1,-0.447,-0.161,0.379,-0.033,0,0
0,1,0,-1.355,-0.529,-0.43,0.033,0,0
1,0,0,-0.101,-0.178,-0.8,0.005,0,0
0,1,0,0.187,-0.096,-0.232,-0.029,0,0
0,0,1,1.524,24.134,15.408,0.069,2,1
0,0,1,-2.318,-0.057,-0.308,-0.061,0,0
1,0,0,-0.438,-0.3,0.381,-0.093,0,0
1,0,0,1.87,1.735,11.956,-0.074,1,1
1,0,0,-0.091,-0.115,-0.332,-0.007,0,0
1,0,0,0.256,19.673,11.565,-0.006,2,1
0,1,0,-1.07,0.279,0.314,0.037,0,0
1,0,0,0.658,-0.003,0.029,2.536,1,0
1,0,0,0.199,0.059,0.975,0.191,0,0
0,0,1,1.892,0.065,1.853,2.474,1,0
1,0,0,0.655,0.075,-0.127,0.123,0,0
0,0,1,6.024,1.288,14.589,-0.194,2,1
1,0,0,2.623,32.197,11.57,0.019,3,1
0,1,0,0.206,0.122,-0.034,-0.008,0,0
0,0,1,0.186,0.404,-0.4,0.074,0,0
0,0,1,0.499,0.098,-0.292,-0.006,0,0
0,1,0,10.471,0.244,3.542,0.093,2,1
1,0,0,2.213,14.841,10.046,-0.072,2,1
1,0,0,-2.028,-0.45,-0.535,-0.003,0,0
1,0,0,-0.844,-0.125,-0.039,0.049,0,0
0,0,1,7.384,0.209,5.335,3.453,3,1
1,0,0,-0.566,-0.049,-0.619,-0.086,0,0
0,0,1,1.041,0.051,0.796,0.085,0,0
0,0,1,-2.342,0.045,0.104,0.039,0,0
0,1,0,0.498,-0.067,-0.752,-0.031,0,0
0,0,1,-1.5,0.247,0.969,0.068,0,0
0,1,0,-1.111,0.065,0.16,-0.02,0,0
1,0,0,1.313,0.321,0.91,2.253,1,0
0,0,1,-0.68,-0.193,0.419,-0.237,0,0
0,1,0,-0.767,-0.074,0.097,-0.09,0,0
1,0,0,3.629,0.208,4.398,3.122,3,1
1,0,0,11.82,0.196,1.345,0.15,1,1
0,1,0,0.777,0.026,-0.061,-0.07,0,0
0,0,1,7.218,-0.109,3.495,4.395,3,1
0,1,0,0.762,-0.141,0.11,-0.033,0,0
0,0,1,7.302,0.121,5.434,-0.008,2,1
0,0,1,-1.508,-0.153,0.567,-0.04,0,0
0,0,1,-1.039,-0.368,0.441,-0.06,0,0
0,1,0,0.524,-0.074,0.558,-0.071,0,0
0,0,1,1.604,0.11,0.377,0.095,0,0
1,0,0,0.303,0.034,0.034,0.002,0,0
1,0,0,-1.095,-0.374,0.173,-0.055,0,0
0,0,1,-0.047,0.318,0.878,-0.022,0,0
0,0,1,1.256,-0.159,0.821,0.044,0,0
1,0,0,-0.6,-0.039,-0.113,0.104,0,0
0,1,0,2.632,0.272,1.108,2.654,2,0
0,1,0,7.699,-0.383,2.848,-0.03,2,1
1,0,0,-1.005,0.298,-0.137,-0.143,0,0
0,1,0,1.304,-0.387,0.241,-0.07,0,0
0,1,0,0.309,-0.141,-0.192,0.089,0,0
1,0,0,5.308,-0.572,11.05,-0.154,2,1
1,0,0,0.078,0.158,0.069,0.073,0,0
1,0,0,0.141,0.065,-0.025,-0.097,0,0
1,0,0,3.758,1.548,16.489,0.01,2,1
0,0,1,2.644,1.359,14.796,-0.068,2,1
1,0,0,0.839,-0.376,0.005,0.024,0,0
0,1,0,-0.211,-0.006,0.219,-0.052,0,0
0,1,0,1.848,15.228,10.413,-0.016,2,1
1,0,0,0.459,0.164,-0.333,0.06,0,0
0,1,0,1.705,0.449,-0.696,-0.06,0,0
0,1,0,1.019,-0.32,1.031,2.688,1,0
0,1,0,-1.064,0.214,-1.342,-0.076,0,0
0,1,0,3.553,0.336,5.633,5.756,3,1
0,1,0,4.429,0.076,8.856,-0.223,2,1
0,1,0,1.964,1.505,17.411,0.154,1,1
1,0,0,5.038,0.65,7.705,-0.175,2,1
0,0,1,6.539,-0.241,8.409,-0.113,2,1
0,0,1,1.48,64.186,19.19,-0.107,2,1
0,0,1,0.2,-0.094,0.959,-0.211,0,0
0,1,0,0.255,-0.133,-0.345,0.063,0,0
0,1,0,1.171,-0.368,-0.281,0.108,0,0
1,0,0,3.683,0.946,16.525,0.033,2,1
1,0,0,6.266,0.048,8.531,-0.352,2,1
0,1,0,10.29,0.478,1.763,-0.128,1,1
0,1,0,6.742,-0.038,10.303,-0.277,2,1
0,0,1,5.448,1.277,12.883,-0.017,2,1
1,0,0,-0.872,0.35,-0.8,0.034,0,0
0,0,1,9.932,-0.072,4.039,0.143,2,1
0,1,0,6.842,-0.044,8.332,-0.253,2,1
1,0,0,0.51,0.01,-0.8,-0.133,0,0
0,0,1,0.757,-0.011,-0.11,0.04,0,0
1,0,0,1.118,-0.218,-0.8,0.002,0,0
0,0,1,1.815,1.311,15.239,-0.026,1,1
1,0,0,8.772,0.128,6.531,3.282,3,1
0,0,1,3.405,0.097,6.542,3.441,3,1
1,0,0,8.752,0.016,3.434,-0.085,2,1
0,1,0,2.759,1.304,13.758,-0.129,2,1
1,0,0,6.123,-0.229,6.542,-0.263,2,1
0,1,0,-0.113,0.015,-0.421,-0.174,0,0
0,1,0,6.014,-0.034,3.969,0.004,2,1
1,0,0,0.146,-0.227,-0.672,-0.063,0,0
0,0,1,6.517,-0.13,6.144,-0.346,2,1
0,1,0,-0.749,-0.23,0.156,0.061,0,0
0,1,0,-0.254,-0.062,0.123,0.017,0,0
0,0,1,5.661,1.452,13.494,-0.021,2,1
0,0,1,9.986,0.397,5.934,-0.195,2,1
1,0,0,-0.271,-0.172,0.217,-0.082,0,0
1,0,0,-2.344,-0.052,0.314,-0.04,0,0
0,1,0,-0.584,0.317,-0.471,0.006,0,0
0,1,0,2.722,1.335,16.241,0.022,2,1
0,0,1,1.415,-0.074,-0.049,0.108,0,0
0,1,0,-1.92,-0.023,-0.168,-0.091,0,0
0,0,1,7.2,-0.074,5.47,3.348,3,1
0,1,0,5.355,16.808,9.508,-0.132,3,1
1,0,0,6.025,0.626,11.363,-0.289,2,1
0,0,1,0.119,0.018,0.038,-0.053,0,0
0,1,0,-0.609,-0.11,0.452,-0.113,0,0
1,0,0,1.67,-0.318,-0.8,0.018,0,0
1,0,0,-0.502,-0.316,0.24,0.015,0,0
0,1,0,1.988,0,-0.46,0.004,0,0
0,1,0,4.586,-0.274,7.533,5.828,3,1
0,1,0,0.475,-0.026,-0.481,0.148,0,0
1,0,0,2.989,14.341,18.269,-0.034,3,1
0,0,1,5.352,31.039,10.09,0.127,3,1
0,1,0,0.984,0.071,0.579,-0.108,0,0
0,1,0,5.004,0.493,7.445,5.969,3,1
0,0,1,1.099,-0.288,1.028,0.022,0,0
0,1,0,0.181,-0.314,-0.212,0.111,0,0
0,0,1,4.738,-0.449,4.771,4.781,3,1
1,0,0,0.397,0.474,-0.553,0.08,0,0
1,0,0,-0.591,0.187,0.078,-0.03,0,0
1,0,0,12.476,-0.147,3.978,0.042,2,1
1,0,0,1.837,-0.009,0.644,-0.132,0,0
0,0,1,3.93,30.614,8.267,-0.067,3,1
1,0,0,0.983,0.022,0.17,-0.045,0,0
0,0,1,3.434,1.297,11.745,-0.012,2,1
0,0,1,-0.226,-0.042,-0.308,0.137,0,0
0,1,0,11.019,-0.051,3.702,-0.019,2,1
0,1,0,3.299,-0.244,6.154,3.441,3,1
0,1,0,3.935,1.26,10.948,0.098,2,1
1,0,0,5.188,1.258,15.235,-0.063,2,1
0,0,1,0.153,0.089,-0.4,0.018,0,0
0,0,1,0.705,-0.293,-0.4,0.029,0,0
0,0,1,-1.728,-0.008,0.064,0.031,0,0
0,1,0,0.012,0.428,-0.802,-0.038,0,0
0,0,1,-1.121,-0.167,-0.194,-0.092,0,0
0,0,1,2.551,0.09,1.313,1.97,2,0
0,1,0,1.816,0.042,-2,-0.01,0,0
0,1,0,2.892,1.51,13.98,-0.03,2,1
0,1,0,-1.324,0.087,-0.234,-0.21,0,0
1,0,0,-1.753,-0.184,0.291,-0.106,0,0
0,0,1,1.822,-0.39,0.755,-0.007,0,0
0,1,0,5.098,-0.013,8.04,-0.27,2,1
0,0,1,-1.68,-0.107,-0.4,0.037,0,0
0,0,1,7.741,-0.192,4.148,-0.03,2,1
0,0,1,-0.183,-0.127,-0.203,0.169,0,0
1,0,0,0.41,0.06,1.663,2.309,1,0
1,0,0,8.375,0.042,4.132,0.104,2,1
1,0,0,0.114,-0.088,-0.292,-0.077,0,0
0,1,0,8.492,0.028,6.322,0.071,2,1
0,1,0,-0.667,0.112,0.921,0.028,0,0
1,0,0,1.412,-0.38,0.392,-0.017,0,0
1,0,0,5.06,0.121,6.144,5.611,3,1
1,0,0,1.139,0.116,-0.8,0.118,0,0
0,1,0,4.236,1.068,15.889,0.07,2,1
0,0,1,5.495,1.717,14.571,0.008,2,1
0,0,1,0.127,-0.192,0.525,-0.086,0,0
0,1,0,-1.035,-0.047,-0.059,0.062,0,0
1,0,0,7.092,0.085,2.507,0.204,2,1
0,0,1,0.481,0.358,0.093,0.096,0,0
1,0,0,-1.422,-0.154,0.484,-0.001,0,0
0,0,1,0.882,0.254,-0.4,0.135,0,0
0,1,0,-0.479,0.325,-0.3,-0.01,0,0
0,1,0,-0.071,0.205,0.115,-0.04,0,0
1,0,0,-0.679,0.015,-0.13,0.025,0,0
1,0,0,-0.968,0.03,-0.084,-0.017,0,0
1,0,0,-1.081,0.182,0.474,0.116,0,0
0,1,0,0.256,-0.063,-0.285,-0.076,0,0
0,0,1,-0.886,0.034,0.054,-0.012,0,0
1,0,0,1.128,-0.033,0.329,-0.024,0,0
1,0,0,-2.045,-0.03,0.346,-0.142,0,0
0,0,1,0.247,-0.415,0.16,0.045,0,0
1,0,0,6.763,-0.303,1.984,-0.119,1,1
0,1,0,-0.44,-0.028,0.593,0.071,0,0
1,0,0,-0.436,-0.158,0.236,0.051,0,0
0,0,1,-0.599,0.065,-0.4,-0.066,0,0
0,0,1,7.275,0.088,3.576,4.84,3,1
1,0,0,-1.861,-0.152,0.347,-0.011,0,0
1,0,0,-1.071,0.12,0.39,0.035,0,0
0,1,0,1.833,0.019,0.936,3.362,1,0
1,0,0,1.605,-0.35,0.02,-0.124,0,0
0,0,1,5.515,-0.036,6.281,5.143,3,1
0,0,1,2.307,0.016,0.317,-0.112,0,0
0,0,1,4.66,-0.031,11.777,-0.293,2,1
1,0,0,-0.576,-0.186,0.477,0.01,0,0
1,0,0,-0.832,0.076,0.263,-0.057,0,0
1,0,0,-0.671,0.31,-0.8,-0.028,0,0
1,0,0,5.866,0.135,6.455,0.085,2,1
0,1,0,5.798,0.44,5.951,-0.268,2,1
1,0,0,-1.269,0.442,-0.429,0.102,0,0
0,1,0,3.668,16.662,18.277,0.049,3,1
0,1,0,-0.669,-0.211,-0.236,0.091,0,0
0,0,1,-1.298,0.204,-0.153,0.005,0,0
0,1,0,-1.38,-0.002,-0.069,0.036,0,0
0,0,1,-0.608,-0.495,-0.064,0.062,0,0
1,0,0,-1.883,0.342,0.128,-0.095,0,0
0,1,0,5.052,-0.374,4.721,-0.13,2,1
0,0,1,1.504,30.163,9.097,-0.044,2,1
0,0,1,-1.328,-0.055,0.095,0.078,0,0
0,0,1,3.068,47.088,16.217,-0.009,3,1
0,0,1,0.342,0.209,0.439,-0.1,0,0
1,0,0,4.951,1.188,14.299,0.098,2,1
0,1,0,0.048,0.042,0.235,0.116,0,0
0,0,1,5.291,0.174,7.012,3.601,3,1
1,0,0,1.239,-0.596,1.135,1.821,1,0
1,0,0,0.619,-0.218,0.433,-0.033,0,0
1,0,0,6.873,1.414,19.075,0.091,2,1
0,1,0,6.869,-0.093,5.252,-0.1,2,1
1,0,0,7.559,0.11,4.079,2.985,3,1
1,0,0,1.437,-0.054,-0.203,-0.028,0,0
0,1,0,-1.822,0.317,0.614,-0.02,0,0
0,0,1,-0.978,0.26,-0.4,0.148,0,0
0,0,1,0.321,0.277,-0.267,0.22,0,0
0,1,0,1.301,-0.504,1.305,2.349,1,0
0,0,1,5.136,-0.038,9.507,-0.37,2,1
0,1,0,-0.649,-0.258,-0.547,0.074,0,0
0,0,1,4.756,0.018,7.762,2.951,3,1
0,0,1,5.362,0.02,2.771,-0.166,2,1
0,1,0,1.869,-0.27,0.296,0.005,0,0
0,0,1,-0.371,-0.091,-0.17,0.082,0,0
0,1,0,0.242,-0.318,0.128,0.029,0,0
0,0,1,1.162,-0.298,-0.093,-0.198,0,0
0,1,0,7.53,-0.592,5.298,-0.014,2,1
1,0,0,-0.128,0.028,-0.8,-0.062,0,0
1,0,0,-0.288,0.054,0.118,-0.038,0,0
0,1,0,-0.344,0.262,-0.033,0.019,0,0
0,1,0,3.16,-0.132,0.023,-0.06,1,0
1,0,0,3.272,12.174,16.571,0.057,3,1
0,0,1,1.194,-0.045,0.347,0.017,0,0
0,0,1,1.088,0.084,-0.23,0.005,0,0
0,0,1,-3.142,0.159,0.185,0.045,0,0
1,0,0,2.822,0.312,3.112,2.886,3,1
1,0,0,0.43,-0.327,0.784,-0.005,0,0
0,1,0,0.23,-0.139,0.371,0.059,0,0
0,0,1,-0.613,0.19,-0.4,0.057,0,0
0,0,1,1.262,0.815,0.382,2.463,1,0
0,0,1,-1.014,0.062,0.054,-0.055,0,0
0,0,1,0.184,0.159,0.084,-0.032,0,0
0,0,1,-1.389,0.395,0.124,0.079,0,0
1,0,0,0.398,-0.315,0.636,2.064,1,0
0,0,1,3.513,-0.434,5.43,5.568,3,1
1,0,0,4.085,1.956,10.406,0.166,2,1
0,0,1,-0.627,0.006,0.033,-0.051,0,0
1,0,0,0.177,-0.197,-0.563,-0.13,0,0
1,0,0,8.382,0.01,5.586,0.142,2,1
1,0,0,0.273,-0.132,-0.39,-0.094,0,0
1,0,0,0.716,-0.091,0.156,-0.121,0,0
1,0,0,2.334,1.328,15.184,0.006,1,1
0,0,1,-0.377,-0.253,0.205,0.042,0,0
1,0,0,1.013,-0.057,0.693,-0.133,0,0
0,1,0,1.387,0.053,-0.624,-0.147,0,0
1,0,0,0.012,0.227,0.284,0.019,0,0
1,0,0,4.895,0.757,16.28,0.065,2,1
1,0,0,0.704,-0.06,0.301,-0.066,0,0
0,0,1,-0.158,0.334,0.379,0.102,0,0
0,0,1,-0.663,0.172,0.848,-0.004,0,0
1,0,0,-1.153,0.187,0.955,-0.039,0,0
0,1,0,-0.003,0.249,0.637,-0.007,0,0
1,0,0,0.266,0.279,0.279,-0.011,0,0
0,0,1,-2.341,-0.312,0.289,0.129,0,0
0,1,0,0.448,0.055,-0.415,-0.144,0,0
1,0,0,3.261,30.84,11.83,-0.062,3,1
0,0,1,-0.786,-0.074,-0.363,-0.027,0,0
1,0,0,1.616,-0.272,1.741,2.846,1,0
0,0,1,-0.363,0.084,0.043,0.033,0,0
0,1,0,0.015,-0.263,-0.133,0.152,0,0
0,1,0,0.468,0.031,0.03,0.031,0,0
1,0,0,7.384,0.078,4.322,-0.086,2,1
1,0,0,0.528,-0.224,-0.143,-0.069,0,0
1,0,0,-0.392,0.06,-0.44,-0.098,0,0
1,0,0,1.335,0.269,0.833,0.028,0,0
0,0,1,-1.315,-0.108,-0.109,0.126,0,0
1,0,0,1.956,-0.023,0.55,-0.065,0,0
0,0,1,1.722,0.111,0.475,2.667,1,0
0,1,0,0.295,-0.249,0.021,-0.115,0,0
1,0,0,0.12,0.255,-0.361,0.051,0,0
1,0,0,0.494,14.622,18.55,-0.022,2,1
0,0,1,-0.851,0.015,-0.114,-0.07,0,0
0,1,0,-0.116,0.089,-0.032,-0.006,0,0
0,1,0,-1.192,-0.152,0.019,-0.03,0,0
1,0,0,3.375,1.666,15.402,0.029,2,1
0,0,1,-0.654,0.441,0.807,0.018,0,0
1,0,0,0.615,-0.003,-0.479,-0.067,0,0
0,1,0,10.225,-0.034,3.51,0.157,2,1
0,0,1,1.282,-0.069,-0.005,0.025,0,0
1,0,0,6.239,-0.218,3.295,-0.143,2,1
1,0,0,0.928,0.026,0.296,-0.009,0,0
0,1,0,-0.393,-0.037,0.289,-0.082,0,0
0,0,1,0.92,0.09,0.411,0.028,0,0
0,1,0,0.027,0.647,-0.341,-0.013,0,0
0,0,1,8.309,-0.02,5.254,0.068,2,1
0,1,0,6.692,-0.217,6.757,-0.006,2,1
1,0,0,-0.281,0.236,1.606,0.029,0,0
0,0,1,4.141,32.065,20.897,0.124,3,1
0,1,0,0.273,-0.026,0.136,0.039,0,0
0,0,1,2.457,34.488,9.539,0.081,2,1
0,1,0,5.64,-0.443,8.302,-0.135,2,1
1,0,0,0.131,0.112,0.54,0.053,0,0
0,0,1,7.783,-0.049,4.425,3.4,3,1
0,0,1,11.841,-0.353,6.012,0.023,2,1
0,0,1,-1.959,-0.659,-0.113,-0.086,0,0
1,0,0,8.599,-0.629,6.105,0.038,2,1
0,1,0,0.709,0.233,0.613,-0.013,0,0
0,0,1,0.121,-0.118,-0.399,-0.048,0,0
0,1,0,-0.535,0.123,0.117,-0.029,0,0
0,0,1,0.955,0.02,-0.18,0.053,0,0
1,0,0,0.786,0.157,-0.8,-0.005,0,0
0,0,1,2.873,0.273,7.475,5.67,3,1
0,0,1,4.439,0.421,5.472,0.02,2,1
0,1,0,3.145,5.931,11.593,-0.151,3,1
0,0,1,0.592,0.277,-0.4,-0.148,0,0
0,0,1,6.785,-0.158,10.927,-0.378,2,1
1,0,0,3.13,1.262,17.773,-0.036,2,1
1,0,0,7.992,-0.03,6.551,5.871,3,1
0,0,1,3.88,1.343,13.594,0.011,2,1
0,1,0,-0.039,0.112,-0.718,0.153,0,0
1,0,0,-0.526,0.07,0.281,0.066,0,0
0,1,0,0.997,0.122,-0.19,-0.025,0,0
1,0,0,-1.773,-0.09,-0.338,0.007,0,0
0,0,1,2.022,0.312,-0.264,-0.005,0,0
1,0,0,2.476,16.948,15.492,-0.044,2,1
1,0,0,-0.849,0.106,-0.418,0.042,0,0
0,0,1,-0.107,-0.15,0.03,-0.075,0,0
0,1,0,0.479,0.397,0.635,0.082,0,0
0,0,1,3.001,50.084,7.539,-0.083,3,1
1,0,0,3.852,28.229,19.581,0.134,3,1
1,0,0,8.922,0.14,4.963,4.953,3,1
1,0,0,2.916,0.192,0.239,0.001,1,0
0,0,1,8.246,0.269,2.882,0.017,2,1
0,1,0,6.175,-0.518,7.216,-0.263,2,1
0,0,1,4.398,54.111,19.355,-0.061,3,1
0,1,0,-0.564,0.06,0.841,-0.044,0,0
1,0,0,5.445,-0.336,7.536,4.233,3,1
1,0,0,-0.877,-0.206,-0.042,-0.082,0,0
0,0,1,5.611,0.068,8.538,-0.301,2,1
1,0,0,0.373,0.523,0.509,-0.106,0,0
0,0,1,0.616,0.077,0.159,-0.058,0,0
1,0,0,0.69,16.35,20.225,-0.091,2,1
0,0,1,1.326,0.251,0.242,0.165,0,0
0,0,1,0.664,-0.133,0.058,0.03,0,0
1,0,0,4.081,-0.021,4.524,-0.007,2,1
0,0,1,1.675,0.166,0.017,0.027,0,0
0,1,0,4.675,-0.171,5.613,4.113,3,1
1,0,0,4.177,1.225,15.529,-0.072,2,1
0,1,0,3.997,10.274,13.912,0,3,1
0,0,1,0.564,0.536,0.536,0.019,0,0
0,0,1,-0.371,0.258,0.071,-0.125,0,0
1,0,0,-0.497,-0.179,-0.544,0.073,0,0
0,1,0,-0.395,0.35,0.182,0.023,0,0
0,0,1,-0.099,0.333,0.432,2.057,1,0
0,1,0,1.537,-0.109,1.042,2.662,1,0
0,0,1,5.952,0.294,8.51,-0.363,2,1
1,0,0,0.571,22.34,18.648,-0.152,2,1
0,1,0,10.812,-0.164,2.969,-0.061,2,1
0,1,0,4.227,15.471,17.127,0.009,3,1
0,0,1,8.224,-0.223,8.694,5.08,3,1
1,0,0,3.228,1.38,10.626,-0.073,2,1
1,0,0,-2.01,0.06,-0.071,0.006,0,0
0,1,0,1.898,6.65,9.49,0.141,2,1
0,1,0,2.008,-0.098,0.677,-0.163,0,0
1,0,0,8.833,-0.358,2.399,0.027,2,1
0,1,0,-0.613,-0.519,1.598,1.975,1,0
1,0,0,2.905,0.198,1.471,2.315,2,0
0,1,0,-0.275,0.469,-0.78,-0.092,0,0
0,1,0,6.455,0.245,6.909,-0.106,2,1
0,0,1,1.317,0.155,0.533,0.059,0,0
0,0,1,2.033,22.39,17.359,-0.044,2,1
1,0,0,6.64,-0.322,5.433,3.852,3,1
1,0,0,-0.385,-0.217,0.72,0.148,0,0
0,1,0,2.261,-0.339,0.324,0.076,0,0
0,0,1,0.101,0.155,-0.062,-0.092,0,0
1,0,0,2.555,1.583,11.47,0.067,2,1
1,0,0,9.405,0.104,2.862,0.044,2,1
0,0,1,0.079,-0.331,0.048,0.065,0,0
1,0,0,-0.075,0.302,-0.283,0.114,0,0
0,1,0,5.217,1.237,17.409,-0.053,2,1
0,0,1,-0.593,-0.504,0.591,0.036,0,0
0,0,1,5.357,0.103,6.605,-0.343,2,1
0,1,0,-0.046,0.034,0.006,-0.032,0,0
0,1,0,-0.082,0.067,0.541,-0.096,0,0
1,0,0,0.414,0.16,0.571,-0.16,0,0
0,1,0,-1.047,-0.345,0.24,-0.03,0,0
0,1,0,-0.591,-0.11,-0.346,-0.146,0,0
0,0,1,-1.319,0.267,-0.121,0.145,0,0
0,0,1,1.082,0.098,-0.023,0.07,0,0
0,1,0,2.833,1.19,11.945,0.128,2,1
1,0,0,-1.631,0.167,0.165,-0.033,0,0
0,0,1,0.839,-0.18,0.678,0.106,0,0
0,1,0,2.073,1.795,13.824,0.059,1,1
0,1,0,9.261,0.102,6.883,3.776,3,1
0,0,1,5.861,0.062,4.073,0.037,2,1
0,0,1,-0.679,0.004,-0.4,0.017,0,0
1,0,0,2.77,28.807,9.48,-0.008,3,1
0,1,0,0.335,-0.179,0.419,-0.065,0,0
0,0,1,-1.194,0.03,-0.4,-0.058,0,0
0,1,0,-1.128,-0.063,0.09,0.171,0,0
0,0,1,-0.486,0.207,0.423,0.01,0,0
0,1,0,5.776,-0.114,9.626,-0.164,2,1
0,0,1,-0.919,-0.369,-0.379,-0.166,0,0
1,0,0,-0.115,0.44,0.909,-0.024,0,0
1,0,0,10.613,-0.132,6.541,3.604,3,1
1,0,0,2.043,13.881,15.2,0.002,2,1
0,0,1,0.435,-0.051,-0.4,0.064,0,0
0,1,0,4.212,1.651,14.306,0.118,2,1
0,0,1,-0.714,-0.406,0.313,-0.029,0,0
0,0,1,-0.2,0.203,0.298,-0.037,0,0
1,0,0,-0.538,0.262,-0.447,-0.214,0,0
0,1,0,5.876,0.05,7.969,-0.188,2,1
0,1,0,-0.588,-0.204,0.255,0.017,0,0
0,0,1,0.82,0.349,-0.4,0.023,0,0
1,0,0,1.072,-0.117,0.017,-0.056,0,0
0,0,1,-0.529,0.115,-0.179,0.079,0,0
0,1,0,5.711,0.024,3.144,0.121,2,1
0,0,1,-1.546,0.032,0.18,-0.043,0,0
0,1,0,-0.519,-0.457,0.053,-0.059,0,0
0,0,1,7.151,0.22,5.752,2.642,3,1
1,0,0,1.123,24.214,10.01,0.056,2,1
0,1,0,0.384,-0.017,0.088,-0.022,0,0
0,0,1,2.08,31.973,9.465,-0.028,2,1
0,0,1,-1.015,-0.425,0.789,-0.07,0,0
0,1,0,-1.001,-0.373,0.285,-0.03,0,0
0,0,1,1.118,1.118,10.282,0.164,1,1
0,0,1,0.177,0.196,-0.137,0.023,0,0
0,0,1,2.383,-0.433,-0.006,-0.023,0,0
0,1,0,0.179,0.543,-0.766,-0.003,0,0
0,0,1,0.598,0.14,-0.057,-0.081,0,0
0,1,0,1.474,0.051,0.815,0.09,0,0
0,0,1,0.523,0.118,-0.38,0.265,0,0
0,1,0,0.159,-0.172,0.597,-0.019,0,0
0,1,0,0.256,-0.199,-0.026,0.007,0,0
0,0,1,2.295,-0.336,-0.327,-0.014,0,0
1,0,0,0.521,0.325,-0.308,-0.023,0,0
0,0,1,3.218,1.396,14.367,0.004,2,1
1,0,0,2.807,34.37,16.039,0.036,3,1
1,0,0,3.372,1.123,10.712,0.06,2,1
0,1,0,-0.939,-0.054,0.675,-0.03,0,0
0,0,1,-0.407,-0.128,1.443,3.287,1,0
1,0,0,2.263,15.856,13.645,0.048,2,1
0,1,0,-0.325,-0.152,0.588,-0.077,0,0
0,0,1,1.402,-0.356,-0.4,0.039,0,0
1,0,0,-0.323,0.212,0.686,-0.013,0,0
0,1,0,2.37,0.119,0.275,0.028,0,0
0,0,1,0.166,0.282,-0.4,-0.006,0,0
1,0,0,0.61,-0.341,-0.31,0.031,0,0
1,0,0,-0.361,0.021,-0.8,-0.027,0,0
0,1,0,-1.669,-0.041,0.059,-0.13,0,0
1,0,0,0.462,0.511,-0.624,0.073,0,0
0,1,0,1.111,13.101,18.672,0.001,2,1
0,1,0,-0.544,0.249,0.589,0.062,0,0
1,0,0,1.23,0.118,-0.757,-0.028,0,0
1,0,0,-0.065,-0.14,-0.263,-0.243,0,0
0,1,0,-0.349,0.22,-0.603,0.059,0,0
0,1,0,0.299,-0.155,1.298,-0.033,0,0
1,0,0,0.451,-0.527,-0.378,-0.083,0,0
0,0,1,4.841,1.3,18.247,-0.092,2,1
1,0,0,-0.004,0.018,-0.077,0.089,0,0
0,0,1,0.33,-0.084,-0.064,-0.051,0,0
0,0,1,-0.889,-0.195,-0.4,0.05,0,0
0,0,1,0.516,-0.386,-0.18,-0.086,0,0
0,0,1,-1.026,-0.065,0.451,0.031,0,0
1,0,0,-1.364,-0.165,-0.8,-0.007,0,0
0,1,0,0.089,0.12,-0.366,0.103,0,0
1,0,0,-0.802,0.386,-0.442,0.068,0,0
0,0,1,1.613,-0.345,1.087,3.465,1,0
0,0,1,-0.303,-0.323,0.167,0.005,0,0
0,1,0,-0.104,0.279,-0.527,-0.081,0,0
0,0,1,-1.788,-0.269,-0.4,-0.049,0,0
1,0,0,7.051,0.04,5.965,5.834,3,1
1,0,0,-0.16,-0.121,-0.107,0.087,0,0
0,0,1,1.472,-0.067,0.154,-0.002,0,0
0,0,1,1.77,44.701,20.254,-0.051,2,1
0,1,0,-0.229,-0.032,-0.374,0.081,0,0
0,1,0,8.012,-0.105,2.546,0.011,2,1
0,0,1,5.953,0.724,5.478,0.022,2,1
0,0,1,-2.695,0.052,0.062,-0.029,0,0
1,0,0,1.737,-0.258,-0.251,-0.053,0,0
0,0,1,9.566,-0.334,1.913,0.088,1,1
0,1,0,2.04,-0.602,-0.41,0.09,0,0
0,0,1,-1.069,-0.179,0.166,-0.024,0,0
0,1,0,4.342,-0.475,7.971,5.766,3,1
0,1,0,0.583,0.101,-0.609,-0.187,0,0
0,1,0,3.517,15.531,14.321,0.022,3,1
1,0,0,5.209,28.214,17.357,-0.035,3,1
1,0,0,0.775,0.237,0.96,-0.027,0,0
0,1,0,0.055,0.047,0.21,0.005,0,0
0,1,0,-1.958,0.027,0.424,-0.015,0,0
0,0,1,1.234,0.235,-0.209,-0.014,0,0
0,1,0,0.49,-0.044,0.178,0.07,0,0
0,1,0,6.114,11.5,16.386,0.033,3,1
0,1,0,-0.23,-0.085,0.332,-0.056,0,0
1,0,0,0.877,-0.328,0.026,0.053,0,0
0,1,0,0.611,-0.284,1.132,-0.025,0,0
0,1,0,4.806,0.095,13.106,-0.383,2,1
1,0,0,-0.855,-0.071,-0.187,-0.071,0,0
1,0,0,1.798,-0.056,0.49,2.369,1,0
1,0,0,7.407,-0.269,8.121,3.703,3,1
0,1,0,-1.437,0.399,-0.483,-0.019,0,0
0,0,1,0.701,0.004,0.225,-0.078,0,0
1,0,0,1.574,0.503,0.805,2.957,1,0
0,0,1,4.314,56.633,16.692,0.23,3,1
0,1,0,6.897,0.085,5.15,3.444,3,1
0,1,0,-1.746,0.567,0.269,-0.097,0,0
1,0,0,1.195,0.293,-0.8,-0.079,0,0
1,0,0,8.135,-0.415,3.902,-0.034,2,1
0,0,1,0.603,0.101,0.614,0.033,0,0
0,1,0,6.887,-0.078,4.891,3.974,3,1
0,0,1,-0.583,-0.538,-0.353,-0.012,0,0
1,0,0,6.771,-0.257,6.417,5.215,3,1
1,0,0,0.928,0.082,0.406,3.175,1,0
0,1,0,6.93,0.382,6.742,5.033,3,1
0,1,0,-0.57,0.506,0.682,-0.101,0,0
1,0,0,6.111,-0.08,6.73,-0.283,2,1
0,0,1,8.65,-0.299,2.327,0.027,2,1
0,1,0,-0.939,0.168,0.225,-0.013,0,0
1,0,0,1.341,-0.667,-0.234,0.039,0,0
0,1,0,-0.942,-0.324,-0.096,-0.026,0,0
1,0,0,-0.294,0.011,-0.088,-0.07,0,0
0,0,1,1.47,-0.569,0.831,3.362,1,0
1,0,0,1.481,0.365,0.701,-0.008,0,0
0,1,0,0.669,-0.069,0.236,-0.029,0,0
1,0,0,1.017,27.729,16.789,-0.047,2,1
0,1,0,-0.549,-0.055,0.406,0.126,0,0
1,0,0,1.817,0.141,0.398,0.041,0,0
1,0,0,0.083,0.048,0.522,-0.006,0,0
0,0,1,0.043,-0.075,0.298,0.21,0,0
0,1,0,8.744,0.088,6.09,5.264,3,1
0,0,1,0.575,-0.158,0.532,0.051,0,0
0,1,0,2.156,0.002,0.757,3.082,1,0
0,1,0,0.026,6.62,14.494,-0.045,2,1
0,0,1,-1.069,0.133,-0.088,-0.046,0,0
1,0,0,4.939,0.983,17.391,0.053,2,1
1,0,0,-1.779,-0.293,-0.147,0.004,0,0
1,0,0,-0.459,0.022,-0.451,-0.039,0,0
0,1,0,-0.033,0.09,0.495,-0.031,0,0
0,1,0,5.994,0.063,5.131,-0.067,2,1
1,0,0,0.483,-0.441,0.071,0.002,0,0
0,0,1,10.358,0.082,6.368,0.162,2,1
0,0,1,1.146,-0.106,0.254,0.014,0,0
0,1,0,0.63,0.223,-0.032,0.094,0,0
1,0,0,5.072,0.191,3.85,0.042,2,1
0,0,1,6.626,-0.108,6.937,3.225,3,1
0,0,1,2.815,41.994,9.441,0.081,3,1
0,0,1,-1.507,0.005,-0.4,0.05,0,0
1,0,0,-0.277,0.053,-0.614,-0.093,0,0
0,0,1,-1.582,0.521,-0.196,-0.006,0,0
0,0,1,-0.895,-0.061,0.467,0.106,0,0
1,0,0,-0.894,-0.241,-0.136,0.028,0,0
0,1,0,0.177,-0.383,-0.66,-0.086,0,0
1,0,0,1.594,0.225,-0.136,0.07,0,0
1,0,0,-0.291,0.334,0.295,0.006,0,0
1,0,0,1.475,-0.038,0.226,-0.127,0,0
0,1,0,-0.978,-0.067,-0.147,-0.098,0,0
0,0,1,-0.371,-0.015,0.148,0.055,0,0
0,1,0,-0.226,0.287,0.413,-0.089,0,0
0,1,0,1.697,6.601,18.896,0.13,2,1
0,0,1,3.327,1.016,11.294,-0.06,2,1
0,0,1,0.652,-0.012,-0.4,-0.077,0,0
0,1,0,-0.915,-0.024,0.399,-0.085,0,0
0,0,1,2,61.786,14.452,0.044,2,1
0,1,0,-1.096,-0.147,-0.237,0.106,0,0
0,0,1,8.64,0.143,4.593,0.188,2,1
0,1,0,2.578,-0.303,0.148,0.045,1,0
0,0,1,3.209,36.415,16.132,0.083,3,1
1,0,0,9.182,-0.408,5.12,5.313,3,1
0,0,1,0.891,-0.135,0.23,-0.065,0,0
0,0,1,1.744,-0.284,-0.073,0.079,0,0
0,0,1,0.359,0.142,-0.4,0.089,0,0
0,1,0,4.702,1.239,14.915,0.083,2,1
0,1,0,0.158,0.209,-0.306,-0.049,0,0
0,1,0,0.535,-0.337,-0.13,-0.024,0,0
1,0,0,-1.13,-0.216,-0.42,-0.011,0,0
0,1,0,2.711,-0.12,0.427,3.336,2,0
0,0,1,3.381,1.253,15.773,0.064,2,1
0,0,1,0.039,-0.654,0.263,0.074,0,0
0,1,0,5.062,1.203,9.13,-0.207,2,1
1,0,0,3.915,0.245,4.766,5.747,3,1
0,0,1,2.952,1.278,13.243,0.063,2,1
1,0,0,-2.341,0.447,-0.184,-0.046,0,0
0,0,1,5.876,63.943,17.356,0.04,3,1
0,0,1,-1.734,-0.017,0.336,-0.023,0,0
0,0,1,3.514,1.482,16.954,0.155,2,1
1,0,0,0.536,-0.415,-0.304,-0.126,0,0
1,0,0,0.597,0.028,-0.56,-0.067,0,0
0,1,0,-0.495,-0.434,-0.064,-0.064,0,0
0,0,1,-1.243,-0.04,0.243,-0.09,0,0
1,0,0,9.492,0.158,2.354,-0.057,2,1
1,0,0,-0.324,-0.374,0.874,0.021,0,0
0,1,0,0.853,-0.137,-0.11,-0.018,0,0
1,0,0,4.492,1.22,10.482,-0.009,2,1
0,0,1,-0.24,-0.395,-0.136,-0.088,0,0
0,0,1,0.512,-0.25,0.597,0.015,0,0
0,1,0,-1.823,-0.282,-0.15,-0.004,0,0
1,0,0,1.076,25.96,8.093,-0.082,2,1
1,0,0,-0.412,-0.262,0.189,0.014,0,0
1,0,0,-0.412,0.332,0.202,0.047,0,0
0,1,0,1.681,-0.338,-0.186,-0.048,0,0
0,1,0,7.409,0.148,2.166,-0.096,2,1
0,0,1,-0.178,57.061,8.557,-0.031,2,1
0,1,0,0.258,0.087,-0.14,0.084,0,0
1,0,0,0.291,0.351,-0.385,0.008,0,0
1,0,0,0.231,-0.002,-0.8,-0.006,0,0
1,0,0,0.69,0.267,0.684,0.121,0,0
0,1,0,-0.805,0.442,0.735,2.074,1,0
1,0,0,0.065,-0.145,-0.39,0.074,0,0
1,0,0,4.706,14.145,11.769,-0.074,3,1
0,0,1,9.672,0.051,4.425,0.138,2,1
0,0,1,7.899,0.062,5.009,5.792,3,1
0,1,0,-1.265,-0.332,1.157,-0.051,0,0
1,0,0,10.364,0.265,1.805,-0.016,1,1
0,1,0,4.144,1.471,11.702,-0.023,2,1
1,0,0,8.484,-0.273,6.687,4.532,3,1
0,1,0,0.975,7.738,13.167,0.074,2,1
1,0,0,0.592,-0.267,-0.186,-0.11,0,0
0,1,0,1.733,0.383,-0.466,-0.045,0,0
1,0,0,0.841,-0.133,0.614,-0.029,0,0
0,0,1,-1.979,-0.117,-0.164,0.024,0,0
0,1,0,3.326,14.665,14.945,-0.084,3,1
0,0,1,-0.946,0.047,-0.25,-0.054,0,0
1,0,0,0.635,-0.079,0.273,-0.054,0,0
1,0,0,0.151,-0.018,0.2,-0.178,0,0
0,1,0,1.603,8.87,17.243,-0.078,2,1
1,0,0,-1.914,0.057,-0.194,-0.099,0,0
0,1,0,1.357,0.262,-0.594,0.008,0,0
0,1,0,7.147,0.118,6.515,5.497,3,1
0,1,0,0.062,-0.076,-0.028,0.028,0,0
1,0,0,4.583,-0.311,4.026,5.174,3,1
1,0,0,6.701,0.186,9.255,-0.152,2,1
0,0,1,3.731,63.204,15.998,0.05,3,1
0,1,0,-1.731,0.288,0.426,0.024,0,0
1,0,0,0.677,0.092,0.252,-0.007,0,0
0,1,0,-0.538,-0.235,-0.038,0.014,0,0
0,1,0,-1.697,-0.311,-0.083,-0.004,0,0
0,1,0,1.395,0.277,0.136,-0.09,0,0
0,0,1,4.112,25.453,11.318,0.002,3,1
0,1,0,6.842,-0.172,9.683,-0.286,2,1
0,0,1,2.213,-0.223,-0.338,-0.037,0,0
0,0,1,1.013,-0.061,0.641,-0.009,0,0
0,1,0,2.053,1.759,18.621,-0.007,1,1
0,1,0,1.045,0.051,-0.903,0.003,0,0
0,0,1,9.241,-0.079,3.234,0.006,2,1
1,0,0,0.118,-0.35,-0.202,0.052,0,0
1,0,0,4.568,0.314,8.032,4.866,3,1
1,0,0,0.135,0.165,-0.07,0.013,0,0
0,0,1,2.811,0.084,-0.137,0.031,1,0
0,1,0,-0.696,0.06,0.472,-0.078,0,0
0,0,1,0.365,0.181,-0.4,-0.004,0,0
1,0,0,4.408,1.304,11.706,0.097,2,1
0,0,1,-0.891,-0.18,0.189,0.019,0,0
1,0,0,0.07,0.123,0.012,0.006,0,0
1,0,0,-0.424,-0.079,-0.625,0.032,0,0
0,0,1,-0.574,0.151,-0.029,-0.063,0,0
0,1,0,1.879,0.09,0.305,-0.076,0,0
0,1,0,3.239,1.492,16.833,0.131,2,1
0,1,0,8.532,-0.266,8.939,-0.148,2,1
0,1,0,7.283,0.257,4.92,3.342,3,1
1,0,0,-1.251,0.113,0.108,0.072,0,0
0,0,1,-0.015,0.225,0.11,-0.073,0,0
0,1,0,13.923,-0.166,5.419,-0.056,2,1
0,1,0,0.341,-0.201,0.42,-0.028,0,0
0,1,0,1.056,0.268,-0.363,-0.006,0,0
1,0,0,1.378,0.007,0.207,-0.044,0,0
1,0,0,1.9,-0.537,0.14,-0.016,0,0
0,0,1,5.746,1.254,16.611,-0.124,2,1
0,0,1,-0.883,0.494,-0.4,0.101,0,0
1,0,0,1.294,-0.289,0.155,0.058,0,0
0,0,1,0.217,-0.531,-0.002,-0.013,0,0
1,0,0,2.797,20.99,19.15,0.123,3,1
0,1,0,-0.406,0.346,0.044,0.035,0,0
1,0,0,2.896,1.254,16.16,0.006,2,1
1,0,0,-0.62,0.206,-0.029,-0.008,0,0
0,1,0,6.951,-0.377,5.661,-0.032,2,1
1,0,0,-0.103,0.063,0.977,-0.058,0,0
1,0,0,2.79,34.151,7.393,-0.103,3,1
0,1,0,-1.763,-0.619,0.316,0.152,0,0
1,0,0,0.709,-0.083,-0.184,0.114,0,0
0,0,1,7.239,0.254,8.543,-0.355,2,1
1,0,0,-0.554,-0.039,-0.265,-0.006,0,0
1,0,0,9.025,-0.279,4.448,3.752,3,1
1,0,0,-1.028,-0.029,0.263,-0.044,0,0
0,0,1,7.855,0.121,9.726,-0.225,2,1
0,1,0,1.34,-0.277,-0.345,0.122,0,0
0,1,0,6.38,0.014,7.272,4.879,3,1
0,0,1,-2.707,-0.392,0.055,0.103,0,0
0,0,1,-0.146,-0.667,-0.043,0.021,0,0
1,0,0,-0.168,-0.356,0.107,0.079,0,0
1,0,0,4.95,-0.326,7.944,-0.296,2,1
0,0,1,0.03,-0.042,-0.4,-0.033,0,0
0,0,1,7.621,0.267,5.473,0.003,2,1
1,0,0,-1.139,-0.066,-0.399,0.021,0,0
1,0,0,-1.779,0.103,0.154,-0.127,0,0
0,0,1,-1.429,-0.072,-0.4,0.046,0,0
0,1,0,2.516,-0.249,0.224,0.045,1,0
0,1,0,2.036,0.135,0.421,0.096,0,0
0,1,0,1.447,-0.294,-0.613,-0.145,0,0
0,0,1,-1.272,0.451,0.123,-0.027,0,0
0,0,1,-0.426,-0.418,0.198,0.141,0,0
0,0,1,5.966,0.21,3.977,5.409,3,1
1,0,0,6.811,0.139,2.322,-0.099,2,1
0,0,1,11.513,-0.104,4.119,0.194,2,1
0,1,0,3.679,1.283,10.629,0.065,2,1
1,0,0,1.524,0.136,1.254,0.059,0,0
0,1,0,5.565,-0.167,7.87,4.726,3,1
0,1,0,0.957,-0.268,0.399,0.036,0,0
0,0,1,-0.24,-0.019,-0.304,0.003,0,0
0,1,0,0.713,0.269,-0.957,-0.062,0,0
1,0,0,4.927,-0.096,6.509,-0.399,2,1
0,1,0,4.491,0.129,2.86,0.054,2,1
0,1,0,9.851,-0.35,5.045,0.033,2,1
0,1,0,5.226,0.823,13.044,-0.055,2,1
1,0,0,8.522,0.172,3.794,-0.081,2,1
0,1,0,0.079,-0.229,0.573,-0.09,0,0
0,0,1,-0.764,-0.052,0.124,0.017,0,0
0,0,1,-0.266,0.563,0.024,-0.02,0,0
0,1,0,7.022,-0.24,4.659,2.596,3,1
1,0,0,-0.615,0.121,0.456,-0.089,0,0
1,0,0,2.824,1.101,13.432,-0.125,2,1
1,0,0,3.169,1.424,18.43,-0.065,2,1
1,0,0,-0.082,-0.217,0.198,0.036,0,0
0,1,0,1.541,0.536,-0.021,0.06,0,0
1,0,0,1.636,-0.094,0.101,-0.138,0,0
0,1,0,-0.488,0.642,-0.458,-0.107,0,0
0,1,0,-2.248,-0.191,-0.592,-0.015,0,0
0,0,1,7.428,0.026,5.407,-0.199,2,1
1,0,0,0.983,20.361,18.713,-0.051,2,1
1,0,0,2.816,-0.143,7.611,2.795,3,1
0,1,0,-0.666,-0.144,0.306,0.091,0,0
1,0,0,0.982,-0.338,0.447,2.991,1,0
1,0,0,3.266,-0.305,-0.251,0.115,1,0
0,1,0,3.808,5.826,9.016,0.004,3,1
1,0,0,-0.185,-0.375,1.489,1.952,1,0
0,0,1,0.948,-0.372,-0.123,-0.017,0,0
0,1,0,-2.108,-0.004,0.13,-0.005,0,0
0,0,1,1.364,0.323,0.137,2.142,1,0
1,0,0,0.544,0.063,0.011,-0.038,0,0
0,1,0,4.274,0.314,10.898,-0.278,2,1
1,0,0,7.436,-0.379,5.073,0.118,2,1
0,0,1,7.07,0.382,4.765,4.946,3,1
0,1,0,0.518,-0.055,0.929,0.054,0,0
1,0,0,-0.186,0.095,-0.041,-0.04,0,0
0,0,1,-1.851,-0.193,0.112,0.102,0,0
1,0,0,0.538,0.431,-0.745,0.098,0,0
1,0,0,0.988,0.333,0.204,0.024,0,0
0,0,1,10.539,-0.315,5.539,0.092,2,1
1,0,0,-0.143,-0.566,0.187,0.013,0,0
0,1,0,-0.847,-0.033,-0.085,0.008,0,0
1,0,0,0.228,0.128,0.352,-0.171,0,0
0,0,1,2.526,0.221,-0.4,0.027,1,0
1,0,0,-0.045,-0.362,-0.225,0.044,0,0
1,0,0,6.91,0.072,9.515,-0.252,2,1
1,0,0,-0.13,0.387,0.854,-0.004,0,0
1,0,0,-2.385,-0.247,0.251,0.01,0,0
1,0,0,-1.139,-0.214,0.612,-0.023,0,0
0,0,1,-0.463,-0.156,0.484,-0.095,0,0
1,0,0,3.874,26.736,16.275,0.033,3,1
0,0,1,11.174,0.035,4.005,0.152,2,1
0,1,0,-0.865,0.145,-0.185,-0.075,0,0
1,0,0,0.432,0.231,-0.8,-0.143,0,0
0,0,1,-0.745,-0.667,-0.216,-0.044,0,0
1,0,0,0.136,0.328,0.271,0.064,0,0
1,0,0,2.727,31.387,9.097,0.038,3,1
0,1,0,-2.263,0.308,0.145,-0.03,0,0
0,1,0,1.739,15.183,17.772,-0.012,2,1
0,1,0,2.965,10.235,13.651,-0.219,3,1
1,0,0,-0.598,21.965,13.962,-0.006,2,1
0,0,1,-0.801,-0.281,0.103,-0.054,0,0
0,1,0,0.94,-0.037,0.039,-0.049,0,0
0,1,0,5.392,-0.24,7.234,-0.4,2,1
0,1,0,7.214,-0.025,4.741,2.92,3,1
0,0,1,4.241,-0.063,3.839,-0.068,2,1
1,0,0,-0.741,0.114,-0.297,-0.106,0,0
0,0,1,5.162,-0.117,6.117,5.318,3,1
0,0,1,4.181,0.336,4.571,5.627,3,1
1,0,0,0.963,-0.208,-0.676,0.063,0,0
0,0,1,-0.255,-0.174,0.07,-0.087,0,0
1,0,0,-0.222,0.618,-0.252,-0.04,0,0
0,0,1,9.641,0.328,4.747,0.105,2,1
0,1,0,3.061,1.184,12.772,0.161,2,1
0,0,1,2.911,51.618,15.961,0.039,3,1
1,0,0,0.121,-0.361,0.396,0.072,0,0
1,0,0,-1.044,-0.022,-0.044,0.131,0,0
0,1,0,8.427,0.197,6.901,4.702,3,1
1,0,0,2.306,32.562,19.816,0.042,2,1
0,1,0,-0.493,0.372,-0.032,-0.008,0,0
1,0,0,1.417,-0.204,-0.052,0.058,0,0
1,0,0,6.562,0.199,5.702,0.043,2,1
0,0,1,-1.768,0.16,-0.398,0.044,0,0
0,1,0,6.547,-0.293,11.116,-0.242,2,1
0,0,1,8.47,0.023,4.638,3.211,3,1
0,0,1,1.316,0.047,0.816,2.399,1,0
0,1,0,0.54,-0.428,-0.66,0.001,0,0
1,0,0,2.799,0.295,1.02,3.135,2,0
1,0,0,2.147,0.369,-0.309,0.072,0,0
1,0,0,4.07,0.015,7.252,2.584,3,1
0,1,0,8.135,-0.096,5.409,4.487,3,1
0,1,0,-0.18,-0.228,0.968,0.031,0,0
1,0,0,1.463,0.309,0.875,1.833,1,0
0,1,0,-0.321,-0.111,0.166,-0.025,0,0
1,0,0,3.434,1.714,10.722,0.008,2,1
1,0,0,6.155,0.14,1.825,0.095,1,1
0,0,1,0.859,0.026,-0.137,0.013,0,0
1,0,0,-1.042,0.119,-0.204,0.013,0,0
1,0,0,4.007,1.76,17.469,0.028,2,1
0,0,1,1.736,-0.275,-0.4,-0.084,0,0
0,0,1,-0.274,0.176,0.148,-0.072,0,0
0,1,0,0.19,-0.264,-0.171,0.069,0,0
1,0,0,-0.125,-0.112,-0.478,0.013,0,0
0,0,1,-0.666,0.11,-0.058,0.068,0,0
0,0,1,1.676,0.022,0.476,0.043,0,0
1,0,0,-0.443,-0.501,0.839,0.007,0,0
0,0,1,0.804,0.055,-0.2,-0.029,0,0
1,0,0,1.237,-0.068,-0.262,0.029,0,0
1,0,0,0.219,0.514,-0.405,-0.108,0,0
0,0,1,1.027,0.075,0.002,-0.016,0,0
0,1,0,1.353,9.263,8.339,0.078,2,1
1,0,0,1.998,-0.2,1.636,2.535,1,0
0,0,1,7.022,-0.121,12.345,-0.155,2,1
0,1,0,-0.004,0.305,0.514,0.07,0,0
1,0,0,-0.855,0.033,-0.025,-0.091,0,0
0,1,0,-0.153,-0.471,-0.257,0.066,0,0
0,0,1,0.742,-0.147,0.317,0.034,0,0
0,0,1,3.414,47.937,11.058,0.067,3,1
0,0,1,3.545,52.492,11.536,-0.066,3,1
0,0,1,0.299,0.63,1.118,-0.029,0,0
0,0,1,0.529,0.121,-0.4,0.088,0,0
0,1,0,-0.624,0.219,0.58,-0.103,0,0
1,0,0,6.314,-0.199,7.695,4.576,3,1
0,0,1,5.147,0.33,9.018,-0.295,2,1
0,0,1,0.996,-0.059,0.787,0.105,0,0
0,1,0,0.951,-0.006,0.71,0.026,0,0
0,1,0,-1.83,-0.312,0.045,0.131,0,0
1,0,0,6.69,-0.667,7.443,-0.113,2,1
0,0,1,7.341,-0.063,4.87,2.586,3,1
1,0,0,0.917,-0.149,-0.099,0.068,0,0
0,0,1,2.718,1.575,16.58,-0.042,2,1
1,0,0,4.195,-0.118,5.211,2.558,3,1
0,0,1,-0.161,0.063,-0.035,-0.144,0,0
0,0,1,0.747,0.158,0.534,-0.05,0,0
0,0,1,6.94,0.019,5.929,4.035,3,1
0,1,0,6.165,0.577,5.815,-0.061,2,1
0,0,1,0.343,-0.098,-0.4,0.056,0,0
0,1,0,-2.039,-0.019,-0.004,0.102,0,0
0,1,0,1.244,-0.03,-0.447,-0.032,0,0
0,1,0,-0.79,-0.076,0.19,-0.019,0,0
1,0,0,-0.611,-0.099,0.512,-0.119,0,0
0,1,0,-0.448,-0.08,0.29,0.077,0,0
0,0,1,0.389,-0.08,0.619,-0.169,0,0
1,0,0,3.712,0.138,-0.213,0.098,1,0
0,0,1,-1.173,0.52,0.265,-0.069,0,0
0,1,0,-0.6,-0.063,0.158,-0.027,0,0
0,0,1,5.609,-0.298,6.877,0.114,2,1
0,1,0,-0.368,0.061,0.32,0.031,0,0
0,1,0,-1.3,-0.335,0.269,0,0,0
0,0,1,1.253,-0.216,0.48,0.086,0,0
1,0,0,2.658,0.256,7.684,2.68,3,1
1,0,0,-0.461,-0.128,0.406,0.045,0,0
0,1,0,3.616,0.036,5.511,0.097,2,1
1,0,0,0.303,0.035,-0.8,-0.064,0,0
0,0,1,2.465,41.226,9.401,-0.088,2,1
0,1,0,7.962,-0.167,3.517,-0.126,2,1
0,0,1,4.382,-0.101,6.293,-0.063,2,1
0,0,1,3.231,29.188,8.688,-0.032,3,1
0,1,0,-0.692,-0.563,0.07,0.08,0,0
0,1,0,6.858,-0.04,6.886,-0.315,2,1
0,1,0,0.483,-0.312,-0.142,-0.005,0,0
0,0,1,-2.132,-0.266,-0.4,0.051,0,0
1,0,0,-0.044,0.043,0.95,0.058,0,0
0,1,0,-0.225,0.118,0.374,-0.019,0,0
0,1,0,-0.979,0.164,-0.155,-0.061,0,0
0,1,0,-1.371,0.163,0.15,0.093,0,0
0,0,1,-0.292,0.198,-0.241,-0.079,0,0
0,0,1,-1.422,-0.438,-0.4,0.06,0,0
0,1,0,9.629,-0.116,4.115,0.001,2,1
1,0,0,1.092,0.472,0.855,-0.036,0,0
1,0,0,1.959,-0.027,0.359,-0.036,0,0
0,0,1,4.99,1.203,13.405,0.053,2,1
1,0,0,1.023,0.751,0.365,-0.006,0,0
1,0,0,3.724,0.897,12.507,0,2,1
1,0,0,1.909,-0.411,0.135,2.666,1,0
0,1,0,0.982,0.222,-0.391,0.008,0,0
0,0,1,11.093,0.212,6.253,0.111,2,1
1,0,0,-1.175,0.363,0.183,0.067,0,0
0,0,1,4.536,1.513,9.741,-0.1,2,1
0,1,0,7.117,-0.12,6.629,4.026,3,1
0,0,1,4.36,0.281,6.854,5.144,3,1
0,0,1,4.45,-0.35,8.637,-0.368,2,1
1,0,0,2.111,29.976,19.915,0.071,2,1
0,0,1,1.153,0.068,-0.4,0.109,0,0
0,0,1,-1.015,0.013,0.083,-0.001,0,0
0,1,0,0.168,0.175,-0.041,0.028,0,0
1,0,0,6.307,-0.216,10.873,-0.236,2,1
0,1,0,7.757,0.316,5.023,2.908,3,1
0,1,0,5.779,-0.134,7.616,5.598,3,1
0,0,1,1.111,57.959,7.544,0.038,2,1
0,1,0,-1.191,-0.257,-0.463,-0.077,0,0
0,0,1,4.848,0.686,6.416,-0.355,2,1
0,0,1,7.619,-0.173,4.675,4.971,3,1
0,0,1,0.647,0.067,-0.4,0.024,0,0
0,1,0,-0.857,-0.035,-0.137,0.057,0,0
1,0,0,-0.708,0.051,0.413,0.108,0,0
0,0,1,-1.235,0.254,1.03,0.042,0,0
0,0,1,2.748,24.595,13.033,0.047,3,1
0,0,1,5.287,0.078,8.161,-0.206,2,1
0,1,0,0.59,0.134,0.337,0.059,0,0
0,0,1,1.199,0.135,0.061,0.178,0,0
1,0,0,5.96,0.055,3.156,-0.003,2,1
1,0,0,-0.042,0.306,0.002,-0.051,0,0
0,0,1,1.017,-0.16,0.19,-0.088,0,0
0,1,0,-0.629,0.166,-0.767,-0.014,0,0
1,0,0,-0.025,0.129,-0.193,-0.094,0,0
0,0,1,1.418,-0.195,0.491,-0.051,0,0
0,1,0,3.842,9.801,8.291,-0.047,3,1
1,0,0,0.35,0.021,-0.255,-0.087,0,0
1,0,0,4.503,1.381,12.988,-0.202,2,1
0,0,1,0.065,0.181,0.335,0.052,0,0
0,1,0,0.744,-0.066,-1.524,-0.006,0,0
0,1,0,-0.552,-0.125,-0.098,0.066,0,0
1,0,0,1.065,0.15,-0.501,0.057,0,0
1,0,0,2.479,17.582,17.996,-0.037,2,1
0,0,1,-0.916,-0.032,-0.284,0.031,0,0
0,1,0,-0.285,0.242,-0.257,-0.002,0,0
0,1,0,0.575,-0.239,-0.13,-0.193,0,0
1,0,0,1.563,1.684,14.327,-0.043,1,1
0,0,1,-0.518,0.063,0.387,-0.02,0,0
0,0,1,0.787,0.192,-0.4,0.014,0,0
0,0,1,0.591,0.347,0.482,0.049,0,0
0,0,1,-1.034,-0.168,0.69,0.052,0,0
0,1,0,4.942,1.591,14.341,0.006,2,1
0,0,1,0.233,0.371,-0.4,0.051,0,0
0,0,1,7.998,-0.088,4.766,5.174,3,1
1,0,0,-0.236,-0.172,-0.613,0.122,0,0
1,0,0,1.003,-0.224,0.221,0.043,0,0
0,0,1,7.221,0.315,7.857,-0.218,2,1
0,1,0,0.113,-0.407,0.582,-0.024,0,0
0,1,0,4.832,-0.219,6.876,3.57,3,1
0,0,1,6.581,1.647,12.452,-0.094,2,1
0,1,0,-2.39,0.076,0.675,0.084,0,0
0,1,0,5.027,0.399,5.883,3.278,3,1
0,0,1,2.154,0.199,-0.4,0.146,0,0
0,1,0,0.482,0.123,0.187,-0.079,0,0
0,1,0,1.63,5.255,10.357,-0.019,2,1
1,0,0,-0.436,0.11,0.486,-0.059,0,0
0,0,1,10.164,-0.163,8.347,4.709,3,1
0,0,1,0.373,0.195,-0.4,0.015,0,0
0,0,1,0.753,0.131,1.696,3.328,1,0
1,0,0,3.744,17.714,18.259,0.026,3,1
0,0,1,-0.202,0.052,0.444,0.095,0,0
0,0,1,-0.707,-0.12,-0.4,0.163,0,0
0,0,1,0.043,0.711,-0.4,0.054,0,0
0,1,0,0.393,0.347,-0.37,-0.096,0,0
0,1,0,2.144,12.704,15.16,0.094,2,1
1,0,0,-0.617,-0.42,-0.089,-0.086,0,0
1,0,0,7.779,-0.451,4.653,-0.112,2,1
1,0,0,7.332,-0.235,3.629,-0.06,2,1
0,0,1,-0.206,-0.008,0.96,0.012,0,0
1,0,0,5.552,0.136,11.562,-0.297,2,1
0,1,0,1.64,-0.389,0.788,0.027,0,0
1,0,0,6.318,-0.144,9.602,-0.193,2,1
0,1,0,6.574,-0.012,7.629,4.06,3,1
1,0,0,1.282,0.176,1.726,3.253,1,0
0,1,0,0.321,0.197,0.466,-0.082,0,0
0,0,1,0.03,-0.216,-0.4,-0.098,0,0
0,0,1,-2.179,0.07,-0.2,-0.024,0,0
0,1,0,1.518,-0.232,1.49,2.287,1,0
0,0,1,0.257,-0.078,-0.4,0.032,0,0
0,1,0,1.561,-0.572,-0.213,-0.149,0,0
1,0,0,0.627,-0.051,-0.79,-0.046,0,0
0,1,0,0.269,-0.664,0.255,-0.038,0,0
0,1,0,-0.716,0.184,-0.154,-0.096,0,0
1,0,0,1.248,1.348,15.637,-0.025,1,1
1,0,0,0.296,0.032,0.171,0.009,0,0
0,0,1,3.662,62.736,7.893,0.02,3,1
0,1,0,1.26,-0.382,0.201,0.107,0,0
1,0,0,3.71,1.667,14.723,-0.048,2,1
1,0,0,-1.427,-0.182,0.162,0.06,0,0
1,0,0,2.637,1.655,13.739,0.061,2,1
0,0,1,-2.235,0.347,-0.179,-0.029,0,0
0,1,0,-1.643,-0.014,0.059,0.033,0,0
0,1,0,5.646,-0.482,2.036,0.012,2,1
0,0,1,2.749,0.155,-0.058,-0.109,1,0
0,1,0,-1.337,-0.248,0.073,0.111,0,0
0,0,1,-0.087,-0.341,-0.344,-0.033,0,0
1,0,0,-0.878,-0.069,0.082,0.012,0,0
0,1,0,8.112,0.395,3.893,3.394,3,1
0,0,1,0.481,-0.044,0.041,0.103,0,0
1,0,0,2.63,1.745,12.889,-0.083,2,1
1,0,0,10.698,-0.583,4.194,0.046,2,1
0,1,0,0.821,0.092,-0.01,-0.161,0,0
1,0,0,3.653,1.708,16.3,0.177,2,1
0,1,0,0.145,15.473,18.726,0.077,2,1
0,0,1,0.877,0.177,-0.4,0.068,0,0
0,0,1,4.221,0.576,6.386,-0.303,2,1
0,0,1,1.62,-0.377,1.532,2.213,1,0
1,0,0,7.858,0.186,4.12,5.735,3,1
0,1,0,0.143,-0.47,0.307,-0.078,0,0
0,0,1,6.391,0.877,8.346,5.66,3,1
1,0,0,0.704,0.249,0.324,0.092,0,0
1,0,0,4.646,0.649,4.886,2.951,3,1
0,1,0,-0.23,-0.071,0.175,0.109,0,0
1,0,0,1.736,0.427,1.259,1.989,1,0
0,1,0,0.519,0.069,-0.561,-0.054,0,0
1,0,0,0.833,-0.476,-0.8,-0.153,0,0
1,0,0,1.564,0.207,-0.181,0.014,0,0
1,0,0,2.053,1.135,17.42,0.029,1,1
1,0,0,0.462,0.296,1.392,1.954,1,0
0,1,0,0.324,-0.105,-0.822,0.031,0,0
0,1,0,-1.268,0.117,0.308,-0.007,0,0
1,0,0,0.351,-0.282,0.426,0.109,0,0
0,0,1,4.027,1.471,12.944,0.046,2,1
0,1,0,-1.462,0.181,0.324,0.02,0,0
0,0,1,2.943,1.369,16.118,0.106,2,1
1,0,0,-0.363,-0.084,0.013,-0.111,0,0
1,0,0,2.151,-0.079,0.138,0.034,0,0
0,1,0,1.516,7.895,8.873,0.01,2,1
0,1,0,0.197,-0.476,-0.231,0.062,0,0
1,0,0,-0.476,0.377,-0.8,-0.032,0,0
0,0,1,3.972,-0.009,5.857,5.376,3,1
0,1,0,-0.244,-0.389,-0.632,0.046,0,0
0,1,0,6.547,-0.214,4.651,-0.135,2,1
1,0,0,11.125,0.042,4.255,-0.101,2,1
0,0,1,4.264,1.186,12.145,0.07,2,1
0,1,0,0.632,0.024,0.266,0.024,0,0
0,1,0,0.973,-0.459,-0.476,0.068,0,0
0,1,0,0.004,0.191,0.185,-0.038,0,0
0,0,1,0.254,51.581,12.616,-0.122,2,1
1,0,0,-0.433,-0.667,-0.703,-0.093,0,0
1,0,0,3.304,1.083,12.001,0.043,2,1
0,0,1,3.923,1.293,16.493,0.011,2,1
1,0,0,-0.564,0.064,0.057,-0.064,0,0
0,0,1,0.399,0.179,-0.037,0.16,0,0
0,0,1,-1.821,-0.34,0.001,0.092,0,0
1,0,0,-0.566,0.092,0.157,-0.066,0,0
0,0,1,-0.697,-0.081,0.44,-0.058,0,0
0,1,0,1.383,0.569,1.066,2.801,1,0
0,1,0,3.988,-0.161,1.959,2.407,2,0
0,1,0,2.454,-0.097,-0.279,-0.032,0,0
0,1,0,3.053,5.444,17.428,-0.066,3,1
0,0,1,-0.312,0.192,0.25,-0.043,0,0
0,0,1,-0.279,-0.207,0.861,-0.04,0,0
0,0,1,0.478,-0.372,0.041,0.062,0,0
1,0,0,0.559,-0.122,0.132,0.019,0,0
0,0,1,7.364,-0.33,6.296,5.277,3,1
0,0,1,-0.451,0.148,-0.032,0.078,0,0
1,0,0,0.926,0.112,0.419,-0.031,0,0
0,1,0,0.466,-0.046,0.375,-0.158,0,0
0,1,0,-0.252,0.098,0.176,0.015,0,0
0,1,0,0.827,-0.049,0.164,0.011,0,0
0,1,0,4.026,10.014,19.904,0.051,3,1
0,0,1,4.422,1.332,12.049,0.056,2,1
0,0,1,-1.171,0.155,0.084,0.084,0,0
1,0,0,2.942,16.922,11.048,0.007,3,1
0,1,0,6.449,1.297,13.166,0.073,2,1
0,0,1,0.303,-0.383,0.074,0.166,0,0
0,1,0,-2.298,-0.09,0.287,0.151,0,0
1,0,0,-0.388,-0.17,0.333,0.104,0,0
0,0,1,0.794,-0.204,-0.228,0.064,0,0
1,0,0,6.594,0.028,5.589,0.001,2,1
0,0,1,7.02,0.157,11.485,-0.309,2,1
0,1,0,1.948,6.252,16.188,-0.032,2,1
1,0,0,-1.081,0.16,0.085,-0.013,0,0
0,0,1,-0.519,-0.658,-0.4,0.06,0,0
0,0,1,-0.228,-0.159,-0.4,0.006,0,0
1,0,0,8.204,-0.085,3.761,-0.028,2,1
0,1,0,0.794,0.243,-0.466,0.095,0,0
0,0,1,1.459,0.371,0.221,-0.127,0,0
1,0,0,1.012,0.278,0.131,0.073,0,0
0,1,0,-0.632,-0.314,0.399,-0.089,0,0
0,1,0,1.808,0.29,0.373,0.024,0,0
0,1,0,0.457,0.142,0.006,0.044,0,0
0,1,0,-1.133,-0.335,-0.31,0.042,0,0
1,0,0,9.023,-0.467,6.868,4.241,3,1
1,0,0,-0.378,0.17,0.522,0.042,0,0
0,1,0,-2.127,-0.131,-0.959,-0.069,0,0
1,0,0,-1.088,0.365,-0.251,-0.136,0,0
0,1,0,3.183,1.383,16.911,0.072,2,1
1,0,0,0.118,0.055,-0.292,0.12,0,0
0,1,0,0.592,-0.272,0.289,2.82,1,0
0,0,1,-1.562,0.272,0.476,0.097,0,0
0,0,1,0.432,0.118,-0.099,0.152,0,0
0,1,0,2.445,16.798,11.095,0.007,2,1
1,0,0,0.318,0.305,0.267,-0.085,0,0
0,1,0,-0.636,0.324,-0.261,-0.142,0,0
0,1,0,2.481,1.361,11.893,-0.085,1,1
1,0,0,0.079,-0.075,0.49,-0.097,0,0
0,0,1,6.203,0.275,5.547,-0.361,2,1
0,0,1,1.284,62.715,16.322,-0.057,2,1
0,0,1,0.86,0.407,-0.4,0.109,0,0
0,0,1,-0.008,0.076,0.049,-0.049,0,0
0,1,0,-1.052,-0.533,-0.024,0.029,0,0
0,0,1,-1.732,-0.296,0.222,0.113,0,0
0,0,1,0.93,-0.038,-0.4,-0.024,0,0
1,0,0,6.597,0.262,9.612,-0.179,2,1
0,0,1,1.257,-0.389,-0.4,-0.046,0,0
0,0,1,5.419,0.086,4.915,3.672,3,1
0,1,0,0.643,-0.076,0.33,0.112,0,0
0,1,0,2.647,1.144,14.773,-0.144,2,1
0,0,1,0.834,-0.1,-0.4,-0.094,0,0
0,0,1,0.763,0.093,-0.4,0.043,0,0
0,0,1,0.656,0.228,-0.178,-0.026,0,0
1,0,0,0.396,0.31,-0.712,0.063,0,0
0,0,1,1.259,66.464,10.405,0.013,2,1
1,0,0,8.142,0.053,5.535,0.046,2,1
0,0,1,-1.998,-0.667,0.869,-0.17,0,0
0,0,1,-0.291,-0.074,-0.195,0.136,0,0
0,1,0,0.659,-0.161,0.276,-0.142,0,0
0,0,1,0.569,27.993,8.654,0.063,2,1
1,0,0,-0.893,0.446,0.31,-0.116,0,0
0,1,0,0.443,0.19,-0.636,-0.2,0,0
0,0,1,-1.121,0.017,-0.4,-0.043,0,0
1,0,0,0.424,-0.129,-0.092,-0.037,0,0
0,1,0,1.186,0.281,0.241,-0.022,0,0
1,0,0,0.268,0.09,-0.208,-0.024,0,0
0,1,0,-0.879,-0.112,0.549,0.113,0,0
0,0,1,0.174,0.136,0.333,-0.092,0,0
0,1,0,0.891,-0.125,0.134,0.095,0,0
1,0,0,-1.178,0.397,0.35,0.098,0,0
0,1,0,-0.518,0.04,0.372,-0.167,0,0
0,0,1,-0.569,-0.167,-0.4,-0.084,0,0
0,0,1,1.168,-0.264,0.664,-0.076,0,0
1,0,0,-0.798,0.076,-0.117,-0.076,0,0
0,1,0,0.098,-0.058,-0.178,-0.078,0,0
0,0,1,7.326,0.281,8.978,-0.238,2,1
0,1,0,7.288,1.466,17.453,0.094,2,1
1,0,0,3.355,24.054,10.286,-0.005,3,1
1,0,0,-0.482,0.037,0.009,0.033,0,0
0,0,1,4.872,1.101,17.916,0.05,2,1
0,1,0,-2.316,-0.092,1.5,-0.047,0,0
0,1,0,0.662,-0.519,0.097,-0.023,0,0
0,0,1,-0.812,-0.301,-0.4,0.057,0,0
1,0,0,9.684,-0.072,6.152,-0.043,2,1
0,1,0,5.593,1.342,16.578,0.078,2,1
0,0,1,0.919,-0.019,0.557,-0.094,0,0
0,1,0,3.423,1.309,12.665,-0.115,2,1
1,0,0,1.087,-0.541,0.34,0.04,0,0
1,0,0,0.867,0.09,0.381,0.061,0,0
1,0,0,-1.282,-0.229,0.369,0.053,0,0
0,1,0,-0.675,0.229,0.058,0.005,0,0
1,0,0,4.849,1.349,13.453,0.073,2,1
0,1,0,-0.595,-0.309,-0.164,-0.162,0,0
0,0,1,0.605,-0.002,0.411,0.013,0,0
0,1,0,0.42,-0.228,0.331,3.376,1,0
0,1,0,0.886,-0.21,0.479,-0.05,0,0
0,0,1,4.393,-0.137,4.602,4.678,3,1
0,1,0,-0.919,0.043,0.35,0.062,0,0
0,1,0,12.736,0.005,6.183,-0.029,2,1
0,1,0,2.273,1.804,10.997,-0.019,1,1
1,0,0,-0.348,-0.125,0.419,-0.039,0,0
0,1,0,4.792,1.447,18.117,0.019,2,1
0,0,1,9.56,-0.214,2.041,-0.022,2,1
0,0,1,0.32,0.366,0.557,0.091,0,0
1,0,0,6.875,0.258,7.786,4.024,3,1
0,0,1,9.58,0.439,5.601,2.816,3,1
0,1,0,4.056,12.108,19.859,0.031,3,1
0,0,1,2.816,1.808,18.325,0.037,2,1
0,0,1,6.583,0.418,6.094,3.997,3,1
0,0,1,0.492,35.909,14.139,-0.024,2,1
0,0,1,-0.256,0.42,0.574,0.031,0,0
0,1,0,1.734,7.506,19.441,-0.103,2,1
1,0,0,6.495,-0.113,4.919,-0.266,2,1
1,0,0,6.195,0.692,7.123,2.956,3,1
0,0,1,-0.818,-0.525,0.18,0.11,0,0
1,0,0,1.306,0.043,-0.8,0.123,0,0
0,0,1,-0.966,0.23,0.23,-0.009,0,0
0,0,1,-0.511,0.088,0.43,-0.104,0,0
1,0,0,1.976,-0.398,1.021,2.397,1,0
0,1,0,0.384,-0.006,1.3,-0.005,0,0
0,1,0,-1.168,-0.083,-0.085,-0.055,0,0
0,1,0,7.611,-0.003,4.46,3.559,3,1
1,0,0,3.177,13.374,17.272,-0.063,3,1
0,1,0,-0.406,-0.157,0.069,-0.106,0,0
0,0,1,-0.414,0.06,0.615,0.03,0,0
1,0,0,-0.89,0.173,0.323,0.063,0,0
0,0,1,0.155,-0.37,0.274,0.059,0,0
0,1,0,4.808,-0.07,6.152,4.324,3,1
1,0,0,-0.615,0.506,-0.407,0.029,0,0
0,0,1,2.013,-0.172,0.474,-0.007,0,0
0,1,0,-0.535,0.165,0.087,-0.016,0,0
0,1,0,1.511,1.282,15.456,-0.115,1,1
1,0,0,-0.006,-0.187,0.085,-0.072,0,0
1,0,0,0.636,-0.667,0.183,0.156,0,0
1,0,0,6.276,0.014,1.876,0.134,1,1
0,0,1,-0.767,-0.041,-0.4,-0.014,0,0
1,0,0,5.685,0.295,8.284,-0.161,2,1
1,0,0,6.568,0.166,11.024,-0.356,2,1
0,0,1,1.26,-0.035,1.191,2.65,1,0
0,0,1,-0.467,-0.308,0.227,0.058,0,0
0,1,0,0.548,0.215,0.574,2.999,1,0
1,0,0,-1.093,0.108,0.266,0.027,0,0
0,1,0,3.26,15.133,13.699,0.169,3,1
1,0,0,5.774,1.383,12.275,0.117,2,1
1,0,0,-1.078,0.041,-0.26,-0.118,0,0
0,0,1,-0.293,-0.043,0.124,-0.052,0,0
0,1,0,1.434,12.091,9.915,0.155,2,1
1,0,0,9.283,0.038,3.565,-0.104,2,1
1,0,0,0.13,0.312,-0.547,-0.017,0,0
0,1,0,1.156,15.255,13.754,0.025,2,1
0,0,1,0.633,0.142,-0.4,-0.031,0,0
1,0,0,6.625,-0.478,5.366,2.64,3,1
1,0,0,-0.417,0.21,-0.087,0.005,0,0
0,1,0,-0.319,-0.007,-0.007,-0.119,0,0
1,0,0,0.406,-0.296,-0.414,-0.103,0,0
1,0,0,0.84,0.115,0.091,-0.037,0,0
0,1,0,-0.061,-0.286,0.77,0.109,0,0
0,1,0,-0.109,-0.165,-0.114,-0.139,0,0
0,1,0,-1.167,0.337,0.509,-0.017,0,0
0,1,0,6.189,0.014,7.317,5.636,3,1
0,1,0,4.803,1.662,15.243,-0.091,2,1
0,0,1,4.971,0.934,16.176,-0.093,2,1
0,1,0,7.579,0.299,5.693,4.994,3,1
0,1,0,8.956,-0.059,4.784,3.076,3,1
1,0,0,1.319,19.947,9.462,-0.187,2,1
0,0,1,-0.72,-0.183,0.234,0.021,0,0
1,0,0,0.425,-0.142,0.202,0.071,0,0
0,0,1,0.575,0.015,0.983,-0.138,0,0
0,0,1,6.745,0.189,2.948,-0.131,2,1
0,1,0,-0.476,-0.24,-0.191,-0.017,0,0
0,0,1,4.696,0.071,5.118,5.778,3,1
1,0,0,3.776,14.227,11.367,-0.104,3,1
0,0,1,0.379,-0.142,0.818,0.045,0,0
0,1,0,0.361,-0.001,-0.331,-0.059,0,0
0,1,0,2.294,13.271,10.542,0.07,2,1
1,0,0,0.776,-0.003,0.56,-0.049,0,0
0,1,0,-1.542,0.028,0.365,-0.159,0,0
1,0,0,2.024,13.018,11.646,0.013,2,1
0,0,1,1.241,42.67,15.112,-0.026,2,1
0,0,1,0.562,-0.484,0.098,0.039,0,0
1,0,0,10.057,0.23,6.311,-0.006,2,1
1,0,0,-0.038,0.352,-0.674,-0.145,0,0
0,0,1,0.877,0.021,-0.015,0.012,0,0
0,1,0,-1.593,-0.051,0.202,-0.087,0,0
0,1,0,7.973,-0.137,5.349,-0.015,2,1
0,1,0,1.416,-0.39,-0.889,-0.007,0,0
0,0,1,-0.666,-0.549,1.127,2.191,1,0
0,0,1,0.319,-0.235,0.24,0.02,0,0
1,0,0,-2.339,0.153,0.151,3.079,1,0
0,1,0,-1.359,-0.479,0.094,-0.009,0,0
1,0,0,0.682,0.021,0.19,2.409,1,0
0,0,1,0.341,0.167,-0.153,-0.105,0,0
1,0,0,9.643,0.124,1.915,-0.051,1,1
1,0,0,0.402,-0.253,-0.018,0.076,0,0
0,1,0,6.726,-0.172,6.974,0.114,2,1
1,0,0,-0.308,0.458,0.379,0.017,0,0
0,1,0,0.012,0.082,-0.11,-0.187,0,0
0,1,0,-0.13,-0.415,-0.553,-0.067,0,0
0,1,0,0.586,-0.291,0.329,0.038,0,0
0,0,1,9.669,0.361,3.652,0.05,2,1
1,0,0,6.516,-0.043,5.775,2.534,3,1
0,0,1,1.531,35.387,10.305,-0.098,2,1
1,0,0,4.791,-0.014,5.9,-0.134,2,1
0,0,1,0.539,-0.137,0.485,-0.084,0,0
0,1,0,0.694,0.224,-0.018,0.082,0,0
0,0,1,1.363,0.005,0.385,-0.087,0,0
0,1,0,-1.565,-0.667,-0.634,0.095,0,0
0,1,0,6.311,-0.053,5.723,3.766,3,1
0,1,0,7.154,-0.117,5.74,3.852,3,1
0,1,0,-0.663,0.079,-0.141,-0.07,0,0
0,1,0,6.233,-0.179,7.566,4.496,3,1
0,0,1,-0.774,-0.207,0.976,0.126,0,0
0,1,0,3.531,5.918,18.634,0.091,3,1
0,1,0,0.742,0.416,0.463,-0.034,0,0
0,1,0,1.646,7.399,11.652,0.045,2,1
0,0,1,0.039,-0.239,0.285,0.026,0,0
0,1,0,3.669,1.313,13.892,-0.007,2,1
0,0,1,6.525,-0.368,3.14,0.028,2,1
0,1,0,0.405,0.096,0.206,0.094,0,0
1,0,0,-0.208,-0.528,0.175,-0.053,0,0
0,1,0,4.808,1.745,17.797,0.009,2,1
0,1,0,8.712,0.297,7.626,3.657,3,1
0,1,0,1.185,-0.049,0.09,0.128,0,0
1,0,0,1.195,-0.149,0.786,2.314,1,0
0,0,1,5.806,0.202,6.391,4.861,3,1
0,0,1,0.586,0.508,0.248,-0.057,0,0
1,0,0,-0.584,-0.086,0.118,-0.065,0,0
1,0,0,0.712,0.102,-0.288,-0.034,0,0
0,1,0,0.703,-0.148,0.518,0.019,0,0
0,1,0,-0.475,0.426,0.026,0.079,0,0
0,1,0,-1.137,0.126,0.328,0.011,0,0
1,0,0,10.965,-0.378,2.389,-0.015,2,1
0,1,0,7.348,0.311,9.645,-0.269,2,1
0,1,0,7.99,-0.339,3.375,-0.189,2,1
1,0,0,-0.15,-0.099,0.045,0.086,0,0
1,0,0,-0.612,0.223,0.208,-0.068,0,0
0,1,0,1.195,-0.054,0.905,2.37,1,0
1,0,0,-1.152,-0.123,-0.245,0.039,0,0
0,0,1,-0.61,-0.147,-0.4,0.079,0,0
0,0,1,-0.781,0.478,-0.328,-0.107,0,0
0,0,1,-0.374,-0.294,0.145,0.083,0,0
0,0,1,-0.586,0.185,0.139,-0.12,0,0
0,1,0,-1.168,-0.416,0.046,0.066,0,0
0,0,1,6.176,0.038,10.414,-0.126,2,1
1,0,0,1.783,1.37,13.164,0.111,1,1
0,1,0,0.848,16.158,18.526,-0.13,2,1
1,0,0,0.547,-0.487,-0.772,0.027,0,0
1,0,0,0.3,0.084,-0.172,0.007,0,0
1,0,0,-0.668,-0.004,-0.184,-0.034,0,0
0,1,0,0.949,-0.398,-0.094,-0.055,0,0
0,0,1,5.755,1.266,15.055,-0.057,2,1
0,1,0,1.501,-0.149,-0.355,-0.04,0,0
0,0,1,-2.372,0.71,-0.358,0.029,0,0
0,1,0,6.618,-0.388,6.549,5.501,3,1
1,0,0,1.365,-0.131,-0.031,0.057,0,0
1,0,0,1.605,-0.041,-0.439,0.05,0,0
0,0,1,-0.931,-0.005,-0.012,-0.049,0,0
1,0,0,-0.182,-0.134,-0.309,-0.132,0,0
0,0,1,10.151,0.235,4.76,0.091,2,1
0,1,0,2.04,1.572,17.561,0.04,1,1
0,1,0,-0.046,0.24,-0.227,0.051,0,0
1,0,0,5.788,0.6,1.746,0.105,1,1
1,0,0,-0.891,-0.393,0.382,0.032,0,0
0,0,1,2.33,64.398,13.24,0.076,2,1
0,0,1,0.998,0.011,0.106,0.027,0,0
0,0,1,8.9,-0.137,4.848,-0.039,2,1
0,1,0,0.105,0.292,0.107,0.04,0,0
1,0,0,0.05,-0.093,0.188,-0.094,0,0
1,0,0,7.257,-0.155,3.874,-0.028,2,1
1,0,0,1.996,-0.254,-0.109,-0.047,0,0
1,0,0,0.427,12.822,14.717,-0.021,2,1
0,1,0,-0.106,0.071,-0.331,-0.1,0,0
1,0,0,0.139,-0.034,-0.418,-0.097,0,0
1,0,0,-1.153,0.332,-0.004,-0.011,0,0
0,1,0,-1.446,0.043,0.96,0.029,0,0
0,1,0,6.627,0.016,11.004,-0.167,2,1
1,0,0,1.505,-0.133,0.563,-0.094,0,0
0,0,1,1.074,0.095,-0.186,-0.059,0,0
0,0,1,1.076,-0.249,-0.288,-0.038,0,0
1,0,0,-0.804,-0.084,-0.223,-0.111,0,0
0,1,0,-0.139,-0.004,-0.164,-0.064,0,0
0,1,0,4.762,1.686,9.897,-0.158,2,1
0,1,0,0.315,0.025,-0.387,0.043,0,0
1,0,0,-0.3,-0.116,0.006,0.085,0,0
0,0,1,1.463,0.038,0.009,-0.094,0,0
1,0,0,1.686,1.586,13.838,-0.067,1,1
0,1,0,4.298,-0.036,6.299,3.706,3,1
0,1,0,0.699,-0.279,-0.118,0.061,0,0
1,0,0,6.725,-0.019,3.906,0.042,2,1
1,0,0,0.141,0.035,-0.247,0.036,0,0
0,1,0,10.209,0.009,3.376,-0.027,2,1
0,1,0,-0.062,-0.083,-0.034,-0.026,0,0
1,0,0,0.911,-0.187,-0.425,0.016,0,0
0,1,0,-0.539,-0.607,0.155,0.15,0,0
1,0,0,2.001,1.379,15.307,0.075,1,1
0,1,0,0.701,-0.193,0.199,0.009,0,0
1,0,0,0.429,0.028,0.012,0.038,0,0
0,0,1,6.476,0.095,11.452,-0.148,2,1
1,0,0,0.809,0.171,-0.357,-0.179,0,0
0,1,0,5.322,5.808,21.076,-0.02,3,1
0,1,0,-1.233,0.128,-0.445,0.108,0,0
1,0,0,-0.576,-0.086,0.658,-0.034,0,0
0,1,0,-1.22,-0.404,0.091,-0.182,0,0
0,0,1,6.744,-0.154,4.053,5.994,3,1
0,0,1,-0.292,-0.387,0.301,0.085,0,0
0,1,0,0.283,0.166,-0.433,-0.027,0,0
1,0,0,2.655,-0.142,0.921,-0.034,1,0
1,0,0,2.633,11.046,9.375,-0.049,3,1
0,0,1,2.029,63.757,16.783,0.006,2,1
0,0,1,0.135,0.303,-0.4,0.053,0,0
1,0,0,2.438,1.531,11.369,-0.057,1,1
0,0,1,-0.966,-0.155,0.608,0.114,0,0
0,0,1,0.277,-0.062,0.83,0.038,0,0
0,0,1,-0.695,-0.015,0.46,-0.024,0,0
0,0,1,4.954,0.043,5.979,-0.069,2,1
1,0,0,1.564,0.248,-0.216,0.022,0,0
1,0,0,-0.071,-0.27,0.176,-0.006,0,0
0,1,0,0.184,-0.421,0.038,-0.068,0,0
0,0,1,-1.481,0.116,0.692,0.003,0,0
0,0,1,1.364,-0.45,2.073,3.099,2,0
0,0,1,-1.265,0.111,0.528,-0.006,0,0
1,0,0,4.403,1.39,12.019,-0.115,2,1
0,0,1,1.092,0.254,-0.4,-0.074,0,0
0,1,0,5.882,0.251,5.577,3.575,3,1
0,1,0,1.102,0.503,0.051,0.078,0,0
0,0,1,4.429,-0.19,2.702,-0.047,2,1
1,0,0,5.717,1.194,15.958,-0.082,2,1
0,0,1,2.621,58.936,17.239,0.031,3,1
1,0,0,-0.957,0.032,-0.061,-0.062,0,0
1,0,0,0.434,0.025,-0.356,-0.08,0,0
0,1,0,8.495,-0.242,5.736,3.238,3,1
0,1,0,2.603,9.851,10.404,-0.001,3,1
1,0,0,2.113,-0.192,-0.19,0.013,0,0
0,0,1,2.41,0.165,-0.4,-0.011,0,0
1,0,0,8.496,0.033,3.803,3.853,3,1
1,0,0,-0.195,-0.607,-0.097,-0.019,0,0
0,0,1,-1.262,-0.018,0.516,0.05,0,0
0,1,0,-0.697,-0.356,0.903,0.009,0,0
1,0,0,7.374,-0.088,8.756,2.968,3,1
1,0,0,-0.59,-0.071,0.338,0.027,0,0
0,1,0,-0.726,-0.315,0.05,0.057,0,0
0,0,1,-0.106,0.412,-0.4,-0.051,0,0
0,1,0,-0.906,0.087,-0.23,0.091,0,0
0,1,0,1.624,0.405,0.173,0.018,0,0
0,0,1,8.532,0.162,4.612,5.956,3,1
0,1,0,0.952,-0.249,0.471,0.084,0,0
0,1,0,-0.049,0.087,0.248,-0.051,0,0
0,0,1,6.638,0.022,3.309,-0.043,2,1
0,0,1,5.4,-0.148,7.812,3.482,3,1
0,1,0,0.531,-0.109,0.479,0.002,0,0
1,0,0,2.68,18.087,17.283,-0.144,3,1
1,0,0,0.751,-0.64,0.569,-0.017,0,0
1,0,0,-0.506,-0.093,0.056,-0.091,0,0
1,0,0,-0.026,-0.509,0.459,-0.046,0,0
1,0,0,7.578,-0.086,5.447,4.346,3,1
0,0,1,-0.404,0.01,-0.009,0.021,0,0
0,1,0,-0.374,-0.192,0.418,0.065,0,0
1,0,0,0.992,0.146,-0.748,-0.075,0,0
0,1,0,3.235,1.759,15.333,0.067,2,1
0,0,1,-0.448,-0.199,-0.127,-0.062,0,0
0,1,0,3.892,7.579,17.466,0.029,3,1
0,0,1,-0.486,0.215,1.104,-0.003,0,0
1,0,0,2.863,1.209,15.9,0.076,2,1
0,0,1,0.63,0.242,-0.11,0.087,0,0
0,0,1,0.682,-0.145,0.319,-0.019,0,0
0,1,0,9.85,-0.242,5.648,0.066,2,1
0,0,1,0.278,-0.017,-0.4,0.01,0,0
0,0,1,2.118,-0.42,0.016,-0.012,0,0
0,0,1,0.34,-0.065,-0.365,0.042,0,0
1,0,0,4.819,1.263,12.221,-0.091,2,1
0,0,1,0.307,0.031,-0.269,0.063,0,0
1,0,0,3.598,1.029,18.596,-0.034,2,1
0,0,1,0.744,0.095,-0.4,-0.025,0,0
0,0,1,-1.788,-0.317,-0.356,-0.225,0,0
0,0,1,-0.912,-0.023,-0.4,0.101,0,0
0,0,1,-0.124,0.195,0.268,0.012,0,0
1,0,0,6.072,-0.192,3.522,0.008,2,1
0,1,0,4.635,1.155,10.187,0.066,2,1
1,0,0,4.274,-0.367,6.824,3.213,3,1
0,0,1,1.008,-0.163,0.044,-0.027,0,0
0,1,0,0.392,0.261,0.613,-0.133,0,0
0,0,1,1.021,-0.026,-0.212,0.095,0,0
1,0,0,3.807,1.238,12.669,0.069,2,1
0,1,0,7.245,0.348,5.079,4.468,3,1
0,1,0,4.466,0.163,6.448,-0.367,2,1
1,0,0,-0.201,0.026,0.381,0.11,0,0
0,1,0,1.406,0.061,0.078,0.165,0,0
0,1,0,7.625,0.018,4.078,4.418,3,1
0,0,1,-0.606,0.42,0.726,-0.082,0,0
0,1,0,-0.419,0.375,0.589,-0.125,0,0
0,1,0,4.866,0.524,4.68,3.136,3,1
0,0,1,4.118,1.568,16.804,0.005,2,1
0,0,1,1.539,-0.008,0.267,0.085,0,0
0,0,1,1.806,0.108,0.627,-0.06,0,0
0,0,1,-0.899,0.01,-0.4,0.026,0,0
0,0,1,0.161,-0.097,0.162,0.075,0,0
1,0,0,-1.481,0.097,0.032,-0.056,0,0
0,1,0,5.561,0.271,7.831,4.969,3,1
0,1,0,-0.099,-0.204,0.717,-0.021,0,0
0,0,1,3.858,1.007,16.77,-0.007,2,1
0,1,0,-0.602,0.387,-0.259,0.137,0,0
0,1,0,0.059,0.318,-0.068,-0.101,0,0
1,0,0,4.231,30.925,14.128,-0.045,3,1
0,0,1,4.754,-0.328,7.842,5.156,3,1
0,1,0,0.701,-0.125,1.206,2.117,1,0
0,0,1,7.268,-0.21,5.13,2.577,3,1
1,0,0,-1.404,-0.504,0.27,-0.073,0,0
0,0,1,3.774,46.276,16.481,0.014,3,1
0,0,1,-0.014,0.302,0.107,0.077,0,0
0,1,0,6.568,-0.312,9.386,-0.236,2,1
0,0,1,1.218,0.123,0.484,-0.057,0,0
1,0,0,1.137,0.451,-0.276,-0.019,0,0
1,0,0,-0.079,-0.459,0.224,0.043,0,0
1,0,0,0.166,0.027,-0.281,-0.021,0,0
0,1,0,0.756,0.074,-0.389,-0.121,0,0
0,0,1,10.53,-0.064,5.907,-0.04,2,1
0,0,1,-0.601,0.052,0.11,-0.017,0,0
1,0,0,-0.289,-0.492,0.252,0.143,0,0
1,0,0,2.574,-0.152,0.476,0.083,1,0
0,1,0,4.08,1.185,16.947,-0.003,2,1
0,1,0,7.924,0.454,4.726,0.081,2,1
1,0,0,0.932,0.057,0.789,-0.009,0,0
0,1,0,0.534,-0.054,-0.495,-0.008,0,0
0,0,1,6.455,0.215,3.842,0.076,2,1
1,0,0,6.805,0.104,6.719,4,3,1
0,0,1,6.418,0.504,6.219,2.613,3,1
1,0,0,-1.29,-0.047,0.464,0.104,0,0
1,0,0,7.152,0.351,8.014,-0.278,2,1
0,1,0,6.044,-0.103,4.128,0.012,2,1
1,0,0,8.523,0.175,6.855,4.813,3,1
0,0,1,0.249,-0.517,-0.28,0.001,0,0
0,1,0,2.227,0.675,11.259,0.07,1,1
0,1,0,-1.248,-0.15,0.133,0.135,0,0
1,0,0,-0.227,-0.182,-0.422,0.014,0,0
0,0,1,0.424,0.045,0.71,0.052,0,0
1,0,0,9.709,-0.054,3.566,0.054,2,1
1,0,0,-0.756,0.242,0.057,0.02,0,0
1,0,0,5.023,-0.294,5.347,-0.153,2,1
1,0,0,-1.185,-0.246,0.133,-0.018,0,0
0,1,0,2.4,1.562,10.749,0.123,1,1
0,0,1,-0.84,0.374,-0.213,-0.046,0,0
0,1,0,3.806,1.176,17.248,0.118,2,1
0,1,0,7.441,0.12,5.592,4.899,3,1
1,0,0,1.013,31.639,18.843,-0.086,2,1
0,0,1,1.32,0.007,-0.275,0.019,0,0
1,0,0,0.77,0.057,-0.044,0.022,0,0
0,0,1,1.475,-0.3,-0.4,-0.048,0,0
1,0,0,0.144,-0.079,-0.199,-0.052,0,0
1,0,0,3.44,1.127,12.296,0.045,2,1
1,0,0,4.306,1.528,14.518,-0.163,2,1
0,0,1,0.091,-0.061,-0.174,-0.147,0,0
0,0,1,4.943,0.099,5.705,3.276,3,1
0,0,1,-0.768,-0.376,-0.283,0.083,0,0
0,0,1,-1.318,-0.397,0.181,-0.033,0,0
0,1,0,6.858,0.03,5.592,0.028,2,1
0,1,0,-0.958,0.112,-0.594,-0.003,0,0
0,0,1,-0.834,0.008,0.205,-0.018,0,0
0,0,1,-0.795,0.024,0.284,0.035,0,0
0,0,1,1.013,-0.467,0.441,0.048,0,0
0,1,0,0.385,0.274,-0.426,0.068,0,0
1,0,0,4.033,17.887,16.03,0.136,3,1
0,1,0,5.219,-0.57,8.624,-0.262,2,1
1,0,0,2.648,1.353,15.576,0.124,2,1
1,0,0,0.589,25.883,11.261,-0.101,2,1
0,0,1,-0.099,-0.005,-0.4,-0.034,0,0
1,0,0,3.387,20.746,11.827,0.061,3,1
0,0,1,-1.861,0.03,-0.4,-0.042,0,0
1,0,0,-0.583,-0.186,0.312,-0.1,0,0
1,0,0,0.252,0.233,1.025,3.266,1,0
0,0,1,-1.466,-0.202,0.234,-0.024,0,0
1,0,0,-1.619,0.008,0.61,-0.068,0,0
1,0,0,1.235,-0.227,-0.268,0.028,0,0
0,0,1,-0.661,-0.116,0.399,-0.042,0,0
0,0,1,0.221,-0.496,0.883,0.06,0,0
1,0,0,5.531,1.376,10.376,-0.105,2,1
0,1,0,7.957,0.092,11.623,-0.31,2,1
1,0,0,-0.554,-0.039,-0.098,-0.033,0,0
1,0,0,1.267,0.087,-0.232,0.054,0,0
0,0,1,3.062,1.484,12.551,0.071,2,1
0,0,1,5.941,-0.383,6.054,4.369,3,1
0,0,1,1.339,0.136,0.561,-0.094,0,0
1,0,0,0.406,-0.008,-0.26,-0.055,0,0
1,0,0,2.975,-0.306,7.712,4.399,3,1
0,0,1,0.742,0.081,0.185,0.005,0,0
0,1,0,6.246,-0.19,9.859,-0.13,2,1
0,0,1,0.977,0.057,-0.115,-0.049,0,0
1,0,0,-1.418,0.616,-0.148,0.005,0,0
0,0,1,0.658,0.567,0.211,-0.047,0,0
0,1,0,-0.609,-0.018,-0.113,-0.024,0,0
0,1,0,1.542,0.74,-0.139,0.004,0,0
0,1,0,8.253,0.122,6.82,4.139,3,1
0,1,0,0.909,-0.091,0.037,-0.011,0,0
1,0,0,6.799,-0.235,1.851,-0.064,1,1
0,0,1,-0.773,-0.167,-0.4,-0.032,0,0
0,0,1,-0.931,-0.156,0.153,-0.118,0,0
0,0,1,2.354,0.117,-0.4,-0.037,0,0
1,0,0,5.196,0.086,3.809,3.656,3,1
1,0,0,-0.174,-0.303,1.044,0.09,0,0
0,1,0,0.936,0.029,-0.006,-0.176,0,0
0,0,1,5.981,1.207,13.481,-0.026,2,1
0,1,0,0.156,0.41,0.232,-0.042,0,0
1,0,0,-1.09,0.167,0.449,-0.009,0,0
0,1,0,7.049,-0.55,7.297,3.94,3,1
0,0,1,6.001,-0.428,5.579,5.469,3,1
1,0,0,2.494,22.705,8.316,-0.165,2,1
0,1,0,1.422,-0.448,-0.074,0.109,0,0
0,0,1,4.488,-0.068,4.891,-0.088,2,1
1,0,0,1.885,-0.077,5.489,3.606,2,1
0,1,0,3.819,0.113,0.411,0.082,1,0
0,1,0,6.228,-0.243,8.488,2.746,3,1
0,1,0,8.474,0.191,2.897,-0.013,2,1
1,0,0,0.413,-0.353,0.509,0.059,0,0
0,0,1,1.355,0.062,0.243,0.095,0,0
1,0,0,0.644,0.198,-0.149,0.154,0,0
1,0,0,4.935,0.849,14.94,0.051,2,1
0,0,1,6.627,-0.119,5.764,5.657,3,1
0,0,1,0.325,0.053,-0.31,-0.082,0,0
1,0,0,-0.843,0.126,0.588,0.156,0,0
1,0,0,-0.155,0.024,0.302,0.056,0,0
1,0,0,0.239,0.282,0.156,-0.124,0,0
1,0,0,0.196,0.321,0.479,0.007,0,0
0,1,0,0.98,0.067,0.122,-0.005,0,0
0,1,0,0.904,-0.058,0.377,2.22,1,0
0,1,0,2.518,11.486,18.961,-0.015,3,1
1,0,0,6.023,-0.011,4.786,0.045,2,1
0,1,0,3.412,0.249,7.385,4.386,3,1
1,0,0,5.739,-0.092,4.897,5.319,3,1
0,1,0,-0.541,0.135,0.168,0.132,0,0
0,1,0,0.116,-0.164,-0.191,0.058,0,0
0,0,1,0.314,-0.077,-0.4,0.085,0,0
1,0,0,-0.752,-0.304,-0.51,-0.09,0,0
0,0,1,1.201,23.717,15.294,-0.057,2,1
0,0,1,-0.525,0.312,0.684,0.058,0,0
1,0,0,-2.336,-0.485,0.18,0.144,0,0
0,0,1,0.316,0.104,-0.127,0.086,0,0
0,1,0,6.846,0.236,9.923,-0.227,2,1
1,0,0,1.515,0.095,0.286,-0.15,0,0
0,1,0,0.841,0.072,0.103,0.039,0,0
0,1,0,6.31,0.344,1.859,-0.168,1,1
0,1,0,0.388,0.058,0.699,-0.05,0,0
1,0,0,2.926,-0.018,0.132,0.148,1,0
0,0,1,2.908,53.339,20.705,0.029,3,1
0,1,0,-1.155,0.167,0.747,0.1,0,0
0,1,0,3.983,0.114,3.413,0.032,2,1
0,0,1,11.092,0.11,4.481,-0.061,2,1
0,1,0,-1.291,-0.241,0.605,-0.007,0,0
1,0,0,1.684,0.437,-0.114,0.013,0,0
0,1,0,3.477,1.567,15.263,0.135,2,1
1,0,0,-0.161,0.165,-0.056,-0.065,0,0
0,0,1,-2.391,0.329,-0.277,-0.055,0,0
0,1,0,-0.581,-0.01,0.232,-0.031,0,0
0,1,0,1.314,0.517,-0.971,0.004,0,0
0,0,1,0.282,-0.363,0.631,-0.022,0,0
0,1,0,2.683,-0.187,0.403,0.05,1,0
1,0,0,-2.745,0.001,0.237,-0.01,0,0
0,0,1,0.222,0.039,0.471,-0.013,0,0
0,0,1,-0.843,0.192,0.135,-0.069,0,0
0,1,0,6.832,-0.506,2.623,-0.061,2,1
0,1,0,7.466,0.168,3.816,0.032,2,1
0,0,1,11.946,-0.046,3.582,-0.04,2,1
0,0,1,0.468,-0.297,-0.326,0.229,0,0
0,0,1,-1.367,-0.519,-0.4,0.007,0,0
0,1,0,0.489,-0.465,0.68,0.064,0,0
0,1,0,-0.415,0.28,0.529,0.002,0,0
1,0,0,9.471,-0.361,3.997,-0.127,2,1
0,1,0,-1.705,-0.025,0.366,-0.131,0,0
0,1,0,12.109,0.223,2.625,0.139,2,1
0,0,1,8.37,-0.236,6.417,3.242,3,1
1,0,0,-0.069,0.17,0.542,-0.088,0,0
0,0,1,1.689,0.265,0.278,-0.01,0,0
0,0,1,-1.644,-0.195,-0.043,-0.021,0,0
0,0,1,1.019,-0.088,-0.386,-0.025,0,0
0,0,1,1.507,-0.14,-0.167,-0.071,0,0
0,0,1,6.015,-0.012,6.06,-0.388,2,1
0,1,0,1.55,0.619,0.178,-0.052,0,0
0,0,1,0.102,0.084,-0.4,0.045,0,0
0,1,0,-0.374,0.16,0.876,-0.128,0,0
0,1,0,-0.182,0.127,0.509,0.036,0,0
0,1,0,0.016,0.344,0.508,0.112,0,0
0,0,1,0.734,0.167,0.169,0.041,0,0
0,0,1,-0.012,0.003,0.637,-0.04,0,0
1,0,0,0.353,-0.112,-0.032,-0.018,0,0
0,0,1,1.163,-0.039,0.333,-0.042,0,0
1,0,0,-0.472,0.409,0.016,0.031,0,0
0,1,0,2.708,1.865,11.082,0.015,2,1
1,0,0,1.172,-0.197,1.129,0.058,0,0
1,0,0,4.859,16.276,11.083,0.067,3,1
1,0,0,0.374,-0.085,0.168,0.092,0,0
0,0,1,0.718,0.018,0.234,-0.009,0,0
0,1,0,2.85,6.236,11.007,-0.097,3,1
0,1,0,4.574,0.329,5.155,5.646,3,1
0,0,1,0.999,-0.25,-0.4,0.088,0,0
0,1,0,3.597,5.565,16.509,-0.034,3,1
0,0,1,5.066,0.044,6.984,-0.254,2,1
1,0,0,-0.335,0.052,0.082,-0.034,0,0
0,0,1,0.908,-0.117,0.174,0.1,0,0
0,1,0,1.726,-0.313,-0.208,-0.007,0,0
0,1,0,1.131,0.066,-0.751,-0.072,0,0
0,1,0,-1.244,0.168,0.148,-0.023,0,0
0,1,0,-1.165,-0.425,0.553,0.052,0,0
1,0,0,1.089,0.439,0.087,0.001,0,0
0,0,1,-0.369,-0.071,0.262,-0.084,0,0
0,0,1,6.989,0.062,4.208,0.001,2,1
1,0,0,-1.301,-0.032,0.301,-0.034,0,0
0,1,0,9.439,0.081,5.075,0.034,2,1
1,0,0,-1.162,0.054,-0.62,-0.039,0,0
0,1,0,-1.431,0.026,-0.527,0.226,0,0
0,0,1,0.012,0.198,-0.4,0.042,0,0
0,0,1,-0.046,0.067,0.426,-0.052,0,0
0,0,1,5.428,1.061,11.79,-0.099,2,1
0,0,1,8.166,0.386,5.324,-0.159,2,1
1,0,0,-1.154,0.168,-0.419,-0.133,0,0
0,1,0,-1.059,0.046,-0.863,-0.097,0,0
0,1,0,-0.485,0.207,-1.079,0.029,0,0
1,0,0,-0.052,-0.441,0.409,0.109,0,0
1,0,0,-0.081,0.347,-0.225,0.004,0,0
0,0,1,2.599,46.3,14.61,0.026,3,1
1,0,0,3.838,1.288,16.936,-0.039,2,1
0,0,1,-0.287,-0.093,-0.383,0.049,0,0
0,0,1,-0.359,0.065,0.462,-0.059,0,0
0,0,1,-1.648,0.03,0.043,0.052,0,0
0,0,1,1.819,0.366,-0.275,-0.086,0,0
0,1,0,3.921,5.621,10.507,0.011,3,1
1,0,0,1.415,0.528,-0.252,-0.057,0,0
1,0,0,5.152,-0.26,6.807,3.661,3,1
0,0,1,-1.238,0.084,-0.026,-0.126,0,0
0,0,1,0.246,-0.052,-0.4,0.116,0,0
0,1,0,0.448,0.45,-0.584,-0.114,0,0
0,1,0,-0.092,0.25,-0.504,0.056,0,0
0,0,1,5.3,0.992,10.981,-0.09,2,1
0,1,0,3.632,9.854,8.112,-0.096,3,1
1,0,0,0.893,-0.102,-0.338,-0.04,0,0
0,0,1,3.47,1.294,10.637,0.127,2,1
0,1,0,1.12,-0.667,0.474,0.143,0,0
0,1,0,-0.809,-0.073,0.122,-0.043,0,0
0,0,1,-1.552,0.257,0.442,2.931,1,0
0,0,1,-1.132,-0.165,-0.102,-0.074,0,0
0,0,1,-0.119,0.255,-0.204,-0.078,0,0
0,1,0,0.075,0.499,0.485,-0.016,0,0
0,1,0,0.347,-0.053,0.637,-0.096,0,0
1,0,0,7.341,0.231,5.086,3.358,3,1
1,0,0,-0.183,-0.167,-0.128,0.012,0,0
0,0,1,12.107,-0.087,5.254,-0.13,2,1
0,1,0,4.373,1.549,10.221,-0.086,2,1
1,0,0,8.285,-0.258,4.9,0.071,2,1
1,0,0,-1.199,-0.176,-0.355,-0.078,0,0
1,0,0,-0.921,-0.198,0.292,0.002,0,0
1,0,0,1.14,0.04,-0.033,0.01,0,0
0,0,1,-1.918,0.1,-0.146,-0.091,0,0
1,0,0,1.783,0.07,-0.213,-0.034,0,0
0,1,0,11.281,0.057,2.272,0.084,2,1
1,0,0,0.491,0.128,-0.154,-0.04,0,0
0,1,0,1.756,6.986,13.527,0.122,2,1
1,0,0,-0.746,0.431,0.12,-0.066,0,0
1,0,0,4.39,-0.222,5.49,5.769,3,1
0,1,0,0.645,0.134,0.309,-0.024,0,0
0,0,1,-0.092,-0.16,0.241,0.027,0,0
0,1,0,-1.238,-0.248,0.784,0.032,0,0
0,0,1,-1.553,0.015,0.401,-0.146,0,0
1,0,0,-0.331,0.068,0.284,-0.07,0,0
1,0,0,2.579,2.088,15.327,0.037,3,1
0,1,0,1.015,-0.275,-0.188,-0.076,0,0
0,0,1,-2.438,0.135,-0.08,0.008,0,0
0,1,0,0.402,0.047,0.059,-0.075,0,0
0,0,1,1.229,-0.193,-0.4,-0.07,0,0
0,0,1,1.948,1.127,13.562,0.074,1,1
0,1,0,-0.882,0.188,-0.745,0.104,0,0
1,0,0,4.914,1.323,16.559,-0.065,2,1
0,0,1,0.462,-0.015,0.641,0.091,0,0
0,1,0,1.327,0.123,0.673,0.07,0,0
0,0,1,-0.586,-0.368,0.312,0.008,0,0
1,0,0,-0.13,0.457,0.423,-0.033,0,0
1,0,0,-0.789,0.294,0.245,-0.117,0,0
0,1,0,0.35,0.469,-0.495,0.157,0,0
0,1,0,0.763,0.094,0.319,-0.035,0,0
1,0,0,5.38,-0.022,7.205,4.627,3,1
0,0,1,-0.776,-0.042,-0.236,-0.027,0,0
1,0,0,-1.501,-0.094,0.667,0.026,0,0
0,1,0,-0.263,0.026,-0.049,-0.069,0,0
0,0,1,-1.47,0.481,0.288,0.092,0,0
0,1,0,0.822,0.5,0.681,2.741,1,0
1,0,0,3.25,21.666,17.92,0.06,3,1
0,0,1,-1.845,-0.118,-0.4,-0.101,0,0
0,0,1,0.116,-0.032,0.866,0.007,0,0
1,0,0,7.238,0.181,3.249,2.814,3,1
1,0,0,-0.865,-0.048,0.123,0.005,0,0
1,0,0,0.282,0.24,0.217,-0.199,0,0
0,1,0,4.597,0.131,7.189,2.935,3,1
1,0,0,3.02,1.428,10.665,0.03,2,1
0,0,1,3.533,1.144,16.888,0.145,2,1
0,1,0,0.177,0.293,0.325,-0.095,0,0
1,0,0,1.81,-0.216,0.164,2.558,1,0
0,0,1,5.329,0.314,8.677,-0.348,2,1
0,1,0,-1.947,0.606,-0.684,0.084,0,0
1,0,0,-0.925,0.286,-0.247,0.019,0,0
0,0,1,12.553,-0.077,2.601,0.03,2,1
0,1,0,6.021,0.351,10.197,-0.13,2,1
0,0,1,1.808,30.817,17.131,-0.05,2,1
0,1,0,0.834,-0.254,-0.735,0.002,0,0
0,0,1,0.375,-0.2,-0.4,-0.087,0,0
0,1,0,-0.463,0.23,-0.373,0.051,0,0
0,0,1,-0.126,0.041,-0.4,-0.038,0,0
0,0,1,1.135,0.468,-0.049,0.09,0,0
1,0,0,1.225,-0.074,0.137,2.137,1,0
1,0,0,-0.738,-0.12,-0.795,-0.17,0,0
0,0,1,9.1,-0.515,7.036,3.47,3,1
1,0,0,1.492,0.034,-0.287,-0.077,0,0
1,0,0,1.446,-0.04,-0.717,-0.06,0,0
0,0,1,-0.076,1.519,14.528,0.002,1,1
0,1,0,-1.426,-0.233,-0.633,-0.099,0,0
0,1,0,0.575,0.235,0.363,0.119,0,0
0,1,0,0.87,-0.075,-0.263,0.058,0,0
0,0,1,8.842,-0.039,2.24,0.038,2,1
0,0,1,0.889,0.342,0.21,-0.01,0,0
0,1,0,7.457,0.359,10.331,-0.162,2,1
0,1,0,-0.585,0.563,0.116,-0.071,0,0
0,1,0,3.219,1.412,14.604,0.014,2,1
1,0,0,8.735,0.031,2.718,-0.044,2,1
0,0,1,-0.186,-0.431,-0.036,-0.029,0,0
1,0,0,13.861,0.039,4.668,0.035,2,1
0,1,0,5.629,-0.282,7.417,-0.252,2,1
1,0,0,0.312,-0.403,0.418,-0.116,0,0
0,0,1,4.124,0.183,7.089,4.515,3,1
1,0,0,5.961,0.741,6.853,0.039,2,1
1,0,0,3.595,17.862,9.011,0.041,3,1
1,0,0,0.004,0.024,-0.409,-0.156,0,0
0,0,1,-0.392,-0.173,-0.4,-0.006,0,0
0,0,1,1.246,-0.234,-0.346,-0.01,0,0
0,0,1,0.563,-0.147,-0.112,-0.016,0,0
1,0,0,-0.783,-0.53,0.156,0.024,0,0
0,0,1,0.844,-0.032,0.807,-0.05,0,0
1,0,0,7.237,0.017,3.49,0.081,2,1
0,1,0,-0.81,-0.156,0.501,0.024,0,0
1,0,0,-0.417,0.217,-0.075,0.041,0,0
1,0,0,8.148,-0.47,4.765,0.163,2,1
0,1,0,-0.309,0.263,-0.229,0.056,0,0
0,1,0,-0.634,-0.113,0.613,0.13,0,0
1,0,0,-0.671,-0.02,-0.256,0.038,0,0
0,1,0,1.256,0.323,0.145,2.276,1,0
1,0,0,1.791,-0.026,-0.227,0.129,0,0
1,0,0,5.049,1.518,9.972,-0.042,2,1
0,0,1,-1.025,-0.402,0.183,-0.01,0,0
1,0,0,6.688,0.405,4.83,2.598,3,1
0,1,0,1.5,1.307,11.973,0.123,1,1
1,0,0,8.95,-0.105,5.928,0.016,2,1
0,0,1,-0.304,0.181,0.291,-0.067,0,0
0,1,0,-0.24,-0.015,-0.464,0.001,0,0
1,0,0,-1.501,-0.087,0.071,0.128,0,0
0,0,1,-0.052,-0.314,0.173,0.08,0,0
0,1,0,2.002,16.161,10.759,0.033,2,1
0,1,0,-1.452,-0.447,0.221,-0.051,0,0
0,0,1,-0.244,-0.354,-0.4,0.097,0,0
1,0,0,5.324,0.175,6.431,-0.306,2,1
0,0,1,3.274,41.505,8.966,-0.078,3,1
0,1,0,4.651,1.023,13.842,0.056,2,1
0,1,0,0.683,0.158,0.317,2.288,1,0
0,0,1,8.771,-0.309,6.006,0.133,2,1
0,1,0,-0.279,0.281,-0.754,0.068,0,0
0,1,0,-0.23,0.443,0.446,0.039,0,0
0,1,0,0.679,0.102,-0.051,-0.119,0,0
1,0,0,-1.047,-0.111,-0.466,0.032,0,0
0,1,0,-0.03,0.017,0.859,-0.01,0,0
0,1,0,0.506,-0.108,-0.379,0.072,0,0
0,0,1,5.58,1.301,15.883,0.13,2,1
0,1,0,1.612,16.107,17.049,0.021,2,1
0,0,1,-1.659,-0.432,-0.016,0.046,0,0
0,0,1,-0.57,-0.354,0.508,-0.049,0,0
0,0,1,-0.734,0.697,-0.347,0.043,0,0
1,0,0,-1.808,-0.082,-0.332,0.139,0,0
0,0,1,0.543,-0.041,0.333,0.003,0,0
0,0,1,8.026,-0.005,9.598,-0.237,2,1
0,1,0,5.434,0.367,7.149,4.578,3,1
0,1,0,-0.355,0.455,0.574,0.018,0,0
1,0,0,1.013,-0.168,0.225,0.007,0,0
0,1,0,-0.439,-0.32,0.1,-0.176,0,0
1,0,0,4.031,0.847,18.143,-0.023,2,1
1,0,0,-0.075,0.481,-0.317,-0.025,0,0
1,0,0,7.338,0.122,3.15,-0.031,2,1
0,1,0,-1.987,-0.242,0.04,0.101,0,0
1,0,0,-0.21,-0.027,0.114,0.102,0,0
0,1,0,5.98,0.073,5.596,0.049,2,1
0,1,0,-0.248,-0.105,0.971,-0.079,0,0
0,1,0,-0.953,-0.224,0.472,-0.056,0,0
1,0,0,0.261,-0.143,-0.389,-0.117,0,0
1,0,0,-1.629,-0.025,0.229,0.027,0,0
1,0,0,7.636,-0.146,5.754,2.941,3,1
1,0,0,-0.562,0.153,0.729,0.036,0,0
0,1,0,6.649,0.494,5.101,0.128,2,1
0,0,1,-0.376,0.297,0.562,-0.015,0,0
0,1,0,1.525,-0.185,-0.414,0.084,0,0
0,1,0,1.329,0.461,0.704,-0.031,0,0
1,0,0,8.163,-0.41,7.415,-0.207,2,1
0,0,1,0.115,-0.288,-0.015,-0.045,0,0
0,1,0,5.862,-0.24,3.851,3.556,3,1
0,0,1,-0.757,0.159,0.053,0.013,0,0
0,0,1,7.2,-0.242,6.889,-0.295,2,1
0,1,0,4.764,15.879,9.657,-0.017,3,1
0,1,0,6.475,0.199,3.02,-0.059,2,1
0,0,1,-0.786,-0.116,-0.045,0.002,0,0
0,1,0,-0.811,0.194,-0.129,0.057,0,0
0,0,1,0.166,0.022,0.942,-0.004,0,0
1,0,0,1.746,-0.458,-0.602,-0.153,0,0
0,0,1,0.641,0.054,0.477,-0.122,0,0
1,0,0,1.975,30.753,17.68,-0.045,2,1
0,0,1,0.478,0.313,1.419,1.936,1,0
0,1,0,-0.941,-0.263,0.564,0.127,0,0
0,0,1,5.816,0.411,8.077,-0.16,2,1
0,1,0,0.21,0.106,0.199,0.098,0,0
0,1,0,0.154,-0.288,0.008,-0.087,0,0
1,0,0,-0.629,-0.044,0.016,-0.068,0,0
0,1,0,-0.306,0.601,-0.014,0,0,0
0,0,1,0.356,-0.31,-0.029,-0.024,0,0
0,0,1,-1.378,0.161,0.456,-0.039,0,0
0,0,1,0.753,0.045,-0.4,0.139,0,0
1,0,0,-0.03,0.556,-0.124,0.016,0,0
0,1,0,-1.167,0.202,0.264,0.074,0,0
1,0,0,0.762,-0.088,-0.177,-0.015,0,0
0,0,1,0.111,-0.007,0.361,-0.065,0,0
0,0,1,6.637,-0.092,5.418,0.185,2,1
0,1,0,-1.055,0.121,0.573,0.033,0,0
0,0,1,6.162,62.028,16.903,-0.143,3,1
0,0,1,0.601,0.215,-0.057,-0.034,0,0
1,0,0,4.355,16.635,10.252,-0.067,3,1
0,1,0,6.364,0.092,12.549,-0.348,2,1
1,0,0,1.948,0.188,0.319,0.061,0,0
0,0,1,-0.577,-0.121,-0.366,0,0,0
0,0,1,0.254,0.542,0.191,0.023,0,0
0,1,0,1.382,-0.006,-0.445,0.02,0,0
0,1,0,0.814,-0.414,1.479,2.329,1,0
1,0,0,0.659,-0.107,0.303,0.02,0,0
1,0,0,-0.827,0.098,0.491,0.088,0,0
0,1,0,0.699,8.335,11.698,-0.11,2,1
0,1,0,0.48,0.326,-0.775,0.054,0,0
1,0,0,0.383,0.025,-0.125,0.03,0,0
0,0,1,-0.197,0.373,0.037,-0.053,0,0
1,0,0,0.936,21.287,17.509,-0.106,2,1
1,0,0,7.039,-0.12,6.535,-0.259,2,1
1,0,0,0.413,0.279,-0.266,0.013,0,0
1,0,0,-0.702,-0.072,0.907,-0.017,0,0
0,1,0,-1.801,0.231,0.532,0.085,0,0
0,1,0,1.655,-0.466,-0.188,0.058,0,0
0,1,0,7.135,1.564,10.798,-0.097,2,1
1,0,0,1.2,0.017,-0.396,0.024,0,0
0,1,0,-0.653,0.214,-0.072,-0.029,0,0
0,1,0,0.054,-0.455,-0.222,0.006,0,0
0,1,0,7.373,-0.176,3.868,3.068,3,1
0,1,0,-1.198,-0.023,-0.03,0.012,0,0
0,0,1,1.544,-0.116,-0.077,0.068,0,0
0,0,1,2.097,-0.081,-0.366,-0.097,0,0
0,1,0,0.749,-0.151,-0.015,-0.002,0,0
0,1,0,-0.55,-0.298,0.976,0.042,0,0
0,0,1,6.942,-0.14,4.849,5.03,3,1
0,1,0,0.279,0.146,0.852,-0.103,0,0
1,0,0,1.403,-0.534,1.031,3.2,1,0
0,1,0,0.589,-0.081,0.196,0.02,0,0
1,0,0,5.602,-0.256,9.471,-0.132,2,1
0,0,1,-0.316,0.034,0.589,-0.071,0,0
0,1,0,0.868,0.882,0.411,-0.004,0,0
0,1,0,-1.702,0.159,-0.126,0.049,0,0
0,0,1,-3.555,-0.044,-0.4,-0.139,0,0
0,1,0,0.375,0.469,0.136,-0.113,0,0
0,0,1,0.964,0.148,-0.174,-0.017,0,0
0,0,1,-0.984,0.056,-0.38,0.013,0,0
0,1,0,2.021,1.495,17.15,0.121,1,1
0,0,1,-0.112,-0.547,-0.325,-0.072,0,0
0,1,0,0.557,-0.089,-0.058,0.06,0,0
0,1,0,2.167,9.508,16.851,-0.087,2,1
1,0,0,-1.602,0.258,0.293,-0.033,0,0
1,0,0,5.382,1.527,12.057,-0.075,2,1
0,1,0,10.479,-0.046,5.411,3.885,3,1
0,0,1,3.898,28.256,20.679,-0.008,3,1
0,1,0,-1.553,-0.049,-0.244,0.025,0,0
0,0,1,-0.981,-0.48,0.193,0.008,0,0
0,0,1,0.317,-0.179,0.715,-0.012,0,0
0,0,1,11.465,0.018,2.934,-0.14,2,1
1,0,0,-1.227,-0.201,0.692,0.02,0,0
0,1,0,0.594,-0.011,-0.556,0.046,0,0
0,0,1,0.094,-0.113,0.434,-0.104,0,0
0,0,1,-1.526,0.198,0.262,0.068,0,0
0,0,1,-1.765,0.337,-0.4,-0.031,0,0
0,1,0,-0.701,-0.263,0.346,-0.052,0,0
0,0,1,0.618,-0.084,-0.133,0.026,0,0
1,0,0,-0.65,-0.368,0.364,0.075,0,0
1,0,0,5.768,-0.337,4.345,-0.066,2,1
0,0,1,1.645,64.376,16.995,0.036,2,1
1,0,0,0.765,-0.07,-0.144,-0.03,0,0
0,1,0,0.838,-0.248,0.273,0.063,0,0
0,1,0,-0.46,0.12,0.445,0.154,0,0
0,1,0,4.493,-0.051,5.136,-0.044,2,1
1,0,0,4.81,-0.101,2.86,-0.02,2,1
0,0,1,2.282,0.223,0.37,2.071,1,0
1,0,0,-0.963,0.452,-0.245,0.054,0,0
0,1,0,1.27,9.495,21.647,-0.026,2,1
0,0,1,2.517,43.413,14.9,0.083,3,1
1,0,0,6.768,1.684,11.405,-0.021,2,1
1,0,0,1.85,0.036,-0.243,-0.075,0,0
0,1,0,6.784,-0.11,3.484,0.011,2,1
0,0,1,1.359,0.125,-0.377,-0.033,0,0
0,1,0,3.086,1.462,15.399,-0.051,2,1
0,0,1,0.789,0.27,-0.4,0.052,0,0
1,0,0,2.551,1.713,15.111,-0.081,2,1
0,0,1,0.976,0.064,0.375,2.753,1,0
0,1,0,8.712,-0.202,6.758,2.894,3,1
1,0,0,7.66,0.169,6.046,4.95,3,1
0,0,1,-0.699,0.118,0.433,-0.058,0,0
0,0,1,2.674,36.065,7.496,0.072,3,1
0,1,0,0.45,0.225,0.218,-0.122,0,0
0,1,0,1.853,6.114,12.681,-0.046,2,1
0,1,0,-1.614,0.265,0.91,0.041,0,0
0,0,1,1.363,-0.22,0.232,0.042,0,0
0,1,0,0.614,0.054,-0.101,-0.001,0,0
0,0,1,-1.413,0.471,-0.303,0.024,0,0
0,0,1,6.556,-0.337,7.458,-0.176,2,1
1,0,0,-0.503,-0.054,-0.8,0.027,0,0
0,1,0,5.209,15.197,14.163,-0.043,3,1
0,0,1,3.863,27.131,10.155,-0.092,3,1
1,0,0,0.726,-0.131,0.265,0.069,0,0
1,0,0,0.597,0.218,-0.313,0.198,0,0
0,1,0,-0.29,-0.348,0.17,-0.172,0,0
1,0,0,-0.26,0.207,0.111,-0.133,0,0
1,0,0,11.329,-0.06,5.154,0.046,2,1
0,0,1,-0.318,0.026,-0.4,0.075,0,0
0,0,1,1.143,-0.106,0.069,-0.036,0,0
1,0,0,8.069,-0.149,7.241,4.622,3,1
0,1,0,0.085,0.148,-0.575,0.033,0,0
1,0,0,1.176,0.244,-0.126,0.083,0,0
0,1,0,3.052,9.624,18.003,-0.044,3,1
1,0,0,-1.247,-0.562,0.587,0.02,0,0
0,1,0,0.946,-0.223,0.105,-0.032,0,0
0,1,0,6.632,-0.06,7.859,-0.255,2,1
0,1,0,-1.883,-0.032,-0.059,-0.077,0,0
0,1,0,7.822,-0.222,2.643,-0.151,2,1
1,0,0,5.528,-0.435,10.497,-0.206,2,1
0,0,1,-0.518,-0.436,0.663,-0.101,0,0
0,0,1,-0.787,-0.092,-0.224,-0.157,0,0
1,0,0,0.248,0.171,0.236,-0.056,0,0
0,1,0,10.6,0.082,5.101,0.092,2,1
0,1,0,-0.158,-0.095,0.607,-0.022,0,0
0,0,1,0.752,0.069,0.048,-0.055,0,0
0,0,1,9.692,0.13,2.145,0.068,2,1
0,1,0,1.48,-0.302,1.114,-0.092,0,0
0,0,1,-0.03,-0.028,-0.051,0.027,0,0
0,0,1,6.575,0.138,7.476,2.684,3,1
0,0,1,4.41,0.352,6.291,-0.259,2,1
1,0,0,6.252,-0.091,8.483,-0.125,2,1
0,0,1,6.025,-0.027,4.595,4.747,3,1
1,0,0,2.807,1.161,13.895,-0.035,2,1
0,1,0,1.329,-0.014,-0.547,-0.082,0,0
0,0,1,1.593,0.186,-0.4,0.017,0,0
0,0,1,-1.187,0.022,-0.4,0.048,0,0
1,0,0,0.125,0.103,0.966,-0.115,0,0
0,0,1,0.968,48.049,10.99,-0.049,2,1
0,0,1,6.141,0.266,3.826,-0.221,2,1
1,0,0,3.076,-0.442,6.7,5.647,3,1
1,0,0,2.427,0.222,-0.172,0.004,0,0
1,0,0,6.302,-0.349,7.608,5.626,3,1
0,0,1,2.862,0.231,7.596,5.21,3,1
0,0,1,0.132,-0.078,0.748,-0.032,0,0
1,0,0,4.931,-0.352,4.179,5.295,3,1
1,0,0,1.736,0.08,0.14,-0.049,0,0
0,0,1,-2.683,0.026,-0.4,-0.158,0,0
0,1,0,-0.615,-0.157,0.423,-0.027,0,0
0,0,1,8.89,0.066,5.576,0.007,2,1
1,0,0,0.248,0.24,0.658,0.194,0,0
0,0,1,-0.044,-0.047,0.845,-0.015,0,0
1,0,0,-0.244,-0.174,-0.293,-0.036,0,0
0,0,1,-0.185,0.425,-0.4,0.106,0,0
0,0,1,-2.5,-0.222,0.982,0.095,0,0
1,0,0,0.179,-0.048,-0.109,0.066,0,0
0,0,1,5.367,0.452,5.482,4.151,3,1
1,0,0,1.267,-0.239,0.271,0.009,0,0
0,0,1,0.667,-0.31,0.791,-0.084,0,0
0,1,0,8.853,0.475,7.206,3.487,3,1
1,0,0,10.889,-0.188,5.788,0.147,2,1
0,0,1,-0.15,0.166,-0.021,0.129,0,0
0,0,1,-3.06,0.094,-0.4,-0.023,0,0
0,1,0,-0.782,-0.342,-1.106,0.112,0,0
0,1,0,0.876,-0.337,1.1,-0.021,0,0
0,1,0,6.689,-0.234,7.119,-0.39,2,1
0,1,0,-0.127,-0.249,-0.147,0.006,0,0
0,0,1,10.253,0.403,3.292,0.016,2,1
1,0,0,7.099,-0.02,2.632,0.028,2,1
0,1,0,6.6,0.061,11.332,-0.294,2,1
0,0,1,4.883,1.289,17.963,0.053,2,1
0,0,1,-0.509,-0.002,-0.205,-0.016,0,0
0,1,0,4.754,1.227,12.562,0.096,2,1
1,0,0,0.577,0.071,0.444,-0.031,0,0
1,0,0,3.343,1.329,15.724,-0.065,2,1
0,1,0,0.752,0.531,0.195,-0.116,0,0
0,0,1,-1.486,-0.099,-0.161,0.04,0,0
1,0,0,1.394,-0.597,0.156,-0.08,0,0
1,0,0,-0.001,0.159,0.71,-0.009,0,0
0,1,0,2.86,1.39,15.061,0.017,2,1
1,0,0,2.158,-0.149,5.879,4.336,2,1
0,0,1,8.022,0.193,3.192,0.035,2,1
0,0,1,1.245,0.357,0.024,0.024,0,0
1,0,0,6.891,-0.012,7.494,2.935,3,1
0,0,1,5.926,-0.641,3.524,0.136,2,1
0,1,0,-0.622,-0.313,-0.517,-0.05,0,0
0,0,1,1.847,-0.218,-0.346,-0.067,0,0
1,0,0,5.634,0.299,4.073,-0.02,2,1
0,1,0,8.627,0.269,4.199,-0.07,2,1
0,0,1,0.217,0.152,-0.027,0.027,0,0
1,0,0,4.796,0.354,1.797,0.147,1,1
1,0,0,-0.928,-0.003,0.397,0.047,0,0
0,1,0,3.059,13.258,9.775,-0.004,3,1
0,0,1,1.566,0.433,0.034,-0.045,0,0
0,0,1,5.069,1.066,13.955,0.101,2,1
1,0,0,5.989,0.143,6.02,4.465,3,1
0,0,1,9.184,0.216,3.472,-0.125,2,1
1,0,0,0.23,-0.176,-0.644,0.046,0,0
0,1,0,8.127,-0.059,4.228,0.015,2,1
0,1,0,-1.087,0.549,-1.243,-0.002,0,0
0,1,0,-0.361,0.018,-0.686,0.057,0,0
0,0,1,1.603,-0.437,1.229,3.281,1,0
1,0,0,0.894,0.122,-0.267,-0.001,0,0
0,0,1,0.026,0.084,-0.4,-0.028,0,0
1,0,0,0.581,17.386,9.833,0.001,2,1
0,0,1,1.101,-0.151,-0.047,-0.023,0,0
0,0,1,0.217,-0.014,-0.4,0.039,0,0
0,0,1,-0.069,-0.291,0.127,-0.067,0,0
0,1,0,7.89,0.052,8.139,4.346,3,1
0,1,0,-0.917,0.185,-0.361,0.164,0,0
0,0,1,1.356,-0.325,-0.272,0.164,0,0
0,0,1,-0.307,0.556,0.881,0.027,0,0
0,0,1,-0.715,-0.264,0.943,0.012,0,0
1,0,0,-0.194,-0.008,0.431,-0.069,0,0
0,1,0,0.419,7.557,11.826,0.048,2,1
0,0,1,8.077,-0.023,2.336,-0.02,2,1
0,0,1,3.485,1.469,15.736,-0.023,2,1
1,0,0,1.54,-0.067,0.637,1.922,1,0
1,0,0,1.327,-0.039,-0.17,2.425,1,0
0,1,0,1.839,17.103,9.158,0,2,1
0,1,0,0.513,0.271,0.636,0.005,0,0
0,0,1,6.372,-0.443,9.164,-0.167,2,1
0,0,1,1.357,-0.16,1.288,-0.068,0,0
0,0,1,-0.045,0.402,0.283,-0.177,0,0
0,1,0,2.14,10.905,16.625,0.013,2,1
1,0,0,2.686,1.538,14.466,0.017,2,1
0,1,0,4.804,0.034,5.888,-0.104,2,1
0,1,0,0.138,0.026,1.064,-0.074,0,0
0,0,1,-0.6,-0.175,0.424,0.071,0,0
1,0,0,3.925,1.382,16.696,-0.035,2,1
1,0,0,5.787,-0.619,5.138,-0.119,2,1
0,0,1,5.704,1.655,9.807,0.034,2,1
0,1,0,4.547,-0.078,0.418,3.102,2,0
0,1,0,2.825,17.106,12.842,-0.136,3,1
0,0,1,0.556,-0.167,0.553,-0.014,0,0
0,0,1,-1.586,0.078,0.085,0.089,0,0
1,0,0,-0.115,0.489,-0.8,0.099,0,0
0,1,0,0.105,-0.122,-0.379,0.108,0,0
1,0,0,0.172,-0.11,0.021,-0.035,0,0
1,0,0,5.853,1.383,15.581,0.031,2,1
1,0,0,3.931,0.89,16.054,-0.062,2,1
1,0,0,9.139,0.185,6.786,-0.262,2,1
0,0,1,0.126,-0.162,0.183,0.134,0,0
0,1,0,4.442,1.273,16.07,-0.196,2,1
0,0,1,4.241,1.916,16.717,0.079,2,1
1,0,0,1.635,-0.071,0.18,1.975,1,0
1,0,0,-0.334,0.636,1.034,1.988,1,0
1,0,0,6.354,0.044,6.166,-0.35,2,1
0,1,0,7.689,0.284,2.915,0.006,2,1
0,0,1,1.119,0.322,-0.312,-0.255,0,0
1,0,0,1.778,-0.034,-0.019,0.028,0,0
0,1,0,6.523,0.155,7.019,-0.355,2,1
1,0,0,3.038,0.028,-0.394,0.132,1,0
0,0,1,2.121,0.294,-0.4,-0.101,0,0
0,1,0,-0.612,-0.151,-0.067,0.059,0,0
1,0,0,8.147,-0.135,3.006,-0.142,2,1
0,0,1,5.827,0.072,4.927,0.034,2,1
0,1,0,0.657,-0.356,0.317,0.047,0,0
1,0,0,7.662,0.179,5.797,0.048,2,1
1,0,0,3.115,28.046,13.135,-0.105,3,1
1,0,0,1.114,0.397,0.359,0.066,0,0
0,1,0,-0.377,0.121,-0.813,-0.01,0,0
0,0,1,7.541,-0.16,7.432,5.539,3,1
0,0,1,7.168,0.241,9.428,-0.385,2,1
0,0,1,-0.255,0.1,0.732,-0.019,0,0
0,1,0,5.549,1.689,14.456,-0.049,2,1
1,0,0,2.137,14.679,10.741,-0.093,2,1
0,0,1,0.257,-0.154,0.924,-0.139,0,0
0,1,0,-1.613,-0.047,0.218,-0.085,0,0
0,1,0,1.377,0.131,-0.154,0.034,0,0
0,1,0,0.612,-0.147,-0.155,0.026,0,0
0,0,1,1.654,20.88,8.583,0.026,2,1
0,1,0,-2.02,-0.066,-0.732,0.122,0,0
0,0,1,0.468,0.399,1.747,2.7,1,0
0,0,1,0.956,-0.015,0.262,-0.014,0,0
0,1,0,-0.349,-0.125,0.098,0.148,0,0
0,1,0,5.581,-0.094,5.033,5.511,3,1
1,0,0,0.418,-0.161,-0.364,1.986,1,0
1,0,0,-0.298,-0.283,-0.39,0.155,0,0
1,0,0,4.796,0.216,3.208,-0.003,2,1
0,0,1,-0.712,-0.298,-0.4,0.082,0,0
0,0,1,1.688,-0.014,-0.4,-0.005,0,0
0,0,1,0.806,0.203,0.613,0.01,0,0
0,1,0,0.094,0.422,-0.082,0.111,0,0
0,1,0,-1.184,0.203,0.698,-0.09,0,0
1,0,0,5.275,0.003,6.189,4.623,3,1
1,0,0,3.466,20.139,19.319,-0.08,3,1
1,0,0,8.59,-0.07,4.665,2.924,3,1
1,0,0,-0.858,0.333,0.38,2.591,1,0
0,0,1,7.444,-0.009,5.686,4.039,3,1
0,0,1,0.205,0.059,0.875,-0.081,0,0
1,0,0,5.597,-0.067,4.352,3.886,3,1
0,0,1,3.671,1.419,15.009,-0.105,2,1
0,1,0,1.288,0.263,0.437,0.059,0,0
1,0,0,-0.214,0.689,-0.47,-0.021,0,0
0,0,1,0.534,0.022,-0.138,0.041,0,0
0,1,0,3.684,1.027,10.607,0.007,2,1
0,1,0,-0.749,0.557,0.138,-0.009,0,0
0,0,1,9.248,-0.252,2.369,0.03,2,1
0,0,1,1.236,-0.213,0.417,-0.086,0,0
1,0,0,0.112,-0.01,0.33,-0.034,0,0
1,0,0,0.581,16.253,12.538,-0.1,2,1
1,0,0,0.705,0.569,-0.062,0.018,0,0
1,0,0,-0.109,-0.148,-0.544,-0.059,0,0
0,1,0,-0.497,-0.339,-0.369,-0.002,0,0
0,1,0,2.755,1.595,16.339,0.086,2,1
0,0,1,-1.326,-0.202,0.183,0.098,0,0
0,0,1,0.927,0.086,-0.067,0.045,0,0
1,0,0,-2.134,0.151,0.626,-0.086,0,0
1,0,0,0.172,0.182,0.44,0.044,0,0
0,1,0,1.334,0.246,0.714,0.241,0,0
0,1,0,-1.28,0.098,-0.31,0.101,0,0
0,1,0,1.08,0.03,-0.611,0.069,0,0
0,1,0,4.133,-0.061,6.915,4.096,3,1
1,0,0,0.333,-0.219,0.135,-0.001,0,0
0,1,0,0.635,0.157,-0.526,0.035,0,0
0,0,1,-0.002,0.298,-0.4,-0.113,0,0
1,0,0,-0.062,-0.005,-0.382,-0.013,0,0
0,1,0,-0.559,-0.569,0.581,0.036,0,0
1,0,0,-2.37,0.04,0.972,0.064,0,0
0,0,1,-0.733,0.078,-0.4,0.046,0,0
0,0,1,6.304,0.556,3.108,-0.034,2,1
0,1,0,1.995,8.978,8.683,-0.016,2,1
0,1,0,4.643,0.069,6.207,3.894,3,1
1,0,0,1.373,-0.145,1.318,2.814,1,0
0,0,1,-0.334,-0.314,0.88,-0.04,0,0
0,0,1,-0.301,0.155,-0.4,-0.078,0,0
0,1,0,0.128,-0.541,0.125,0.114,0,0
0,1,0,-0.696,0.181,0.375,-0.111,0,0
1,0,0,-0.173,0.1,-0.159,0.037,0,0
0,0,1,-1.036,-0.235,0.221,-0.008,0,0
0,1,0,2.756,9.026,15.367,0.054,3,1
0,1,0,0.131,0.359,1.377,2.249,1,0
0,0,1,-0.837,-0.23,-0.09,0.077,0,0
0,0,1,9.234,-0.109,3.624,0.193,2,1
0,0,1,3.946,1.891,11.61,-0.031,2,1
0,0,1,-0.421,-0.101,0.04,-0.019,0,0
1,0,0,1.652,21.86,9.599,0.01,2,1
0,0,1,6.737,0.204,7.595,-0.282,2,1
0,0,1,4.958,1.56,9.144,-0.018,2,1
0,1,0,5.043,1.472,12.141,-0.087,2,1
0,0,1,-0.556,-0.026,-0.137,0.05,0,0
0,0,1,-2.179,-0.022,-0.4,0.104,0,0
0,1,0,-1.29,-0.262,0.256,-0.166,0,0
1,0,0,-0.202,-0.196,1.028,-0.039,0,0
1,0,0,0.339,0.304,0.429,0.132,0,0
1,0,0,4.171,1.602,10.654,0.151,2,1
0,0,1,10.102,-0.214,1.649,0.004,1,1
0,0,1,0.375,-0.066,-0.065,0.053,0,0
0,1,0,3.09,10.102,17.601,0.12,3,1
1,0,0,8.502,-0.186,4.69,0.035,2,1
0,0,1,3.672,66.299,18.875,-0.083,3,1
0,1,0,0.744,-0.016,-0.466,0.021,0,0
0,1,0,-2.089,0.109,-0.199,0.037,0,0
0,0,1,1.164,1.338,15.19,-0.044,1,1
1,0,0,0.634,-0.324,-0.677,0.129,0,0
0,1,0,5.628,0.076,4.912,-0.106,2,1
0,0,1,0.419,-0.167,0.223,0.01,0,0
0,0,1,0.672,0.514,0.08,0.102,0,0
1,0,0,1.443,29.272,9.445,-0.068,2,1
0,0,1,1.698,52.12,18.908,-0.203,2,1
0,0,1,0.663,-0.075,-0.222,0.071,0,0
0,0,1,-0.346,0.166,-0.317,0.023,0,0
1,0,0,-0.945,0.076,-0.22,0.062,0,0
1,0,0,-0.579,-0.347,1.028,0.043,0,0
0,0,1,2.202,-0.307,0.349,0.012,0,0
1,0,0,3.304,17.528,15.925,0.077,3,1
1,0,0,2.565,1.188,12.888,0.076,2,1
1,0,0,-0.29,0.109,0.204,0.151,0,0
0,1,0,6.47,0.124,5.599,4.649,3,1
0,0,1,-1.657,-0.058,0.189,0.022,0,0
1,0,0,-0.857,0.255,-0.205,0.074,0,0
0,1,0,0.175,0.349,0.09,0.047,0,0
1,0,0,6.57,-0.13,5.036,4.081,3,1
0,0,1,10.834,0.025,3.229,0.02,2,1
0,0,1,1.135,23.873,10.346,0.002,2,1
0,0,1,6.141,-0.095,13.037,-0.354,2,1
0,1,0,-1.327,0.068,-0.134,-0.114,0,0
0,0,1,4.423,0.04,6.795,-0.133,2,1
0,1,0,-0.945,-0.274,0.439,-0.01,0,0
0,1,0,-0.456,-0.306,-0.497,-0.008,0,0
1,0,0,-1.504,0.056,-0.099,0.015,0,0
0,1,0,4.298,1.346,14.002,0.025,2,1
0,1,0,0.891,0.007,0.452,0.059,0,0
0,0,1,-0.539,0.289,0.173,0.132,0,0
1,0,0,2.451,-0.166,0.083,2.773,1,0
1,0,0,-2.354,-0.132,1.244,0.03,0,0
1,0,0,-0.971,-0.433,-0.111,0.078,0,0
0,0,1,6.437,-0.035,2.832,-0.045,2,1
0,1,0,0.429,0.349,-0.034,-0.06,0,0
1,0,0,4.362,15.52,14.461,-0.035,3,1
0,1,0,-0.043,0.004,0.933,-0.081,0,0
0,0,1,1.337,-0.451,-0.4,-0.001,0,0
1,0,0,1.645,16.52,12.868,0.111,2,1
0,0,1,0.461,0.052,0.368,-0.073,0,0
1,0,0,0.792,-0.102,-0.577,0.017,0,0
1,0,0,0.916,-0.418,-0.309,-0.107,0,0
0,0,1,1.52,0.005,-0.257,-0.027,0,0
1,0,0,3.74,11.482,16.586,-0.107,3,1
1,0,0,-2.478,0.223,-0.177,-0.055,0,0
0,0,1,0.142,-0.56,0.477,0.011,0,0
0,1,0,-1.488,0.128,-0.081,0.154,0,0
0,1,0,9.179,-0.136,7.847,4.694,3,1
0,0,1,0.601,0.248,0.013,0.04,0,0
0,0,1,11.282,-0.091,5.756,0.06,2,1
1,0,0,11.288,-0.1,3.5,0.126,2,1
1,0,0,1.102,0.051,0.508,-0.039,0,0
0,0,1,-0.79,-0.44,0.016,-0.115,0,0
0,0,1,-0.177,0.562,0.428,1.807,1,0
0,0,1,7.026,0.084,7.735,2.87,3,1
0,1,0,-0.706,-0.606,0.123,-0.003,0,0
1,0,0,9.645,-0.228,3.913,-0.087,2,1
0,0,1,9.504,-0.092,7.411,3.257,3,1
1,0,0,-0.14,0.277,-0.472,-0.089,0,0
0,0,1,-0.288,-0.016,0.57,1.924,1,0
0,1,0,-1.358,-0.125,-0.092,0.093,0,0
0,0,1,0.907,0.402,-0.15,-0.013,0,0
1,0,0,2.93,-0.064,0.392,2.181,2,0
0,0,1,-0.112,0.078,0.343,-0.013,0,0
0,0,1,12.112,0.063,4.344,0.099,2,1
0,1,0,0.091,0.28,0.909,3.096,1,0
1,0,0,1.016,-0.076,0.884,-0.069,0,0
0,0,1,1.334,0.165,-0.395,-0.026,0,0
1,0,0,-0.584,-0.239,-0.8,-0.074,0,0
0,1,0,3.199,1.051,12.348,0.063,2,1
1,0,0,-0.347,-0.495,0.619,-0.005,0,0
1,0,0,5.548,0.369,11.162,-0.164,2,1
0,0,1,-1.891,0.21,-0.4,0.031,0,0
1,0,0,-0.231,-0.134,0.231,0.034,0,0
0,0,1,0.553,-0.375,0.362,-0.031,0,0
1,0,0,8.178,-0.157,5.241,0.017,2,1
0,0,1,5.105,0.064,4.186,4.988,3,1
0,0,1,-0.387,-0.063,0.122,0.087,0,0
1,0,0,0.822,-0.176,1.697,2.046,1,0
0,1,0,-1.269,0.067,0.312,-0.069,0,0
1,0,0,-0.297,-0.444,0.969,-0.076,0,0
0,1,0,-0.721,-0.098,0.528,0.135,0,0
1,0,0,-0.504,-0.058,0.121,0.05,0,0
0,0,1,1.724,-0.303,-0.125,0.072,0,0
0,1,0,0.281,0.308,0.057,-0.001,0,0
1,0,0,3.347,0.052,0.996,2.61,2,0
0,1,0,5.839,-0.16,9.429,-0.134,2,1
1,0,0,1.931,1.199,11.584,0.142,1,1
1,0,0,-0.999,-0.285,-0.066,-0.014,0,0
0,0,1,5.57,0.154,9.301,-0.147,2,1
1,0,0,5.636,-0.37,5.253,0.02,2,1
0,1,0,11.175,0.074,4.769,0.03,2,1
0,1,0,-0.963,-0.158,-0.363,0.023,0,0
0,0,1,-0.065,0.345,-0.135,0.091,0,0
1,0,0,4.156,1.493,11.567,-0.081,2,1
1,0,0,4.442,12.545,12.087,-0.044,3,1
0,1,0,4.374,0.58,6.887,-0.156,2,1
0,1,0,11.602,0.647,4.697,-0.031,2,1
0,0,1,1.517,0.385,1.928,1.95,1,0
1,0,0,1.553,0.3,-0.139,-0.085,0,0
0,0,1,3.864,27.313,17.741,0.11,3,1
0,0,1,-0.409,61.71,18.607,-0.081,2,1
1,0,0,0.58,15.747,18.664,0.051,2,1
0,0,1,4.116,-0.133,5.544,2.512,3,1
1,0,0,-2.398,-0.311,0.418,0.069,0,0
0,0,1,9.648,-0.115,6.661,3.372,3,1
0,0,1,9.469,-0.216,2.351,-0.124,2,1
0,0,1,-1.59,0.076,0.418,0.071,0,0
0,0,1,7.816,-0.15,5.84,4.376,3,1
0,1,0,0.357,0.406,-0.172,0.087,0,0
1,0,0,1.077,-0.015,0.21,-0.001,0,0
1,0,0,-1.339,-0.142,-0.016,-0.05,0,0
0,1,0,4.883,1.093,16.792,-0.04,2,1
0,1,0,0.099,-0.423,0.396,0.069,0,0
0,0,1,5.777,1.228,16.63,-0.099,2,1
1,0,0,-0.098,-0.218,-0.329,0.04,0,0
0,0,1,0.14,-0.137,-0.118,0.007,0,0
0,0,1,0.262,-0.258,-0.4,0.069,0,0
0,1,0,5.191,-0.402,2.996,-0.05,2,1
1,0,0,4.954,-0.318,8.001,-0.155,2,1
0,0,1,-0.275,0.023,0.07,0.118,0,0
0,0,1,-0.643,-0.152,1.582,1.846,1,0
0,1,0,8.042,0.194,5.033,2.613,3,1
1,0,0,1.785,0.446,-0.254,0.067,0,0
1,0,0,1.85,1.601,11.223,-0.042,1,1
0,1,0,1.41,17.339,13.081,0.064,2,1
0,0,1,11.298,0.049,2.257,-0.05,2,1
0,0,1,-0.015,-0.015,0.283,-0.041,0,0
0,1,0,-1.954,-0.135,0.03,-0.018,0,0
1,0,0,0.821,1.216,10.284,-0.115,1,1
0,1,0,5.893,-0.145,3.261,0.021,2,1
0,0,1,0.582,-0.069,0.127,-0.014,0,0
0,0,1,6.686,0.741,7.838,5.633,3,1
0,1,0,-0.123,11.176,17.734,-0.045,2,1
0,0,1,-0.569,-0.043,-0.4,-0.121,0,0
1,0,0,0.554,0.073,-0.353,0.066,0,0
1,0,0,1.802,-0.273,-0.086,-0.165,0,0
1,0,0,-1.678,0.007,0.175,-0.06,0,0
0,1,0,-0.733,0.234,-0.096,-0.111,0,0
0,1,0,-1.213,0.563,0.458,-0.032,0,0
0,1,0,6.321,0.342,6.961,3.324,3,1
0,0,1,-1.697,0.043,-0.129,0.065,0,0
0,1,0,-0.322,-0.05,0.493,0.154,0,0
0,0,1,-0.106,0.303,0.404,-0.021,0,0
1,0,0,1.408,0.223,0.102,-0.063,0,0
0,1,0,-0.319,0.286,-1.209,0.074,0,0
0,0,1,3.596,1.521,15.919,0.035,2,1
0,1,0,4.788,-0.218,6.731,-0.214,2,1
1,0,0,0.72,0.02,-0.473,-0.1,0,0
0,0,1,2.712,57.904,13.965,-0.103,3,1
1,0,0,3.295,1.225,13.728,-0.035,2,1
0,1,0,4.647,7.603,14.889,-0.022,3,1
0,0,1,1.398,0.082,0.357,0.053,0,0
1,0,0,0.138,13.31,18.859,0.11,2,1
1,0,0,1.145,0.149,1.501,2.637,1,0
0,1,0,0.713,-0.036,-0.008,-0.003,0,0
0,0,1,-0.598,0.014,1.298,3.254,1,0
0,1,0,1.044,-0.319,0.095,0.051,0,0
1,0,0,6.36,-0.446,5.339,-0.024,2,1
0,1,0,1.417,0.525,-1.833,0,0,0
0,1,0,-0.414,-0.071,-0.384,0.004,0,0
0,1,0,1.895,5.642,17.043,0.009,2,1
0,0,1,1.267,0.074,0.398,0.14,0,0
0,1,0,-1.612,-0.129,0.939,0.151,0,0
1,0,0,0.248,0.155,-0.077,-0.002,0,0
0,0,1,-0.694,-0.194,0.697,0.062,0,0
0,1,0,-0.11,14.907,18.167,0.032,2,1
0,1,0,-0.655,0.174,-0.224,0.029,0,0
0,0,1,4.001,-0.118,5.492,0.008,2,1
1,0,0,-1.351,0.243,0.047,-0.002,0,0
0,0,1,6.634,0.638,11.286,-0.144,2,1
0,0,1,1.406,58.15,16.388,-0.055,2,1
0,1,0,4.255,0.011,5.605,-0.216,2,1
1,0,0,-1.053,0.098,0.209,-0.003,0,0
0,1,0,-0.451,0.375,-0.263,0.021,0,0
0,1,0,-0.038,-0.103,0.643,-0.082,0,0
0,1,0,0.809,-0.111,0.774,0.004,0,0
1,0,0,6.856,1.213,10.837,-0.052,2,1
1,0,0,0.906,-0.514,0.147,-0.158,0,0
0,1,0,6.704,-0.667,3.627,4.893,3,1
0,1,0,3.456,1.114,9.663,0.134,2,1
0,1,0,-1.382,0.08,-0.025,-0.098,0,0
0,0,1,1.53,0.26,-0.175,-0.146,0,0
1,0,0,4.392,1.374,16.955,-0.102,2,1
0,0,1,-1.397,-0.162,1.03,-0.07,0,0
0,1,0,4.552,-0.087,4.487,5.247,3,1
0,1,0,6.333,0.268,4.707,2.579,3,1
0,0,1,-0.134,0.051,0.662,-0.035,0,0
0,0,1,6.768,0.002,8.863,-0.168,2,1
0,1,0,2.051,0.153,-0.557,0.052,0,0
0,0,1,-0.694,-0.278,-0.052,-0.127,0,0
0,0,1,0.882,30.327,14.137,0.021,2,1
1,0,0,0.124,24.609,12.643,0.126,2,1
1,0,0,7.508,-0.474,7.303,4.466,3,1
1,0,0,9.171,-0.196,2.846,-0.055,2,1
0,1,0,-1.152,0.116,0.022,0.041,0,0
0,1,0,-0.272,-0.025,0.13,0.045,0,0
1,0,0,-1.625,0.23,-0.213,-0.08,0,0
0,0,1,0.581,0.105,-0.063,-0.123,0,0
0,1,0,0.453,0.025,-0.141,-0.035,0,0
1,0,0,-0.745,-0.283,-0.105,0.16,0,0
1,0,0,0.071,-0.458,-0.544,-0.111,0,0
1,0,0,-1.679,-0.213,-0.519,0.054,0,0
0,1,0,8.005,-0.2,7.313,4.013,3,1
0,0,1,8.668,-0.056,3.911,5.168,3,1
0,0,1,0.603,-0.045,-0.4,0.01,0,0
0,1,0,1.184,-0.35,0.125,0.14,0,0
0,1,0,-1.505,0.032,0.405,-0.116,0,0
0,0,1,3.562,1.289,12.154,0.117,2,1
0,1,0,8.232,0.223,6.857,5.987,3,1
0,0,1,5.08,-0.094,6.699,4.234,3,1
0,1,0,-0.284,-0.284,-0.161,-0.176,0,0
0,1,0,-0.946,0.418,0.325,-0.095,0,0
0,0,1,7.737,0.348,4.449,-0.062,2,1
1,0,0,3.037,0.249,5.369,5.643,3,1
0,0,1,4.676,1.522,11.656,-0.034,2,1
0,1,0,-0.316,0.198,0.86,2.043,1,0
0,1,0,0.576,-0.08,0.109,-0.043,0,0
0,1,0,1.942,11.264,16.121,0.142,2,1
0,0,1,9.027,0.02,3.344,-0.037,2,1
0,0,1,-1.027,0.196,-0.4,-0.145,0,0
1,0,0,1.246,-0.182,-0.092,-0.12,0,0
0,0,1,0.92,-0.046,-0.4,-0.027,0,0
0,0,1,5.858,-0.259,6.283,-0.146,2,1
1,0,0,-0.275,0.196,0.084,0.115,0,0
1,0,0,4.287,24.498,9.285,-0.031,3,1
0,0,1,12.055,0.104,5.436,0.083,2,1
0,0,1,-0.518,0.062,-0.4,0.05,0,0
0,1,0,-0.612,0.025,1.055,-0.044,0,0
0,1,0,-1.362,0.095,0.006,-0.083,0,0
1,0,0,6.138,0.063,9.282,-0.176,2,1
0,0,1,-1.352,-0.351,0.489,0.128,0,0
0,1,0,0.313,-0.039,-0.783,0.033,0,0
0,1,0,-0.567,-0.44,0.627,-0.093,0,0
1,0,0,-0.188,-0.554,0.069,0.054,0,0
0,0,1,-0.17,-0.144,-0.067,-0.109,0,0
1,0,0,7.129,-0.304,8.495,-0.139,2,1
0,0,1,-0.341,0.587,-0.301,-0.015,0,0
0,0,1,4.859,0.132,6.219,3.87,3,1
0,1,0,0.726,0.224,1.006,-0.11,0,0
0,0,1,8.685,-0.123,7.168,4.621,3,1
1,0,0,3.703,1.228,14.235,-0.048,2,1
1,0,0,0.945,0.088,1.283,3.115,1,0
0,1,0,0.071,-0.147,0.008,0.094,0,0
0,1,0,0.486,0.224,-0.44,-0.068,0,0
0,0,1,3.981,23.389,12.594,-0.055,3,1
1,0,0,-0.085,-0.019,-0.16,-0.045,0,0
1,0,0,-0.076,0.28,0.235,-0.081,0,0
0,1,0,-0.543,0.067,0.119,-0.033,0,0
0,1,0,1.903,-0.334,-0.483,0.108,0,0
0,1,0,-0.776,0.301,-0.392,0.018,0,0
0,0,1,-1.1,-0.116,1.105,0.083,0,0
0,0,1,4.15,47.229,11.068,-0.048,3,1
0,1,0,0.404,-0.352,-0.306,-0.048,0,0
1,0,0,13.117,-0.009,5.594,0.079,2,1
0,1,0,2.77,10.194,16.161,-0.084,3,1
0,1,0,-0.694,-0.067,0.227,0.05,0,0
0,0,1,-0.089,0.096,-0.4,-0.109,0,0
1,0,0,1.643,-0.177,0.266,0.043,0,0
0,1,0,9.871,0.016,3.471,0.019,2,1
0,1,0,0.401,0.347,0.219,0.008,0,0
1,0,0,-0.096,0.355,0.367,-0.095,0,0
0,1,0,3.516,1.274,10.755,0.038,2,1
0,1,0,-0.293,0.294,0.747,0.011,0,0
1,0,0,-0.819,0.122,0.087,-0.145,0,0
1,0,0,6.584,-0.272,6.896,-0.112,2,1
0,0,1,3.563,25.942,14.359,0.045,3,1
0,0,1,-1.847,-0.257,0.293,-0.089,0,0
0,0,1,1.454,0.2,0.18,-0.004,0,0
1,0,0,4.708,-0.343,5.018,5.387,3,1
1,0,0,1.783,-0.436,1.069,-0.161,0,0
0,1,0,-0.622,0.294,-0.567,0.1,0,0
0,1,0,-0.219,0.424,-0.011,-0.029,0,0
0,1,0,1.642,0.07,1.98,1.887,1,0
0,0,1,9.572,0.489,4.983,-0.02,2,1
0,0,1,10.483,0.083,2.93,-0.083,2,1
0,0,1,-0.49,-0.345,-0.054,0.153,0,0
0,1,0,7.164,-0.268,6.856,3.233,3,1
0,1,0,-0.481,0.42,0.15,0.066,0,0
1,0,0,-0.848,0.158,-0.37,0.011,0,0
0,0,1,-1.169,-0.231,0.129,0.09,0,0
1,0,0,0.568,0.112,-0.616,0.004,0,0
0,1,0,-1.283,-0.015,0.419,-0.087,0,0
0,0,1,11.706,0.473,2.647,0.008,2,1
0,1,0,7.978,0.141,5.639,3.878,3,1
1,0,0,0.1,0.022,0.559,-0.03,0,0
1,0,0,4.661,-0.276,10.367,-0.172,2,1
0,1,0,3.638,8.211,8.262,-0.068,3,1
1,0,0,0.814,-0.378,-0.375,0.097,0,0
0,0,1,-1.582,-0.38,0.252,0.089,0,0
0,1,0,-0.697,-0.024,0.286,0.024,0,0
0,1,0,0.482,0.417,0.016,-0.004,0,0
0,0,1,0.065,0.275,-0.4,0.036,0,0
0,1,0,0.042,0.092,-0.031,-0.069,0,0
1,0,0,0.525,-0.082,0.741,0.072,0,0
0,1,0,0.543,0.328,-0.535,0.018,0,0
0,0,1,0.996,51.122,19.937,0.069,2,1
0,0,1,5.728,-0.153,11.926,-0.395,2,1
1,0,0,1.939,-0.007,-0.8,0.107,0,0
1,0,0,1.751,-0.207,-0.446,0.059,0,0
1,0,0,8.109,-0.305,5.377,0.054,2,1
0,0,1,0.679,0.068,0.137,-0.087,0,0
0,0,1,1.881,-0.077,1.273,2.436,1,0
1,0,0,-0.596,0.029,-0.508,-0.077,0,0
0,0,1,6.909,-0.124,8.19,-0.294,2,1
1,0,0,0.899,0.082,0.064,-0.06,0,0
1,0,0,-0.006,0.101,-0.125,-0.057,0,0
1,0,0,4.18,1.237,14.93,0.157,2,1
0,1,0,-0.09,0.067,-0.226,-0.101,0,0
0,0,1,8.995,-0.072,2.106,-0.052,2,1
0,1,0,8.868,0.311,4.516,4.122,3,1
0,1,0,1.928,-0.245,1.422,2.427,1,0
1,0,0,1.298,-0.272,0.014,-0.026,0,0
0,0,1,1.283,-0.208,0.019,-0.107,0,0
0,1,0,6.961,-0.475,6.246,3.596,3,1
0,1,0,-0.363,-0.667,-0.469,-0.037,0,0
0,0,1,0.774,0.172,-0.321,0.008,0,0
0,0,1,-0.453,-0.135,0.458,0.023,0,0
0,0,1,-2.07,0.06,-0.065,0.085,0,0
0,1,0,3.27,10.465,11.272,0.001,3,1
1,0,0,12.116,-0.163,5.372,-0.076,2,1
0,1,0,0.186,12.093,14.683,0.009,2,1
0,0,1,6.859,0.23,4.305,3.07,3,1
0,0,1,0.395,0.139,0.111,0.024,0,0
1,0,0,6.452,-0.012,5.411,-0.075,2,1
1,0,0,5.118,0.812,15.47,0.133,2,1
1,0,0,2.699,-0.108,-0.416,3.161,2,0
1,0,0,0.242,0.213,0.227,0.001,0,0
0,0,1,-0.472,-0.181,0.138,0.045,0,0
0,0,1,0.958,0.434,0.021,-0.046,0,0
0,1,0,2.828,-0.101,-0.189,-0.083,1,0
0,1,0,2.609,-0.039,1.331,1.95,2,0
0,1,0,1.115,-0.173,1.13,2.595,1,0
1,0,0,2.923,0.052,0.183,-0.041,1,0
1,0,0,0.976,0.259,-0.613,0.118,0,0
1,0,0,8.022,-0.253,6.316,3.793,3,1
0,1,0,11.204,0.357,5.174,-0.051,2,1
0,0,1,3.776,49.837,12.236,-0.036,3,1
1,0,0,4.787,1.506,15.392,-0.002,2,1
0,0,1,0.789,0.113,-0.4,0.055,0,0
1,0,0,8.259,0.328,5.052,4.557,3,1
0,1,0,1.763,1.749,12.796,0.042,1,1
0,1,0,6.084,0.113,5.032,4.935,3,1
0,1,0,-0.533,-0.056,0.137,-0.21,0,0
1,0,0,4.99,-0.283,3.934,-0.008,2,1
0,1,0,0.557,-0.436,0.114,0.049,0,0
0,1,0,-1.005,-0.019,0.094,-0.075,0,0
0,1,0,1.132,-0.079,0.808,0.154,0,0
1,0,0,0.285,0.042,-0.478,0.03,0,0
0,0,1,0.619,-0.092,0.364,-0.02,0,0
0,0,1,1.093,-0.112,-0.102,-0.074,0,0
1,0,0,-1.761,0.242,0.378,-0.115,0,0
0,1,0,-0.667,-0.124,-0.234,-0.094,0,0
1,0,0,6.797,0.246,6.116,-0.079,2,1
0,0,1,6.997,-0.32,4.076,0,2,1
0,1,0,2.74,14.693,16.192,-0.061,3,1
1,0,0,11.152,0.059,3.017,0.127,2,1
0,1,0,6.121,1.217,15.274,-0.012,2,1
0,0,1,8.387,0.398,3.317,0.022,2,1
0,1,0,-0.257,0.136,0.492,-0.028,0,0
1,0,0,4.229,1.605,9.866,-0.013,2,1
1,0,0,0.7,-0.086,-0.663,-0.179,0,0
1,0,0,7.746,0.044,1.667,0.09,1,1
0,1,0,0.084,0.218,0.117,-0.12,0,0
1,0,0,-0.807,0.387,-0.405,-0.016,0,0
0,0,1,1.781,20.49,9.449,-0.025,2,1
0,0,1,8.462,-0.43,2.305,0.012,2,1
1,0,0,-0.607,0.3,0.494,-0.041,0,0
0,0,1,3.927,1.119,18.267,0.001,2,1
0,0,1,-1.274,0.164,0.288,-0.018,0,0
0,1,0,9.005,-0.299,2.813,-0.043,2,1
0,0,1,8.317,0.009,4.577,3.507,3,1
0,0,1,-1.137,0.301,0.203,-0.027,0,0
0,1,0,0.697,0.009,-1.274,0.049,0,0
0,1,0,-0.718,-0.17,-0.314,0.002,0,0
0,0,1,-0.143,-0.047,-0.015,0.078,0,0
0,1,0,1.016,0.084,0.377,-0.078,0,0
0,0,1,-0.321,-0.2,1.041,0.024,0,0
0,0,1,-0.326,0.143,0.112,-0.048,0,0
0,1,0,-0.204,-0.203,0.066,-0.01,0,0
0,0,1,-0.131,-0.015,0.572,-0.053,0,0
0,0,1,0.375,-0.296,-0.4,0.049,0,0
0,1,0,1.944,0.082,0.275,-0.013,0,0
1,0,0,7.248,-0.364,6.16,2.706,3,1
0,1,0,10.651,-0.182,3.656,-0.036,2,1
0,1,0,1.327,0.036,1.574,3.332,1,0
1,0,0,6.409,0.341,3.965,5.619,3,1
0,1,0,1.018,0.255,0.912,0.027,0,0
0,0,1,9.62,0.371,6.39,4.131,3,1
0,0,1,-2.075,0.16,-0.4,0.097,0,0
0,0,1,-0.699,-0.19,-0.274,-0.035,0,0
1,0,0,0.85,0.43,0.664,0.04,0,0
0,0,1,-0.066,-0.214,0.729,0.014,0,0
0,0,1,-0.597,-0.206,0.287,0.052,0,0
0,1,0,0.766,-0.632,0.318,0.067,0,0
0,0,1,6.733,0.225,6.449,4.668,3,1
0,1,0,-0.181,-0.234,0.288,-0.023,0,0
0,0,1,7.511,0.262,4.465,-0.034,2,1
0,1,0,1.364,-0.313,-0.456,-0.015,0,0
0,0,1,1.068,-0.29,0.326,-0.106,0,0
0,0,1,0.034,-0.12,0.652,-0.031,0,0
1,0,0,10.895,-0.256,2.831,-0.061,2,1
0,0,1,2.353,1.202,15.013,0.119,1,1
0,0,1,2.14,-0.274,0.395,0.007,0,0
0,0,1,6.292,-0.185,7.179,4.27,3,1
0,0,1,1.596,0.261,1.684,3.002,1,0
0,1,0,1.071,0.459,0.057,0.043,0,0
1,0,0,-0.966,-0.035,0.33,-0.083,0,0
0,0,1,-0.496,0.175,0.216,0.062,0,0
0,0,1,4.875,0.278,1.66,0.07,1,1
0,0,1,-0.459,0.123,-0.133,0.015,0,0
1,0,0,-1.46,0.185,-0.644,-0.02,0,0
1,0,0,-0.096,-0.131,0.161,-0.07,0,0
1,0,0,-0.703,0.01,0.675,-0.014,0,0
1,0,0,0.306,0.019,-0.533,0.008,0,0
0,1,0,1.281,-0.141,-0.253,0.002,0,0
0,0,1,1.354,21.171,18.341,-0.026,2,1
0,1,0,-1.017,0.323,-0.809,-0.066,0,0
0,1,0,5.883,0.002,4.688,4.088,3,1
1,0,0,0.239,-0.229,0.453,0.045,0,0
0,1,0,-0.003,0.142,0.286,-0.049,0,0
0,0,1,1.214,0.288,0.375,3.426,1,0
0,0,1,7.259,-0.424,10.491,-0.335,2,1
0,0,1,-1.243,-0.028,0.03,-0.005,0,0
0,1,0,-1.016,0.438,-0.24,-0.029,0,0
0,1,0,1.514,0.074,-0.188,-0.045,0,0
0,0,1,1.072,-0.106,0.783,2.878,1,0
0,1,0,2.552,-0.221,-0.387,-0.02,1,0
1,0,0,-0.39,-0.089,0.173,0.056,0,0
1,0,0,0.152,-0.258,-0.308,-0.19,0,0
0,0,1,4.171,-0.319,5.02,5.284,3,1
0,0,1,-1.159,-0.049,0.428,0.096,0,0
0,0,1,-1.377,-0.16,-0.001,0.13,0,0
0,0,1,6.377,1.699,10.017,-0.012,2,1
0,1,0,2.031,0.144,0.274,0.014,0,0
0,1,0,-0.275,0.041,0.24,0.181,0,0
0,1,0,0.422,0.273,0.134,-0.101,0,0
0,1,0,0.16,-0.286,-0.297,0.012,0,0
1,0,0,-0.536,0.215,0.833,0.002,0,0
1,0,0,1.094,-0.014,0.155,-0.163,0,0
0,1,0,-0.131,-0.137,0.12,-0.095,0,0
1,0,0,1.09,0.222,-0.459,0.014,0,0
0,1,0,-0.602,-0.038,-0.444,-0.039,0,0
0,0,1,1.103,0.518,0.366,0.124,0,0
0,1,0,-1.909,0.385,0.022,0.08,0,0
0,0,1,2.096,0.308,-0.032,-0.031,0,0
0,0,1,0.989,-0.061,-0.051,-0.169,0,0
1,0,0,0.522,-0.276,0.495,-0.04,0,0
0,1,0,2.862,1.218,9.437,-0.061,2,1
0,0,1,7.224,0.029,2.656,-0.097,2,1
0,1,0,-0.019,-0.198,0.039,-0.013,0,0
1,0,0,10.101,0.507,1.806,0.053,1,1
0,0,1,10.55,-0.11,4.468,-0.217,2,1
1,0,0,5.783,-0.495,9.706,-0.267,2,1
0,1,0,2.208,0.364,-0.087,-0.037,0,0
1,0,0,2.661,1.314,13.389,-0.031,2,1
1,0,0,0.408,0.404,-0.116,-0.232,0,0
1,0,0,1.571,-0.05,0.655,-0.143,0,0
1,0,0,0.506,0.024,0,0.133,0,0
0,1,0,6.303,-0.245,5.762,5.32,3,1
1,0,0,1.145,0.384,-0.589,0.054,0,0
0,1,0,-0.698,0.024,0.477,0.03,0,0
0,1,0,0.433,-0.181,-0.854,0.068,0,0
0,1,0,0.974,0.238,0.303,-0.016,0,0
1,0,0,10.081,0.413,3.287,-0.079,2,1
1,0,0,0.909,0.519,-0.496,0.042,0,0
0,0,1,-0.319,0.27,-0.4,0.007,0,0
1,0,0,1.004,-0.039,-0.297,-0.067,0,0
0,0,1,0.857,0.311,0.695,1.868,1,0
0,0,1,1.276,29.085,17.579,-0.031,2,1
0,0,1,-1.35,-0.195,-0.3,-0.142,0,0
0,0,1,1.147,-0.382,0.786,2.606,1,0
0,1,0,5.584,13.87,18.903,0.104,3,1
1,0,0,0.502,0.097,-0.8,0.035,0,0
0,0,1,8.373,0.412,8.136,-0.102,2,1
0,0,1,5.725,0.18,4.444,-0.162,2,1
0,1,0,-0.737,-0.166,0.705,0.144,0,0
0,0,1,6.676,-0.212,4.737,2.808,3,1
0,1,0,-0.075,-0.132,0.383,0.029,0,0
1,0,0,0.273,-0.275,0.596,0.081,0,0
0,1,0,1.375,-0.117,-0.421,0.03,0,0
0,0,1,-0.463,-0.437,-0.12,0.051,0,0
0,1,0,1.396,0.048,0.441,0.013,0,0
0,0,1,0.073,-0.46,-0.4,0.006,0,0
1,0,0,1.679,-0.533,0.885,-0.158,0,0
0,0,1,6.697,0.036,6.691,3.93,3,1
0,1,0,0.229,-0.32,-0.052,0.017,0,0
0,0,1,-0.231,0.222,0.327,0.035,0,0
0,1,0,-0.816,0.02,0.122,0.164,0,0
1,0,0,-1.533,0.036,-0.505,0.14,0,0
0,1,0,1.409,0.017,0.851,2.047,1,0
0,1,0,0.318,0.208,-0.057,-0.039,0,0
0,0,1,8.099,-0.145,5.716,3.029,3,1
0,0,1,1.727,-0.105,0.416,-0.038,0,0
1,0,0,7.747,0.008,7.956,4.523,3,1
1,0,0,2.137,-0.171,1.984,1.843,1,0
1,0,0,-0.416,-0.054,0.021,-0.031,0,0
0,0,1,-0.729,-0.144,-0.024,0.085,0,0
0,0,1,2.36,1.524,11.037,0.038,1,1
0,0,1,2.545,31.589,11.805,-0.078,3,1
0,1,0,-0.718,-0.395,-0.627,-0.12,0,0
1,0,0,6.555,-0.239,5.613,-0.136,2,1
1,0,0,-0.986,-0.244,0.197,-0.059,0,0
0,0,1,0.139,-0.174,0.236,0.074,0,0
0,1,0,6.926,0.449,7.584,4.225,3,1
1,0,0,2.128,-0.181,1.26,2.559,1,0
0,1,0,0.529,-0.142,-0.552,0.056,0,0
0,0,1,-1.262,0.013,-0.084,0.127,0,0
0,1,0,-0.002,-0.134,0.614,0.014,0,0
0,1,0,7.675,-0.084,5.243,-0.005,2,1
0,1,0,0.205,-0.143,-0.025,-0.029,0,0
1,0,0,-0.346,-0.239,-0.041,-0.014,0,0
1,0,0,-0.355,0.123,0.34,0.054,0,0
0,0,1,0.55,0.399,-0.194,0.223,0,0
0,1,0,0.63,0.249,0.52,-0.06,0,0
0,0,1,-0.67,-0.572,0.535,0.03,0,0
0,0,1,0.133,-0.317,-0.386,0.008,0,0
0,0,1,5.337,0.094,4.235,4.426,3,1
1,0,0,0.779,-0.241,-0.308,-0.19,0,0
1,0,0,-1.483,-0.2,1.022,0.122,0,0
0,0,1,0.524,0.605,-0.387,0.156,0,0
0,1,0,6.825,0.127,11.336,-0.106,2,1
0,1,0,-0.75,0.267,1.035,-0.067,0,0
1,0,0,1.594,0.223,-0.153,-0.016,0,0
0,0,1,1.372,36.894,10.605,-0.055,2,1
0,0,1,0.268,-0.013,0.354,-0.071,0,0
0,1,0,-1.816,0.07,-0.075,-0.002,0,0
0,0,1,6.976,0.339,5.847,3.576,3,1
0,1,0,7.293,-0.401,4.393,0.04,2,1
0,0,1,2.04,1.373,16.388,-0.005,1,1
0,1,0,1.999,0.7,13.125,0.157,1,1
1,0,0,1.413,21.582,15.739,0.011,2,1
0,0,1,1.02,-0.579,0.147,0.021,0,0
0,0,1,-1.333,-0.223,0.174,0.007,0,0
0,1,0,-0.376,-0.095,0.454,0.092,0,0
1,0,0,3.729,1.893,13.893,0.04,2,1
0,0,1,-0.136,-0.033,0.483,-0.002,0,0
1,0,0,5.964,-0.021,2.867,0.135,2,1
0,0,1,2.513,34.824,11.514,-0.026,3,1
0,0,1,0.485,-0.45,0.291,-0.115,0,0
0,1,0,0.112,0.422,0.557,0.045,0,0
0,1,0,7.076,-0.537,3.231,0.064,2,1
0,1,0,0.354,-0.236,-0.836,-0.158,0,0
0,1,0,-0.718,-0.38,-0.059,0.003,0,0
0,0,1,-0.196,-0.037,0.986,0.007,0,0
0,1,0,0.711,-0.449,0.237,-0.098,0,0
1,0,0,7.116,0.046,8.536,-0.107,2,1
0,0,1,-0.724,0.086,0.777,-0.031,0,0
1,0,0,5.142,0.024,2.573,0.053,2,1
1,0,0,3.95,17.185,14.544,0.085,3,1
1,0,0,0.6,-0.188,-0.425,-0.026,0,0
1,0,0,-0.86,-0.191,-0.433,0.007,0,0
0,1,0,-0.842,0.066,0.317,-0.021,0,0
0,0,1,0.526,0.108,-0.4,-0.023,0,0
0,1,0,0.451,-0.184,-0.547,0.097,0,0
0,0,1,-1.119,-0.296,-0.4,-0.025,0,0
1,0,0,0.554,14.929,13.33,-0.045,2,1
0,1,0,5.222,0.888,12.807,-0.092,2,1
0,1,0,7.856,-0.124,2.915,-0.141,2,1
0,1,0,4.876,1.3,13.908,-0.133,2,1
0,0,1,0.387,0.17,-0.16,-0.017,0,0
1,0,0,0.442,0.18,0.245,0.06,0,0
1,0,0,7.351,-0.2,3.196,-0.083,2,1
0,1,0,-1.621,0.035,-0.073,0.092,0,0
0,0,1,2.487,0.318,-0.295,-0.12,0,0
0,1,0,0.151,-0.185,0.494,0.046,0,0
0,1,0,0.213,-0.153,-0.057,0.131,0,0
1,0,0,-0.593,-0.072,0.096,0.113,0,0
0,1,0,-0.959,0.235,0.186,-0.133,0,0
0,1,0,0.545,0.468,0.163,0.021,0,0
0,0,1,-0.288,-0.396,-0.246,-0.001,0,0
0,1,0,-0.293,0.188,-0.014,-0.016,0,0
0,0,1,1.178,-0.322,-0.4,-0.035,0,0
0,1,0,0.421,-0.326,1.861,1.921,1,0
1,0,0,1.414,18.836,9.163,-0.006,2,1
1,0,0,-0.152,0.372,-0.454,-0.093,0,0
1,0,0,0.886,-0.069,0.083,0.097,0,0
1,0,0,-1.279,-0.207,0.04,0.002,0,0
0,0,1,-0.248,-0.142,0.397,0.112,0,0
0,1,0,-0.637,-0.297,-0.124,0.056,0,0
0,0,1,9.56,0.034,1.979,-0.002,1,1
1,0,0,-0.073,0.095,-0.2,-0.079,0,0
1,0,0,0.498,-0.167,0.751,-0.027,0,0
1,0,0,-1.105,-0.303,0.371,0.039,0,0
0,1,0,0.242,0.045,0.383,-0.005,0,0
1,0,0,1.829,0.534,-0.185,0.015,0,0
0,1,0,-0.377,0.061,-0.191,-0.03,0,0
0,1,0,0.405,0.188,1.103,-0.146,0,0
0,0,1,0.49,0.092,-0.4,0.002,0,0
0,0,1,1.12,0.187,0.633,-0.01,0,0
0,0,1,4.327,1.193,13.53,-0.01,2,1
0,1,0,0.033,-0.181,0.189,0.05,0,0
1,0,0,0.035,-0.317,-0.137,0.009,0,0
0,1,0,1.373,-0.092,0.829,0.097,0,0
1,0,0,2.648,24.999,14.533,0.074,3,1
0,0,1,3.922,1.709,14.862,0.016,2,1
1,0,0,-0.673,0.019,0.312,0.058,0,0
0,0,1,-1.569,0.147,0.417,-0.015,0,0
0,1,0,0.845,-0.323,-0.061,0.064,0,0
1,0,0,1.255,15.772,9.021,0.012,2,1
1,0,0,4.061,1.195,13.478,0,2,1
1,0,0,-0.701,0.001,0.306,0.036,0,0
0,0,1,5.255,0.94,13.961,0.206,2,1
0,1,0,4.018,1.32,15.183,0.024,2,1
0,1,0,6.442,-0.168,7.308,4.116,3,1
1,0,0,0.853,-0.503,-0.8,0.132,0,0
0,0,1,0.373,-0.033,-0.096,-0.096,0,0
0,1,0,-0.429,0.076,0.503,-0.01,0,0
0,0,1,0.257,56.692,8.065,-0.086,2,1
1,0,0,0.111,0.489,-0.091,-0.086,0,0
0,0,1,1.928,1.311,11.341,-0.094,1,1
1,0,0,-0.91,-0.324,0.856,0.039,0,0
0,1,0,8.554,-0.059,9.857,-0.39,2,1
1,0,0,1.657,-0.308,2.393,3.338,2,0
0,0,1,1.098,-0.063,-0.4,0.114,0,0
0,1,0,0.215,-0.057,0.098,-0.01,0,0
1,0,0,7.192,-0.236,2.938,-0.025,2,1
1,0,0,3.237,1.573,18.374,0.167,2,1
0,1,0,-0.023,0.037,-0.368,0.004,0,0
0,1,0,0.294,-0.048,-0.164,-0.02,0,0
0,1,0,-0.072,-0.202,0.107,-0.054,0,0
0,1,0,0.088,-0.468,0.327,-0.029,0,0
0,0,1,7.056,-0.005,6.176,3.494,3,1
0,1,0,0.223,-0.627,0.405,-0.005,0,0
0,1,0,2.323,1.161,9.988,-0.024,1,1
0,1,0,1.769,0.458,-0.209,-0.106,0,0
0,0,1,4.572,1.574,11.2,-0.106,2,1
0,1,0,5.96,0.091,11.68,-0.379,2,1
1,0,0,-1.364,-0.168,-0.346,0.057,0,0
1,0,0,-0.17,-0.25,0.78,0.133,0,0
0,1,0,-1.035,-0.213,0.885,-0.149,0,0
0,1,0,4.614,9.085,13.573,0.067,3,1
0,1,0,0.8,-0.667,0.278,-0.11,0,0
1,0,0,-0.514,-0.261,0.178,0.005,0,0
0,1,0,4.101,1.581,10.858,-0.111,2,1
0,1,0,2.488,0.038,1.489,1.925,1,0
1,0,0,0.869,-0.31,0.721,2.831,1,0
1,0,0,1.18,0.023,-0.417,0.005,0,0
0,0,1,-0.111,62.59,17.937,-0.004,2,1
0,0,1,4.754,0.152,2.127,0.063,2,1
1,0,0,6.073,0.07,5.366,-0.047,2,1
1,0,0,0.671,-0.189,0.971,-0.025,0,0
0,1,0,-0.284,-0.39,-0.287,0.021,0,0
0,1,0,4.779,-0.205,9.257,4.617,3,1
0,1,0,-1.441,0.227,-0.128,-0.025,0,0
0,0,1,0.531,0.122,-0.4,-0.117,0,0
0,1,0,2.945,1.142,16.745,0.122,2,1
0,0,1,0.189,-0.196,-0.08,-0.027,0,0
0,0,1,-0.285,0.287,-0.284,0.128,0,0
0,1,0,0.175,-0.098,0.016,-0.075,0,0
1,0,0,10.839,0.084,5.411,-0.064,2,1
0,1,0,5.412,-0.339,10.134,-0.22,2,1
0,1,0,4.119,0.872,13.745,0.071,2,1
0,0,1,0.38,0.084,0.841,-0.053,0,0
0,0,1,2.089,1.315,14.988,-0.01,1,1
0,0,1,5.467,-0.094,7.753,3.662,3,1
0,1,0,1.428,0.271,-0.305,-0.062,0,0
0,0,1,0.368,-0.277,0.476,0.004,0,0
0,1,0,0.863,0.054,0.809,-0.133,0,0
0,1,0,0.407,-0.149,-0.715,-0.148,0,0
1,0,0,0.916,-0.173,0.25,-0.072,0,0
0,1,0,9.705,-0.228,4.722,0.17,2,1
0,1,0,-0.707,-0.4,0.691,-0.124,0,0
0,1,0,8.866,0.076,5.347,-0.12,2,1
1,0,0,7.582,0.265,5.08,-0.079,2,1
0,0,1,5.129,0.046,10.069,-0.306,2,1
0,1,0,-0.944,0.179,-0.014,-0.099,0,0
0,1,0,1.482,0.124,1.454,3.397,1,0
1,0,0,0.08,-0.487,1.185,2.933,1,0
1,0,0,5.541,-0.039,1.19,0.084,1,1
0,1,0,0.255,0.141,0.384,0.118,0,0
0,0,1,-2.526,-0.579,0.366,0.065,0,0
0,0,1,-0.339,0.099,0.565,0.076,0,0
0,1,0,-2.904,-0.136,-0.366,-0.035,0,0
0,1,0,0.398,-0.169,-0.454,-0.086,0,0
1,0,0,3.189,32.775,11.54,-0.103,3,1
0,0,1,7.059,0.082,2.74,0.07,2,1
1,0,0,6.869,-0.14,8.604,-0.254,2,1
1,0,0,0.482,0.101,-0.232,-0.019,0,0
0,1,0,-1.354,0.207,-0.683,0.021,0,0
0,1,0,4.874,-0.32,2.05,0.058,2,1
0,1,0,-0.74,-0.116,0.247,-0.129,0,0
1,0,0,0.287,-0.251,0.333,-0.032,0,0
0,1,0,1.736,-0.41,1.512,2.856,1,0
0,0,1,0.418,0.352,1.031,-0.157,0,0
1,0,0,1.565,0.217,0.126,0.061,0,0
0,1,0,-0.434,0.178,0.404,0.035,0,0
0,0,1,0.471,-0.239,-0.4,-0.019,0,0
0,1,0,9.165,0.131,5.912,0.095,2,1
1,0,0,10.863,0.011,3.064,0.166,2,1
0,0,1,6.933,-0.025,3.234,0.039,2,1
0,0,1,-0.119,0.433,-0.4,-0.082,0,0
0,0,1,-0.354,0.326,-0.4,0.19,0,0
0,1,0,-1.141,0.184,-0.357,0.017,0,0
0,0,1,-2.101,0.133,0.259,-0.057,0,0
0,0,1,5.522,-0.334,3.286,0.076,2,1
0,1,0,3.915,1.878,16.583,-0.13,2,1
0,1,0,-0.713,0.415,0.129,0.035,0,0
1,0,0,-0.934,-0.195,0.26,0.033,0,0
0,0,1,4.809,0.056,6.58,-0.034,2,1
1,0,0,4.88,-0.129,8.829,-0.279,2,1
1,0,0,4.66,0.269,9.309,-0.243,2,1
1,0,0,6.614,0.235,3.799,0.039,2,1
0,0,1,2.949,-0.151,-0.302,-0.012,1,0
0,1,0,4.713,0.551,7.401,-0.222,2,1
1,0,0,0.555,-0.102,1.079,-0.089,0,0
0,1,0,-0.435,-0.162,1.366,0.014,0,0
0,1,0,-1.259,-0.296,0.283,0.083,0,0
1,0,0,6.568,1.569,14.239,0.007,2,1
0,0,1,0.543,0.219,-0.4,0.062,0,0
0,0,1,0.828,-0.13,-0.07,-0.008,0,0
0,0,1,-0.171,-0.156,0.235,0.06,0,0
0,0,1,5.023,-0.295,2.32,-0.282,2,1
0,1,0,0.615,-0.085,-0.187,0.036,0,0
0,1,0,-0.202,0.08,-0.397,-0.017,0,0
0,1,0,-0.917,0.383,-0.636,0.091,0,0
0,0,1,0.055,-0.099,0.529,0.027,0,0
0,0,1,-0.573,-0.418,-0.4,-0.099,0,0
0,0,1,0.499,-0.11,-0.245,0.002,0,0
0,0,1,0.768,-0.247,-0.362,-0.023,0,0
0,1,0,-0.596,-0.257,-0.882,-0.034,0,0
1,0,0,1.285,-0.22,0.275,0.05,0,0
0,0,1,2.248,29.323,19.249,-0.002,2,1
0,1,0,1.576,-0.215,-0.402,-0.111,0,0
1,0,0,-0.299,-0.183,-0.288,-0.003,0,0
0,1,0,0.778,0.025,0.735,0.017,0,0
0,0,1,0.836,0.044,-0.4,-0.075,0,0
1,0,0,-0.239,0.443,0.724,2.78,1,0
0,1,0,0.2,-0.02,0.022,-0.055,0,0
0,1,0,2.374,1.587,17.446,-0.013,1,1
1,0,0,3.5,-0.084,-0.016,-0.006,1,0
0,0,1,-1.031,-0.116,-0.077,0.133,0,0
0,0,1,0.626,0.175,0.126,0.016,0,0
0,0,1,-0.953,-0.234,1.076,-0.081,0,0
0,0,1,-1.726,-0.215,-0.265,-0.065,0,0
1,0,0,-1.056,0.263,0.617,0.055,0,0
0,1,0,5.019,1.111,12.461,0.059,2,1
0,0,1,-1.677,-0.667,0.56,0.096,0,0
0,1,0,0.365,0.329,-0.786,0.009,0,0
1,0,0,1.263,0.11,-0.691,-0.1,0,0
0,1,0,4.317,-0.426,3.902,4.863,3,1
1,0,0,2.346,0.025,0.806,3.15,1,0
0,0,1,2.262,-0.444,1.18,1.942,1,0
0,1,0,7.133,0.153,6.566,3.112,3,1
1,0,0,2.203,0.238,-0.365,0.108,0,0
0,1,0,-0.752,0.495,-0.111,0.063,0,0
0,1,0,0.954,0.067,-0.622,-0.134,0,0
1,0,0,3.299,1.244,16.228,0.091,2,1
0,0,1,-1.325,-0.059,-0.4,0.137,0,0
0,1,0,-0.191,0.077,0.396,-0.015,0,0
0,1,0,1.713,1.156,14.105,-0.031,1,1
1,0,0,-1.465,-0.162,0.306,-0.04,0,0
0,0,1,1.156,0.113,-0.104,0.031,0,0
1,0,0,4.074,1.11,16.345,-0.018,2,1
1,0,0,-0.86,-0.102,0.26,0.068,0,0
0,1,0,0.463,-0.341,-0.101,-0.007,0,0
1,0,0,-1.815,-0.01,0.13,0.148,0,0
0,1,0,0.432,-0.106,-1.05,0.041,0,0
0,1,0,3.156,1.232,12.109,-0.088,2,1
1,0,0,0.751,0.126,-0.234,-0.058,0,0
1,0,0,0.799,1.185,16.737,0.026,1,1
1,0,0,-1.01,0.186,-0.193,0.012,0,0
1,0,0,7.659,-0.326,3.167,-0.001,2,1
1,0,0,0.965,-0.465,-0.098,0.008,0,0
1,0,0,-0.215,0.095,-0.444,-0.093,0,0
0,1,0,0.283,-0.09,0.753,0.094,0,0
0,1,0,7.882,0.093,10.117,-0.375,2,1
1,0,0,0.485,0.202,0.137,-0.031,0,0
1,0,0,4.871,1.558,17.989,-0.016,2,1
1,0,0,3.934,17.618,15.367,0.011,3,1
0,0,1,-1.027,0.448,1.135,2.742,1,0
0,1,0,5.445,0.409,4.939,3.095,3,1
0,0,1,2.455,0.385,0.089,0.031,0,0
0,0,1,-0.681,0.233,-0.1,0.058,0,0
1,0,0,0.259,0.237,0.433,2.098,1,0
0,1,0,1.179,-0.111,0.139,0.006,0,0
1,0,0,-0.881,-0.326,-0.8,0.169,0,0
1,0,0,-2.92,-0.002,1.087,-0.036,0,0
1,0,0,0.806,-0.063,-0.013,0.106,0,0
0,0,1,3.277,1.681,10.165,0.01,2,1
0,1,0,4.293,0.954,13.312,-0.004,2,1
1,0,0,2.307,13.792,10.561,0.185,2,1
1,0,0,4.234,28.147,10.997,0.044,3,1
1,0,0,6.574,1.271,12.809,0.135,2,1
0,0,1,0.104,-0.282,-0.153,-0.109,0,0
0,0,1,8.077,0.242,4.195,-0.042,2,1
0,0,1,5.391,-0.222,3.71,-0.03,2,1
0,1,0,-0.51,-0.033,-0.178,-0.021,0,0
0,1,0,-1.53,-0.175,-0.274,-0.058,0,0
1,0,0,-0.093,-0.107,-0.022,3.164,1,0
0,0,1,6.076,0.101,4.912,4.56,3,1
0,1,0,4.87,-0.232,5.402,4.163,3,1
0,1,0,0.524,-0.255,0.158,-0.002,0,0
1,0,0,-0.358,-0.301,-0.031,0.107,0,0
0,0,1,1.71,21.91,10.269,-0.012,2,1
1,0,0,-1.951,-0.215,-0.156,-0.001,0,0
0,1,0,9.737,0.22,3.124,-0.071,2,1
0,1,0,-1.621,0.132,0.377,0.129,0,0
0,0,1,2.021,27.28,20.145,0.036,2,1
0,1,0,6.006,-0.079,6.492,2.986,3,1
0,1,0,5.461,-0.041,4.992,-0.008,2,1
0,0,1,-0.698,-0.189,-0.4,-0.04,0,0
1,0,0,-1.146,-0.486,0.303,0.009,0,0
0,1,0,-0.673,0.007,0.093,0.095,0,0
0,1,0,3.813,1.378,14.326,0.038,2,1
1,0,0,1.787,-0.232,1.498,1.951,1,0
1,0,0,3.785,-0.441,4.138,4.162,3,1
0,1,0,0.449,-0.021,-0.671,0.004,0,0
0,0,1,3.455,34.333,10.169,0.022,3,1
0,0,1,0.369,0.123,0.393,0.067,0,0
0,1,0,0.769,0.312,-0.325,-0.037,0,0
0,0,1,5.632,0.842,15.75,-0.016,2,1
0,1,0,6.452,0.165,7.696,5.83,3,1
0,0,1,-0.399,-0.016,-0.187,0,0,0
1,0,0,-0.105,0.048,0.814,0.07,0,0
0,0,1,-0.059,-0.182,-0.269,-0.071,0,0
1,0,0,-1.206,0.395,0.343,0.021,0,0
1,0,0,4.399,17.128,16.862,0.002,3,1
0,1,0,6.229,0.231,6.173,5.539,3,1
0,0,1,7.243,-0.028,1.605,-0.155,1,1
1,0,0,2.413,0.253,-0.004,-0.122,0,0
0,0,1,3.039,-0.164,0.443,2.675,2,0
0,1,0,6.928,0.34,6.347,4.748,3,1
1,0,0,-0.062,0.124,0.164,0.02,0,0
0,0,1,0.173,0.317,0.039,0.09,0,0
1,0,0,4.709,-0.278,6.068,-0.171,2,1
1,0,0,0.866,-0.259,-0.341,-0.062,0,0
0,1,0,-0.676,0.258,-0.153,0.066,0,0
0,1,0,-0.209,0.346,0.06,0.118,0,0
1,0,0,-0.848,0.084,-0.186,-0.028,0,0
0,1,0,2.912,7.842,18.339,0.039,3,1
0,0,1,0.863,0.309,-0.32,0.022,0,0
0,1,0,-0.275,0.132,0.624,-0.027,0,0
0,0,1,2.169,0.102,-0.4,0.058,0,0
0,1,0,0.977,-0.097,0.474,-0.048,0,0
1,0,0,0.62,0.817,0.567,1.857,1,0
0,1,0,-1.999,-0.44,-0.269,-0.034,0,0
1,0,0,-0.781,-0.209,0.53,0.077,0,0
1,0,0,3.334,-0.219,4.773,3.83,3,1
0,1,0,0.663,-0.007,1.321,2.621,1,0
0,0,1,0.498,0.268,0.47,-0.031,0,0
1,0,0,0.15,-0.337,0.175,0.037,0,0
0,0,1,0.635,0.079,-0.149,-0.057,0,0
0,0,1,0.533,0.006,-0.4,-0.061,0,0
0,1,0,-0.359,-0.107,0.009,0.162,0,0
0,0,1,4.445,1.58,12.697,0.031,2,1
0,1,0,8.823,0.109,1.506,-0.025,1,1
0,1,0,2.618,0.046,-0.128,0.11,1,0
0,1,0,0.35,10.275,20.106,0.046,2,1
1,0,0,5.689,0.176,8.284,-0.191,2,1
1,0,0,13.341,-0.255,4.859,-0.041,2,1
0,0,1,0.894,-0.02,-0.313,-0.075,0,0
0,1,0,1.177,-0.31,-0.089,0.057,0,0
0,0,1,-0.881,-0.255,-0.037,-0.179,0,0
